20100117
00010113
20000197
7f818193
00016517
f8050513
20000597
fe858593
1a818613
00c5fc63
00052283
0055a023
00450513
00458593
fec5e8e3
1a818513
20003597
1ac58593
00b57863
00052023
00450513
feb56ce3
48d040ef
0000006f
200037b7
1c17c703
04100793
00f70463
00008067
00052783
20003737
1c872703
00978793
40e787b3
00f52023
00008067
200037b7
1d07a603
00060863
00062703
00e52023
1d07a603
200037b7
1c87a583
00c60613
00a00513
1ac0006f
ff010113
01212023
20003937
1d092783
00812423
00052403
0007a703
0047ae83
0087ae03
0107a303
0147a883
0187a803
0207a583
0247a603
0287a683
00912223
00112623
00050493
01c7a503
02c7a783
00e42023
0004a703
00a42e23
02f42623
01d42223
00500793
01c42423
00642823
01142a23
01042c23
02b42023
02c42223
02d42423
00f4a623
00f42623
00e42023
00040513
f41ff0ef
00442783
08078063
0004a783
00c12083
00812403
0007af83
0047af03
0087ae83
00c7ae03
0107a303
0147a883
0187a803
01c7a583
0207a603
0247a683
0287a703
02c7a783
01f4a023
01e4a223
01d4a423
01c4a623
0064a823
0114aa23
0104ac23
00b4ae23
02c4a023
02d4a223
02e4a423
02f4a623
00012903
00412483
01010113
00008067
0084a503
00600793
00840593
00f42623
188000ef
1d092783
00c42503
00c40613
0007a783
00c12083
00412483
00f42023
00812403
00012903
00a00593
01010113
04c0006f
200037b7
1c17c783
20003737
1c472683
fbf78793
0017b793
00d7e7b3
1cf72223
200037b7
04200713
1ce78023
00008067
200037b7
04100713
1ce780a3
200037b7
1c07a223
00008067
00250513
00b505b3
00b62023
00008067
00560713
0c800813
03070833
00261613
00271793
00f50533
00d52023
06e52c23
00d52223
00c807b3
00f587b3
0107a683
00e7aa23
00e7ac23
00168713
00e7a823
00052703
010585b3
00c585b3
000017b7
00b787b3
fae7aa23
200037b7
00500713
1ce7a423
00008067
0ff57513
0ff5f593
00b50663
00000513
00008067
200037b7
1ca780a3
00100513
00008067
ff010113
00812423
00912223
00112623
00050413
00058493
0034c583
00244503
fbdff0ef
fe051ae3
00048593
00040513
210000ef
00000793
00a05a63
200037b7
00a00713
1ce7a423
00100793
00c12083
00812403
00412483
00078513
01010113
00008067
ffe50513
00153513
00008067
ff010113
00812423
00912223
00112623
00050413
00058493
fddff0ef
00300793
00050463
00040793
00f4a023
00200793
04f40a63
0287e863
00040a63
200037b7
1c87a703
06400793
04e7dc63
0004a023
00c12083
00812403
00412483
01010113
00008067
00400713
fee414e3
00c12083
00812403
00f4a023
00412483
01010113
00008067
00c12083
00812403
00100793
00f4a023
00412483
01010113
00008067
00c12083
00812403
00300793
00f4a023
00412483
01010113
00008067
300007b7
00200713
00e7a623
00300713
00e7a423
00008067
30000737
00472783
0027f793
fe078ce3
00a72023
00008067
ff010113
01212023
00112623
00812423
00912223
00060913
00c05e63
00058413
00c584b3
00044503
00140413
fbdff0ef
fe941ae3
00c12083
00812403
00412483
00090513
00012903
01010113
00008067
0000006f
fff00513
00008067
000027b7
00f5a223
00000513
00008067
00100513
00008067
00000513
00008067
00000513
00008067
fff00513
00008067
00100513
00008067
00050793
c0002573
00078663
00a7a023
0007a223
00000593
00008067
20003737
1d472783
00078a63
00a78533
1ca72a23
00078513
00008067
200037b7
1ec78793
00a78533
1ca72a23
00078513
00008067
00b56733
fff00393
00377713
10071063
7f7f87b7
f7f78793
00052603
0005a683
00f672b3
00f66333
00f282b3
0062e2b3
10729263
08d61663
00452603
0045a683
00f672b3
00f66333
00f282b3
0062e2b3
0c729e63
06d61663
00852603
0085a683
00f672b3
00f66333
00f282b3
0062e2b3
0c729863
04d61663
00c52603
00c5a683
00f672b3
00f66333
00f282b3
0062e2b3
0c729263
02d61663
01052603
0105a683
00f672b3
00f66333
00f282b3
0062e2b3
0a729c63
01450513
01458593
f4d60ee3
01061713
01069793
00f71e63
01065713
0106d793
40f70533
0ff57593
02059063
00008067
01075713
0107d793
40f70533
0ff57593
00059463
00008067
0ff77713
0ff7f793
40f70533
00008067
00054603
0005c683
00150513
00158593
00d61463
fe0616e3
40d60533
00008067
00450513
00458593
fcd61ce3
00000513
00008067
00850513
00858593
fcd612e3
00000513
00008067
00c50513
00c58593
fad618e3
00000513
00008067
01050513
01058593
f8d61ee3
00000513
00008067
00f00313
00050713
02c37e63
00f77793
0a079063
08059263
ff067693
00f67613
00e686b3
00b72023
00b72223
00b72423
00b72623
01070713
fed766e3
00061463
00008067
40c306b3
00269693
00000297
005686b3
00c68067
00b70723
00b706a3
00b70623
00b705a3
00b70523
00b704a3
00b70423
00b703a3
00b70323
00b702a3
00b70223
00b701a3
00b70123
00b700a3
00b70023
00008067
0ff5f593
00859693
00d5e5b3
01059693
00d5e5b3
f6dff06f
00279693
00000297
005686b3
00008293
fa0680e7
00028093
ff078793
40f70733
00f60633
f6c378e3
f3dff06f
fd010113
01712623
00060b93
0145d613
02812423
03212023
01312e23
01612823
00c59413
02112623
02912223
01412c23
01512a23
7ff67613
00050b13
00068913
00c45413
01f5d993
0a060063
7ff00793
10f60063
01d55693
00341413
0086e6b3
008007b7
00f6ea33
00351493
c0160a93
00000b13
01495793
00c91413
7ff7f793
00c45413
01f95913
10078263
7ff00713
16e78663
00341413
01dbd713
00876733
00800437
00876433
003b9f13
c0178693
00000593
002b1793
00b7e7b3
40da8633
fff78793
00e00693
0129c733
18f6ec63
000156b7
00279793
b0468693
00d787b3
0007a783
00078067
00a46a33
080a0063
02040e63
00040513
408040ef
ff550793
01d00693
ff850713
40f686b3
00e41433
00db56b3
0086ea33
00eb1433
c0d00613
40a60ab3
00040493
f49ff06f
3d4040ef
00050a13
015a0793
01c00713
02050513
fcf750e3
ff8a0a13
014b1a33
fd1ff06f
00a46a33
020a0463
00050493
00040a13
7ff00a93
00300b13
f0dff06f
00000493
00000a93
00100b13
efdff06f
00000493
7ff00a93
00200b13
eedff06f
01746f33
080f0263
04040063
00040513
364040ef
ff550713
01d00793
ff850693
40e787b3
00d41433
00fbd7b3
0087e7b3
00db9433
c0d00693
00040f13
40a686b3
00078413
ee1ff06f
000b8513
328040ef
00050793
01578713
01c00693
02050513
fae6dce3
ff878793
00fb97b3
fc9ff06f
01746f33
020f0263
000b8f13
7ff00693
00300593
ea5ff06f
00000413
00000693
00100593
e95ff06f
00000413
7ff00693
00200593
e85ff06f
00098713
000a0413
00048f13
00200793
46fb0263
00300793
44fb0463
00100793
2cfb1263
00000413
00000693
3f80006f
01446663
348a1e63
35e4ec63
01fa1693
0014d793
01f49313
001a5a13
00f6e4b3
00841413
01045893
031a5eb3
018f5593
0085e5b3
01059813
01085813
0104d793
008f1513
031a76b3
03d80e33
01069693
00d7e7b3
000e8693
01c7fe63
00f587b3
fffe8693
00b7e863
01c7f663
ffee8693
00b787b3
41c787b3
0317deb3
01049493
0104d493
0317f7b3
03d80e33
01079793
00f4e4b3
000e8793
01c4fe63
009584b3
fffe8793
00b4e863
01c4f663
ffee8793
00b484b3
01069693
000103b7
00f6efb3
41c484b3
fff38e13
01cff7b3
010fdf13
01055e93
01c57e33
02fe02b3
03cf0433
0102d693
02fe87b3
008787b3
00f686b3
03df0f33
0086f463
007f0f33
0106d793
01e787b3
00010f37
ffff0f13
01e6f6b3
01069693
01e2f2b3
005686b3
00f4e863
000f8413
04f49863
04d37663
00a30f33
006f32b3
00b283b3
007484b3
ffff8413
000f0313
0095e663
02959663
02029463
00f4e663
02979063
00df7e63
01e50f33
000f0313
00af3f33
00bf0f33
ffef8413
01e484b3
40d306b3
40f484b3
00d33333
406484b3
fff00f13
12958663
0314dfb3
0106d793
0314f4b3
000f8313
03f80f33
01049493
0097e7b3
01e7fe63
00f587b3
ffff8313
00b7e863
01e7f663
ffef8313
00b787b3
41e787b3
0317df33
01069693
0106d693
0317f7b3
03e80833
01079793
00f6e7b3
000f0693
0107fe63
00f587b3
ffff0693
00b7e863
0107f663
ffef0693
00b787b3
01031313
00d36333
01031693
0106d693
01035893
03c68f33
410787b3
03c88e33
031e88b3
02de8eb3
010f5693
01ce8eb3
01d686b3
01c6f663
00010837
010888b3
0106d813
01180833
000108b7
fff88893
0116f6b3
01069693
011f7f33
01e686b3
0107e863
00030f13
05079263
04068263
00f587b3
fff30f13
00078893
02b7e463
0107e663
03079463
02d57063
ffe30f13
00151313
00a338b3
00b888b3
011788b3
00030513
01089463
00a68463
001f6f13
3ff60793
0cf05063
007f7693
02068063
00ff7693
00400593
00b68a63
004f0693
01e6b5b3
00b40433
00068f13
010006b7
00d476b3
00068a63
ff0007b7
fff78793
00f47433
40060793
7fe00693
14f6c263
01d41693
003f5f13
01e6e6b3
00345413
00c41413
00c45413
01479793
02c12083
0087e7b3
02812403
01f71713
00e7e633
02412483
02012903
01c12983
01812a03
01412a83
01012b03
00c12b83
00068513
00060593
03010113
00008067
fff60613
00000313
cb9ff06f
00090713
00058b13
c69ff06f
00100593
00078c63
40f585b3
03800693
c6b6c6e3
01f00693
06b6c663
41e60613
00bf57b3
00cf1f33
01e03f33
00c41633
00cf6f33
01e7e7b3
00b45433
0077f693
02068063
00f7f693
00400613
00c68a63
00478693
00f6b633
00c40433
00068793
008006b7
00d476b3
06069a63
01d41693
0037d793
00f6e6b3
00345413
00000793
f1dff06f
fe100693
40f687b3
02000513
00f457b3
00000693
00a58663
43e60613
00c416b3
01e6e6b3
00d036b3
00d7e7b3
00000413
f89ff06f
00080437
00000693
7ff00793
00000713
ed5ff06f
00000413
00000693
7ff00793
ec5ff06f
00000413
00000693
00100793
eb5ff06f
fd010113
01512a23
0145da93
02812423
02912223
01312e23
01412c23
01612823
00c59493
02112623
03212023
01712623
7ffafa93
00050413
00060b13
00068993
00c4d493
01f5da13
300a8063
7ff00793
36fa8263
00349493
01d55793
0097e7b3
008004b7
0097e4b3
00351913
c01a8a93
00000b93
0149d713
00c99413
7ff77713
00c45413
01f9d993
36070263
7ff00793
3cf70663
00341413
01db5793
0087e7b3
00800437
0087e433
c0170693
003b1793
00000513
002b9713
00da8ab3
00a76733
00a00693
013a4633
001a8593
40e6c863
00200693
3ce6c063
fff70713
00100693
3ce6fc63
00010837
fff80e93
01095693
0107d893
01d97933
01d7ff33
03e907b3
03e68333
0107d513
03288733
00670733
00e50533
03168e33
00657463
010e0e33
01055713
01d57533
01d7f7b3
01045813
01d47eb3
01051513
00f50533
03d90fb3
03d687b3
03280933
03068333
00f90933
010fd693
012686b3
00f6f663
000107b7
00f30333
000103b7
0106d793
fff38293
00678333
0056f7b3
005fffb3
0104d913
0054f2b3
01079793
01f787b3
03288433
00f70733
025f0fb3
025888b3
010fd693
03e90f33
01e888b3
011686b3
01e6f463
00740433
025e83b3
0106df13
000104b7
008f0f33
fff48413
0086f6b3
01069693
008fffb3
01f68fb3
03d90eb3
0103d693
032808b3
02580833
01d80833
01068833
01d87463
009888b3
008876b3
0083f3b3
01069693
01c70733
007686b3
00668333
00f737b3
00f307b3
00d336b3
0067b333
01085813
0066e6b3
010686b3
01f70833
01e78f33
00e83733
00ef0733
00ff3433
01e73f33
01e46433
00d40433
01140433
01775793
00941413
00f46433
00981793
00a7e7b3
00f037b3
01785813
00971713
0107e7b3
00e7e7b3
01000737
00e47733
28070063
0017d713
0017f793
00f76733
01f41793
00f767b3
00145413
3ff58693
26d05463
0077f713
02070063
00f7f713
00400513
00a70a63
00478713
00f73533
00a40433
00070793
01000737
00e47733
00070a63
ff000737
fff70713
00e47433
40058693
7fe00713
2ed74a63
01d41713
0037d793
00f76733
00345413
00c41413
00c45413
01469693
02c12083
0086e6b3
02812403
01f61613
00c6e7b3
02412483
02012903
01c12983
01812a03
01412a83
01012b03
00c12b83
00070513
00078593
03010113
00008067
00a4e933
08090063
04048063
00048513
2e1030ef
ff550713
01d00793
ff850693
40e787b3
00d494b3
00f457b3
0097e7b3
00d414b3
c0d00a93
00048913
40aa8ab3
00078493
ce5ff06f
2a9030ef
00050793
01578713
01c00693
02050513
fae6dee3
ff878793
00f417b3
fcdff06f
00a4e933
02090263
00050913
7ff00a93
00300b93
cadff06f
00000493
00000a93
00100b93
c9dff06f
00000493
7ff00a93
00200b93
c8dff06f
016467b3
08078263
04040063
00040513
23d030ef
ff550693
01d00713
ff850793
40d70733
00f41433
00eb5733
00876733
00fb1433
c0d00693
00040793
40a686b3
00070413
c81ff06f
000b0513
201030ef
00050793
01578693
01c00713
02050513
fad75ce3
ff878793
00fb1733
fc9ff06f
016467b3
02078263
000b0793
7ff00693
00300513
c45ff06f
00000413
00000693
00100513
c35ff06f
00000413
7ff00693
00200513
c25ff06f
00100693
00e696b3
5306f713
04071863
2406f813
10081c63
0886f693
c2068ae3
00098613
00200713
12e50063
00300713
10e50663
00100713
dce518e3
00000413
00000713
0ac0006f
00f00693
0ed70863
00b00693
000a0613
fcd704e3
00048413
00090793
000b8513
fbdff06f
000a8593
d99ff06f
00100513
00068c63
40d50533
03800713
faa74ce3
01f00713
06a74663
41e58593
00a7d733
00b797b3
00f037b3
00b415b3
00b7e7b3
00e7e7b3
00a45433
0077f713
02070063
00f7f713
00400693
00d70a63
00478713
00f736b3
00d40433
00070793
00800737
00e47733
06071e63
01d41713
0037d793
00f76733
00345413
00000693
d75ff06f
fe100713
40d70733
02000813
00e45733
00000693
01050663
43e58593
00b416b3
00f6e6b3
00d036b3
00d767b3
00000413
f89ff06f
00080437
7ff00693
00000613
d31ff06f
00080437
00000713
fedff06f
00000413
00000713
7ff00693
d15ff06f
00000413
00000713
00100693
d05ff06f
00c52703
00c5a603
0005a283
0045af83
0085af03
000085b7
01075813
fff58593
01071893
01061e93
01065693
00b87833
00052783
00452e03
00852303
ff010113
0108d893
01f75713
010ede93
00b6f6b3
01f65613
00100513
00b80863
02b69e63
01010113
00008067
ff069ce3
01c7e7b3
0067e7b3
0117e7b3
0057e7b3
01f7e7b3
01e7e7b3
01d7e7b3
fc079ce3
40c70733
00e03533
fcdff06f
00100513
fd0692e3
fc5790e3
fbfe1ee3
fbe31ce3
fbd89ae3
00c70e63
fa0696e3
01c7e533
00656533
01156533
00a03533
f99ff06f
00000513
f91ff06f
00052883
00452303
00852e03
00c52503
00c5a803
00008737
01055693
fff70713
01051613
01081f13
0005a783
0045af83
0085ae83
00e6f6b3
01f55593
01085513
ff010113
01065613
010f5f13
00e57533
01f85813
04e69663
011368b3
01c8e8b3
00c8e8b3
0e089c63
00d50a63
00100513
02058463
fff00513
0200006f
01f7e7b3
01d7e7b3
01e7e7b3
ffe00513
00079663
00000513
fcb81ce3
01010113
00008067
02e51663
01f7e733
01d76733
01e76733
0a071663
02068863
fab81ae3
fff00513
fc058ce3
00058513
fd1ff06f
02068c63
f8050ee3
f8b81ce3
f8d54ae3
04a6d863
fddff06f
01136733
01c76733
00c76733
fe0712e3
fff00513
fa0800e3
00080513
f99ff06f
01136733
01c76733
00c76733
fe0510e3
01f7e6b3
01d6e6b3
01e6e6b3
02068a63
fc0708e3
f4b812e3
f4cf60e3
f9e616e3
f3ceece3
f9de12e3
f26fe8e3
f7f31ee3
f317e4e3
00000513
f6f8e8e3
f49ff06f
f40702e3
f15ff06f
ffe00513
f39ff06f
00052883
00452303
00852e03
00c52503
00c5a803
00008737
01055693
fff70713
01051613
01081f13
0005a783
0045af83
0085ae83
00e6f6b3
01f55593
01085513
ff010113
01065613
010f5f13
00e57533
01f85813
04e69663
011368b3
01c8e8b3
00c8e8b3
0e089c63
00d50a63
00100513
02058463
fff00513
0200006f
01f7e7b3
01d7e7b3
01e7e7b3
00200513
00079663
00000513
fcb81ce3
01010113
00008067
02e51663
01f7e733
01d76733
01e76733
0a071663
02068863
fab81ae3
fff00513
fc058ce3
00058513
fd1ff06f
02068c63
f8050ee3
f8b81ce3
f8d54ae3
04a6d863
fddff06f
01136733
01c76733
00c76733
fe0712e3
fff00513
fa0800e3
00080513
f99ff06f
01136733
01c76733
00c76733
fe0510e3
01f7e6b3
01d6e6b3
01e6e6b3
02068a63
fc0708e3
f4b812e3
f4cf60e3
f9e616e3
f3ceece3
f9de12e3
f26fe8e3
f7f31ee3
f317e4e3
00000513
f6f8e8e3
f49ff06f
f40702e3
f15ff06f
00200513
f39ff06f
f5010113
09312e23
00c5a983
0005a783
0085a683
0a812423
00050413
0045a503
01099713
0b212023
09412c23
00062903
00c62a03
09512a23
09612823
00862a83
00462b03
00008637
0a912223
01075713
0109d493
fff60613
05312e23
0a112623
09712623
09812423
09912223
09a12023
07b12e23
04f12823
04a12a23
04d12c23
02f12023
02a12223
02d12423
02e12623
00c4f4b3
01f9d993
1c0484e3
30c486e3
000107b7
00f76733
02e12623
02010613
02c10793
0007a703
ffc7a683
ffc78793
00371713
01d6d693
00d76733
00e7a223
fef612e3
02012783
00379793
02f12023
ffffc7b7
00178793
00f484b3
00000b93
010a1513
00008737
010a5793
01055513
fff70713
05412e23
05212823
05612a23
05512c23
03212823
03612a23
03512c23
02a12e23
00e7f7b3
01fa5a13
2a0782e3
3ee784e3
00010737
00e56533
02a12e23
03010593
03c10713
00072683
ffc72603
ffc70713
00369693
01d65613
00c6e6b3
00d72223
fee592e3
03012703
00371713
02e12823
ffffc737
00170713
00e787b3
00000693
009787b3
00f12623
00178793
0149c733
00f12423
002b9793
00e12223
00d7e7b3
00a00713
3cf74ce3
00200713
38f748e3
fff78793
00100713
42f774e3
02012883
03012f03
000105b7
fff58713
0108d993
010f5913
00e8f8b3
00ef7f33
031f0633
03e98533
01065793
031906b3
00a686b3
00d787b3
03298bb3
00a7f463
00bb8bb3
03412e83
0107d693
00e7f7b3
00e67633
01079793
00c787b3
010ed393
00eefeb3
03d98633
00f12823
04f12823
03138733
031e87b3
00c70733
0107d313
00e30333
02798b33
00c37663
00010737
00eb0b33
02412803
00010737
fff70613
01035513
00c37333
00c7f7b3
01085493
01031313
00c87833
00f30333
03e48fb3
006686b3
03e807b3
03090e33
0107d613
01fe0e33
01c60633
029905b3
01f67463
00e585b3
01065a93
00010737
00ba8ab3
fff70593
00b7f7b3
00b67633
01061613
030e85b3
00f60633
03d48fb3
0105d793
03038e33
01fe0e33
01c787b3
029382b3
01f7f463
00e282b3
0107d713
00570733
00010a37
00e12a23
fffa0713
03812e03
00e7f7b3
00e5f5b3
01079793
00b787b3
00f12c23
010e5793
00ee7e33
031e05b3
03c98c33
0105d713
031782b3
018282b3
00570733
02f98fb3
01877463
014f8fb3
01075293
01f28fb3
00010cb7
01f12e23
fffc8f93
01f77733
01f5f5b3
01071713
00b70733
02812583
0105d293
01f5f5b3
03e58fb3
03e28d33
010fdd93
02b90a33
01aa0a33
014d8a33
02590c33
01aa7463
019c0c33
017686b3
0066b333
010a5d13
00650533
00010cb7
01650533
018d0d33
00c68633
fffc8c13
01550ab3
018a7a33
00d636b3
00da86b3
010a1a13
018fffb3
01fa0fb3
00aaba33
0156bab3
015a6a33
00653533
00aa0533
01812303
01412a03
04c12a23
00668333
01450ab3
01c12a03
00d336b3
00da86b3
00e30733
01468b33
00673333
006b0333
01f70fb3
01a30d33
00efb733
00aab533
00ed0733
0156bab3
00db36b3
01633b33
0166e6b3
006d3a33
01556ab3
01a73d33
00da8ab3
01aa6a33
015a0a33
03c12a83
05f12c23
010adb13
018afab3
031a86b3
03598533
031b08b3
00a88333
0106d893
006888b3
036989b3
00a8f463
019989b3
02c12b83
0108d513
01350533
00010c37
00a12a23
fffc0513
010bd993
00abfbb3
00a6f6b3
00a8f8b3
03390333
01089893
00d888b3
03eb8533
03790933
01055693
03e98f33
01e90933
012686b3
01e6f463
01830333
0106df13
006f0333
00010cb7
00612c23
fffc8313
00657533
0066f6b3
03c48f33
01069693
00a686b3
03c80333
03078933
01035513
01e90933
01250533
02f48c33
01e57463
019c0c33
00010d37
fffd0f13
01055913
01e57533
01e37333
01051513
01890933
02b38f33
00650533
03d28c33
02be8333
018f0f33
01035d93
01ed8f33
02538cb3
018f7463
01ac8cb3
010f5c13
019c0c33
00010cb7
fffc8d13
01af7f33
010f1f13
01a37333
006f0333
01412f03
011708b3
01812d03
01ea0f33
00e8b733
00ef0733
00d886b3
01a70d33
0116b8b3
011d08b3
00a68533
01288933
00d536b3
00d906b3
014f3a33
01e73f33
00ed3733
01a8bd33
01ea6f33
011938b3
01a76733
0126b933
01868c33
00ef0733
0128e8b3
00e88933
03c28f33
00dc38b3
00650333
00a33533
00ac0533
01853c33
0188e8b3
04612e23
012888b3
02be06b3
02b78a33
0106d713
01ea0a33
01470733
02578933
01e77463
01990933
01075f13
012f0f33
00010937
fff90a13
01477733
0146f6b3
01071713
03548a33
00d70733
030a86b3
030b0833
01480c33
0106d813
01880833
036484b3
01487463
012484b3
01085913
00010c37
009904b3
fffc0913
0126f6b3
01287833
01081813
03db8a33
00d80833
03d98eb3
010a5693
03338933
037383b3
01d383b3
007686b3
01d6f463
01890933
0106de93
012e8eb3
00010937
fff90393
0076f6b3
007a7a33
01069693
02ba83b3
014686b3
02bb05b3
03528a33
01458c33
0103d593
018585b3
036282b3
0145f463
012282b3
0105d913
005902b3
00010937
fff90a13
0145f5b3
0143f3b3
01059593
03378a33
007585b3
037787b3
03cb83b3
03c98e33
0103dc13
01c787b3
00fc07b3
01c7f463
012a0a33
00e50733
0107de13
00010937
01e88f33
014e0e33
00a73533
fff90a13
00af0533
01070833
0147f7b3
009504b3
0143f3b3
00e83733
01079793
007787b3
00e483b3
011f38b3
01e53f33
00a4b533
0093b4b3
00956533
01e8e8b3
00a888b3
037a8533
00d806b3
01d38eb3
06d12023
0106b6b3
00de8733
007eb3b3
01d73eb3
01d3e3b3
00b705b3
03598ab3
011383b3
005382b3
00e5b733
00e28733
00f587b3
01c70e33
06f12223
00b7b7b3
00fe07b3
033b09b3
01055693
0072b3b3
005732b3
00ee3733
01c7be33
0053e3b3
01c76733
037b0b33
015b0b33
016686b3
0156f463
012989b3
00010837
fff80813
0106d593
0106f6b3
01069693
01057533
00a686b3
00d786b3
007585b3
00f6b7b3
00e58733
00e787b3
013787b3
06f12623
01012783
00d31313
06d12423
00c7e7b3
00ffefb3
01f36333
05010793
06010613
00c7a703
0107a683
00478793
01375713
00d69693
00d76733
fee7ae23
fef612e3
05812703
05012783
00603333
04e12423
05412703
00f36333
05c12783
04e12223
00100737
04f12623
04612023
00e7f7b3
52078e63
01f31313
04010793
04c10613
0007a703
0047a683
00478793
00175713
01f69693
00d76733
fee7ae23
fef612e3
04c12783
00603333
0017d793
04f12623
04012783
0067e7b3
04f12023
00812703
000047b7
fff78793
00f707b3
50f05263
04012703
00777693
04068463
00f77693
00400613
02c68e63
00470713
00473693
04e12023
04412703
00e68733
04e12223
00d73733
04812683
00e68733
04e12423
00d73733
04c12683
00d70733
04e12623
04c12703
001006b7
00d776b3
02068063
fff007b7
fff78793
00f77733
04e12623
00812703
000047b7
00f707b3
04010713
04c10593
00072683
00472603
00470713
0036d693
01d61613
00c6e6b3
fed72e23
feb712e3
000086b7
ffe68613
04c12703
42f64c63
00375713
04e12623
04c12703
0ac12083
00040513
04e11e23
00412703
0a412483
0a012903
00f71713
00f767b3
04f11f23
04012783
09c12983
09812a03
00f42023
04412783
09412a83
09012b03
00f42223
04812783
08c12b83
08812c03
00f42423
05c12783
08412c83
08012d03
00f42623
0a812403
07c12d83
0b010113
00008067
00a7e633
00d66633
00e66633
14060c63
04070e63
00070513
229020ef
ff450693
02000613
40d60633
00000793
ffc00593
02b785b3
02010313
00c58713
00e30733
40b005b3
0ee31063
fff78713
00279793
02010613
05078793
00c787b3
02012603
00d616b3
fad7a823
07c0006f
02068663
00068513
1cd020ef
02050513
ff450693
4056d793
01f6f693
02068863
02000613
40d60633
f99ff06f
00050863
1a5020ef
04050513
fd9ff06f
00078513
195020ef
06050513
fc9ff06f
ffc00613
02c78633
02c10713
00300693
00c705b3
0005a583
fff68693
ffc70713
00b72223
fef6d6e3
fff78713
00170793
00279793
00800693
02010713
00d7ea63
02012023
00072223
ff878793
02810713
00400693
00d7e463
00072023
ffffc4b7
01148493
40a484b3
d6cff06f
00072803
ffc72883
00b70e33
00d81833
00c8d8b3
01186833
010e2023
ffc70713
f01ff06f
00a7e7b3
00d7e7b3
00e7e7b3
00200b93
d2078c63
00300b93
d30ff06f
00000493
00100b93
d24ff06f
016967b3
0157e7b3
00a7e7b3
14078c63
04050c63
0bd020ef
ff450693
02000593
40d585b3
00000793
ffc00613
02c78633
03010313
00c60713
00e30733
40c00633
0ee31263
fff78713
00279793
02010613
05078793
00c787b3
03012603
00d616b3
fcd7a023
0800006f
020a8663
000a8513
061020ef
02050513
ff450693
4056d793
01f6f693
02068a63
02000593
40d585b3
f99ff06f
000b0a63
000b0513
035020ef
04050513
fd5ff06f
00090513
025020ef
06050513
fc5ff06f
ffc00613
02c78633
03c10713
00300693
00c705b3
0005a583
fff68693
ffc70713
00b72223
fef6d6e3
fff78713
00170793
00279793
00800693
03010713
00d7ea63
02012823
00072223
ff878793
03810713
00400693
00d7e463
00072023
ffffc7b7
01178793
40a787b3
c90ff06f
00072803
ffc72883
00c70e33
00d81833
00b8d8b3
01186833
010e2023
ffc70713
efdff06f
01696933
01596933
00a96933
00200693
c4090e63
00300693
c54ff06f
00000793
00100693
c48ff06f
00100713
00f717b3
5307f713
04071463
0887f713
08071663
2407f793
c6078263
000087b7
04f12623
04012423
04012223
04012023
fff78793
00012223
c6dff06f
00f00713
fce78ee3
00b00713
04e78a63
01312223
02012783
04f12023
02412783
04f12223
02812783
04f12423
02c12783
04f12623
00200793
28fb8263
00300793
fafb80e3
00100793
b4fb98e3
04012623
04012423
04012223
04012023
2340006f
01412223
03012783
00068b93
04f12023
03412783
04f12223
03812783
04f12423
03c12783
fadff06f
00c12783
00f12423
b09ff06f
04012623
04012423
04012223
04012023
fff68793
bc1ff06f
00100693
00078863
40f686b3
07400793
1cd7ce63
04010513
4056d713
00050593
01f6f693
00000793
00000613
02e61e63
00300613
40e60633
00271593
04069063
00050813
00b808b3
0008a883
00168693
00480813
ff182e23
fed656e3
00400693
40e68733
06c0006f
0005a803
00160613
00458593
0107e7b3
fb5ff06f
05058813
02010893
01180833
fd082803
02000313
40d30333
00681833
0107e7b3
00000e13
00b50833
40b005b3
0ece4263
00400593
00261613
40e58733
05060613
02010593
00b60633
04c12583
00d5d6b3
fcd62823
00400693
40e686b3
00269693
00271713
00800613
00e50733
00c6ea63
00072023
00072223
ff868693
00870713
00400613
00c6e463
00072023
04012703
00f037b3
00e7e7b3
04f12023
0077f713
04070463
00f7f713
00400693
02d70e63
04412703
00478793
04f12023
0047b793
00f707b3
04f12223
00e7b7b3
04812703
00f707b3
04f12423
00e7b7b3
04c12703
00e787b3
04f12623
04c12703
000807b7
00e7f7b3
04078263
04012623
04012423
04012223
04012023
00100793
a35ff06f
00082883
00482e83
00b80f33
00d8d8b3
006e9eb3
01d8e8b3
011f2023
001e0e13
00480813
ef9ff06f
00c50693
00052783
00452703
00450513
0037d793
01d71713
00e7e7b3
fef52e23
fea692e3
04c12783
0037d793
04f12623
00000793
9d5ff06f
04412703
04012783
00e7e7b3
04812703
00e7e7b3
04c12703
00e7e7b3
fc078ee3
d95ff06f
000087b7
04012623
04012423
04012223
04012023
fff78793
995ff06f
f9010113
0085a783
05512a23
00c5aa83
0045a703
05412c23
00050a13
0005a503
05312e23
02f12c23
00f12c23
00062883
010a9793
00462803
00862683
00c62983
06912223
0107d793
001a9493
02a12823
03512e23
00a12823
06112623
06812423
07212023
05612823
05712623
05812423
02e12a23
00e12a23
00f12e23
0114d493
01fada93
01010513
01c10593
0005a783
ffc5a703
ffc58593
00379793
01d75713
00e7e7b3
00f5a223
feb512e3
01012783
01099713
00199b93
00379793
01075713
03112823
03012a23
03312e23
03112023
03012223
00f12823
02d12c23
02d12423
02e12623
011bdb93
01f9d993
02010813
02c10893
0008a703
ffc8a683
ffc88893
00371713
01d6d693
00d76733
00e8a223
ff1812e3
02012403
00008e37
fffe0e13
00341413
02812023
41748333
07cb9e63
02812683
02412703
00030e93
00d76733
02c12683
00d76733
00876733
04070a63
333a98e3
02412903
02812983
02c12b03
6c030263
409b8833
50049e63
01412683
01812703
01c12883
00e6e633
01166633
00f66633
48061463
02812823
03212a23
03312c23
03612e23
00080493
0f00006f
0019c993
fadff06f
0019c993
00030e93
073a90e3
fa6050e3
01412903
01812983
01c12b03
0a0b9a63
02412683
02812703
02c12583
00e6e633
00b66633
00866633
00061e63
02f12823
03212a23
03312c23
03612e23
00030493
0940006f
fff30613
04061863
00878433
01268933
02812823
00f43433
00890433
02812a23
00d936b3
01243433
013709b3
0086e6b3
00d986b3
02d12c23
00e9b7b3
0136b6b3
00d7e7b3
016585b3
00b787b3
00100493
3080006f
01c30463
2080106f
02f12823
4100006f
00040793
ff5ff06f
00068913
00070993
00060b13
fe5ff06f
17c49c63
02f12823
03212a23
03312c23
03612e23
03012783
0077f713
04070463
00f7f713
00400693
02d70e63
03412703
00478793
02f12823
0047b793
00f707b3
02f12a23
00e7b7b3
03812703
00f707b3
02f12c23
00e7b7b3
03c12703
00e787b3
02f12e23
03c12783
00080737
00e7f733
02070463
00008737
00148493
fff70713
00e49463
14c0106f
fff80737
fff70713
00e7f7b3
02f12e23
03010793
03c10613
0007a703
0047a683
00478793
00375713
01d69693
00d76733
fee7ae23
fef612e3
03c12703
000086b7
fff68793
00375713
02e12e23
02f49a63
03412603
03012783
00c7e7b3
03812603
00c7e7b3
00e7e7b3
00078c63
02d12e23
02012c23
02012a23
02012823
00000a93
03c12783
01149493
0114d493
00f11623
03012783
00fa9a93
009aeab3
00fa2023
03412783
01511723
06c12083
00fa2223
03812783
06812403
06412483
00fa2423
00c12783
06012903
05c12983
00fa2623
05412a83
05012b03
04c12b83
04812c03
000a0513
05812a03
07010113
00008067
02c12703
000806b7
00d76733
02e12623
07400713
00675463
0600106f
00030613
40565693
00088513
01f67613
00000713
00000593
02d59c63
00300593
40d585b3
00269513
02061e63
00a88333
00032303
00160613
00488893
fe68ae23
fec5d6e3
00400613
40d606b3
0640006f
00052303
00158593
00450513
00676733
fb9ff06f
04050893
002888b3
fe08a883
02000e13
40ce0e33
01c898b3
01176733
00000e93
00a808b3
40a00533
14bec663
00400513
40d506b3
02c12503
00259593
04058593
002585b3
00c55633
fec5a023
00400613
40d60633
00261613
00269693
00800593
00d806b3
00b66a63
0006a023
0006a223
ff860613
00868693
00400593
00b66463
0006a023
02012683
00e03733
00d76733
02412683
02e12023
00e78733
01268933
02e12823
00f73733
02812783
00e90733
02e12a23
00d936b3
01273733
013789b3
00e6e733
00e98733
02e12c23
00f9b7b3
01373733
00e7e7b3
02c12703
00eb0733
00e787b3
00080737
02f12e23
00e7f733
d20706e3
fff80737
fff70713
00e7f7b3
02f12e23
03012783
00148493
03c10593
01f79713
03010793
0007a683
0047a603
00478793
0016d693
01f61613
00c6e6b3
fed7ae23
fef592e3
03c12783
0017d793
02f12e23
00e037b3
03012703
00f767b3
02f12823
000087b7
fff78793
ccf490e3
02012e23
02012c23
02012a23
02012823
cadff06f
0008a303
0048af03
00a88fb3
00c35333
01cf1f33
01e36333
006fa023
001e8e93
00488893
e91ff06f
fff80613
04061663
00878433
01268933
02812823
00f43433
00890433
02812a23
00d936b3
01243433
013709b3
0086e6b3
00d986b3
02d12c23
00e9b7b3
0136b6b3
00d7e7b3
016888b3
011787b3
bf1ff06f
000087b7
fff78793
60f81ce3
02812823
03212a23
03312c23
03612e23
38c0006f
00078413
fe9ff06f
000087b7
fff78793
fcfb8ee3
01c12783
00080737
00e7e7b3
00f12e23
07400793
5f07c0e3
00080613
02000713
02e64733
00058693
00000493
00000793
02e7ce63
00300793
01f67893
40e787b3
00271813
02089e63
010586b3
0006a683
00188893
00458593
fed5ae23
ff17d6e3
00400793
40e78733
0780006f
0006a803
00178793
00468693
0104e4b3
fb5ff06f
02000693
02d66633
40c68633
00070693
00075463
00000693
00269693
04068693
002686b3
fd06a683
00000313
00c696b3
00d4e4b3
010506b3
41000833
0af34863
00400693
40e68733
01c12683
00279793
04078793
002787b3
0116d6b3
fcd7a823
00400793
00000613
00e7c663
40e787b3
00279613
00271713
00e50533
00000593
edcfd0ef
01012703
009037b3
00e7e7b3
01412683
00f12823
00f407b3
01268933
02f12823
0087b7b3
00f90733
01812783
02e12a23
00d936b3
01273733
013789b3
00e6e733
00e98733
02e12c23
00f9b7b3
01373733
00e7e7b3
01c12703
000b8493
00eb0733
00e787b3
d5dff06f
0006a583
0046ae03
01068eb3
0115d5b3
00ce1e33
01c5e5b3
00bea023
00130313
00468693
f2dff06f
00008337
00148813
ffe30893
011878b3
01412683
01812703
01c12603
03010593
03c10513
12089263
00e6e833
00c86833
00f86833
0a049a63
00081e63
02812823
03212a23
03312c23
03612e23
00000493
a19ff06f
013965b3
0165e5b3
0085e5b3
00059c63
02f12823
02d12a23
02e12c23
02c12e23
9f5ff06f
00878433
01268933
02812823
00f43433
00890433
02812a23
00d936b3
01243433
013709b3
0086e6b3
00d986b3
00e9b7b3
02d12c23
0136b6b3
00d7e7b3
01660633
00c787b3
00080737
00e7f733
00071663
02f12e23
f81ff06f
fff80737
fff70713
00e7f7b3
02f12e23
00100493
985ff06f
94080ae3
01396933
01696933
00896933
940906e3
02612e23
02012c23
02012a23
02012823
00050793
0007a703
ffc7a683
ffc78793
00371713
01d6d693
00d76733
00e7a223
fef592e3
03012783
000084b7
fff48493
00379793
02f12823
5f00006f
00878433
01268933
02812823
00f43433
00890433
02812a23
00d937b3
01243433
013709b3
0087e7b3
00f987b3
02f12c23
00e9b733
0137b7b3
00f767b3
01660633
00c787b3
02f12e23
00058793
0007a703
0047a683
00478793
00175713
01f69693
00d76733
fee7ae23
fef512e3
00008737
fff70713
03c12783
00e80863
0017d793
02f12e23
fa8ff06f
02012e23
02012c23
02012a23
02012823
000084b7
fff48493
881ff06f
26605863
01412903
01812983
01c12b03
080b9e63
02412f03
02812e83
02c12683
01df6733
00d76733
00876733
fa070463
fff30513
04051c63
41e90633
40878733
00c938b3
00e7b5b3
40b60633
00088313
41d985b3
01d9b833
00e7fc63
012f1a63
fff58593
413e8eb3
001eb513
00c0006f
406585b3
fe0898e3
40db07b3
010566b3
40d787b3
00100493
1bc0006f
fbc30e63
07400713
02a75c63
02012623
02012423
02012223
00100713
1140006f
bdc480e3
02c12703
000806b7
00d76733
02e12623
07400713
fc674ae3
00030513
40555693
00088593
01f57513
00000713
00000613
02d61c63
00300613
40d60633
00269593
02051e63
00b88333
00032303
00150513
00488893
fe68ae23
fea656e3
00400613
40d606b3
0640006f
0005a303
00160613
00458593
00676733
fb9ff06f
04058893
002888b3
fe08a883
02000e13
40ae0e33
01c898b3
01176733
00000e93
00b808b3
40b005b3
0acec663
00400593
40d586b3
02c12583
00261613
04060613
00260633
00a5d5b3
feb62023
00400613
40d60633
00261613
00269693
00800593
00d806b3
00b66a63
0006a023
0006a223
ff860613
00868693
00400593
00b66463
0006a023
02012683
00e03733
00d76733
02412503
02e12023
40e78733
40a90633
00e7b6b3
00c938b3
40d60633
02812683
00088313
40d985b3
00d9b833
04e7f063
03251e63
fff58593
413686b3
0016b513
0380006f
0008a303
0048af03
00b88fb3
00a35333
01cf1f33
01e36333
006fa023
001e8e93
00488893
f31ff06f
406585b3
00000513
fc0892e3
02c12783
01056533
40fb07b3
40a787b3
02e12823
00080737
02f12e23
02b12c23
02c12a23
00e7f6b3
e2068063
fff70713
00e7f7b3
02f12e23
54c0006f
02412903
02812c03
02c12b03
26030a63
409b8733
0a049e63
01412303
01812883
01c12683
01136633
00d66633
00f66633
02061063
02812823
03212a23
03812c23
03612e23
00070493
00098a93
dc0ff06f
fff70813
04081c63
40f40733
40690633
00c937b3
00e435b3
40b60633
00078e13
411c05b3
011c3533
00e47c63
01231a63
fff58593
418888b3
0018b813
00c0006f
41c585b3
fe0798e3
40db07b3
00a866b3
40d787b3
00098a93
d6dff06f
000087b7
fff78793
76f71263
02812823
03212a23
03812c23
03612e23
00098a93
cb9ff06f
000087b7
fff78793
fefb80e3
01c12783
000806b7
00d7e7b3
00f12e23
07400793
72e7c863
00070813
02000793
02f847b3
00058693
00000493
00000713
02f74e63
00300693
01f87893
40f686b3
00279613
02089e63
00c58733
00072703
00188893
00458593
fee5ae23
ff16d6e3
00400713
40f707b3
0780006f
0006a603
00170713
00468693
00c4e4b3
fb5ff06f
02000713
02e86833
41070833
00078713
0007d463
00000713
00271713
04070713
00270733
fd072703
00000313
01071733
00e4e4b3
00c50733
40c00633
08d34c63
00400713
00269693
40f707b3
04068713
002706b3
01c12703
01175733
fce6a823
00400713
00000613
00f74663
40f70733
00271613
00279793
00f50533
00000593
810fd0ef
01012783
00903733
00f76733
01412683
00e12823
40e40733
40d90633
00e437b3
00c93833
40f60633
01812783
00080893
40fc05b3
00fc3533
04e47063
03269e63
fff58593
418787b3
0017b693
0380006f
00072583
00472e03
00c70eb3
0115d5b3
010e1e33
01c5e5b3
00bea023
00130313
00470713
f45ff06f
411585b3
00000693
fc0812e3
01c12783
00a6e6b3
000b8493
40fb07b3
40d787b3
00098a93
d59ff06f
00008837
00148613
ffe80593
00b67633
01412503
01812703
01c12683
1e061463
01896633
00e565b3
01666633
00d5e5b3
00866633
00f5e5b3
10049e63
02059263
02812823
03212a23
03812c23
03612e23
d6061ce3
00000493
00000a93
b30ff06f
00061c63
02f12823
02a12a23
02e12c23
02d12e23
8fdff06f
412505b3
40878633
00b53f33
00c7b833
000f0893
41058833
41870e33
01873eb3
00c7fa63
01251863
fffe0893
001e3313
0100006f
411e08b3
00000313
fe0f18e3
01d36333
416685b3
406585b3
00080337
02b12e23
03112c23
03012a23
02c12823
0065f333
06030263
40a90633
40f407b3
00c93833
00f435b3
40b60633
00080893
40ec05b3
00ec3733
00f47a63
01251863
fff58593
001e3513
0100006f
411585b3
00000513
fe0818e3
40db06b3
00e56533
40a686b3
02d12e23
02b12c23
02c12a23
02f12823
c8dff06f
01066633
01166633
00b66633
f00604e3
821ff06f
03010893
04059e63
02061e63
03012e23
02012c23
02012a23
02012823
03c10793
0007a703
ffc7a683
ffc78793
00371713
01d6d693
00d76733
00e7a223
fef892e3
8c1ff06f
02812823
03212a23
03812c23
03612e23
00098a93
fff80493
9dcff06f
00061c63
02f12823
02a12a23
02e12c23
02d12e23
fe5ff06f
03012e23
02012c23
02012a23
02012823
03c10793
0007a703
ffc7a683
ffc78793
00371713
01d6d693
00d76733
00e7a223
fef892e3
855ff06f
412505b3
40878633
00b53fb3
00c7b833
000f8893
41058833
41870333
01873f33
00c7fa63
01251863
fff30893
00133e13
0100006f
411308b3
00000e13
fe0f98e3
01ee6e33
416685b3
41c585b3
00080e37
02b12e23
03112c23
03012a23
02c12823
01c5fe33
140e0863
40a90633
40f407b3
00c93833
00f435b3
40b60633
00080893
40ec05b3
00ec3733
00f47a63
01251863
fff58593
00133e93
00c0006f
411585b3
fe081ae3
40db06b3
00eeeeb3
41d68733
02e12e23
02b12c23
02c12a23
02f12823
00098a93
03c12503
10050063
278010ef
ff450513
02000713
01f57813
02e547b3
12080063
03010313
02e566b3
40d70633
ffc00693
02d786b3
00c68713
00e30733
40d006b3
12e31663
03012683
fff78713
00279793
04078793
002787b3
010696b3
fed7a823
00170713
03010793
00271713
00800693
00078893
00d76a63
02012823
0007a223
ff870713
03810793
00400693
00d76463
0007a023
1c954863
40950533
00150513
40555713
01f57793
00088593
00088613
00000313
00000693
0ce69c63
00300693
40e686b3
00271613
0c079e63
00c58533
00052503
00178793
00458593
fea5ae23
fef6d6e3
00400793
40e78733
1040006f
01066633
01166633
00b66633
c80608e3
f01ff06f
03812503
00050863
174010ef
02050513
ef9ff06f
03412503
00050863
160010ef
04050513
ee5ff06f
03012503
150010ef
06050513
ed5ff06f
ffc00613
02c78633
03c10713
00300693
00c705b3
0005a583
fff68693
ffc70713
00b72223
fef6d6e3
fff78713
ef9ff06f
00072583
ffc72883
00d70e33
010595b3
00c8d8b3
0115e5b3
00be2023
ffc70713
eb5ff06f
00062503
00168693
00460613
00a36333
f19ff06f
04060593
002585b3
ff05a583
02000813
40f80833
010595b3
00b36333
00000e13
00c885b3
40c00633
06de4863
00400613
40e60733
03c12603
00269693
04068693
002686b3
00f657b3
fef6a823
00400693
40e686b3
00271713
00e887b3
00269713
00800693
00d76a63
0007a023
0007a223
ff870713
00878793
00400693
00d76463
0007a023
03012703
006037b3
00f767b3
02f12823
c70ff06f
0005a503
0045ae83
00c58f33
00f55533
010e9eb3
01d56533
00af2023
001e0e13
00458593
f6dff06f
03c12783
fff80737
fff70713
00e7f7b3
40a484b3
02f12e23
e49fe06f
02012e23
02012c23
02012a23
02012823
eb9fe06f
07400713
00c74463
fadfe06f
02012623
02012423
02012223
00100713
888ff06f
07400793
a2c7d663
00012e23
00012c23
00012a23
00100793
b0cff06f
07400793
8d07dee3
00012e23
00012c23
00012a23
00100713
9bdff06f
00052783
00452603
00c52703
00852683
fe010113
00f12023
00c12223
00f12823
00171613
000047b7
00d12423
00e12623
00d12c23
01165613
ffe78593
00000513
00c5de63
01d78593
01f75813
00c5dc63
80000537
fff54513
00a80533
02010113
00008067
01071713
000105b7
01075713
06f78793
00b76733
40c787b3
4057d613
02000593
01f7f793
00e12e23
40f585b3
04079a63
00261613
02060793
00278633
ff062783
00f12823
01012503
fa0808e3
40a00533
fa9ff06f
00f6d6b3
00b715b3
00b6e6b3
00d12823
00100693
00269693
02068693
002686b3
00f75733
fee6a823
fc9ff06f
00200513
fca608e3
00000693
fddff06f
fd010113
02912223
02112623
02812423
03212023
00050493
12058263
41f5d793
00b7c433
40f40433
00040513
01f5d913
671000ef
05150793
00004637
01e60613
4057d713
00812823
00012a23
00012c23
00012e23
01f7f793
40a60633
02078c63
00200693
0cd71863
02000693
40f686b3
00d456b3
00d12e23
fff70693
00271713
02070713
00270733
00f41433
fe872823
0340006f
00300793
40e787b3
00279793
02078793
002787b3
ff07a783
00200693
00f12e23
00200793
00f71663
00812c23
00100693
00269693
00012823
00012a23
ffc68693
00400793
00f6e463
00012c23
00090593
01c12783
00f59413
00c46433
00f11623
01012783
00811723
02c12083
00f4a023
01412783
02812403
02012903
00f4a223
01812783
00048513
00f4a423
00c12783
00f4a623
02412483
03010113
00008067
00300713
f41ff06f
00012e23
00012c23
00012a23
00012823
00000613
f95ff06f
fe010113
00912a23
01755493
01212823
01312623
01412423
00951713
00112e23
00812c23
01512223
0ff4f493
00058a13
00975993
01f55913
08048463
0ff00793
0af48063
00399713
040007b7
00f769b3
f8148493
00000a93
017a5793
009a1413
0ff7f793
00945413
01fa5a13
08078a63
0ff00713
0ae78663
00341413
04000737
00e46433
f8178793
00000693
40f484b3
002a9793
00d7e7b3
fff78793
00e00713
01494633
0cf76663
00015737
00279793
b4070713
00e787b3
0007a783
00078067
02098a63
00098513
485000ef
ffb50793
f8a00493
00f999b3
40a484b3
f79ff06f
0ff00493
00300a93
f60998e3
00200a93
f69ff06f
00000493
00100a93
f5dff06f
02040a63
00040513
445000ef
ffb50793
00f41433
f8a00793
40a787b3
f6dff06f
0ff00793
00300693
f60412e3
00200693
f5dff06f
00000793
00100693
f51ff06f
00090613
00098413
000a8693
00200793
1cf68a63
00300793
1af68e63
00100793
0af69c63
00000793
00000713
0f40006f
00541593
1289f463
fff48493
00000793
0105d513
02a9d8b3
000106b7
fff68693
00d5f6b3
0107d793
02a9f733
00088413
03168833
01071713
00e7e7b3
0107fe63
00f587b3
fff88413
00b7e863
0107f663
ffe88413
00b787b3
410787b3
02a7d833
02a7f7b3
03068733
01079793
00080693
02e7f263
00b78533
00f538b3
fff80693
00050793
00089863
00e57663
ffe80693
00b507b3
01041413
40e787b3
00d46433
00f037b3
00f46433
07f48713
08e05a63
00747793
00078a63
00f47793
00400693
00d78463
00440413
080007b7
00f477b3
00078a63
f80007b7
fff78793
00f47433
08048713
0fe00793
0ce7c663
00345793
01c12083
01812403
00979793
01771713
0097d793
00f76733
01f61513
01412483
01012903
00c12983
00812a03
00412a83
00a76533
02010113
00008067
01f99793
0019d993
eddff06f
000a0613
ea1ff06f
00100693
00070c63
40e686b3
01b00593
00000793
00000713
f8d5cce3
09e48493
00d456b3
00941433
00803433
0086e7b3
0077f713
00070a63
00f7f713
00400693
00d70463
00478793
04000737
00e7f733
0037d793
f4070ee3
00000793
00100713
f51ff06f
004007b7
0ff00713
00000613
f41ff06f
00000793
0ff00713
f35ff06f
fe010113
01212823
01755913
00912a23
01312623
01512223
00951493
00112e23
00812c23
01412423
0ff97913
00058a93
0094d493
01f55993
18090663
0ff00793
1af90263
00349493
040007b7
00f4e4b3
f8190913
00000a13
017ad793
009a9413
0ff7f793
00945413
01fada93
18078c63
0ff00713
1ae78863
00341413
04000737
00e46433
f8178793
00000713
00f90933
002a1793
00e7e7b3
00a00693
0159c533
00190613
1ef6c463
00200693
18f6cc63
fff78793
00100693
1af6f863
000108b7
fff88813
0104d713
01045793
010476b3
0104f4b3
029685b3
02d706b3
0105d413
02f70733
029787b3
00d787b3
00f40433
00d47463
01170733
010477b3
01079793
0105f5b3
00b787b3
00679693
01045413
00d036b3
01a7d793
00e40433
00f6e7b3
00641413
00f46433
080007b7
00f477b3
16078e63
00145793
00147413
0087e433
07f60713
16e05863
00747793
00078a63
00f47793
00400693
00d78463
00440413
080007b7
00f477b3
00078a63
f80007b7
fff78793
00f47433
08060713
0fe00793
1ae7c463
00345793
01c12083
01812403
00979793
01771713
0097d793
00f76733
01f51513
01412483
01012903
00c12983
00812a03
00412a83
00a76533
02010113
00008067
02048a63
00048513
051000ef
ffb50793
f8a00913
00f494b3
40a90933
e75ff06f
0ff00913
00300a13
e60496e3
00200a13
e65ff06f
00000913
00100a13
e59ff06f
02040a63
00040513
011000ef
ffb50793
00f41433
f8a00793
40a787b3
e69ff06f
0ff00793
00300713
e60410e3
00200713
e59ff06f
00000793
00100713
e4dff06f
00100693
00f697b3
5307f693
04069863
2407f693
0c069063
0887f793
e4078ee3
000a8513
00200793
0af70e63
00300793
0af70263
00100793
ecf712e3
00000793
00000713
f01ff06f
00f00693
08d78463
00b00693
00098513
fcd784e3
00048413
000a0713
fc1ff06f
00090613
e91ff06f
00100693
00070c63
40e686b3
01b00593
00000793
00000713
ead5cee3
09e60613
00d456b3
00c41433
00803433
0086e7b3
0077f713
00070a63
00f7f713
00400693
00d70463
00478793
04000737
00e7f733
0037d793
e80700e3
00000793
00100713
e75ff06f
004007b7
0ff00713
00000513
e65ff06f
00000793
0ff00713
e59ff06f
00800637
01755713
fff60793
0ff77713
07e00593
00a7f7b3
01f55693
04e5d663
09d00593
00e5da63
80000537
fff54513
00a68533
00008067
00c7e533
09500793
00e7dc63
f6a70713
00e51533
02068063
40a00533
00008067
09600793
40e787b3
00f55533
fe9ff06f
00000513
00008067
ff010113
00112623
00812423
00912223
00050793
0e050663
41f55713
00a74433
40e40433
01f55493
00040513
64c000ef
09e00793
40a787b3
09600713
04f74063
00800713
0ce50463
ff850513
00a41433
00941413
00945413
01779793
00c12083
0087e7b3
00812403
01f49513
00a7e533
00412483
01010113
00008067
09900713
06f75663
00500713
40a70733
01b50693
00e45733
00d41433
00803433
00876433
fc000737
fff70713
00747693
00e47733
00068a63
00f47413
00400693
00d40463
00470713
040006b7
00d776b3
00068c63
fc0007b7
fff78793
00f77733
09f00793
40a787b3
00375413
f69ff06f
00500693
ffb50713
fad506e3
00e41433
fa5ff06f
00000493
00000413
f49ff06f
09600793
f41ff06f
01465713
00c61793
7ff77713
fd010113
00c7d793
00170693
02812423
02912223
03212023
02112623
00b12823
00f12a23
00012e23
00012c23
7fe6f693
00050913
00058413
01f65493
08068263
000046b7
c0068693
00d70733
0047d693
00d12e23
01c79793
0045d693
00d7e7b3
01c59413
00f12c23
00812a23
00012823
01c12783
00f49493
00e4e4b3
00f11623
01012783
00911723
02c12083
00f92023
01412783
02812403
02412483
00f92223
01812783
00090513
00f92423
00c12783
00f92623
02012903
03010113
00008067
00b7e533
10071063
fa0504e3
04078e63
00078513
484000ef
03150693
4056d793
01f6f693
04068863
ffc00613
02c78633
02000813
01010313
40d80833
00c60713
00e30733
40c00633
08e31c63
fff78713
00279793
02078793
002787b3
00d416b3
fed7a823
03c0006f
430000ef
02050513
fa9ff06f
ffc00613
02c78633
01c10713
00300693
00c705b3
0005a583
fff68693
ffc70713
00b72223
fef6d6e3
fff78713
00170793
00279793
00800693
01010713
00d7ea63
00012823
00072223
ff878793
01810713
00400693
00d7e463
00072023
00004737
c0c70713
40a70733
ed5ff06f
00072583
ffc72883
00c70e33
00d595b3
0108d8b3
0115e5b3
00be2023
ffc70713
f49ff06f
02050863
01c79713
0045d693
00d76733
00e12c23
0047d793
00008737
01c59413
00e7e7b3
00812a23
00012823
00f12e23
00008737
fff70713
e75ff06f
00c52583
00852783
00052683
fe010113
00452703
00f12423
00f12c23
01059793
0107d793
00d12023
00d12823
01010613
00159693
00b12623
00f12e23
00e12223
00e12a23
0116d693
01f5d593
01c10793
00060893
0007a703
ffc7a503
ffc78793
00371713
01d55513
00a76733
00e7a223
fef612e3
01012503
00008737
00168793
00351513
ffe70713
00a12823
00e7f7b3
22078063
ffffc7b7
40078793
00f686b3
7fe00793
28d7cc63
0cd05863
01812603
01c12783
01412703
01c65813
00479793
0107e7b3
00f12a23
00471793
00a7e7b3
01c75713
00461613
00f037b3
00c76733
00e7e7b3
01412703
0077f613
02060063
00f7f613
00400513
00a60a63
00478613
00f63533
00a70733
00060793
00800637
00c77633
1e060a63
ff800537
fff50513
00168693
7ff00813
00a77533
00000613
00000713
01068a63
0037d793
01d51613
00f66633
00355713
7ff007b7
01469693
00c71713
00f6f6b3
00c75713
01f59593
00e6e6b3
00b6e7b3
00060513
00078593
02010113
00008067
fcc00793
18f6c063
01c12783
00080737
00060813
00f76eb3
03d00793
40d787b3
4057d693
01f7f713
01d12e23
00000513
00000793
00082303
00150513
00480813
0067e7b3
fea698e3
00300513
40d50533
00269813
02071463
01088333
00032303
00170713
00488893
fe68ae23
fee556e3
00400713
40d706b3
04c0006f
02080893
002888b3
ff08a883
02000e13
40ee0e33
01c898b3
0117e7b3
00000f13
010608b3
41000833
06af4663
00251513
02050513
00400813
00250533
00eed733
40d806b3
fee52823
00400513
40d50533
00269693
00d60733
00251693
00800613
00c6ea63
00072023
00072223
ff868693
00870713
00400613
00c6e463
00072023
01012703
00f037b3
00000693
00e7e7b3
e61ff06f
0008a303
0048af83
010882b3
00e35333
01cf9fb3
01f36333
0062a023
001f0f13
00488893
f71ff06f
08068863
01412783
01812703
01c12683
00f76633
00d66633
00a66633
08060063
00471613
00469693
01c7d793
01c75713
00d76733
00c7e7b3
004006b7
00d76733
ff87f793
7ff00693
df1ff06f
00000693
00500793
00000713
0037d793
01d71613
00f66633
7ff00793
00375713
e2f696e3
00e66633
00000713
e20600e3
00080737
00000613
00000593
e11ff06f
7ff00693
00000713
00000613
e01ff06f
00000713
7ff00693
df5ff06f
000107b7
02f57a63
10053793
0017c793
00379793
00015737
02000693
40f686b3
00f55533
b7c70793
00a787b3
0007c503
40a68533
00008067
01000737
01000793
fce56ae3
01800793
fcdff06f
f7010113
03000513
08112623
08812423
07712623
07a12023
08912223
09212023
07312e23
07412c23
07512a23
07612823
07812423
07912223
05b12e23
620000ef
00050793
20003437
03000513
1cf42623
60c000ef
1cc42783
20003bb7
1caba823
00f52023
00200793
00f52423
000155b7
02800793
00f52623
c7c58593
00052223
01050513
679000ef
000155b7
c9c58593
01010513
669000ef
00015437
20001d37
00a00793
a70d0713
f0840513
64f72e23
5a1000ef
00015537
cbc50513
595000ef
f0840513
58d000ef
200037b7
1bc7a783
54078663
00015537
cec50513
575000ef
f0840513
56d000ef
00015537
01400593
d4850513
55d000ef
00000513
f10fb0ef
200037b7
1aa7ac23
00100493
00015db7
20003cb7
20003437
20003ab7
00015b37
c48fb0ef
c14fb0ef
d78d8593
03010513
5cd000ef
00100793
03010593
01010513
00f12623
cd8fb0ef
00153793
00810613
00300593
1cfca223
00200513
00700793
00f12423
c1cfb0ef
00812683
00300793
00300613
a70d0593
1a818513
00f12223
c10fb0ef
1d0ba503
a50fb0ef
1c044783
04000713
48f77063
04100913
00300993
00090513
04300593
c50fb0ef
00c12783
00190713
42f50663
1c044783
0ff77913
ff27f0e3
00199913
01390933
00812a03
00410513
00148493
034949b3
01312223
99cfb0ef
01500793
f2f49ce3
00000513
e1cfb0ef
00050793
00015537
20003d37
db850513
1afd2a23
000154b7
445000ef
f0848513
43d000ef
00015537
dc850513
431000ef
f0848513
429000ef
1c8aa583
00015537
e0050513
000154b7
415000ef
00500593
e1c48513
409000ef
1c4ca583
00015537
e3850513
3f9000ef
00100593
e1c48513
3ed000ef
200037b7
1c17c583
00015537
e5450513
3d9000ef
00015ab7
04100593
e70a8513
3c9000ef
1c044583
00015537
e8c50513
3b9000ef
04200593
e70a8513
3ad000ef
1a818c13
020c2583
00015537
ea850513
399000ef
00700593
e1c48513
38d000ef
200017b7
a7078793
65c7a583
00015537
ec450513
375000ef
00015537
ee050513
369000ef
00015537
f0c50513
35d000ef
1d0ba783
00015db7
f18d8513
0007a583
00015cb7
00015c37
341000ef
00015537
f3450513
335000ef
1d0ba783
f68c8513
00015b37
0047a583
00015ab7
00015437
319000ef
00000593
e1c48513
30d000ef
1d0ba783
f84c0513
41490933
0087a583
2f9000ef
00200593
e1c48513
2ed000ef
1d0ba783
fa0b0513
00c7a583
2dd000ef
01100593
e1c48513
2d1000ef
1d0ba583
fbca8513
20003bb7
01058593
2bd000ef
fd840513
2b5000ef
00015537
01050513
2a9000ef
1ccba783
f18d8513
0007a583
299000ef
00015537
02450513
28d000ef
1ccba783
f68c8513
0047a583
27d000ef
00000593
e1c48513
271000ef
1ccba783
f84c0513
0087a583
261000ef
00100593
e1c48513
255000ef
1ccba783
fa0b0513
00c7a583
245000ef
01200593
e1c48513
239000ef
1ccba583
fbca8513
01058593
229000ef
fd840513
221000ef
00412583
00015537
06450513
211000ef
00500593
e1c48513
205000ef
00391593
412585b3
00015537
413585b3
08050513
1ed000ef
00d00593
e1c48513
1e1000ef
00812583
00015537
09c50513
1d1000ef
00700593
e1c48513
1c5000ef
00c12583
00015537
0b850513
1b5000ef
00100593
e1c48513
1a9000ef
00015537
01010593
0d450513
199000ef
00015537
0f050513
18d000ef
00015537
03010593
12850513
17d000ef
00015537
14450513
171000ef
00015437
f0840513
165000ef
200037b7
1b87a703
1b4d2503
00100793
40e50533
20003737
1aa72823
12a7d663
c2cff0ef
000167b7
f687a583
00050413
000169b7
874ff0ef
f6c9a583
20003937
200034b7
d35fe0ef
00050793
f6c9a503
00040593
1af92623
d21fe0ef
00050793
00015537
1d450513
1af4a423
0f5000ef
1ac92503
00015437
b64ff0ef
00050593
20440513
0dd000ef
00015537
20c50513
0d1000ef
1a84a503
b44ff0ef
00050593
20440513
0bd000ef
000157b7
f0878513
0b1000ef
08c12083
08812403
08412483
08012903
07c12983
07812a03
07412a83
07012b03
06c12b83
06812c03
06412c83
06012d03
05c12d83
09010113
00008067
00c10593
00000513
8a4fb0ef
d98b0593
03010513
109000ef
1c044783
00190913
1c9aa423
0ff97913
00048993
b927fae3
bb5ff06f
00900913
bb5ff06f
00015537
d1850513
02d000ef
000157b7
f0878513
021000ef
ab5ff06f
00015537
17c50513
011000ef
00015537
1b450513
005000ef
f0840513
7fc000ef
f4dff06f
00050593
1a41a503
0100006f
00050593
1a41a503
4d50306f
fd010113
01312e23
02112623
02812423
02912223
03212023
01412c23
01512a23
01612823
01712623
01812423
01912223
00b58793
01600713
00050993
08f76e63
01000793
22b7e063
74c000ef
01000493
01800793
00200593
20000937
00090913
00f907b3
0047a403
ff878713
30e40c63
00442783
00c42683
00842603
ffc7f793
00f407b3
0047a703
00d62623
00c6a423
00176713
00098513
00e7a223
6fc000ef
00840513
02c12083
02812403
02412483
02012903
01c12983
01812a03
01412a83
01012b03
00c12b83
00812c03
00412c83
03010113
00008067
ff87f493
1807c463
18b4e263
6b0000ef
1f700793
3a97f663
0094d793
18078063
00400713
2ef76c63
0064d793
03978593
03878513
00359693
20000937
00090913
00d906b3
0046a403
ff868693
02868663
00f00613
0100006f
24075463
00c42403
00868c63
00442783
ffc7f793
40978733
fee654e3
00050593
01092403
20000837
00880813
1f040663
00442783
00f00693
ffc7f793
40978733
32e6ca63
01092a23
01092823
2e075e63
1ff00713
00492503
20f76663
ff87f713
00870713
00e90733
00072683
0057d613
00100793
00c797b3
00f56533
ff870793
00f42623
00d42423
00a92223
00872023
0086a623
4025d793
00100613
00f61633
0ac56a63
00a677b3
02079463
00161613
ffc5f593
00a677b3
00458593
00079a63
00161613
00a677b3
00458593
fe078ae3
00f00893
00359313
00690333
00030513
00c52783
00058e13
20f50063
0047a703
00078413
00c7a783
ffc77713
409706b3
20d8c063
fe06c2e3
00e40733
00472683
00842603
00098513
0016e693
00d72223
00f62623
00c7a423
540000ef
00840513
e45ff06f
00c00793
00f9a023
00000513
e35ff06f
20000693
04000593
03f00513
e91ff06f
00892403
00442783
ffc7fb13
009b6863
409b0733
00f00793
0ae7ca63
200037b7
1e07aa83
19c1a703
fff00793
01640a33
01548ab3
3af70c63
000017b7
00f78793
00fa8ab3
fffff7b7
00fafab3
000a8593
00098513
550000ef
fff00793
00050b93
20f50a63
21456663
20003c37
180c0c13
000c2583
00ba85b3
00bc2023
00058713
28aa1c63
01451793
28079863
00892b83
015b07b3
0017e793
00fba223
20003737
1dc72683
00b6f463
1cb72e23
20003737
1d872683
00b6f463
1cb72c23
000b8413
1bc0006f
00492503
e79ff06f
0014e793
00f42223
009404b3
00992423
00176713
00098513
00e4a223
42c000ef
00840513
d31ff06f
00c42683
00842603
d01ff06f
00c7a403
00258593
dc8782e3
ce1ff06f
0097d713
00400693
14e6f263
01400693
30e6ec63
05c70613
05b70693
00361613
00c90633
00062703
ff860613
00e61863
2b40006f
00872703
00e60863
00472683
ffc6f693
fed7e8e3
00c72603
00c42623
00e42423
00862423
00872623
dd5ff06f
01400713
12f77663
05400713
2cf76c63
00c4d793
06f78593
06e78513
00359693
cfdff06f
001e0e13
003e7793
00850513
10078e63
00c52783
dedff06f
00842603
0014e593
00b42223
00f62623
00c7a423
009404b3
00992a23
00992823
0016e793
0104a623
0104a423
00f4a223
00e40733
00098513
00d72023
32c000ef
00840513
c31ff06f
00f407b3
0047a703
00098513
00176713
00e7a223
30c000ef
00840513
c11ff06f
0034d593
00848793
bb9ff06f
0014e693
00d42223
009404b3
00992a23
00992823
00176693
0104a623
0104a423
00d4a223
00f407b3
00098513
00e7a023
2c4000ef
00840513
bc9ff06f
0067d713
03970613
03870693
00361613
ec5ff06f
09240a63
00892403
00442783
ffc7f793
40978733
0097e663
00f00793
e4e7c0e3
00098513
280000ef
00000513
b85ff06f
05c78593
05b78513
00359693
be1ff06f
00832783
fff58593
24679863
0035f793
ff830313
fe0796e3
00492703
fff64793
00e7f7b3
00f92223
00161613
d2c7e2e3
d20600e3
00f67733
00071a63
00161613
00f67733
004e0e13
fe070ae3
000e0593
c81ff06f
20003c37
180c0c13
000c2703
00ea8733
00ec2023
19c1a683
fff00793
14f68863
414b87b3
00e787b3
00fc2023
007bfc93
0c0c8c63
00001737
419b8bb3
00870593
008b8b93
419585b3
015b8ab3
415585b3
fff70713
00e5fa33
000a0593
00098513
240000ef
fff00793
14f50863
41750533
01450ab3
000c2703
01792423
001ae793
00ea05b3
00bc2023
00fba223
d12406e3
00f00693
0f66f063
00442703
ff4b0793
ff87f793
00177713
00f76733
00e42223
00500613
00f40733
00c72223
00c72423
00f6e663
004ba783
cd1ff06f
00840593
00098513
674030ef
00892b83
000c2583
004ba783
cb5ff06f
010a8a93
c5dff06f
4026d693
00100793
00d797b3
00f56533
00a92223
d55ff06f
015b85b3
40b005b3
01459593
0145da13
000a0593
00098513
180000ef
fff00793
f4f512e3
00000a13
f45ff06f
05400693
04e6e463
00c7d713
06f70613
06e70693
00361613
ce1ff06f
15400713
04f76463
00f4d793
07878593
07778513
00359693
a21ff06f
1971ae23
ebdff06f
00100793
00fba223
e11ff06f
15400693
04e6e463
00f7d713
07870613
07770693
00361613
c95ff06f
55400713
04f76463
0124d793
07d78593
07c78513
00359693
9d5ff06f
ff8c8c93
019a8ab3
417a8ab3
00000a13
eadff06f
55400693
02e6e463
0127d713
07d70613
07c70693
00361613
c49ff06f
3f800693
07f00593
07e00513
995ff06f
3f800613
07e00693
c2dff06f
00492783
dcdff06f
00008067
00008067
fc010113
02c12423
02d12623
02e12823
02f12a23
03012c23
03112e23
00058613
00852583
02810693
00112e23
00d12623
16c000ef
01c12083
04010113
00008067
1a41a303
fc010113
02c12423
02d12623
02b12223
02e12823
02f12a23
03012c23
03112e23
00832583
02410693
00050613
00030513
00112e23
00d12623
120000ef
01c12083
04010113
00008067
ff010113
00812423
00912223
00050413
200034b7
00058513
00112623
1e04a423
96dfa0ef
fff00793
00f50c63
00c12083
00812403
00412483
01010113
00008067
1e84a783
fe0784e3
00c12083
00f42023
00812403
00412483
01010113
00008067
00b567b3
0037f793
08079263
0005a703
7f7f86b7
f7f68693
00d777b3
00d787b3
00e7e7b3
00d7e7b3
fff00613
06c79e63
00050613
fff00813
00e62023
0045a703
00458593
00460613
00d777b3
00d787b3
00e7e7b3
00d7e7b3
ff0780e3
0005c783
0015c703
0025c683
00f60023
00078a63
00e600a3
00070663
00d60123
00069463
00008067
000601a3
00008067
00050793
0005c703
00178793
00158593
fee78fa3
fe0718e3
00008067
00050613
fb1ff06f
e1010113
1e112623
1e812423
00b12423
00c12623
00d12c23
1e912223
1f212023
1d312e23
1d412c23
1d512a23
1d612823
1d712623
1d812423
1d912223
1da12023
1bb12e23
00050413
02a12823
428060ef
00052703
00070513
02e12c23
775070ef
02a12a23
0e012823
0e012a23
0e012c23
0e012e23
00c12283
00040663
03842783
040788e3
00812603
00c61783
01279713
02074663
06462703
000026b7
00d7e7b3
ffffe6b7
01079793
fff68693
4107d793
00d77733
00f61623
06e62223
0087f713
2e070c63
00812703
01072703
2e070663
01a7f793
00a00713
30e78863
000157b7
28078793
00f12e23
000157b7
48478793
00028c13
00f12623
000c4783
10c10b13
0f612223
0e012623
0e012423
02012223
02012e23
04012223
04012023
04012623
04012423
00012823
03012983
000b0413
22078463
000c0493
02500713
40e78c63
0014c783
00148493
fe079ae3
41848933
21848463
0ec12703
0e812783
01842023
01270733
00178793
01242223
0ee12623
0ef12423
00700713
00840413
3ef74463
01012703
0004c783
01270733
00e12823
1c078463
0014c883
0c0103a3
00148493
fff00913
00000a13
00000b93
05a00c93
00148493
fe088793
04fce663
01c12703
00279793
00e787b3
0007a783
00078067
00000a13
fd088793
00900693
0004c883
002a1713
01470a33
001a1a13
01478a33
fd088793
00148493
fef6f2e3
fe088793
fafcfee3
14088a63
15110623
0c0103a3
00100c93
00100d13
14c10c13
00012a23
00000913
02012623
02012423
02012023
002bff93
000f8463
002c8c93
084bfd93
000d9663
419a0733
46e04ee3
0c714703
02070c63
0ec12603
0e812703
0c710593
00160613
00b42023
00170713
00100593
00b42223
0ec12623
0ee12423
00700613
00840413
40e64263
020f8c63
0ec12603
0e812703
0c810793
00260613
00170713
00200593
00f42023
00b42223
0ec12623
0ee12423
00700613
00840413
50e646e3
08000713
20ed80e3
41a90933
2f2042e3
100bf713
04071ee3
0ec12703
0e812603
01842023
00ed0733
00160613
01a42223
0ee12623
0ec12423
00700593
4ac5ce63
00840413
004bf793
00078663
419a0933
4d204ee3
000a0313
019a5463
000c8313
01012783
006787b3
00f12823
360712e3
01412783
0e012423
00078863
01412583
00098513
054030ef
000b0413
00048c13
000c4783
de0790e3
0ec12783
00078463
3a10106f
00812783
00c7d783
0407f793
00078463
3280206f
1ec12083
1e812403
01012503
1e412483
1e012903
1dc12983
1d812a03
1d412a83
1d012b03
1cc12b83
1c812c03
1c412c83
1c012d03
1bc12d83
1f010113
00008067
00812583
03012503
00512623
69c020ef
00c12283
00050463
2cc0206f
00812783
00a00713
00c79783
01a7f793
cee79ce3
00812783
00e79783
ce07c6e3
01812683
00812583
03012503
00028613
590020ef
00a12823
f6dff06f
00098513
060060ef
00452783
00078513
04f12423
3ad070ef
00050793
00098513
00078a93
04f12623
03c060ef
00852703
04e12023
000a8463
7a50006f
0004c883
d61ff06f
0004c883
020beb93
d55ff06f
010beb93
020bf713
3a070063
01812783
00778a93
ff8afa93
004aa703
000aac83
008a8793
00f12c23
00070d13
3a074863
fff00713
000b8d93
4ee90663
01ace733
f7fbfd93
4e071063
4e091463
00000d13
000d8b93
1b010c13
0c714703
000d0c93
012d5463
00090c93
00012a23
02012623
02012423
02012023
d4070ce3
001c8c93
d51ff06f
010beb93
020bf713
2e070663
01812783
00778a93
ff8afa93
000aac83
004aad03
008a8793
00f12c23
bffbfd93
00000693
00000793
0cf103a3
fff00793
34f90263
01ace733
f7fdfb93
180718e3
72091c63
600692e3
001dfd13
1b010c13
f60d0ce3
03000713
1ae107a3
1af10c13
f69ff06f
41848933
bf849ee3
0004c783
c31ff06f
00812583
0e410613
00098513
59c0a0ef
de0518e3
000b0413
c05ff06f
008bf713
60071ce3
01812783
0b010513
01112a23
00778a93
ff8afa93
000aa583
004aa603
008a8793
00f12c23
cf8fe0ef
0b012583
0b412603
0b812683
0bc12703
01412883
0f010513
01112a23
0ee12e23
0eb12823
0ec12a23
0ed12c23
619050ef
0ca12623
00200713
01412883
00e51463
1d40106f
00100713
00e51463
3280106f
06100713
00e89463
7410106f
04100713
00e89463
12d0106f
fff00713
00e91463
1d80206f
fdf8f713
04700693
00d71463
1b80206f
0fc12d83
100be793
04f12e23
03712623
0f012f03
0f412e83
0f812e03
000dd463
6a50106f
06012023
00012a23
fbf88793
02500713
00f77463
5dc0106f
00015737
00279793
3ec70713
00e787b3
0007a783
00078067
00812583
0e410613
00098513
05112a23
05f12823
4700a0ef
000512e3
05412883
05012f83
000b0413
bd9ff06f
02412783
00100593
00840d13
36f5d4e3
0ec12703
0e812603
00100593
00170713
00160613
00b42223
01842023
0ee12623
0ec12423
00700593
6ac5c6e3
03412783
00160913
0f212423
00e78db3
03812703
00fd2223
0fb12623
00ed2023
00700713
008d0d13
6b2742e3
0f012703
0a010593
0b010513
0ae12823
0f412703
0a012023
0a012223
0ae12a23
0f812703
0a012423
0a012623
0ae12c23
0fc12703
0ae12e23
878fb0ef
02412783
fff78413
30050ee3
001c0293
00190913
008d8db3
005d2023
008d2223
0fb12623
0f212423
00700713
008d0d13
2d2748e3
04412783
0d410593
00190613
01b78733
00bd2023
00fd2223
0ee12623
0ec12423
00700593
008d0413
b4c5d8e3
00812583
0e410613
00098513
3480a0ef
6c051e63
0ec12703
000b0413
b31ff06f
01812783
010bf713
0007ac83
00478793
00f12c23
38071ae3
040bf713
380702e3
010c9c93
010cdc93
00000d13
d09ff06f
01812783
010bf713
0007ac83
00478793
00f12c23
36071ae3
040bf713
360702e3
010c9c93
410cdc93
41fcdd13
000d0713
c4075ce3
02d00793
01903733
41a00d33
0cf103a3
fff00793
40ed0d33
41900cb3
000b8d93
00100693
ccf912e3
00100793
10f68e63
00200793
40f68863
1b010c13
01dd1713
007cf793
003cdc93
03078793
01976cb3
003d5d13
fefc0fa3
01ace733
000c0693
fffc0c13
fc071ce3
001df713
40070663
03000713
40e78263
ffe68693
1b010793
feec0fa3
40d78d33
000d8b93
00068c13
bedff06f
03012503
149020ef
00c12283
fa8ff06f
01812783
0c0103a3
00100c93
0007a703
00478793
00f12c23
14e10623
00100d13
14c10c13
919ff06f
01812783
0c0103a3
0007ac03
00478a93
3a0c0ee3
fff00713
00e91463
7b90006f
00090613
00000593
000c0513
01112c23
725050ef
00a12a23
01812883
00051463
43d0106f
01412783
0c714703
01512c23
41878d33
fffd4693
41f6d693
00012a23
02012623
02012423
02012023
00dd7cb3
00000913
b60710e3
8b1ff06f
460d16e3
00900793
4797e2e3
030c8c93
1b9107a3
000d8b93
00100d13
1af10c13
b15ff06f
01812783
0007aa03
00478793
1a0a50e3
41400a33
00f12c23
0004c883
004beb93
fe8ff06f
02b00793
0004c883
0cf103a3
fd8ff06f
0004c883
080beb93
fccff06f
0004c883
02a00793
00148713
00f89463
7410106f
fd088793
00900613
00070493
00000913
00900693
faf66263
0004c883
00291713
01270933
00191913
00f90933
fd088793
00148493
fef6f2e3
f80ff06f
0004c883
001beb93
f70ff06f
0c714783
0004c883
f6079263
02000793
0cf103a3
f58ff06f
0004c883
008beb93
f4cff06f
010bed93
020df793
08078ae3
01812783
00100693
00778a93
ff8afa93
008a8793
000aac83
004aad03
00f12c23
a81ff06f
01812703
ffff87b7
8307c793
0cf11423
00470793
00f12c23
000157b7
24c78793
00072c83
00000d13
002bed93
02f12e23
00200693
07800893
a45ff06f
0004c883
06c00793
1ef884e3
010beb93
eccff06f
0004c883
06800793
18f88ae3
040beb93
eb8ff06f
020bf713
0c0700e3
01812783
01012683
0007a783
41f6d713
00d7a023
00e7a223
01812783
00048c13
00478793
00f12c23
825ff06f
06500713
b91750e3
0f012703
0a010593
0b010513
0ae12823
0f412703
0a012023
0a012223
0ae12a23
0f812703
0a012423
0a012623
0ae12c23
0fc12703
0ae12e23
c5dfa0ef
52051463
0ec12703
0e812603
000155b7
27c58593
00b42023
00170713
00100593
00160613
00b42223
0ee12623
0ec12423
00700593
00840413
3cc5c8e3
0cc12603
02412783
78f65663
03412783
0e812603
03812683
00e78733
00160613
00d42023
00f42223
0ee12623
0ec12423
00700593
00840413
0ac5cee3
02412783
fff78913
f1205863
00015837
01000593
0e812603
48480a93
3925dae3
00812c03
01000d13
00700d93
00c0006f
ff090913
372d5ee3
01070713
00160613
01542023
01a42223
0ee12623
0ec12423
00840413
fccddee3
0e410613
000c0593
00098513
6bd090ef
24051863
0ec12703
0e812603
000b0413
fb9ff06f
00100713
00e69463
17d0106f
00200713
000b8d93
bee69ce3
03c12683
1b010c13
00fcf793
00f687b3
0007c703
004cdc93
01cd1793
0197ecb3
004d5d13
feec0fa3
01ace7b3
fffc0c13
fc079ce3
1b010793
41878d33
000d8b93
ff8ff06f
419a0db3
e1b05063
00015837
01000513
0ec12583
0e812603
48480a93
09b55463
00040793
01000e93
000a8413
00700f13
00090a93
00088913
00c0006f
ff0d8d93
05beda63
01058593
00160613
0087a023
01d7a223
0eb12623
0ec12423
00878793
fccf5ee3
00812583
0e410613
00098513
5d9090ef
16051663
01000e93
ff0d8d93
0ec12583
0e812603
000b0793
00700f13
fbbecae3
00090893
000a8913
00040a93
00078413
00bd85b3
00160613
01542023
01b42223
0eb12623
0ec12423
00700713
00840413
d4c75063
00812583
0e410613
00098513
05112823
571090ef
10051263
05012883
000b0413
d1cff06f
00015837
01000713
0ec12583
0e812603
48480a93
09275263
00040793
00c12a83
00090413
01000713
00700d93
00088913
00c0006f
ff040413
04875a63
00c12683
01058593
00160613
00d7a023
00e7a223
0eb12623
0ec12423
00878793
fccddce3
00812583
0e410613
00098513
4f1090ef
08051263
01000713
ff040413
0ec12583
0e812603
000b0793
fa874ae3
00090893
00040913
00078413
00b905b3
00160613
01542023
01242223
0eb12623
0ec12423
00700713
00840413
c6c75463
00812583
0e410613
00098513
05112823
491090ef
02051263
05012883
000b0413
c44ff06f
00812583
0e410613
00098513
471090ef
c8050863
01412f03
ca0f0e63
03012503
000f0593
4e4020ef
cacff06f
000b8d93
9a5ff06f
00015837
01000513
0ec12583
0e812603
49480a93
0ae55063
04912a23
00040793
000a8493
01000e93
00090a93
00700393
05f12823
00070413
00088913
00c0006f
ff040413
048eda63
01058593
00160613
0097a023
01d7a223
0eb12623
0ec12423
00878793
fcc3dee3
00812583
0e410613
00098513
3d5090ef
f60514e3
01000e93
ff040413
0ec12583
0e812603
000b0793
00700393
fa8ecae3
00090893
05012f83
000a8913
00048a93
05412483
00040713
00078413
00b705b3
00160613
00e42223
01542023
0eb12623
0ec12423
00700713
00840413
aac75a63
00812583
0e410613
00098513
05112a23
05f12823
35d090ef
ee0518e3
05412883
05012f83
000b0413
a88ff06f
00812583
0e410613
00098513
05112823
335090ef
ec0514e3
05012883
000b0413
ad8ff06f
00015837
01000613
0e812783
49480a93
07265263
00812b83
01000d13
00700d93
00c0006f
ff090913
052d5663
01070713
00178793
01542023
01a42223
0ee12623
0ef12423
00840413
fcfddee3
0e410613
000b8593
00098513
2c9090ef
e4051ee3
ff090913
0ec12703
0e812783
000b0413
fb2d4ee3
01270733
00178793
01542023
01242223
0ee12623
0ef12423
00700613
a8f65c63
00812583
0e410613
00098513
281090ef
e0051ae3
0ec12703
a7cff06f
0cc12503
64a05c63
02412783
00fc0733
04e12823
02012703
00070913
34e7cc63
0ec12703
03205663
0e812603
01270733
01842023
00160613
01242223
0ee12623
0ec12423
00700593
00840413
58c5c4e3
fff94613
02012783
41f65613
00c97833
41078933
3f204a63
02012783
400bf613
00fc0c33
06061ce3
0cc12603
02412783
00f64663
001bf593
56058ce3
03412783
0e812583
03812683
00e78733
00158593
00d42023
00f42223
0ee12623
0eb12423
00700513
00840413
00b55463
4040106f
02412783
40c78633
05012783
41878933
01265463
00060913
03205863
0e812583
01270733
01842023
00158593
01242223
0ee12623
0eb12423
00700513
00840413
00b55463
41c0106f
fff94593
41f5d593
00b97d33
41a60933
95205863
00015837
01000593
0e812603
48480a93
5d25da63
00812c03
01000d13
00700d93
00c0006f
ff090913
5b2d5e63
01070713
00160613
01542023
01a42223
0ee12623
0ec12423
00840413
fccddee3
0e410613
000c0593
00098513
0fd090ef
c80518e3
0ec12703
0e812603
000b0413
fb9ff06f
001bf713
c8071c63
0ec12703
0e812603
01842023
00170d93
00160913
00b42223
0fb12623
0f212423
00700713
d3275c63
00812583
0e410613
00098513
0a9090ef
c2051ee3
0ec12d83
0e812903
000b0d13
d14ff06f
02412783
00100713
d0f75463
00015837
01100713
48480a93
5cf75c63
000a8793
01000713
000a0a93
00700c13
00048a13
00078493
00c0006f
ff040413
5a875263
010d8d93
00190913
009d2023
00ed2223
0fb12623
0f212423
008d0d13
fd2c5ee3
00812583
0e410613
00098513
025090ef
ba051ce3
0ec12d83
0e812903
000b0d13
01000713
fb5ff06f
01812703
010df793
00072c83
00470713
00e12c23
04079a63
040df793
04078063
010c9c93
010cdc93
00000d13
00100693
9e0ff06f
00000d13
1b010c13
978ff06f
001bf613
00061463
fb9fe06f
86dff06f
0004c883
00f12c23
e55fe06f
200df793
00078463
0ffcfc93
00000d13
00100693
9a0ff06f
200bf713
360716e3
00000d13
988ff06f
200bf713
340714e3
41fcdd13
000d0713
8f4ff06f
01812783
0007a703
00478793
00f12c23
00072583
00472603
00872683
00c72703
a08ff06f
010bf713
48071263
040bf713
2e0714e3
200bf793
46078a63
01812783
01012703
0007a783
00e78023
f34ff06f
04012783
0004c883
00079463
db9fe06f
0007c783
00079463
dadfe06f
400beb93
da5fe06f
00078913
0ec12703
cb2046e3
cd1ff06f
000b8d93
e48ff06f
00015737
26070793
02f12e23
020bf713
12070863
01812783
00778a93
ff8afa93
000aac83
004aad03
008a8793
00f12c23
001bf713
00070e63
01ace733
00070a63
03000713
0ce10423
0d1104a3
002beb93
bffbfd93
00200693
894ff06f
0014c883
200beb93
00148493
d21fe06f
00015737
24c70793
02f12e23
f95ff06f
00812583
0e410613
00098513
65c090ef
9e0518e3
0ec12703
000b0413
f2cff06f
0014c883
020beb93
00148493
ce1fe06f
00600713
00090d13
1b276ce3
000152b7
000d0c93
01512c23
27428c13
d2dfe06f
00015837
01000593
0e812603
48480a93
4525d063
00812d83
01000e13
00700d13
00c0006f
ff090913
432e5463
01070713
00160613
01542023
01c42223
0ee12623
0ec12423
00840413
fccd5ee3
0e410613
000d8593
00098513
5c0090ef
94051ae3
0ec12703
0e812603
000b0413
01000e13
fb5ff06f
01812783
010bf713
0007ac83
00478793
00f12c23
06071663
040bf713
04070e63
010c9c93
010cdc93
00000d13
ec5ff06f
00812583
0e410613
00098513
568090ef
8e051ee3
0ec12703
0e812603
000b0d13
938ff06f
00812583
0e410613
00098513
544090ef
8c051ce3
0ec12d83
0e812903
000b0d13
940ff06f
200bf713
0e0712e3
00000d13
e6dff06f
ccccde37
04012703
400dfe93
00000593
1b010613
00500813
ccde0693
ccce0b93
0ff00a93
0540006f
019c37b3
00fc07b3
0307f7b3
40fc87b3
00fcb633
40cd0633
03778e33
02d60633
02d7b533
01c60633
02d787b3
00a60633
01f61513
00165613
0017d793
00f567b3
6e0d02e3
00060d13
00078c93
00030613
01ac8c33
019c37b3
00fc07b3
0307f7b3
fff60313
00158593
40fc87b3
00fcb533
40ad0533
02d7be33
02d50533
02d787b3
01c50533
01f51513
0017d793
00f567b3
00279513
00f507b3
00179793
40fc87b3
03078793
fef60fa3
f40e8ce3
00074783
f4f598e3
f55586e3
4a0d1263
00900793
4997ee63
00030c13
1b010793
02b12223
04e12023
41878d33
000d8b93
dc5fe06f
0ec12703
0e812603
000155b7
27c58593
00b42023
00170713
00100593
00160613
00b42223
0ee12623
0ec12423
00700593
00840413
4ec5c663
14051663
02412783
001bf613
00f66633
00061463
bc1fe06f
03412783
0e812603
03812683
00e78733
00160613
00d42023
00f42223
0ee12623
0ec12423
00700593
7ac5c263
00840413
1380006f
00812583
0e410613
00098513
384090ef
f0051c63
0ec12703
000b0413
c18ff06f
01542023
01242223
01270733
00160613
0ee12623
0ec12423
00700593
00c5c463
b45fe06f
ff9fe06f
0f012703
0a010593
0b010513
0ae12823
0f412703
0a012023
0a012223
0ae12a23
0f812703
0a012423
0a012623
0ae12c23
0fc12703
0ae12e23
a08fa0ef
01412883
540546e3
0c714703
04700693
4316d663
000152b7
24028c13
00012a23
02012623
02012423
02012023
f7fbfb93
00300c93
00300d13
00000913
00070463
c9dfe06f
9edfe06f
01812783
01012703
0007a783
00e7a023
ac4ff06f
00048793
000a0493
000a8a13
00078a93
008d8db3
00190913
015d2023
efdfe06f
03412783
0e812603
03812683
00e78733
00160613
00d42023
00f42223
0ee12623
0ec12423
00700593
00840413
66c5c663
580540e3
02412783
00160613
01842023
00e78733
00f42223
0ee12623
0ec12423
00700593
00c5c463
a2dfe06f
ee1fe06f
000c0513
05112823
6ec060ef
0c714703
fff54693
41f6d693
01512c23
00012a23
02012623
02012423
02012023
05012883
00050d13
00d57cb3
00000913
00070463
bc1fe06f
911fe06f
0fc12703
5c074663
0c714703
04700693
4716dee3
000152b7
24828c13
eddff06f
00e90733
00160613
01542023
01242223
0ee12623
0ec12423
00700593
00840413
fac5d063
00812583
0e410613
00098513
198090ef
d2051663
0ec12703
000b0413
f80ff06f
02812d03
00015e37
04912a23
05712c23
03912423
05412e23
00040613
04012b83
02c12403
04c12c83
00812483
00700913
01000d93
484e0a93
080d0863
16040063
fff40413
04812783
01970733
01962223
00f62023
0e812783
0ee12623
00860613
00178793
0ef12423
14f94063
05012783
000bc683
41878a33
0146d463
00068a13
03405663
0e812683
01470733
01862023
00168693
01462223
0ee12623
0ed12423
12d94463
000bc683
00860613
fffa4593
41f5d593
00ba77b3
40f68a33
03404c63
00dc0c33
f60d1ce3
f6041ce3
05012783
05712023
05412483
05812b83
05c12a03
02812c83
00060413
eb87f263
00078c13
e9cff06f
000155b7
0e812683
48458593
074dd863
02812023
000a0413
000a8a13
00c0006f
ff040413
048dd663
01070713
00168693
01562023
01b62223
0ee12623
0ed12423
00860613
fcd95ee3
0e410613
00048593
00098513
03c090ef
bc051863
ff040413
0ec12703
0e812683
000b0613
fa8dcee3
000a0593
00040a13
02012403
00ea0733
00168693
00b62023
01462223
0ee12623
0ed12423
20d940e3
000bc683
00860613
00dc0c33
f2dff06f
fffb8b93
fffd0d13
ea1ff06f
0e410613
00048593
00098513
7d1080ef
b6051263
0ec12703
000b0613
ea9ff06f
0e410613
00048593
00098513
7b1080ef
b4051263
000bc683
0ec12703
000b0613
ec5ff06f
04c12783
04812583
03d12423
40f30333
00078613
00030513
03112223
02e12023
00612a23
4c4060ef
019c37b3
00500613
00fc07b3
02c7f7b3
02012703
ccccd637
ccd60e13
ccc60513
00174603
01412303
02412883
00c03633
00c70733
02812e83
00000593
00500813
000e0693
40fc87b3
00fcb633
40cd0633
02a78533
03c60633
03c7bf33
00a60633
03c78533
01e60633
01f61793
00165613
00155513
00a7e7b3
a49ff06f
00812583
0e410613
00098513
6e9080ef
a6051e63
0cc12503
0ec12703
000b0413
af9ff06f
000152b7
23c28c13
bd9ff06f
00090693
00200613
0b010b93
0d010793
0dc10813
0cc10713
000b8593
00098513
05112a23
04d12823
0be12823
03e12423
0bd12a23
03d12223
0bc12c23
03c12023
0bb12e23
440030ef
05412883
06700793
02012e03
02412e83
02812f03
05012683
00050c13
7af88263
04700793
78f88e63
fdf8fa93
04600613
00d50cb3
0a010d13
00ca9c63
00054583
03000613
5ec58863
0cc12683
00dc8cb3
000b8513
000d0593
03112023
0be12823
0bd12a23
0bc12c23
0bb12e23
0a012023
0a012223
0a012423
0a012623
ac1f90ef
02012883
000c8b93
02050263
0dc12b83
019bfe63
03000613
001b8793
0cf12e23
00cb8023
0dc12b83
ff9be8e3
418b87b3
02f12223
0cc12683
04700793
02d12023
70fa8e63
04600793
14fa88e3
fff68793
0cf12623
06100713
38e880e3
04100613
05000713
70c89a63
00100613
0ce10a23
02b00713
0007d863
00100793
40d787b3
02d00713
0ce10aa3
00900713
18f756e3
0e310813
00080613
00a00593
06300e13
02b7e733
00060693
00078513
fff60613
03070713
fee68fa3
02b7c7b3
feae42e3
03078793
ffe68713
fef60fa3
31077ae3
0d610793
00074603
00170713
00178793
fec78fa3
ff0718e3
0e510793
0d610713
40d787b3
00f707b3
0d410713
40e787b3
04f12223
04412683
02412703
00100793
00e68d33
1ae7dae3
03412783
00fd0d33
02c12783
fffd4693
41f6d693
bff7f793
1007eb93
00dd7cb3
02012623
02012423
02012023
06012783
62078e63
02d00713
0ce103a3
00000913
001c8c93
bc4fe06f
00812583
0e410613
00098513
491080ef
00050463
820ff06f
0ec12703
000b0413
a5cff06f
00600d13
e48ff06f
40c78633
05012783
41878933
af265e63
00060913
af4ff06f
01812783
01012703
0007a783
00e79023
c59fe06f
0ffcfc93
00000d13
d88ff06f
018c9c93
418cdc93
41fcdd13
000d0713
da8fe06f
0ffcfc93
00000d13
e1cfe06f
02d00713
0ce103a3
a35ff06f
00812583
03012503
0e410613
401080ef
c54fe06f
00812583
0e410613
00098513
3ed080ef
00050463
f7dfe06f
0cc12503
0ec12703
0e812603
000b0413
971ff06f
05800713
03000693
002be793
0ce104a3
0cd10423
06300713
02f12623
00012a23
14c10c13
052748e3
0fc12d83
102be793
04f12e23
06012023
0f012f03
0f412e83
0f812e03
560dcc63
06100793
00f88463
ed0fe06f
0b010b93
000b8513
07112223
0be12823
0bd12a23
0bc12c23
0bb12e23
d01fc0ef
0cc10613
51d050ef
00058613
00050593
000b8513
addfc0ef
09010793
00078593
02f12023
0b012783
0a010d13
08010613
08f12823
0b412783
000d0513
04c12a23
08f12a23
0b812783
08012023
08012223
08f12c23
0bc12783
08012423
08f12e23
3ffc07b7
08f12623
b4df90ef
0a012703
0a412683
0a812803
0ac12e03
000d0593
000b8513
0ae12823
04e12c23
0ad12a23
04d12823
0b012c23
03012423
0bc12e23
03c12223
0a012023
0a012223
0a012423
0a012623
f64f90ef
02412e03
02812803
05012683
05812703
06412883
3a050a63
000157b7
24c78393
fff90c93
07212823
06812a23
000c0913
07312c23
07812e23
06912223
07112423
07412623
04712823
00070993
00068a93
00080c13
000e0413
04c0006f
000d0593
000b8513
02f12423
02c12223
0ac12c23
0af12e23
0a912823
0b412a23
0a012023
0a012223
0a012423
0a012623
ed4f90ef
fffc8593
000c0613
00040793
6e050c63
00058c93
02012603
400307b7
000d0593
000b8513
08f12e23
0b312023
0b512223
0b812423
0a812623
08012823
08012a23
08012c23
a29f90ef
000b8513
f2dfb0ef
00050593
00050d93
000b8513
0b012a03
0b412983
0b812483
0bc12403
800fc0ef
0b012783
05412603
02012583
08f12023
0b412783
000d0513
09412823
08f12223
0b812783
09312a23
08912c23
08f12423
0bc12783
08812e23
08f12623
a19fa0ef
05012783
0a012483
0a412a03
01b787b3
0007c703
0a812603
0ac12783
05212c23
00e90023
fff00713
00190913
00048993
000a0a93
00060c13
00078413
eeec90e3
00090a93
00048f13
000a0e93
06812883
07412403
07012903
05012383
07812983
07c12c03
06412483
06c12a03
fff00713
3ffe06b7
000d0593
000b8513
02712223
03112023
06e12423
0be12823
07e12223
0bd12a23
05d12a23
0ac12c23
04c12823
0af12e23
02f12423
0a012023
0a012223
0a012423
0ad12623
e3cf90ef
02012883
02412383
4ea04463
000d0593
000b8513
d50f90ef
02012883
02412383
06812703
00051663
001dfd93
4c0d9263
00170b93
017a8bb3
03000693
4e074e63
001a8a93
feda8fa3
ff5b9ce3
418b87b3
02f12223
fdf8fa93
a85ff06f
000d0593
000b8513
05112823
0be12823
03e12423
0bd12a23
03d12223
0bc12c23
03c12023
04d12a23
0bb12e23
0a012023
0a012223
0a012423
0a012623
cccf90ef
02012e03
02412e83
02812f03
05012883
9c0502e3
05412683
00100613
40d606b3
0cd12623
9b5ff06f
00190693
00200613
91dff06f
00090693
00300613
911ff06f
0b010b93
000b8513
07112223
0be12823
0bd12a23
0bc12c23
0bb12e23
951fc0ef
0cc10613
16d050ef
00058613
00050593
000b8513
f2cfc0ef
09010793
00078593
02f12023
0b012783
0a010d13
08010613
08f12823
0b412783
000d0513
04c12a23
08f12a23
0b812783
08012023
08012223
08f12c23
0bc12783
08012423
08f12e23
3ffc07b7
08f12623
f9cf90ef
0a012703
0a412683
0a812803
0ac12e03
000d0593
000b8513
0ae12823
04e12c23
0ad12a23
04d12823
0b012c23
03012423
0bc12e23
03c12223
0a012023
0a012223
0a012423
0a012623
bb4f90ef
02412e03
02812803
05012683
05812703
06412883
00051a63
00100793
0cf12623
06100793
c4f882e3
000157b7
26078393
c41ff06f
02c12783
0017f793
2c079063
0dc12b83
0cc12683
418b87b3
02f12223
ffd00793
02d12023
00f6c463
02d95863
fff68793
ffe88893
0cf12623
0ff8f713
00000613
8edff06f
0c714703
00000913
00070463
83cfe06f
d8dfd06f
02412783
14f6c463
02c12783
00068d13
0017f793
00078663
03412783
00f68d33
02c12783
4007f793
00078463
36d04063
fffd4693
05c12b83
41f6d693
00dd7cb3
06700893
02012623
02012423
961ff06f
00012a23
800007b7
01b7cdb3
02d00793
06f12023
a7dff06f
0e410613
00048593
00098513
5f0080ef
00050463
981fe06f
000bc683
0ec12703
000b0613
00dc0c33
d14ff06f
00900513
91956e63
998ff06f
07800713
9f9ff06f
02d00713
0ce103a3
ab4ff06f
00812583
0e410613
00098513
5a4080ef
00050463
935fe06f
0cc12603
0ec12703
000b0413
bddfe06f
0c714703
01512c23
02012623
02012423
02012023
00090c93
00090d13
00000913
00070463
f35fd06f
c85fd06f
000152b7
24428c13
a64ff06f
00812583
0e410613
00098513
544080ef
00050463
8d5fe06f
0cc12603
02412783
0ec12703
000b0413
40c78633
bbdfe06f
000b8d93
ba0fe06f
02412783
03412703
06700893
00e78d33
02012783
2af05863
02c12783
4007f793
22079263
fffd4693
41f6d693
05c12b83
00dd7cb3
ec5ff06f
00015837
ff000593
40a00933
48480a93
01000d13
00700d93
00b54863
0840006f
ff090913
072d5e63
01070713
00160613
01542023
01a42223
0ee12623
0ec12423
00840413
fccddee3
00812583
0e410613
00098513
48c080ef
00050463
81dfe06f
0ec12703
0e812603
000b0413
fb5ff06f
fff00793
00f12823
cd5fd06f
02c12783
02012703
0017f793
0127e7b3
24e05263
20079c63
02012d03
06600893
f45ff06f
01270733
00160613
01542023
01242223
0ee12623
0ec12423
00700593
00c5c463
888ff06f
00812583
0e410613
00098513
410080ef
00050463
fa0fe06f
0ec12703
0e812603
000b0413
99cff06f
00dc0cb3
04700a93
0a010d13
dbcff06f
0d610713
00061863
03000713
0ce10b23
0d710713
1b010693
03078793
40d706b3
00f70023
0dd68793
04f12223
ec0ff06f
05812783
00f3c603
000a8713
0cf12e23
fffac683
02c69063
03000593
feb70fa3
0dc12703
fff70793
0cf12e23
fff74683
fed606e3
00168613
03900593
0ff67613
00b68863
fec70fa3
000a8b93
b11ff06f
00a3c603
fec70fa3
ff1ff06f
00190593
00098513
01112a23
f09fc0ef
01412883
00050c13
18050863
00a12a23
f94ff06f
02c12783
0017f793
e4078863
e44ff06f
00090463
e49fd06f
00100913
e41fd06f
00600913
e39fd06f
00090a93
00048f13
000a0e93
06812883
07412403
07012903
05012383
07812983
07c12c03
06412483
06c12a03
000c8713
9edff06f
06700893
04012603
0ff00713
00064783
12e78663
02012683
00000513
00000593
00d7de63
40f686b3
00164783
04078663
00158593
00160613
fee794e3
04c12023
02d12023
02b12423
02a12623
02c12783
02812703
05c12b83
00e78733
04c12783
02f70733
01a70d33
fffd4693
41f6d693
00dd7cb3
dacff06f
00064783
00150513
fb9ff06f
40fd0e33
001e0d13
fffd4693
41f6d693
05c12b83
00dd7cb3
c1dff06f
03412783
06600893
00f70e33
012e0d33
d29ff06f
07000713
c8cff06f
00200793
04f12223
d1cff06f
00079c63
05c12b83
00100c93
06600893
00100d13
bddff06f
03412783
05c12b83
06600893
00178e13
012e0d33
fffd4693
41f6d693
00dd7cb3
bb9ff06f
01812783
0007a903
00478793
00095463
fff00913
0014c883
00f12c23
00070493
859fd06f
00812703
00c75783
0407e793
00f71623
9f9fd06f
02012623
02012423
f09ff06f
00050793
1a41a503
00060693
00058613
00078593
e70fd06f
00c59783
00e5d703
0645a303
ffd7f793
01079793
01c5a883
0245a803
01071713
0107d793
b8010113
00e7e7b3
46812c23
40000713
00f12a23
00058413
07010793
00810593
46912a23
47212823
46112e23
00050913
06612623
03112223
03012623
00f12423
00f12c23
00e12823
00e12e23
02012023
df8fd0ef
00050493
02055c63
01415783
0407f793
00078863
00c45783
0407e793
00f41623
47c12083
47812403
47012903
00048513
47412483
48010113
00008067
00810593
00090513
39c000ef
fc0500e3
fff00493
fb9ff06f
1a41a783
ff010113
00812423
00912223
00112623
00050493
00058413
00078663
0387a703
08070063
00c41783
0087f713
08070463
01042703
0a070063
0017f693
02068863
01442683
00042423
00000513
40d006b3
00d42c23
02070a63
00c12083
00812403
00412483
01010113
00008067
0027f693
00000613
00069463
01442603
00c42423
00000513
fc071ae3
0807f713
fc0706e3
0407e793
00f41623
fff00513
fbdff06f
00078513
714000ef
00c41783
0087f713
f80710e3
0107f713
06070a63
0047f713
02071c63
01042703
0087e793
00f41623
f60714e3
2807f693
20000613
f4c68ee3
00040593
00048513
239030ef
00c41783
01042703
f45ff06f
03042583
00058e63
04040713
00e58863
00048513
029000ef
00c41783
02042823
01042703
fdb7f793
00042223
00e42023
fa1ff06f
00900713
00e4a023
0407e793
f5dff06f
00c59783
fe010113
00812c23
01312623
00112e23
00912a23
01212823
0087f713
00058413
00050993
12071263
00001737
80070713
0045a683
00e7e733
00e59623
18d05863
02842803
0e080263
00c7d793
0009a483
0017f793
0009a023
01c42583
18079063
00000613
00100693
00098513
000800e7
fff00793
00050613
1af50063
00c41703
02842803
01c42583
00477713
00070e63
00442703
03042783
40e60633
00078663
03c42783
40f60633
00000693
00098513
000800e7
fff00793
12f51663
0009a683
01d00793
0cd7ee63
dfc00737
ffe70713
40d75733
00177713
00c41783
0c071463
01042603
fffff737
7ff70713
00e7f733
00c7d793
00e41623
00042223
00c42023
0017f793
12079c63
03042583
0099a023
00058c63
04040793
00f58663
00098513
6d4000ef
02042823
00000513
01c12083
01812403
01412483
01012903
00c12983
02010113
00008067
0105a903
fc090ee3
0005a483
0037f793
0125a023
412484b3
00000713
00079463
0145a703
00e42423
00904863
fb5ff06f
00a90933
fa9056e3
02442783
01c42583
00048693
00090613
00098513
000780e7
40a484b3
fca04ee3
00c41783
0407e793
01c12083
00f41623
01812403
01412483
01012903
00c12983
fff00513
02010113
00008067
03c5a683
e6d048e3
00000513
f55ff06f
05042603
ea9ff06f
00c41783
01042683
fffff737
7ff70713
00e7f733
00c7d793
00e41623
00042223
00d42023
0017f793
ee078ee3
04a42823
ef5ff06f
0009a783
e60780e3
01d00713
00e78663
01600713
f6e79ae3
0099a023
00000513
ef5ff06f
ec0696e3
04a42823
ec5ff06f
fe010113
00812c23
00112e23
00050413
00050663
03852783
02078063
00c59783
02079663
01c12083
01812403
00000513
02010113
00008067
00b12623
3f4000ef
00c12583
00c59783
fc078ee3
00040513
01812403
01c12083
02010113
d59ff06f
06050663
fe010113
00812c23
00050413
1a41a503
00112e23
00050663
03852783
02078a63
00c41783
00079c63
01c12083
01812403
00000513
02010113
00008067
00040593
01812403
01c12083
02010113
d05ff06f
00a12623
378000ef
00c41783
00c12503
fc0784e3
fd9ff06f
000167b7
f707a503
000095b7
a7c58593
07d0006f
00000513
00008067
000125b7
e5458593
0690006f
00000513
00008067
fe010113
000097b7
00112e23
00812c23
00912a23
01212823
01312623
01412423
01512223
01612023
00452403
b6478793
02f52e23
2ec50713
00300793
2ee52423
2ef52223
2e052023
00400793
00050913
00f42623
00800613
00000593
00042023
00042223
00042423
06042223
00042823
00042a23
00042c23
05c40513
ac9f70ef
0000eb37
00892483
0000eab7
0000ea37
0000e9b7
af4b0b13
b58a8a93
be0a0a13
c5898993
000107b7
03642023
03542223
03442423
03342623
00842e23
00978793
00f4a623
00800613
00000593
0004a023
0004a223
0004a423
0604a223
0004a823
0004aa23
0004ac23
05c48513
a59f70ef
00c92403
000207b7
0364a023
0354a223
0344a423
0334a623
0094ae23
01278793
00f42623
00042023
00042223
00042423
06042223
00042823
00042a23
00042c23
05c40513
00800613
00000593
a09f70ef
01c12083
03642023
03542223
03442423
03342623
00842e23
01812403
00100793
02f92c23
01412483
01012903
00c12983
00812a03
00412a83
00012b03
02010113
00008067
ff010113
00912223
06800793
fff58493
02f484b3
01212023
00058913
00812423
00112623
07448593
e34fc0ef
00050413
02050063
00c50513
00042023
01242223
00a42423
06848613
00000593
975f70ef
00c12083
00040513
00812403
00412483
00012903
01010113
00008067
fe010113
000167b7
01212823
f707a903
01312623
00112e23
03892783
00812c23
00912a23
00050993
0a078663
2e090913
fff00493
00492783
00892403
fff78793
0007d863
0800006f
06840413
06978c63
00c41703
fff78793
fe0718e3
ffff07b7
00178793
00f42623
06042223
00042023
00042423
00042223
00042823
00042a23
00042c23
00800613
00000593
05c40513
8c5f70ef
02042823
02042a23
04042223
04042423
01c12083
00040513
01812403
01412483
01012903
00c12983
02010113
00008067
00092403
00040c63
00040913
f65ff06f
00090513
d39ff0ef
f51ff06f
1ac00593
00098513
d08fc0ef
00050413
02050863
00c50513
00400793
00042023
00f42223
00a42423
1a000613
00000593
845f70ef
00892023
00040913
f19ff06f
00092023
00c00793
00f9a023
f79ff06f
000167b7
f707a503
000125b7
e5458593
52c0006f
03852783
00078463
00008067
cc1ff06f
00008067
00008067
00008067
00008067
1a41a503
000095b7
b5c58593
4580006f
1a41a503
000095b7
b7058593
4480006f
fe010113
01312623
200009b7
00812c23
00912a23
01212823
01412423
00112e23
00058a13
00050913
00098993
bd5fc0ef
0089a703
000017b7
fef78413
00472483
ffc4f493
00848433
41440433
00c45413
fff40413
00c41413
00f44e63
00000593
00090513
c31fc0ef
0089a783
009787b3
02f50863
00090513
b8dfc0ef
01c12083
01812403
01412483
01012903
00c12983
00812a03
00000513
02010113
00008067
408005b3
00090513
bedfc0ef
fff00793
04f50a63
200037b7
18078793
0007a703
0089a683
408484b3
0014e493
40870733
00090513
0096a223
00e7a023
b29fc0ef
01c12083
01812403
01412483
01012903
00c12983
00812a03
00100513
02010113
00008067
00000593
00090513
b89fc0ef
0089a703
00f00693
40e507b3
f4f6dce3
19c1a683
0017e793
00f72223
40d50533
200036b7
18a6a023
f3dff06f
18058263
ff010113
00812423
00912223
00058413
00050493
00112623
aa9fc0ef
ffc42503
ff840713
200005b7
ffe57793
00f70633
00058593
00462683
0085a803
ffc6f693
1ac80263
00d62223
00157513
00d60833
0a051063
ff842303
00482803
20000537
40670733
00872883
00850513
006787b3
00187813
14a88263
00c72303
0068a623
01132423
1a080863
0017e693
00d72223
00f62023
1ff00693
06f6ec63
ff87f693
00868693
0045a503
00d586b3
0006a603
0057d813
00100793
010797b3
00a7e7b3
ff868513
00a72623
00c72423
00f5a223
00e6a023
00e62623
00812403
00c12083
00048513
00412483
01010113
9d9fc06f
00482503
00157513
08050663
0017e693
fed42e23
00f62023
1ff00693
f8f6f8e3
0097d693
00400613
12d66263
0067d693
03968513
03868613
00351513
00a58533
00052683
ff850513
00d51863
1580006f
0086a683
00d50863
0046a603
ffc67613
fec7e8e3
00c6a503
00a72623
00d72423
00812403
00e52423
00c12083
00048513
00412483
00e6a623
01010113
949fc06f
00008067
20000537
00d787b3
00850513
00862683
0ca68e63
00c62803
0017e513
00f70633
0106a623
00d82423
00a72223
00f62023
ee1ff06f
12081e63
00862583
00c62603
00f686b3
0016e793
00c5a623
00b62423
00f72223
00d70733
00d72023
ef9ff06f
00157513
00d786b3
02051063
ff842503
40a70733
00c72783
00872603
00a686b3
00f62623
00c7a423
0016e613
1a01a783
00c72223
00e5a423
eaf6eee3
200037b7
1e07a583
00048513
c95ff0ef
ea9ff06f
00d787b3
f59ff06f
01400613
02d67063
05400613
06d66463
00c7d693
06f68513
06e68613
00351513
ed1ff06f
05c68513
05b68613
00351513
ec1ff06f
00e5aa23
00e5a823
0017e693
00a72623
00a72423
00d72223
00f70733
00f72023
e49ff06f
0045a803
40265613
00100793
00c797b3
0107e7b3
00f5a223
eadff06f
15400613
00d66c63
00f7d693
07868513
07768613
00351513
e65ff06f
55400613
00d66c63
0127d693
07d68513
07c68613
00351513
e49ff06f
3f800513
07e00613
e3dff06f
0017e693
00d72223
00f62023
dd9ff06f
fe010113
01212823
01312623
01412423
01512223
01612023
00112e23
00812c23
00912a23
00058b13
2e050a93
00000a13
00100993
fff00913
004aa483
008aa403
fff48493
0204c663
00c45783
fff48493
00f9fc63
00e41783
00040513
01278663
000b00e7
00aa6a33
06840413
fd249ee3
000aaa83
fc0a92e3
01c12083
01812403
01412483
01012903
00c12983
00412a83
00012b03
000a0513
00812a03
02010113
00008067
fd010113
03212023
01312e23
01412c23
01512a23
01612823
01712623
02112623
02812423
02912223
00050a93
00058b93
2e050b13
00000a13
00100993
fff00913
004b2483
008b2403
fff48493
0204c863
00c45783
fff48493
00f9fe63
00e41783
00040593
000a8513
01278663
000b80e7
00aa6a33
06840413
fd249ce3
000b2b03
fc0b10e3
02c12083
02812403
02412483
02012903
01c12983
01412a83
01012b03
00c12b83
000a0513
01812a03
03010113
00008067
00450693
00000713
01a50513
ffff8837
0006d783
0017f613
00060463
00176713
00277613
0017d793
00171713
0107e5b3
00060663
01059793
0107d793
00f69023
01071713
00268693
01075713
fcd512e3
00008067
01850693
00000713
00250513
0006d783
01079613
41065613
00179793
00065463
00176713
00277613
01079793
00171713
0107d793
00060463
0017e793
00f69023
01071713
ffe68693
01075713
fcd510e3
00008067
fe010113
00010e37
00011d23
00011e23
01858593
01c10793
00810813
fffe0e13
0005d703
ffe78793
ffe58593
02070a63
02a70733
0027d883
0007d303
01c776b3
011686b3
01075713
0106d893
00670733
01170733
00e79023
00d79123
01075713
fee79f23
fb079ee3
00460613
01e10693
0007d703
00278793
00260613
fee61f23
fed798e3
02010113
00008067
00055703
00255783
00070663
00008737
00e7e7b3
00f59923
00255703
000087b7
fff78793
02f70463
00650793
01058593
01850513
0007d703
00278793
ffe58593
00e59123
fea798e3
00008067
00650793
01a50513
0007d703
00278793
02071a63
fef51ae3
01258713
00058793
00278793
fe079f23
fee79ce3
0125d783
00008737
fff70713
00e7e7b3
00f59923
00008067
01058713
00058793
00278793
fe079f23
fee79ce3
ffffc7b7
00f59823
ffff87b7
fff7c793
00f59923
00008067
00455783
ff010113
00912223
00112623
00812423
01212023
00050493
0c079a63
00655783
00000413
01079713
41075713
0a074263
01850693
0a000613
02079663
00448793
0027d703
00278793
fee79f23
fed79ae3
00049c23
01040413
06c40c63
0064d783
fc078ee3
0ff00713
04f76063
01848813
00248593
0ff00513
00000793
00080713
00075683
ffe70713
00869613
00c7e7b3
00f71123
0086d793
feb714e3
0064d783
00840413
fcf57ae3
0a000913
0140006f
00140413
dadff0ef
00894c63
0064d783
01079793
4107d793
00048513
fe07d2e3
00c12083
00040513
00812403
00412483
00012903
01010113
00008067
0ff00713
00000413
04f76063
f6f00913
0140006f
fff40413
d09ff0ef
fd2404e3
0044d783
00048513
fe0796e3
00c12083
00040513
00812403
00412483
00012903
01010113
00008067
00450713
01a50593
00000793
00075683
00270713
0086d613
00c7e7b3
00869693
fef71f23
01069793
0107d793
feb710e3
0044d783
ff800413
f8dff06f
fe010113
00812c23
00912a23
00112e23
01212823
01312623
00058493
00050413
0a05c463
00f00793
00058613
00450513
01840693
00f00593
0297d463
00050793
0027d703
00278793
fee79f23
fef69ae3
00041c23
ff060613
fec5c2e3
00f4f493
00700793
0297d863
01840713
00240593
00000793
00075683
ffe70713
00869613
00c7e7b3
00f71123
0086d793
feb714e3
ff848493
00048a63
fff48493
00040513
c51ff0ef
fe049ae3
01c12083
01812403
01412483
01012903
00c12983
00000513
02010113
00008067
ff100793
40b00933
00000993
01850593
00450693
00f00613
0cf4d863
01845703
00058793
00e9e9b3
ffe7d703
ffe78793
00e79123
fed79ae3
00041223
ff090913
fd264ee3
ff000913
ff100713
40990933
00000793
08e4c463
00f90933
00700793
0327de63
01844783
01a40593
00f9e9b3
00000793
0006d703
00268693
00875613
00c7e7b3
00871713
fef69f23
01071793
0107d793
feb690e3
ff890913
02090063
01845783
fff90913
00040513
0017f793
00f9e9b3
b21ff0ef
fe0914e3
01c12083
01812403
01412483
01012903
01303533
00c12983
02010113
00008067
ff097793
40f007b3
f75ff06f
ff900793
f6f4cce3
fb1ff06f
01255783
000086b7
fff68693
00f7d793
40f007b3
00f59023
01255703
01050793
00d77733
00e59123
02d70663
00658713
00059223
ffe50513
0007d683
ffe78793
00270713
fed71f23
fea798e3
00059c23
00008067
01255683
00e6f6b3
00e69e63
01250613
00050713
00075683
00270713
02069063
fec71ae3
00458793
01a58593
00278793
fe079f23
feb79ce3
00008067
00658713
00059223
ffc50513
0007d683
ffe78793
00270713
fed71f23
fef518e3
00008067
01255783
fb010113
04812423
fff7c793
04112623
01179713
00058413
00071e63
01250693
00050793
0007d703
00278793
08071c63
fed79ae3
01245783
fff7c793
01179713
06070063
00810593
f01ff0ef
02410593
00040513
ef5ff0ef
00815583
02415503
06b50c63
00a10793
02610713
02010613
0007d683
00278793
0a069863
00075683
00270713
0a069263
fef614e3
00000513
04c12083
04812403
05010113
00008067
00040793
0007d703
01240693
00278793
00071a63
f8d788e3
0007d703
00278793
fe070ae3
04c12083
04812403
ffe00513
05010113
00008067
00815603
02415683
00a03533
02410713
00810793
40a00533
00156513
02010593
00278793
00270713
00d61e63
f8b784e3
0007d603
00075683
00278793
00270713
fed606e3
f6c6eae3
40a00533
f6dff06f
00059c63
04c12083
04812403
00100513
05010113
00008067
fff00513
f4dff06f
fe010113
00812c23
00912a23
01212823
01312623
01412423
01512223
00068913
00078413
00112e23
00050493
00058993
00060a13
00070a93
a99ff0ef
09000793
40a90933
16a7da63
000087b7
ffe78793
2b27da63
200a8c63
00442a83
00042783
26fa8a63
01a40713
03440793
00270713
fe071f23
fee79ce3
03800793
36fa8863
1957dc63
04000793
28fa8a63
07100793
38fa9c63
400087b7
00a00693
ffff8737
fff78793
00d42423
00f42a23
00e41c23
00d42623
02e41723
01542023
21205263
0144d683
01448613
00b00793
01169693
0116d693
00179793
00f487b3
01a48593
0007d703
00070463
0016e693
00079023
00278793
feb796e3
00065703
01445583
fff5c593
00b77733
00e61023
01645783
00d7f733
06070063
02d79263
2c099463
00c42783
01845703
00179793
00f487b3
0007d783
00e7f7b3
02078e63
03240793
01848613
00248593
00000513
0007d703
00065683
ffe60613
ffe78793
00d70733
00a70733
01075513
00e61123
00157513
fcc59ee3
23205863
0044d783
20079463
000087b7
00049c23
ffe78793
0f27c263
01249123
01c12083
01812403
01412483
01012903
00c12983
00812a03
00412a83
02010113
00008067
04094063
fc0a82e3
00442a83
00042783
e8fa9ee3
2d204063
09000713
2ce79063
00842603
01445583
09000a93
00161613
00c48633
00065703
00b776b3
f0dff06f
f7000793
16f95063
00248793
01a48493
00278793
fe079f23
fef49ce3
f81ff06f
01800793
06fa8c63
03500793
20fa9263
000017b7
04000737
00600693
80078793
7ff70713
00d42423
00e42a23
00f41c23
00d42623
02f41323
01542023
07205663
00c4d683
00c48613
00700793
7ff6f693
e6dff06f
00049c23
ffff87b7
fff7c793
00f49123
00448793
01848493
00079023
00278793
fef49ce3
f05ff06f
008007b7
00400693
10000713
0ff78793
00d42423
00f42a23
00e41c23
00d42623
02e41123
01542023
1b204a63
0184d783
00048513
0017f793
00f9e9b3
e10ff0ef
00842783
01445583
08f00513
00179613
00c48633
00065703
00b776b3
e15548e3
00178793
00c00513
dcf55ce3
e01ff06f
00248793
01a48493
00278793
fe079f23
fef49ce3
e7dff06f
00700793
00f42423
800107b7
fff78793
00100713
00f42a23
00600793
00e41c23
00f42623
02e41323
01542023
f7205ce3
00e4d683
00e48613
00800793
d7dff06f
00090593
00048513
8e1ff0ef
0e050a63
100a8a63
00442a83
00042783
00100993
cefa94e3
e51ff06f
00048513
d58ff0ef
000087b7
00190913
00049c23
ffe78793
ed27cae3
df1ff06f
09000793
02fa8263
00048513
d84ff0ef
0044d783
00079e63
00049c23
dc0958e3
00049123
dcdff06f
0044d783
fe0786e3
00048513
d08ff0ef
00190913
fddff06f
d40a0ce3
d8dff06f
008007b7
00600693
10000713
0ff78793
00d42423
00f42a23
00e41c23
00d42623
02e41323
01542023
eb2056e3
00c4c683
00c48613
00700793
cb1ff06f
00c00793
00f42423
800107b7
fff78793
00100713
00f42a23
00b00793
00f42623
00e41c23
02e41823
01542023
000a8793
d75ff06f
020a8263
00442a83
00042783
befa9ee3
d65ff06f
0084c683
00848613
00500793
c59ff06f
00049c23
00049123
d0dff06f
00078a93
e45ff06f
00078a93
e29ff06f
fd010113
03212023
01312e23
00058913
00255983
02112623
02812423
02912223
01412c23
00060493
01712623
01512a23
01612823
01812423
01912223
01a12023
00050b93
df0ff0ef
00295403
00050793
00090513
40f989b3
03448a13
dd8ff0ef
40a40433
04e48713
000a0793
00278793
fe079f23
fee79ce3
09344863
004b8b13
00490a93
01ab8c13
00290d13
000a8713
000b0793
0007d603
00075683
00278793
00270713
0ad61a63
fefc16e3
018b8613
01890713
00000693
00075783
00065583
ffe70713
ffe60613
40b787b3
40d787b3
0107d693
00f71123
0016f693
fda71ee3
00100c93
000a0513
bb0ff0ef
04c4d783
fff40413
00090513
00fce7b3
04f49623
b98ff0ef
f93454e3
00040693
02812403
02c12083
01c12983
01812a03
01412a83
01012b03
00c12b83
00812c03
00412c83
00012d03
00048793
00090513
02412483
02012903
00000713
00000613
00000593
03010113
a11ff06f
00000c93
f8c6e4e3
f4dff06f
fd010113
02812423
02112623
00058413
00410793
01e10713
00278793
fe079f23
fee79ce3
00e55603
000087b7
fff78793
00f65713
40e00733
00e11223
00f67633
06f60063
00e50793
00c11323
00a10713
ffe7d683
ffe78793
00270713
fed71f23
fef518e3
02061263
00011423
00040593
00410513
ba0ff0ef
02c12083
02812403
03010113
00008067
00100793
fff00593
00410513
00f11423
dacff0ef
fd1ff06f
00050793
00e50693
0007d703
00278793
06071c63
fed79ae3
01440713
00040793
00278793
fe079f23
fee79ce3
01240713
00040793
00278793
fe079f23
fee79ce3
01245783
000086b7
fff68693
00d7e7b3
01079793
0107d793
00f41923
00e51683
f606dce3
00040693
0006d603
00268693
f60614e3
fee69ae3
ffff8737
00e7c7b3
00f41923
f55ff06f
01040713
00040793
00278793
fe079f23
fee79ce3
ffffc7b7
00f41823
ffff87b7
fff7c793
00f41923
f29ff06f
01255783
f5010113
0a812423
fff7c793
0a912223
0b212023
09312e23
0a112623
09412c23
09512a23
09612823
09712623
09812423
09912223
09a12023
07b12e23
01179713
00050493
00058993
00060413
00068913
00071e63
01250693
00050793
0007d703
00278793
0e071e63
fed79ae3
0129d783
fff7c793
01179713
00071e63
01298693
00098793
0007d703
00278793
0e071863
fed79ae3
00015a37
760a0593
00048513
ebcff0ef
18050a63
0124d603
000087b7
fff78793
00f67533
0ef51063
01248693
00048793
0007d703
00278793
0c071663
fed79ae3
0129d703
fff74793
01179693
14069263
01298693
00098793
0007d583
00278793
48059863
fed79ae3
01040713
00040793
00278793
fe079f23
fee79ce3
ffffc7b7
00f41823
ffff87b7
fff7c793
00f41923
0ac12083
0a812403
0a412483
0a012903
09c12983
09812a03
09412a83
09012b03
08c12b83
08812c03
08412c83
08012d03
07c12d83
0b010113
00008067
01448713
0004d783
00248493
00240413
fef41f23
fee498e3
fadff06f
01440713
0009d783
00240413
00298993
fef41f23
fee418e3
f91ff06f
0129d703
fff74793
01179693
0a069463
00000813
01298693
00098793
0007d583
00278793
06059263
fed79ae3
000087b7
fff78793
0cf50863
00f65613
0009d783
00298993
38079c63
fed99ae3
00f75793
00c7c7b3
00f79793
00f41923
01240713
00040793
00278793
fe079f23
fee79ce3
01245783
00008737
fff70713
00e7e7b3
00f41923
f09ff06f
02080663
01440793
00240413
fe041f23
fef41ce3
ef1ff06f
760a0593
00098513
d1cff0ef
e60512e3
eb5ff06f
01c10593
00048513
c54ff0ef
03810593
00098513
c48ff0ef
03a15b03
01e15c03
040b1463
03a10793
05010c93
0007d703
00278793
2c071663
fefc9ae3
01440793
00240413
fe041f23
fef41ce3
e8dff06f
01248593
0004d783
00248493
2c079a63
feb49ae3
f21ff06f
01612223
040c1663
01e10793
03410693
0007d703
00278793
28071a63
fed79ae3
01c15683
03815603
01240713
00040793
40c686b3
00d036b3
00f69693
00d41923
00278793
fe079f23
fee79ce3
f09ff06f
01812423
03490793
00f12623
03812783
03890493
04e90993
02f92a23
00048793
00278793
fe079f23
ff379ce3
03810513
e55fe0ef
02215b83
00010a37
03a10d13
010b9a93
417a8ab3
05010c93
fffa0a13
06e10d93
05610c13
03c15783
03e15703
000a0b13
01079793
00e787b3
00fae863
0377d7b3
01079b13
010b5b13
05410613
01c10593
000b0513
ea5fe0ef
03c10713
05810793
0007d603
00075683
00278793
00270713
0ed61863
ffb796e3
00000693
06c10613
000c8793
0007d703
00065583
ffe78793
ffe60613
40b70733
40d70733
01075693
00e79123
0016f693
fda79ee3
01649023
03c10793
0027d703
00278793
fee79f23
ff979ae3
04011823
00248493
f4999ce3
00000713
03c10793
05210693
0007d603
00278793
00c76733
fed79ae3
00c12483
00e035b3
03810793
0004d703
00278793
00248493
fee79f23
fef698e3
00412783
00812703
000046b7
fff68693
40e78b33
03810513
00090793
04000713
00db06b3
00000613
c3cff0ef
03815703
01c15783
00040593
03810513
40e787b3
00f037b3
40f007b3
02f11c23
e2dfe0ef
c91ff06f
f0c6fce3
fffb0793
01079313
01035313
00000693
03410613
06c10713
00075783
00065583
ffe70713
ffe60613
40b787b3
40d787b3
0107d693
00f71123
0016f693
fd871ee3
03c10713
05810793
0007d603
00075683
00278793
00270713
00d61863
ffb796e3
00030b13
eb1ff06f
fec6fce3
ffeb0513
01051b13
010b5b13
00000693
03410613
06c10713
00075783
00065583
ffe70713
ffe60613
40b787b3
40d787b3
0107d693
00f71123
0016f693
fd871ee3
e69ff06f
03810513
e29fe0ef
40a007b3
00f12223
d5dff06f
01c10513
e15fe0ef
40a007b3
00f12423
d99ff06f
00000793
c71ff06f
00000613
c55ff06f
00100813
c29ff06f
01255803
00008737
f7010113
fff70713
08812423
08912223
09212023
07512a23
00050493
08112623
07312e23
07412c23
07612823
07712623
07812423
07912223
07a12023
00e87533
00058913
00060413
00068a93
16e51e63
01248993
00048713
00075603
00270713
1e061c63
ff371ae3
01295603
fff64793
01179713
16070063
00048793
0007d703
00278793
28071063
ff379ae3
000155b7
76058593
00090513
930ff0ef
28050063
01295603
00008737
fff70713
00e676b3
01290793
40e69263
00090713
00075683
00270713
1e069c63
fef71ae3
000155b7
76058593
00048513
8f0ff0ef
24050063
0124d803
01295603
000087b7
fff78793
00f87733
00f676b3
1cf70c63
00068593
00070693
000087b7
fff78793
0ef59c63
01290793
00090713
00075583
00270713
0e059263
fee79ae3
00008737
fff70713
01248993
20e69a63
0004d783
00248493
20079c63
fe999ae3
00f85813
000087b7
fff78793
18f68c63
00f65793
0107c7b3
00f79793
00f41923
01240713
00040793
00278793
fe079f23
fee79ce3
01245783
00008737
fff70713
00e7e7b3
00f41923
08c12083
08812403
08412483
08012903
07c12983
07812a03
07412a83
07012b03
06c12b83
06812c03
06412c83
06012d03
09010113
00008067
0125d603
00e677b3
02e79a63
01290793
00090713
00075683
00270713
08069863
fef71ae3
00008737
fff70713
01248993
e8e500e3
00e676b3
eae68ce3
00048513
00c10593
f09fe0ef
00090513
02810593
efdfe0ef
00e15903
02a15483
06090663
14049463
02a10793
04010693
0007d703
00278793
26071463
fed79ae3
01440793
00240413
fe041f23
fe879ce3
f3dff06f
01440713
0004d783
00240413
00248493
fef41f23
fee418e3
f21ff06f
01490713
00095783
00290913
00240413
fef41f23
ff2718e3
f05ff06f
00e10793
02410693
0007d703
00278793
1e071a63
fef69ae3
01440793
00240413
fe041f23
fef41ce3
ed9ff06f
0124d803
00008737
fff70713
00e876b3
e4e694e3
01248993
00048793
0007d703
00278793
08071063
fef99ae3
e51ff06f
01290793
00095703
00290913
04071c63
ff279ae3
e59ff06f
00008737
fff70713
00e676b3
01290793
dae682e3
fbdff06f
01040713
00040793
00278793
fe079f23
fee79ce3
ffffc7b7
00f41823
ffff87b7
fff7c793
00f41923
e4dff06f
00f85813
fa5ff06f
00000793
e09ff06f
00000813
df1ff06f
00068593
000086b7
fff68693
d99ff06f
00048993
02815783
01049493
038a8a13
0097e7b3
02faaa23
034a8493
000a0793
04ea8713
00079023
00278793
fee79ce3
04ca8c93
00000c13
02410b13
01010d13
04610b93
000b5503
ffeb0b13
08051a63
04cad783
000c8713
00fc6c33
ffe75603
ffe70713
00c71123
feea1ae3
020a9c23
fdab1ae3
02810793
04210693
0004d703
00278793
00248493
fee79f23
fef698e3
ffffc6b7
01390933
00268693
000c0593
02810513
000a8793
04000713
00d906b3
00000613
ef1fe0ef
02815703
00c15783
00040593
02810513
40e787b3
00f037b3
40f007b3
02f11423
8e1fe0ef
d45ff06f
04410613
02810593
845fe0ef
000c8513
00000593
05c10613
00055783
00065703
ffe50513
ffe60613
00f70733
00b70733
01075593
00e51123
0015f593
fd761ee3
f31ff06f
00c10513
94dfe0ef
40a00933
d89ff06f
02810513
93dfe0ef
40a009b3
02a15483
ec1ff06f
0124d803
00e877b3
e0e78ae3
d41ff06f
00c5a883
e0010113
0005ae83
0045ae03
0085a303
05112623
04052583
fff00893
17112823
09000893
1e812c23
1f412423
1e112e23
1e912a23
1f212823
1f312623
1f512223
1f612023
1d712e23
1d812c23
1d912a23
1da12823
1db12623
00a12023
05d12023
05c12223
04612423
17112a23
00d12423
00e12623
01012823
00060a13
00078413
02058263
04452703
00100793
00050493
00e797b3
00e5a223
00f5a423
05d010ef
0404a023
07010593
04010513
b9cff0ef
08215603
00008737
fff70713
00e677b3
00f12a23
46e78c63
00f65613
00c42023
00300793
14fa06e3
01400793
00f12223
140a1ce3
07010793
08410613
08c10713
0007a683
00478793
00470713
fed72e23
fef618e3
09e15d03
00000913
010d1793
4107d793
0007dc63
011d1d13
011d5d13
000107b7
09a11f23
fff78913
00015bb7
74cb8713
0a810993
01470a93
00098613
74cb8693
0006a783
00468693
00460613
fef62e23
ff5698e3
6a0d1e63
08c10793
09e10593
00078693
0006d783
6a079e63
00268693
fed59ae3
00000413
13410d93
17010b13
0e010c13
0f810493
000c0593
0a810513
ab5fe0ef
000c0a93
000c0713
00072783
00470713
00498993
fef9ae23
fee498e3
000c0593
08c10513
0c011023
a89fe0ef
0a410d13
08c10793
000aa703
00478793
004a8a93
fee7ae23
ffa798e3
0a810513
000b0613
08c10593
0a011223
8f4ff0ef
1bc15503
00015ab7
16051863
08e10c93
0c610b93
760a8593
08c10513
aedfe0ef
14050c63
00000713
0a410693
0006d783
01079613
41065613
00065463
00176713
00179793
01079793
00277613
0107d793
00060463
0017e793
00171713
00f69023
01071713
ffe68693
01075713
fd9690e3
0c410713
08c10793
0007a683
00478793
00470713
fed72e23
ffa798e3
0c011e23
00000713
0dc10693
0006d783
01079613
41065613
00065463
00176713
00179793
01079793
00277613
0107d793
00060463
0017e793
00171713
00f69023
01071713
ffe68693
01075713
fd7690e3
00000713
0dc10693
0006d783
01079613
41065613
00065463
00176713
00179793
01079793
00277613
0107d793
00060463
0017e793
00171713
00f69023
01071713
ffe68693
01075713
fd7690e3
00000613
0a410693
0dc10713
0006d583
00075783
ffe68693
ffe70713
00b787b3
00c787b3
0107d613
00f69123
00167613
fd771ee3
0a810513
000b0613
08c10593
f89fe0ef
1bc15503
fff40413
ea0500e3
00193793
40f007b3
ff37f793
02d78793
12f10a23
00300713
00412783
00ea1463
008787b3
02a00713
00078493
00f75463
02a00493
00a00713
64e50863
03050513
02e00713
12a10aa3
12e10b23
2407c463
13710993
00000c13
0c410c93
0dc10d13
08e10b93
0c610a93
00000713
0a410693
0006d783
01079613
41065613
00065463
00176713
00179793
01079793
00277613
0107d793
00060463
0017e793
00171713
00f69023
01071713
ffe68693
01075713
fd7690e3
000c8793
08c10713
00072683
00478793
00470713
fed7ae23
fefd18e3
0c011e23
00000713
000d0693
0006d783
01079613
41065613
00065463
00176713
00179793
01079793
00277613
0107d793
00060463
0017e793
00171713
00f69023
01071713
ffe68693
01075713
fd5690e3
00000713
000d0693
0006d783
01079613
41065613
00065463
00176713
00179793
01079793
00277613
0107d793
00060463
0017e793
00171713
00f69023
01071713
ffe68693
01075713
fd5690e3
00000613
0a410693
000d0713
0006d583
00075783
ffe68693
ffe70713
00b787b3
00c787b3
0107d613
00f69123
00167613
fd571ee3
08c10593
000b0613
0a810513
dcdfe0ef
1bc15583
00198793
001c0c13
03058713
fee78fa3
0d84ce63
00078993
e9dff06f
07010713
08210793
00075683
00270713
000692e3
fef71ae3
00f65613
00c42023
00300793
7cfa0863
01400793
00f12223
000a0e63
00812783
fff78793
00078713
00f12223
02a00793
7ae7ce63
07015703
07010793
08210693
00278793
00071a63
b4d784e3
0007d703
00278793
fe070ae3
13410d93
000155b7
51858593
000d8513
760020ef
00002437
70f40413
09000793
16f12a23
18812023
07010793
08210693
0007d703
00278793
160710e3
fed79ae3
00c12703
000027b7
70f78793
00f72023
0e00006f
1bc15583
13610993
13710793
00400713
04b75863
00500713
16e58ae3
ffe7c703
ffe78593
07f77713
0204c663
02e00793
03800613
03000513
0ef708e3
0ee670e3
fff5c703
00a58023
fff58593
07f77713
fe9ff06f
03100713
fee78f23
00140413
000155b7
00040613
4c058593
00098513
6ac020ef
09000793
01412703
16f12a23
000087b7
18812023
fff78793
f4f704e3
00c12683
13414703
00140793
00f6a023
6a070463
000d8793
02e00693
30d70e63
0017c703
00178793
fe071ae3
04500693
00fde663
0140006f
69b78063
fff7c703
fff78793
fed71ae3
00078023
000d8793
02000693
02d00613
0007c703
00d70463
00c71663
00178793
ff1ff06f
000d8693
0007c703
00068993
00178793
00e68023
00168693
fe0716e3
00200793
fff9c683
28fa0863
00412783
00040713
00f45463
00078713
03000793
02f69663
41b987b3
02f75263
03000693
00c0006f
41b987b3
00f75a63
ffe9c783
fe098fa3
fff98993
fed786e3
00300793
20fa0063
00812783
01700693
00100713
00978493
00400793
2296f063
00179793
01478693
00070593
00170713
fed4f8e3
00012783
04b7a223
00012503
0ac010ef
00050413
20050ae3
00012783
000d8593
04a7a023
ec4fa0ef
01012703
00070863
41b987b3
00f407b3
00f72023
1fc12083
00040513
1f812403
1f412483
1f012903
1ec12983
1e812a03
1e412a83
1e012b03
1dc12b83
1d812c03
1d412c83
1d012d03
1cc12d83
20010113
00008067
000086b7
fff68693
6cdd0a63
09c11683
7406d863
08c10593
74cb8513
00e12c23
cc8fe0ef
940500e3
01812703
20054c63
7c0d1063
09c11683
00000413
17010b13
1006cce3
00015d37
00070493
08c10613
000b0693
00060593
738d0513
abcff0ef
09c11783
fff40413
fe07d2e3
00048713
0e010c13
0f810493
08c10793
000c0613
0a010513
00078693
0006a783
00468693
00460613
fef62e23
fea698e3
0a810693
00072783
00470713
00468693
fef6ae23
ff5718e3
00015d37
00015cb7
00015db7
fffffab7
648d0d13
544c8c93
634d8d93
00c0006f
014c8c93
014d0d13
000c0593
74cb8513
c04fe0ef
04a05863
000c0593
000c8513
bf4fe0ef
02054863
000b0693
000c0613
000c0593
000d0513
a0cff0ef
0a810613
000b0693
00060593
000d0513
9f8ff0ef
01540433
01fad793
015787b3
4017da93
fbbc90e3
0a810613
000b0693
74cb8593
00060513
c41fe0ef
13410d93
829ff06f
00412783
00f40433
54044a63
00c12783
00812703
0007a783
00f707b3
00f12423
00812783
01700693
00100713
00378493
00400793
de96e4e3
00012783
00000593
0407a223
df5ff06f
03000793
daf69ce3
41b987b3
00100713
d8f742e3
da9ff06f
0007c703
ce0708e3
0017c703
00178793
fee78fa3
ce0700e3
0017c703
00178793
fee78fa3
fe0712e3
ccdff06f
03100713
12e10aa3
02e00713
12e10b23
00140413
30f05c63
03000793
12f10ba3
fff48493
13810993
9a5ff06f
00812703
02a00793
00e12223
eae7dc63
00f12223
eb0ff06f
00812783
fff78793
00078713
00f12223
02a00793
e8e7dc63
00f12223
e90ff06f
0c410c93
000c8493
0a010813
000c8593
08c10613
00062783
00460613
00458593
fef5ae23
ff0618e3
00004637
08e60613
0cc11b23
00015637
6e860393
0a810693
00015637
01268313
74c60693
00008637
02d12023
fff60693
ffffc637
00d12c23
00260693
00015637
0e010c13
01000793
0bc10893
00d12e23
52060693
03a12423
03212623
02912823
03312c23
000c0913
00000413
000a0c13
13410d93
17010b13
02d12223
00078d13
00038493
02e12a23
00030993
00088a13
0a810613
000b0693
000c8593
00048513
a7dfe0ef
05c10613
00060713
0a810793
07010813
0007a683
00478793
00470713
fed72e23
fefa18e3
01812783
06e15503
00f57eb3
01c12783
00fe8eb3
37d05e63
09000793
41d785b3
00090713
05c10793
0007a683
00478793
00470713
fed72e23
ff0798e3
06b05863
00f00793
00090713
02b7de63
08000693
41d686b3
0046d693
00168713
00171713
00e90733
00090793
00278793
fe079f23
fef71ce3
08000593
41d585b3
00469693
40d585b3
02412683
00159793
00f687b3
0007d783
00075683
00f6f7b3
00f71023
01051513
41055513
16054463
00090713
0a810793
0007d603
00075683
02d61863
00278793
00270713
ff3796e3
000c8713
0a810793
0007a683
00478793
00470713
fed72e23
fefa18e3
01a40433
02012783
01448493
001d5d13
ecf498e3
0d615603
02812d03
ffffc5b7
f7258593
000c0a13
00b60633
00090c13
03012483
03412703
03812983
02c12903
00cd0633
0cc11b23
014c8513
08c10613
0004a783
00448493
00460613
fef62e23
fe9518e3
0a810693
00072783
00470713
00468693
fef6ae23
ff5718e3
00015ab7
00001bb7
648a8a93
00015d37
0140006f
738d0793
001bdb93
24fa8663
014a8a93
000c8593
738d0513
824fe0ef
22a04c63
000c8593
000a8513
814fe0ef
fca04ae3
000b0693
000c8613
000c8593
000a8513
89dfe0ef
0a810613
000b0693
00060593
000a8513
e19fe0ef
01740433
fa5ff06f
13710993
00000493
92079ce3
e94ff06f
00812703
02a00793
00e12223
84e7d6e3
00f12223
845ff06f
000d8793
98dff06f
00000613
805ff06f
00090793
0140006f
00260613
06e10713
00278793
e8c704e3
00065683
0007d703
fee684e3
0f215783
fff7c793
01179713
3a070a63
0fc10593
74cb8513
eb5fd0ef
11810593
00090513
ea9fd0ef
0fc15783
11a15603
0fe15e83
fff7c793
0ef11e23
40ce85b3
00060693
06b05e63
11810513
000d8693
13010793
000d8593
00050713
00072883
00470713
00458593
ff15ae23
fee798e3
0fc10593
14011623
11410713
00058793
0007a883
00478793
00450513
ff152e23
fef718e3
12011823
018d8793
0006a703
00468693
00458593
fee5ae23
fed798e3
11a15683
41d605b3
10011a23
00068613
32058e63
02d12e23
f6f00793
06f5c663
0fc10513
c3dfd0ef
03c12683
00050593
13010793
11410713
0fc15503
11815603
3ac50a63
00000613
11a10e93
0007d503
00075883
ffe78793
ffe70713
41150533
40c50633
01065513
00c79123
00157613
fdd79ee3
00100613
000b0793
04000713
11810513
f99fd0ef
00090593
11810513
9a1fd0ef
d35ff06f
00c12783
12010a23
000d8993
0007a023
ab5ff06f
00090793
00278793
0f410713
fe079f23
fee79ae3
cfdff06f
13410d93
0e090863
000155b7
4a458593
000d8513
619010ef
00002437
70f40413
f64ff06f
0f810493
a74ff06f
00170713
00e58023
f3cff06f
fff5c783
03800713
0cf77463
03100793
00140413
fef58fa3
f20ff06f
07010793
08210693
0080006f
f4d78063
0007d703
00278793
fe070ae3
00c12703
000027b7
70f78793
00f72023
f6cff06f
13410d93
000155b7
4bc58593
000d8513
599010ef
f81ff06f
0a810593
08c10513
00f12c23
8c5fd0ef
000155b7
76058593
0a810513
d55fd0ef
01812783
e6051663
ea04c663
ffe7c703
ffe78593
fd270613
00163613
fff64613
00c98633
00064603
07f77713
00167613
e4061863
e80ff06f
000155b7
4b058593
000d8513
52d010ef
f15ff06f
00178793
fef58fa3
e60ff06f
0e010c13
000c0593
08c10513
00004d37
00e12e23
00000413
c2dfd0ef
0f810493
0e210b13
ffed0d13
0dc10c93
fd500d93
01212c23
03312023
0f815783
0077f793
0c079863
0c410993
000c0913
00098713
000c0793
0007a683
00478793
00470713
fed72e23
fe9798e3
0c410513
0c011e23
eb4fd0ef
0c410513
eacfd0ef
00000613
0dc10693
00048713
0006d503
00075783
ffe68693
ffe70713
00a787b3
00c787b3
0107d613
00f69123
00167613
fd671ee3
0c615783
0c815703
00378793
0cf11323
02070063
0c410513
e5cfd0ef
0c615783
0c815703
00178793
0cf11323
fe0714e3
0dc15783
02079663
0c615783
02fd6263
0009a783
00498993
00490913
fef92e23
ff9998e3
0e011c23
fff40413
f3b416e3
01c12703
08c10593
000c0513
01812903
02012983
00e12c23
f30fd0ef
01812703
17010b13
f54ff06f
00090793
0f210713
0007d683
00278793
aa0694e3
fee79ae3
00090793
0007d683
00278793
c20696e3
fee79ae3
a8dff06f
0e010c13
0f810493
f18ff06f
11c10713
10010793
11610f13
0007de83
00075503
00278793
00270713
04ae9663
ffe796e3
0fc15703
11815783
04f70663
00090793
0f410713
00278793
fe079f23
fee79ce3
a39ff06f
000156b7
000015b7
00015537
4c468693
00000613
b6e58593
4d850513
561050ef
07d56c63
13010793
11410713
c79ff06f
00068793
00069663
11e11703
0c075663
11a10713
13010793
00075583
10059663
00270713
fee79ae3
10c11d23
c99ff06f
00000613
0fe10e93
0007d883
00075503
ffe78793
ffe70713
01150533
00c50633
01065513
00c79123
00157613
fdd71ee3
00000613
c51ff06f
11810f13
000d8513
13010793
000d8613
000f0713
00072883
00470713
00460613
ff162e23
fee798e3
0fc10613
14011623
11410713
00060e93
000ea883
004e8e93
004f0f13
ff1f2e23
ffd718e3
12011823
018d8e93
00052883
00450513
00460613
ff162e23
feae98e3
10011a23
ba1ff06f
13010693
11a10e93
0006d703
01071613
41065613
00065463
0017e793
00171713
01071713
0027f613
01075713
00060463
00176713
00179793
00e69023
01079793
ffe68693
0107d793
fdd690e3
ba1ff06f
00168613
10c11d23
b95ff06f
00852703
00c52783
00052603
00452683
fc010113
00010513
01410593
00e12423
00f12623
02112e23
00c12023
00d12223
8f4fe0ef
02615783
00000513
fff7c793
01179713
02071063
01410793
02610693
0007d703
00278793
00071c63
fed79ae3
00200513
03c12083
04010113
00008067
00100513
ff1ff06f
0f050513
00008067
12018513
00008067
12018513
00008067
ff010113
00112623
00812423
00912223
02060c63
000155b7
77858593
00060513
00060413
c08f40ef
000154b7
02051263
77448513
00c12083
00812403
00412483
01010113
00008067
000154b7
fe5ff06f
77448593
00040513
bd4f40ef
fc050ae3
000155b7
20858593
00040513
bc0f40ef
fc0500e3
00000513
fbdff06f
1581c503
00008067
ff010113
00112623
00812423
00912223
02058c63
00058413
000155b7
77858593
00040513
b84f40ef
000154b7
02051263
77448513
00c12083
00812403
00412483
01010113
00008067
000154b7
fe5ff06f
77448593
00040513
b50f40ef
fc050ae3
000155b7
20858593
00040513
b3cf40ef
fc0500e3
00000513
fbdff06f
00c59783
f8010113
06812c23
06112e23
06912a23
07212823
07312623
07412423
0027f713
00058413
02070c63
04358793
00f5a023
00f5a823
00100793
00f5aa23
07c12083
07812403
07412483
07012903
06c12983
06812a03
08010113
00008067
00e59583
00050493
0805cc63
00810613
70d050ef
08054463
00c12783
0000f937
000019b7
00f97933
ffffe7b7
00f90933
00193913
40000a13
80098993
000a0593
00048513
8a0f90ef
00c41783
06050e63
00009737
b6470713
02e4ae23
0807e793
00f41623
00a42023
00a42823
01442a23
08091863
0137e7b3
07c12083
00f41623
07812403
07412483
07012903
06c12983
06812a03
08010113
00008067
00c41783
0807f793
00000913
04078663
04000a13
000a0593
00048513
82cf90ef
00c41783
00000993
f80516e3
2007f713
f0071ae3
ffc7f793
0027e793
04340713
00f41623
00100793
00e42023
00e42823
00f42a23
ef1ff06f
40000a13
00000993
f41ff06f
00e41583
00048513
318060ef
00051663
00c41783
f61ff06f
00c45783
ffc7f793
0017e793
01079793
4107d793
f49ff06f
f9010113
06812423
00058413
00e59583
06912223
07212023
06112623
00060493
00068913
0405ca63
00810613
5c1050ef
04054463
00c12703
0000f7b7
06c12083
00e7f7b3
ffffe737
00e787b3
06812403
0017b793
00f92023
40000713
00e4a023
00001537
06412483
06012903
80050513
07010113
00008067
00c45783
0807f793
02078863
06c12083
06812403
00000793
00f92023
04000713
00e4a023
06012903
06412483
00000513
07010113
00008067
06c12083
06812403
00f92023
40000713
00e4a023
06012903
06412483
00000513
07010113
00008067
1141a783
00078067
02058063
04060263
04068863
00064783
00f5a023
00064503
00a03533
00008067
ff010113
00c10593
02060463
02068a63
00064783
00f5a023
00064503
00a03533
01010113
00008067
00000513
00008067
00000513
fedff06f
ffe00513
00008067
ffe00513
fddff06f
00357793
0ff5f693
02078e63
fff60793
02060663
fff00613
0180006f
00150513
00357713
02070263
fff78793
00c78863
00054703
fed714e3
00008067
00000513
00008067
00060793
00300713
04f77c63
0ff5f593
00859713
00b705b3
01059713
feff08b7
80808837
00e585b3
eff88893
08080813
00300313
0100006f
ffc78793
00450513
02f37063
00052703
00e5c733
01170633
fff74713
00e67733
01077733
fc070ee3
00f50733
00079863
f91ff06f
00150513
f8a704e3
00054783
fed79ae3
00008067
04c52783
ff010113
00812423
00912223
00112623
01212023
00050413
00058493
02078e63
00249713
00e787b3
0007a503
04050663
00052703
00e7a023
00052823
00052623
00c12083
00812403
00412483
00012903
01010113
00008067
02100613
00400593
6f0050ef
04a42623
00050793
fa051ae3
00000513
fcdff06f
00100913
00991933
00590613
00261613
00100593
00040513
6c0050ef
fc050ee3
00952223
01252423
f99ff06f
02058063
0045a703
04c52783
00271713
00e787b3
0007a703
00e5a023
00b7a023
00008067
fe010113
00912a23
0105a483
00010337
00812c23
01212823
01312623
00112e23
01412423
00058913
00050993
00068413
01458813
00000893
fff30313
00082783
00480813
00188893
0067f733
02c70733
0107d693
02c686b3
008707b3
0107d713
0067f7b3
00e686b3
01069713
00f707b3
fef82e23
0106d413
fc98c2e3
02040263
00892783
04f4d063
00448793
00279793
00f907b3
0087a223
00148493
00992823
01c12083
01812403
01412483
00c12983
00812a03
00090513
01012903
02010113
00008067
00492583
00098513
00158593
e65ff0ef
00050a13
04050c63
01092603
00c90593
00c50513
00260613
00261613
7f5050ef
00492703
04c9a783
00271713
00e787b3
0007a703
00e92023
0127a023
00448793
000a0913
00279793
00f907b3
0087a223
00148493
00992823
f75ff06f
000156b7
00015537
4c468693
00000613
0b500593
78450513
4d8050ef
fe010113
00812c23
00912a23
01212823
01312623
01412423
00068993
00900793
00868693
00112e23
01512223
02f6c6b3
00050913
00058413
00060a13
00070493
0d37d863
00100793
00000593
00179793
00158593
fed7cce3
00090513
d8dff0ef
00050593
0a050a63
00100793
00f52823
00952a23
00900793
0947d663
00940a93
000a8493
01440433
0004c683
00a00613
00090513
fd068693
e1dff0ef
00148493
00050593
fe8492e3
ff8a0413
008a8433
033a5663
414989b3
013409b3
00044683
00a00613
00090513
fd068693
de9ff0ef
00140413
00050593
fe8992e3
01c12083
01812403
01412483
01012903
00c12983
00812a03
00412a83
00058513
02010113
00008067
00a40413
00900a13
fa5ff06f
00000593
f45ff06f
000156b7
00015537
4c468693
00000613
0ce00593
78450513
3a4050ef
00050793
00010737
00000513
00e7f663
01079793
01000513
01000737
00e7f663
00850513
00879793
10000737
00e7f663
00450513
00479793
40000737
00e7ea63
fff7c793
01f7d793
00f50533
00008067
00279793
0007ca63
00e7f7b3
00079a63
02000513
00008067
00250513
00008067
00350513
00008067
00052783
00050713
0077f693
02068463
0017f693
00000513
04069e63
0027f693
0a068863
0017d793
00f72023
00100513
00008067
01079693
0106d693
00000513
06068e63
0ff7f693
06068063
00f7f693
04068263
0037f693
02068463
0017f693
00069c63
0017d793
00150513
00079663
02000513
00008067
00f72023
00008067
0027d793
0017f693
00250513
fe0696e3
fd5ff06f
0047d793
0037f693
00450513
fa069ee3
fddff06f
0087d793
00f7f693
00850513
fa0690e3
fddff06f
0107d793
0ff7f693
01000513
f80692e3
fddff06f
0027d793
00f72023
00200513
00008067
04c52783
ff010113
00812423
00912223
00112623
00050413
00058493
02078c63
0047a503
06050263
00052703
00e7a223
00c12083
00812403
00100793
00952a23
00052623
00f52823
00412483
01010113
00008067
02100613
00400593
254050ef
04a42623
00050793
fa051ce3
000156b7
00015537
4c468693
00000613
14000593
78450513
1c4050ef
01c00613
00100593
00040513
21c050ef
fc050ae3
00100793
00f52223
00200793
00f52423
f85ff06f
fe010113
01212823
01312623
0105a903
01062983
00912a23
01412423
00112e23
00812c23
00058a13
00060493
01394c63
00098713
00058493
00090993
00060a13
00070913
0084a783
0044a583
01298433
0087a7b3
00f585b3
a55ff0ef
1a050e63
01450313
00241893
011308b3
00030793
01137863
0007a023
00478793
ff17ece3
014a0813
00291e13
01448e93
00299593
01c80e33
00be85b3
13c87663
01548793
00400f13
16f5f063
000106b7
fff68693
0180006f
010fdf93
080f9863
00480813
00430313
11c87063
00082f83
00dff3b3
fe0382e3
00030293
000e8f93
00000493
000fa783
0002a603
00428293
00d7f733
02770733
0107d793
00d67933
01065613
004f8f93
027787b3
01270733
00970733
01075493
00d77733
00c787b3
009787b3
01079613
00e66733
fee2ae23
0107d493
fabfe8e3
01e307b3
0097a023
00082f83
010fdf93
f60f8ce3
00032703
00030293
000e8613
00070493
00000393
00062783
0104d993
00d77733
00d7f7b3
03f787b3
0042a483
00428293
00460613
00d4f933
007787b3
013787b3
01079393
00e3e733
fee2ae23
ffe65703
0107d793
03f70733
01270733
00f70733
01075393
fab668e3
01e307b3
00e7a023
00480813
00430313
f1c864e3
00804863
0180006f
fff40413
00040863
ffc8a783
ffc88893
fe0788e3
01c12083
00852823
01812403
01412483
01012903
00c12983
00812a03
02010113
00008067
409587b3
feb78793
ffc7f793
00478f13
e95ff06f
000156b7
00015537
4c468693
00000613
15d00593
78450513
769040ef
fe010113
00812c23
01212823
01312623
00112e23
00912a23
00367793
00060413
00050993
00058913
0a079a63
40245413
06040663
0489a483
0c048663
00147793
02079063
40145413
04040a63
0004a503
06050663
00050493
00147793
fe0784e3
00048613
00090593
00098513
d61ff0ef
02090063
00492703
04c9a783
00271713
00e787b3
0007a703
00e92023
0127a023
40145413
00050913
fa041ae3
01c12083
01812403
01412483
00c12983
00090513
01012903
02010113
00008067
00048613
00048593
00098513
d05ff0ef
00a4a023
00052023
00050493
f81ff06f
fff78793
00015737
7c470713
00279793
00f707b3
0007a603
00000693
84dff0ef
00050913
f2dff06f
00100593
00098513
f6cff0ef
00050493
02050063
27100793
00f52a23
00100793
00f52823
04a9a423
00052023
f0dff06f
000156b7
00015537
4c468693
00000613
14000593
78450513
619040ef
fe010113
01512223
0105aa83
0085a783
01312623
40565993
01598ab3
00812c23
00912a23
01212823
01412423
00112e23
001a8913
00058493
00060413
0045a583
00050a13
0127d863
00179793
00158593
ff27cce3
000a0513
ed0ff0ef
10050c63
01450813
03305463
00598993
00299993
01350733
00080793
00478793
fe07ae23
fee79ce3
fec98993
01380833
0104a883
01448793
01f47613
00289893
011788b3
0a060463
02000593
40c585b3
00080313
00000693
0007a703
00430313
00478793
00c71733
00d76733
fee32e23
ffc7a683
00b6d6b3
ff17e0e3
01548793
00400713
00f8ea63
409887b3
feb78793
ffc7f793
00478713
00e80833
00d82023
00069463
000a8913
0044a703
04ca2783
01c12083
00271713
00e787b3
0007a703
01252823
01812403
00e4a023
0097a023
01012903
01412483
00c12983
00812a03
00412a83
02010113
00008067
0007a703
00478793
00480813
fee82e23
fb17f4e3
0007a703
00478793
00480813
fee82e23
fd17eee3
f91ff06f
000156b7
00015537
4c468693
00000613
1d900593
78450513
489040ef
01052703
0105a783
00050813
40f70533
04f71263
00279793
01480813
01458593
00f80733
00f587b3
0080006f
02e87463
ffc72603
ffc7a683
ffc70713
ffc78793
fed606e3
00100513
00d67663
fff00513
00008067
00008067
0105a703
01062783
ff010113
00812423
00912223
01212023
00112623
00058493
00060413
40f70933
04f71663
00279693
01458593
01460713
00d587b3
00d70733
0080006f
18f5f463
ffc7a603
ffc72683
ffc78793
ffc70713
fed606e3
02d67063
00048793
00100913
00040493
00078413
00c0006f
fe0946e3
00000913
0044a583
cc0ff0ef
1a050863
0104a303
01042603
01448293
00231e13
01440813
00261613
01450f93
000108b7
01252623
01c28e33
00c80633
000f8f13
00028e93
00000693
fff88893
000ea703
00082583
004f0f13
011777b3
0115f3b3
407787b3
00d787b3
01075713
0105d593
4107d693
40b70733
00d70733
01071693
0117f7b3
00d7e7b3
00480813
feff2e23
004e8e93
41075693
fac86ae3
40860733
feb70713
01540413
00275f13
00400713
00866663
001f0713
00271713
00e282b3
00ef8833
00010eb7
00080893
00028593
fffe8e93
0bc2f863
0005a783
00488893
00458593
01d7f733
00d70733
0107d613
41075713
00c70733
00d787b3
01d7f7b3
01071693
00d7e7b3
fef8ae23
41075693
fdc5e4e3
fffe0e13
405e0e33
ffce7e13
01c80733
00079a63
ffc72783
fff30313
ffc70713
fe078ae3
00c12083
00812403
00652823
00412483
00012903
01010113
00008067
00000593
b70ff0ef
04050263
00c12083
00812403
00100793
00f52823
00052a23
00412483
00012903
01010113
00008067
00000713
00867663
00ef8733
f95ff06f
002f1713
00ef8733
f89ff06f
000156b7
00015537
4c468693
00000613
23200593
78450513
1fd040ef
000156b7
00015537
4c468693
00000613
24000593
78450513
1e1040ef
7ff007b7
00b7f5b3
fcc007b7
00f585b3
00000793
00b05663
00078513
00008067
40b005b3
4145d593
01300793
00b7cc63
000807b7
40b7d5b3
00000793
00078513
00008067
fec58593
01e00713
00100793
00b74663
800007b7
00b7d7b3
00000593
00078513
00008067
fe010113
00912a23
01052483
00812c23
01450413
00249493
009404b3
01212823
ffc4a903
01312623
01412423
00090513
00058993
00112e23
d9cff0ef
02000713
40a707b3
00f9a023
00a00793
ffc48a13
08a7dc63
ff550613
05447063
ff84a783
04060c63
40c706b3
00d7d733
00c91933
00e96933
ff848593
3ff00737
00e96733
00c797b3
02b47e63
ff44a603
00d656b3
00d7e7b3
02c0006f
00b00793
00f50c63
00c91933
3ff00737
00e96733
00000793
0100006f
00000793
3ff00737
00e96733
01c12083
01812403
01412483
01012903
00c12983
00812a03
00078513
00070593
02010113
00008067
00b00693
40a686b3
3ff007b7
00d95733
00f76733
00000793
01447663
ff84a783
00d7d7b3
01550513
00a91933
00f967b3
fa9ff06f
fd010113
01512a23
00058a93
00100593
02912223
01312e23
01412c23
02112623
02812423
03212023
00060493
00068a13
00070993
938ff0ef
10050263
00100737
0144d913
fff70793
7ff97913
00050413
0097f7b3
00090463
00e7e7b3
00f12623
060a9263
00c10513
cc8ff0ef
00c12703
00100493
00942823
00e42a23
02050793
08090863
bcd90913
00f90933
03500493
012a2023
40f48533
00a9a023
02c12083
00040513
02812403
02412483
02012903
01c12983
01812a03
01412a83
03010113
00008067
00810513
01512423
c64ff0ef
00c12703
00050793
04050e63
00812603
02000693
40a686b3
00d716b3
00a75733
00c6e6b3
00e12623
00e034b3
00148493
00d42a23
00e42c23
00942823
f6091ce3
00249713
00e40733
01072503
bce78793
00fa2023
b94ff0ef
00549493
40a48533
f69ff06f
00812683
fc1ff06f
000156b7
00015537
4c468693
00000613
30a00593
78450513
704040ef
fd010113
03212023
00058913
00810593
02112623
02812423
02912223
01312e23
00050993
d69ff0ef
00050493
00058413
00090513
00c10593
d55ff0ef
01092703
0109a783
00c12683
40e787b3
00812703
00579793
40d70733
00e787b3
00050713
02f05e63
01479793
00878433
00058693
00048513
00040593
00070613
980f30ef
02c12083
02812403
02412483
02012903
01c12983
03010113
00008067
01479793
40f585b3
fc9ff06f
ff010113
01212023
00112623
00812423
00912223
01700793
00050913
04a7da63
00016737
f7872783
f7c72583
00016737
f8072403
f8472483
00078513
00040613
00048693
fd8f30ef
fff90913
00050793
fe0914e3
00c12083
00812403
00412483
00012903
00078513
01010113
00008067
00016737
00351913
82070713
01270733
00072783
00c12083
00812403
00472583
00412483
00012903
00078513
01010113
00008067
01062683
fff58593
4055d593
00158593
01460793
00269693
00259593
00d786b3
00b505b3
02d7f863
00050713
0007a803
00478793
00470713
ff072e23
fed7e8e3
40c687b3
feb78793
ffc7f793
00478793
00f50533
00b57863
00450513
fe052e23
feb56ce3
00008067
01052703
4055d613
01450693
02c75263
00271713
00e687b3
04f6f263
ffc7a703
ffc78793
fe070ae3
00100513
00008067
00261793
00f687b3
fee650e3
01f5f593
fc058ce3
0007a603
00100513
00b65733
00b71733
fce602e3
00008067
00000513
00008067
fe010113
01212823
0005a903
00812c23
00912a23
00112e23
01312623
01412423
00058413
00050493
04090263
00092983
02098863
0009aa03
000a0e63
000a2583
00058463
fbdff0ef
000a0593
00048513
825fb0ef
00098593
00048513
819fb0ef
00090593
00048513
80dfb0ef
00040593
01812403
01c12083
01012903
00c12983
00812a03
00048513
01412483
02010113
fe4fb06f
1a41a783
10a78a63
04c52583
fe010113
00912a23
00112e23
00812c23
01212823
01312623
00050493
04058063
00000913
08000993
012587b3
0007a403
00040e63
00040593
00042403
00048513
f94fb0ef
fe0418e3
04c4a583
00490913
fd391ce3
00048513
f7cfb0ef
0404a583
00058663
00048513
f6cfb0ef
1484a403
02040063
14c48913
01240c63
00040593
00042403
00048513
f4cfb0ef
fe8918e3
0544a583
00058663
00048513
f38fb0ef
0384a783
04078663
03c4a783
00048513
000780e7
2e04a403
02040c63
00042583
00058663
00048513
e99ff0ef
00040593
01812403
01c12083
01012903
00c12983
00048513
01412483
02010113
ee8fb06f
01c12083
01812403
01412483
01012903
00c12983
02010113
00008067
00008067
ff010113
00912223
800004b7
00812423
00112623
fff4c493
00060413
00062023
00b4f6b3
7ff00637
00058793
00050713
02c6fe63
00a6e8b3
02088a63
00c5f833
04080463
00000593
4146d693
80100637
fff60613
c0268693
00c7f7b3
00b686b3
3fe00637
00c7e7b3
00d42023
00c12083
00812403
00412483
00070513
00078593
01010113
00008067
000167b7
f8c7a683
f887a603
c68f30ef
00058793
00b4f6b3
00050713
fca00593
fa1ff06f
f6010113
08c10e93
08f12a23
80000337
ffff07b7
00058e13
fff34313
08d12623
20878793
00810593
000e8693
06112e23
00f12a23
08e12823
09012c23
09112e23
01c12423
01c12c23
00612823
00612e23
01d12223
334000ef
00812783
00078023
07c12083
0a010113
00008067
00050e13
f6010113
1a41a503
08810e93
08f12a23
80000337
ffff07b7
fff34313
08c12423
08d12623
20878793
00058613
000e8693
00810593
06112e23
00f12a23
08e12823
09012c23
09112e23
01c12423
01c12c23
00612823
00612e23
01d12223
2bc000ef
00812783
00078023
07c12083
0a010113
00008067
ff010113
00812423
00058413
00e59583
00112623
719040ef
02054063
05042783
00c12083
00a787b3
04f42823
00812403
01010113
00008067
00c45783
fffff737
fff70713
00e7f7b3
00c12083
00f41623
00812403
01010113
00008067
00000513
00008067
00c59783
fe010113
00812c23
00912a23
01212823
01312623
00112e23
1007f713
00058413
00050493
00060913
00068993
04071063
fffff737
fff70713
00e7f7b3
00e41583
00f41623
01812403
01c12083
00098693
00090613
00c12983
01012903
00048513
01412483
02010113
06c0406f
00e59583
00200693
00000613
321040ef
00c41783
fb1ff06f
ff010113
00812423
00058413
00e59583
00112623
301040ef
fff00793
02f50863
00c45783
00001737
00c12083
00e7e7b3
01079793
4107d793
04a42823
00f41623
00812403
01010113
00008067
00c45783
fffff737
fff70713
00e7f7b3
01079793
4107d793
00c12083
00f41623
00812403
01010113
00008067
00e59583
1900406f
00357793
00050713
04079c63
7f7f86b7
f7f68693
fff00593
00072603
00470713
00d677b3
00d787b3
00c7e7b3
00d7e7b3
feb784e3
ffc74683
40a707b3
04068463
ffd74683
02068c63
ffe74503
00a03533
00f50533
ffe50513
00008067
fa0688e3
00074783
00170713
00377693
fe0798e3
40a70733
fff70513
00008067
ffd78513
00008067
ffc78513
00008067
00b567b3
0037f793
00050713
06079a63
00300793
06c7f663
feff0337
808088b7
eff30313
08088893
00300e13
0180006f
00d72023
ffc60613
00470713
00458593
04ce7063
0005a683
006687b3
fff6c813
0107f7b3
0117f7b3
fc078ce3
00158593
00170793
02060463
fff5c683
fff60813
fed78fa3
00068e63
00078713
00080613
00158593
00170793
fe0610e3
00008067
00c70733
00080a63
00178793
fe078fa3
fee79ce3
00008067
00008067
e1010113
1e112623
1e812423
00b12423
00058413
00c12623
00d12c23
1e912223
1f212023
1d312e23
1d412c23
1d512a23
1d612823
1d712623
1d812423
1d912223
1da12023
1bb12e23
02a12823
b20fe0ef
00052783
00078513
02f12c23
e6dff0ef
00c45783
0e012823
0e012a23
0e012c23
0e012e23
0807f793
02a12a23
00c12283
00078863
01042783
00079463
3ec0106f
000167b7
8e878793
00f12e23
000167b7
aec78793
00028c13
00f12623
000c4783
10c10b13
0f612223
0e012623
0e012423
02012223
02012e23
04012223
04012023
04012623
04012423
00012823
03012983
000b0413
22078463
000c0493
02500713
3ce78e63
0014c783
00148493
fe079ae3
41848933
21848463
0ec12703
0e812783
01842023
01270733
00178793
01242223
0ee12623
0ef12423
00700713
00840413
3af74663
01012703
0004c783
01270733
00e12823
1c078463
0014c883
0c0103a3
00148493
fff00913
00000a13
00000b93
05a00c93
00148493
fe088793
04fce663
01c12703
00279793
00e787b3
0007a783
00078067
00000a13
fd088793
00900693
0004c883
002a1713
01470a33
001a1a13
01478a33
fd088793
00148493
fef6f2e3
fe088793
fafcfee3
14088a63
15110623
0c0103a3
00100c93
00100d13
14c10c13
00012a23
00000913
02012423
02012623
02012023
002bff93
000f8463
002c8c93
084bfd93
000d9663
419a0733
40e048e3
0c714703
02070c63
0ec12603
0e812703
0c710593
00160613
00b42023
00170713
00100593
00b42223
0ec12623
0ee12423
00700613
00840413
3ce64463
020f8c63
0ec12603
0e812703
0c810793
00260613
00170713
00200593
00f42023
00b42223
0ec12623
0ee12423
00700613
00840413
4ae640e3
08000713
18ed88e3
41a90933
27204ce3
100bf713
7e071663
0ec12703
0e812603
01842023
00ed0733
00160613
01a42223
0ee12623
0ec12423
00700593
48c5c063
00840413
004bf793
00078663
419a0933
472048e3
000a0313
019a5463
000c8313
01012783
006787b3
00f12823
2e071ce3
01412783
0e012423
00078863
01412583
00098513
f99fa0ef
000b0413
00048c13
000c4783
de0790e3
0ec12783
00078463
3e90106f
00812783
00c7d783
0407f793
00078463
4a00206f
1ec12083
1e812403
01012503
1e412483
1e012903
1dc12983
1d812a03
1d412a83
1d012b03
1cc12b83
1c812c03
1c412c83
1c012d03
1bc12d83
1f010113
00008067
00098513
ffdfd0ef
00452783
00078513
04f12423
b49ff0ef
00050793
00098513
00078a93
04f12623
fd9fd0ef
00852703
04e12023
000a8463
7d90006f
0004c883
db9ff06f
0004c883
020beb93
dadff06f
010beb93
020bf713
3a070e63
01812783
00778a93
ff8afa93
004aa703
000aac83
008a8793
00f12c23
00070d13
3c074663
fff00713
000b8d93
00e90a63
01ace733
f7fbfd93
00071463
7ad0006f
000d0463
36c0106f
00900793
0197f463
3600106f
030c8c93
1b9107a3
000d8b93
00100d13
1af10c13
0c714703
000d0c93
012d5463
00090c93
00012a23
02012423
02012623
02012023
d8070ae3
001c8c93
d8dff06f
010beb93
020bf713
2e070663
01812783
00778a93
ff8afa93
000aac83
004aad03
008a8793
00f12c23
bffbfd93
00000693
00000793
0cf103a3
fff00793
34f90263
01ace733
f7fdfb93
160710e3
70091263
5e0696e3
001dfd13
1b010c13
f60d0ce3
03000713
1ae107a3
1af10c13
f69ff06f
41848933
c3849ce3
0004c783
c6dff06f
00812583
0e410613
00098513
565040ef
e20516e3
000b0413
c41ff06f
008bf713
620718e3
01812783
0b010513
01112a23
00778a93
ff8afa93
000aa583
004aa603
008a8793
00f12c23
c78f60ef
0b012583
0b412603
0b812683
0bc12703
01412883
0f010513
01112a23
0ee12e23
0eb12823
0ec12a23
0ed12c23
d99fd0ef
0ca12623
00200713
01412883
00e51463
4540106f
00100713
00e51463
5c00106f
06100713
00e89463
6690106f
04100713
00e89463
0600206f
fff00713
00e91463
1a90106f
fdf8f713
04700693
00d71463
22c0206f
0fc12d83
100be793
04f12c23
03712623
0f012f03
0f412e83
0f812e03
000dd463
76d0106f
06012023
00012a23
fbf88793
02500713
00f77463
6bc0106f
00016737
00279793
a5470713
00e787b3
0007a783
00078067
00812583
0e410613
00098513
05112a23
05f12823
439040ef
7c051a63
05412883
05012f83
000b0413
c15ff06f
02412783
00100593
00840d13
32f5dce3
0ec12703
0e812603
00100593
00170713
00160613
00b42223
01842023
0ee12623
0ec12423
00700593
44c5c0e3
03412783
00160913
0f212423
00e78db3
03812703
00fd2223
0fb12623
00ed2023
00700713
008d0d13
43274ce3
0f012703
0a010593
0b010513
0ae12823
0f412703
0a012023
0a012223
0ae12a23
0f812703
0a012423
0a012623
0ae12c23
0fc12703
0ae12e23
ff9f20ef
02412783
fff78413
2e0506e3
001c0293
00190913
008d8db3
005d2023
008d2223
0fb12623
0f212423
00700713
008d0d13
2b2740e3
04412783
0d410593
00190613
01b78733
00bd2023
00fd2223
0ee12623
0ec12423
00700593
008d0413
b8c5d6e3
00812583
0e410613
00098513
311040ef
6a051663
0ec12703
000b0413
b6dff06f
01812783
010bf713
0007ac83
00478793
00f12c23
3c0710e3
040bf713
3a0708e3
010c9c93
010cdc93
00000d13
d09ff06f
01812783
010bf713
0007ac83
00478793
00f12c23
36071ee3
040bf713
360706e3
010c9c93
410cdc93
41fcdd13
000d0713
c2075ee3
02d00793
01903733
41a00d33
0cf103a3
fff00793
40ed0d33
41900cb3
000b8d93
00100693
ccf912e3
00100793
c2f684e3
00200793
3cf68e63
1b010c13
01dd1713
007cf793
003cdc93
03078793
01976cb3
003d5d13
fefc0fa3
01ace733
000c0693
fffc0c13
fc071ce3
001df713
3c070c63
03000713
3ce78863
ffe68693
1b010793
feec0fa3
40d78d33
000d8b93
00068c13
bedff06f
01812783
0c0103a3
0007ac03
00478a93
000c1463
1f80106f
fff00713
44e904e3
00090613
00000593
000c0513
01112c23
eddfd0ef
00a12a23
01812883
00051463
4fd0106f
01412783
0c714703
01512c23
41878d33
fffd4693
41f6d693
00012a23
02012423
02012623
02012023
00dd7cb3
00000913
b8071ce3
925ff06f
01812783
0c0103a3
00100c93
0007a703
00478793
00f12c23
14e10623
00100d13
14c10c13
8e9ff06f
01812783
0007aa03
00478793
200a52e3
41400a33
00f12c23
0004c883
004beb93
859ff06f
02b00793
0004c883
0cf103a3
849ff06f
0004c883
080beb93
83dff06f
0004c883
02a00793
00148713
00f89463
7550106f
fd088793
00900613
00070493
00000913
00900693
80f66ae3
0004c883
00291713
01270933
00191913
00f90933
fd088793
00148493
fef6f2e3
ff0ff06f
0004c883
001beb93
fe0ff06f
0c714783
0004c883
fc079a63
02000793
0cf103a3
fc8ff06f
010bed93
020df793
0a0782e3
01812783
00100693
00778a93
ff8afa93
008a8793
000aac83
004aad03
00f12c23
ac1ff06f
0004c883
008beb93
f8cff06f
01812703
ffff87b7
8307c793
0cf11423
00470793
00f12c23
000157b7
24c78793
00072c83
00000d13
002bed93
02f12e23
00200693
07800893
a79ff06f
020bf713
12070ae3
01812783
01012683
0007a783
41f6d713
00d7a023
00e7a223
01812783
00048c13
00478793
00f12c23
8bdff06f
0004c883
06c00793
1ef882e3
010beb93
f08ff06f
0004c883
06800793
1cf880e3
040beb93
ef4ff06f
06500713
bb175ae3
0f012703
0a010593
0b010513
0ae12823
0f412703
0a012023
0a012223
0ae12a23
0f812703
0a012423
0a012623
0ae12c23
0fc12703
0ae12e23
c11f20ef
52051663
0ec12703
0e812603
000155b7
27c58593
00b42023
00170713
00100593
00160613
00b42223
0ee12623
0ec12423
00700593
00840413
66c5c0e3
0cc12603
02412783
7ef65863
03412783
0e812603
03812683
00e78733
00160613
00d42023
00f42223
0ee12623
0ec12423
00700593
00840413
10c5cee3
02412783
fff78913
f9205063
00016837
01000593
0e812603
aec80a93
6325d2e3
00812c03
01000d13
00700d93
00c0006f
ff090913
612d56e3
01070713
00160613
01542023
01a42223
0ee12623
0ec12423
00840413
fccddee3
0e410613
000c0593
00098513
6b8040ef
24051a63
0ec12703
0e812603
000b0413
fb9ff06f
00100713
00e69463
2810106f
00200713
000b8d93
c2e696e3
03c12683
1b010c13
00fcf793
00f687b3
0007c703
004cdc93
01cd1793
0197ecb3
004d5d13
feec0fa3
01ace7b3
fffc0c13
fc079ce3
1b010793
41878d33
000d8b93
82dff06f
419a0db3
e7b05863
00016837
01000513
0ec12583
0e812603
aec80a93
09b55463
00040793
01000e93
000a8413
00700f13
00090a93
00088913
00c0006f
ff0d8d93
05beda63
01058593
00160613
0087a023
01d7a223
0eb12623
0ec12423
00878793
fccf5ee3
00812583
0e410613
00098513
5d4040ef
16051863
01000e93
ff0d8d93
0ec12583
0e812603
000b0793
00700f13
fbbecae3
00090893
000a8913
00040a93
00078413
00bd85b3
00160613
01542023
01b42223
0eb12623
0ec12423
00700713
00840413
dac75863
00812583
0e410613
00098513
05112823
56c040ef
10051463
41a90933
05012883
000b0413
d9205863
00016837
01000713
0ec12583
0e812603
aec80a93
09275263
00040793
00c12a83
00090413
01000713
00700d93
00088913
00c0006f
ff040413
04875a63
00c12683
01058593
00160613
00d7a023
00e7a223
0eb12623
0ec12423
00878793
fccddce3
00812583
0e410613
00098513
4e8040ef
08051263
01000713
ff040413
0ec12583
0e812603
000b0793
fa874ae3
00090893
00040913
00078413
00b905b3
00160613
01542023
01242223
0eb12623
0ec12423
00700713
00840413
ccc75a63
00812583
0e410613
00098513
05112823
488040ef
02051263
05012883
000b0413
cb0ff06f
00812583
0e410613
00098513
468040ef
ce050e63
01412f03
d20f0463
03012503
000f0593
c94fa0ef
d18ff06f
000b8d93
9d5ff06f
00016837
01000513
0ec12583
0e812603
afc80a93
0ae55063
04912823
00040793
000a8493
01000e93
00090a93
00700393
05f12a23
00070413
00088913
00c0006f
ff040413
048eda63
01058593
00160613
0097a023
01d7a223
0eb12623
0ec12423
00878793
fcc3dee3
00812583
0e410613
00098513
3cc040ef
f60514e3
01000e93
ff040413
0ec12583
0e812603
000b0793
00700393
fa8ecae3
00090893
05412f83
000a8913
00048a93
05012483
00040713
00078413
00b705b3
00160613
00e42223
01542023
0eb12623
0ec12423
00700713
00840413
b2c75063
00812583
0e410613
00098513
05112a23
05f12823
354040ef
ee0518e3
05412883
05012f83
000b0413
af4ff06f
00812583
0e410613
00098513
05112823
32c040ef
ec0514e3
05012883
000b0413
b44ff06f
00016837
01000613
0e812783
afc80a93
07265263
00812b83
01000d13
00700d93
00c0006f
ff090913
052d5663
01070713
00178793
01542023
01a42223
0ee12623
0ef12423
00840413
fcfddee3
0e410613
000b8593
00098513
2c0040ef
e4051ee3
ff090913
0ec12703
0e812783
000b0413
fb2d4ee3
01270733
00178793
01542023
01242223
0ee12623
0ef12423
00700613
b0f65263
00812583
0e410613
00098513
278040ef
e0051ae3
0ec12703
ae8ff06f
0cc12503
08a05ce3
02412783
00fc0733
04e12823
02012703
00070913
3ae7c063
0ec12703
03205663
0e812603
01270733
01842023
00160613
01242223
0ee12623
0ec12423
00700593
00840413
40c5cee3
fff94613
02012783
41f65613
00c97833
41078933
4b204663
02012783
400bf613
00fc0c33
50061863
0cc12603
02412783
00f64663
001bf593
400584e3
03412783
0e812583
03812683
00e78733
00158593
00d42023
00f42223
0ee12623
0eb12423
00700513
00840413
00b55463
4b00106f
02412783
40c78633
05012783
41878933
01265463
00060913
03205863
0e812583
01270733
01842023
00158593
01242223
0ee12623
0eb12423
00700513
00840413
00b55463
4c80106f
fff94593
41f5d593
00b97d33
41a60933
9b205e63
00016837
01000593
0e812603
aec80a93
0725d0e3
00812c03
01000d13
00700d93
00c0006f
ff090913
052d54e3
01070713
00160613
01542023
01a42223
0ee12623
0ec12423
00840413
fccddee3
0e410613
000c0593
00098513
0f4040ef
c80518e3
0ec12703
0e812603
000b0413
fb9ff06f
001bf713
cc071463
0ec12703
0e812603
01842023
00170d93
00160913
00b42223
0fb12623
0f212423
00700713
d7275463
00812583
0e410613
00098513
0a0040ef
c2051ee3
0ec12d83
0e812903
000b0d13
d44ff06f
02412783
00100713
d2f75c63
00016837
01100713
aec80a93
14f754e3
000a8793
01000713
000a0a93
00700c13
00048a13
00078493
00c0006f
ff040413
10875ae3
010d8d93
00190913
009d2023
00ed2223
0fb12623
0f212423
008d0d13
fd2c5ee3
00812583
0e410613
00098513
01c040ef
ba051ce3
0ec12d83
0e812903
000b0d13
01000713
fb5ff06f
01812703
010df793
00072c83
00470713
00e12c23
02079663
040df793
00078c63
010c9c93
010cdc93
00000d13
00100693
a10ff06f
200df793
00078463
0ffcfc93
00000d13
00100693
9f8ff06f
00000d13
1b010c13
990ff06f
00812583
0e410613
00098513
79d030ef
b2051ce3
0ec12703
0e812603
000b0d13
ba4ff06f
00812583
0e410613
00098513
779030ef
b0051ae3
0ec12d83
0e812903
000b0d13
bacff06f
001bf613
00061463
fc5fe06f
809ff06f
0004c883
00f12c23
e61fe06f
200bf713
3c0714e3
41fcdd13
000d0713
8d0ff06f
200bf713
3a0714e3
00000d13
95cff06f
01812783
0007a703
00478793
00f12c23
00072583
00472603
00872683
00c72703
9f0ff06f
010bf713
6e071663
040bf713
120718e3
200bf793
6c078e63
01812783
01012703
0007a783
00e78023
ec0ff06f
04012783
0004c883
00079463
dddfe06f
0007c783
00079463
dd1fe06f
400beb93
dc9fe06f
00078913
0ec12703
c72042e3
c89ff06f
86091663
00000d13
000d8b93
1b010c13
870ff06f
00015737
26070793
02f12e23
020bf713
34070263
01812783
00778a93
ff8afa93
000aac83
004aad03
008a8793
00f12c23
001bf713
00070e63
01ace733
00070a63
03000713
0ce10423
0d1104a3
002beb93
bffbfd93
00200693
870ff06f
000b8d93
d80ff06f
0014c883
200beb93
00148493
d31fe06f
0014c883
020beb93
00148493
d21fe06f
00812583
0e410613
00098513
5f9030ef
98051ae3
0ec12703
000b0413
eccff06f
00015737
24c70793
02f12e23
f5dff06f
03012503
04000593
940f60ef
00812783
00c12283
00a7a023
00a7a823
00051463
3240106f
00812703
04000793
00f72a23
be9fe06f
000c0513
05112823
a15fe0ef
0c714703
fff54693
41f6d693
01512c23
00012a23
02012423
02012623
02012023
05012883
00050d13
00d57cb3
00000913
00070463
f69fe06f
cf5fe06f
00016837
01000593
0e812603
aec80a93
6525da63
00812d83
01000e13
00700d13
00c0006f
ff090913
632e5e63
01070713
00160613
01542023
01c42223
0ee12623
0ec12423
00840413
fccd5ee3
0e410613
000d8593
00098513
501030ef
88051ee3
0ec12703
0e812603
000b0413
01000e13
fb5ff06f
02c12d03
00016e37
04912a23
05712c23
03912623
05412e23
00040613
000c0c93
04012b83
04c12403
02812c03
00812483
00700913
01000d93
aece0a93
080d0863
160c0263
fffc0c13
04812783
00870733
00862223
00f62023
0e812783
0ee12623
00860613
00178793
0ef12423
16f94a63
05012783
000bc683
41978a33
0146d463
00068a13
03405663
0e812683
01470733
01962023
00168693
01462223
0ee12623
0ed12423
38d94663
000bc683
00860613
fffa4593
41f5d593
00ba77b3
40f68a33
03404e63
00dc8cb3
f60d1ce3
f60c1ce3
05012783
05712023
000c8c13
05412483
05812b83
05c12a03
02c12c83
00060413
a187f2e3
00078c13
9fdff06f
000165b7
0e812683
aec58593
074dd863
02812023
000a0413
000a8a13
00c0006f
ff040413
048dd663
01070713
00168693
01562023
01b62223
0ee12623
0ed12423
00860613
fcd95ee3
0e410613
00048593
00098513
395030ef
f2051863
ff040413
0ec12703
0e812683
000b0613
fa8dcee3
000a0593
00040a13
02012403
00ea0733
00168693
00b62023
01462223
0ee12623
0ed12423
4ad94ce3
000bc683
00860613
00dc8cb3
f29ff06f
fffb8b93
fffd0d13
e9dff06f
01812783
010bf713
0007ac83
00478793
00f12c23
04071263
040bf713
02070a63
010c9c93
010cdc93
00000d13
cb1ff06f
0e410613
00048593
00098513
2f9030ef
e8051a63
0ec12703
000b0613
e75ff06f
200bf713
76071e63
00000d13
c81ff06f
ccccde37
04012703
400dfe93
00000593
1b010613
00500813
ccde0693
ccce0b93
0ff00a93
0540006f
019c37b3
00fc07b3
0307f7b3
40fc87b3
00fcb633
40cd0633
03778e33
02d60633
02d7b533
01c60633
02d787b3
00a60633
01f61513
00165613
0017d793
00f567b3
3e0d0ee3
00060d13
00078c93
00030613
01ac8c33
019c37b3
00fc07b3
0307f7b3
fff60313
00158593
40fc87b3
00fcb533
40ad0533
02d7be33
02d50533
02d787b3
01c50533
01f51513
0017d793
00f567b3
00279513
00f507b3
00179793
40fc87b3
03078793
fef60fa3
f40e8ce3
00074783
f4f598e3
f55586e3
340d1263
00900793
3397ee63
00030c13
1b010793
04e12023
02b12223
41878d33
000d8b93
bb5fe06f
0ec12703
0e812603
000155b7
27c58593
00b42023
00170713
00100593
00160613
00b42223
0ee12623
0ec12423
00700593
00840413
06c5cc63
1a051e63
02412783
001bf613
00f66633
00061463
9edfe06f
03412783
0e812603
03812683
00e78733
00160613
00d42023
00f42223
0ee12623
0ec12423
00700593
60c5cc63
00840413
02412783
00160613
01842023
00e78733
00f42223
0ee12623
0ec12423
00700593
00c5c463
991fe06f
e09fe06f
00812583
0e410613
00098513
115030ef
ca051863
0cc12503
0ec12703
000b0413
f6dff06f
00812583
0e410613
00098513
0f1030ef
c8051663
0ec12703
000b0413
988ff06f
01542023
01242223
01270733
00160613
0ee12623
0ec12423
00700593
00c5c463
925fe06f
d9dfe06f
0e410613
00048593
00098513
0a9030ef
c4051263
000bc683
0ec12703
000b0613
c61ff06f
0f012703
0a010593
0b010513
0ae12823
0f412703
0a012023
0a012223
0ae12a23
0f812703
0a012423
0a012623
0ae12c23
0fc12703
0ae12e23
f09f10ef
01412883
36054ee3
0c714703
04700693
2316dc63
000152b7
24028c13
00012a23
02012423
02012623
02012023
f7fbfb93
00300c93
00300d13
00000913
00070463
a1dfe06f
fa8fe06f
01812783
01012703
0007a783
00e7a023
fe9fe06f
00600713
00090d13
21276863
000152b7
000d0c93
01512c23
27428c13
f60fe06f
03412783
0e812603
03812683
00e78733
00160613
00d42023
00f42223
0ee12623
0ec12423
00700593
00840413
46c5c863
e4055ee3
00016837
ff000593
40a00933
aec80a93
01000d13
00700d93
00b54863
3ad0006f
ff090913
3b2d52e3
01070713
00160613
01542023
01a42223
0ee12623
0ec12423
00840413
fccddee3
00812583
0e410613
00098513
750030ef
ae051663
0ec12703
0e812603
000b0413
fb9ff06f
00048793
000a0493
000a8a13
00078a93
008d8db3
00190913
015d2023
bbdfe06f
0fc12703
3a075e63
02d00713
0ce103a3
04700693
2916dce3
000152b7
24828c13
ec1ff06f
00e90733
00160613
01542023
01242223
0ee12623
0ec12423
00700593
00840413
ccc5da63
00812583
0e410613
00098513
6c4030ef
a6051063
0ec12703
000b0413
cb4ff06f
04c12783
04812583
03d12423
40f30333
00078613
00030513
03112223
02e12023
00612a23
b94fe0ef
019c37b3
00500613
00fc07b3
02c7f7b3
02012703
ccccd637
ccd60e13
ccc60513
00174603
01412303
02412883
00c03633
00c70733
02812e83
00000593
00500813
000e0693
40fc87b3
00fcb633
40cd0633
02a78533
03c60633
03c7bf33
00a60633
03c78533
01e60633
01f61793
00165613
00155513
00a7e7b3
ba9ff06f
000152b7
23c28c13
dcdff06f
00812583
0e410613
00098513
5f4030ef
98051863
0ec12703
000b0413
bccff06f
00600d13
df1ff06f
40c78633
05012783
41878933
c7265663
00060913
c64ff06f
01812783
01012703
0007a783
00e79023
d9dfe06f
00090693
00200613
0b010b93
0d010793
0dc10813
0cc10713
000b8593
00098513
05112a23
04d12823
0be12823
03e12423
0bd12a23
03d12223
0bc12c23
03c12023
0bb12e23
ae0fb0ef
05412883
06700793
02012e03
02412e83
02812f03
05012683
00050c13
60f88263
04700793
5ef88e63
fdf8fa93
04600613
00d50cb3
0a010d13
00ca9c63
00054583
03000613
20c58e63
0cc12683
00dc8cb3
000b8513
000d0593
03112023
0be12823
0bd12a23
0bc12c23
0bb12e23
0a012023
0a012223
0a012423
0a012623
961f10ef
02012883
000c8b93
02050263
0dc12b83
019bfe63
03000613
001b8793
0cf12e23
00cb8023
0dc12b83
ff9be8e3
418b87b3
02f12223
0cc12683
04700793
02d12023
56fa8e63
04600793
04fa82e3
fff68793
0cf12623
06100713
2ae88ee3
04100613
05000713
56c89a63
00100613
0ce10a23
02b00713
0007d863
00100793
40d787b3
02d00713
0ce10aa3
00900713
0cf75ae3
0e310813
00080613
00a00593
06300e13
02b7e733
00060693
00078513
fff60613
03070713
fee68fa3
02b7c7b3
feae42e3
03078793
ffe68713
fef60fa3
250778e3
0d610793
00074603
00170713
00178793
fec78fa3
ff0718e3
0e510793
0d610713
40d787b3
00f707b3
0d410713
40e787b3
04f12223
04412683
02412703
00100793
00e68d33
0ee7dee3
03412783
00fd0d33
02c12783
fffd4693
41f6d693
bff7f793
1007eb93
00dd7cb3
02012423
02012623
02012023
06012783
48078e63
02d00713
0ce103a3
00000913
001c8c93
b20fe06f
0ffcfc93
00000d13
db4fe06f
018c9c93
418cdc93
41fcdd13
000d0713
d04fe06f
0ffcfc93
00000d13
d04ff06f
0c714703
c4dff06f
00812583
03012503
0e410613
344030ef
c0cfe06f
00812583
0e410613
00098513
330030ef
00050463
ec9fe06f
0cc12503
0ec12703
0e812603
000b0413
9c0554e3
b6dff06f
00600913
e68fe06f
000d0593
000b8513
05112823
0be12823
03e12423
0bd12a23
03d12223
0bc12c23
03c12023
04d12a23
0bb12e23
0a012023
0a012223
0a012423
0a012623
f40f10ef
02012e03
02412e83
02812f03
05012883
d8050ce3
05412683
00100613
40d606b3
0cd12623
d89ff06f
00190693
00200613
cf1ff06f
00090693
00300613
ce5ff06f
0b010b93
000b8513
07112223
0be12823
0bd12a23
0bc12c23
0bb12e23
bc5f40ef
0cc10613
be1fd0ef
00058613
00050593
000b8513
9a1f40ef
09010793
00078593
02f12023
0b012783
0a010d13
08010613
08f12823
0b412783
000d0513
04c12a23
08f12a23
0b812783
08012023
08012223
08f12c23
0bc12783
08012423
08f12e23
3ffc07b7
08f12623
a11f10ef
0a012703
0a412683
0a812803
0ac12e03
000d0593
000b8513
0ae12823
04e12e23
0ad12a23
04d12823
0b012c23
03012423
0bc12e23
03c12223
0a012023
0a012223
0a012423
0a012623
e28f10ef
02412e03
02812803
05012683
05c12703
06412883
00051a63
00100793
0cf12623
06100793
46f88463
000157b7
26078393
fff90c93
07212823
06812a23
000c0913
07312c23
07812e23
06912223
07112423
07412623
04712823
00070993
00068a93
00080c13
000e0413
04c0006f
000d0593
000b8513
02f12423
02c12223
0ac12c23
0af12e23
0a912823
0b412a23
0a012023
0a012223
0a012423
0a012623
d88f10ef
fffc8593
000c0613
00040793
62050e63
00058c93
02012603
400307b7
000d0593
000b8513
08f12e23
0b312023
0b512223
0b812423
0a812623
08012823
08012a23
08012c23
8ddf10ef
000b8513
de1f30ef
00050593
00050d93
000b8513
0b012a03
0b412983
0b812483
0bc12403
eb5f30ef
0b012783
05412603
02012583
08f12023
0b412783
000d0513
09412823
08f12223
0b812783
09312a23
08912c23
08f12423
0bc12783
08812e23
08f12623
8cdf20ef
05012783
0a012483
0a412a03
01b787b3
0007c703
0a812603
0ac12783
05212e23
00e90023
fff00713
00190913
00048993
000a0a93
00060c13
00078413
eeec90e3
00090a93
00048f13
000a0e93
06812883
07412403
07012903
05012383
07812983
07c12c03
06412483
06c12a03
fff00713
3ffe06b7
000d0593
000b8513
02712223
03112023
06e12423
0be12823
07e12223
0bd12a23
05d12a23
0ac12c23
04c12823
0af12e23
02f12423
0a012023
0a012223
0a012423
0ad12623
cf0f10ef
02012883
02412383
44a04263
000d0593
000b8513
c04f10ef
02012883
02412383
06812703
00051663
001dfd93
420d9063
00170b93
017a8bb3
03000693
44074c63
001a8a93
feda8fa3
ff5b9ce3
418b87b3
02f12223
fdf8fa93
a99ff06f
02c12783
0017f793
3a079463
0dc12b83
0cc12683
418b87b3
02f12223
ffd00793
02d12023
00f6c463
02d95863
fff68793
ffe88893
0cf12623
0ff8f713
00000613
a8dff06f
0c714703
00000913
00070463
8fcfe06f
e89fd06f
02412783
2cf6cc63
02c12783
00068d13
0017f793
00078663
03412783
00f68d33
02c12783
4007f793
00078463
44d04c63
fffd4693
05812b83
41f6d693
00dd7cb3
06700893
02012423
02012623
b01ff06f
0e410613
00048593
00098513
691020ef
00050463
a29fe06f
000bc683
0ec12703
000b0613
00dc8cb3
a58ff06f
00900513
c1956263
c80ff06f
07800713
03000693
002be793
0ce104a3
0cd10423
06300713
02f12623
00012a23
14c10c13
35274463
0fc12d83
102be793
04f12c23
06012023
0f012f03
0f412e83
0f812e03
100dc863
06100793
00f88463
9a0fe06f
0b010b93
000b8513
07112223
0be12823
0bd12a23
0bc12c23
0bb12e23
f50f40ef
0cc10613
f6cfd0ef
00058613
00050593
000b8513
d2cf40ef
09010793
00078593
02f12023
0b012783
0a010d13
08010613
08f12823
0b412783
000d0513
04c12a23
08f12a23
0b812783
08012023
08012223
08f12c23
0bc12783
08012423
08f12e23
3ffc07b7
08f12623
d9cf10ef
0a012703
0a412683
0a812803
0ac12e03
000d0593
000b8513
0ae12823
04e12e23
0ad12a23
04d12823
0b012c23
03012423
0bc12e23
03c12223
0a012023
0a012223
0a012423
0a012623
9b4f10ef
02412e03
02812803
05012683
05c12703
06412883
b80508e3
000157b7
24c78393
b9dff06f
00012a23
800007b7
01b7cdb3
02d00793
06f12023
ee5ff06f
00812583
0e410613
00098513
4f1020ef
00050463
889fe06f
0cc12603
0ec12703
000b0413
b31fe06f
02d00713
0ce103a3
c84ff06f
0c714703
01512c23
02012423
02012623
02012023
00090c93
00090d13
00000913
00070463
eadfd06f
c39fd06f
00812583
0e410613
00098513
491020ef
00050463
829fe06f
0cc12603
02412783
0ec12703
000b0413
40c78633
b11fe06f
000152b7
24428c13
c2cff06f
05800713
dfdff06f
02c12783
02012703
0017f793
0127e7b3
2ae05863
26079063
02012d03
06600893
02c12783
4007f793
1c079663
fffd4693
41f6d693
05812b83
00dd7cb3
d75ff06f
000b8d93
de5fd06f
02412783
03412703
06700893
00e78d33
02012783
fcf042e3
40fd0e33
001e0d13
fffd4693
41f6d693
05812b83
00dd7cb3
d39ff06f
01270733
00160613
01542023
01242223
0ee12623
0ec12423
00700593
a6c5d863
00812583
0e410613
00098513
3b1020ef
00050463
f48fe06f
0ec12703
0e812603
000b0413
a4cff06f
00dc0cb3
04700a93
0a010d13
e74ff06f
0d610713
00061863
03000713
0ce10b23
0d710713
1b010693
03078793
40d706b3
00f70023
0dd68793
04f12223
f78ff06f
05c12783
00f3c603
000a8713
0cf12e23
fffac683
02c69063
03000593
feb70fa3
0dc12703
fff70793
0cf12e23
fff74683
fed606e3
00168613
03900593
0ff67613
00b68863
fec70fa3
000a8b93
bb5ff06f
00a3c603
fec70fa3
ff1ff06f
00190593
00098513
01112a23
e61f40ef
01412883
00050c13
18050863
00a12a23
c9dff06f
02c12783
0017f793
f0078463
efcff06f
00090a93
00048f13
000a0e93
06812883
07412403
07012903
05012383
07812983
07c12c03
06412483
06c12a03
000c8713
aa9ff06f
03012703
00c00793
00f72023
fff00793
00f12823
b5dfd06f
00090463
dd5fd06f
00100913
dcdfd06f
06700893
04012603
0ff00713
00064783
0ee78e63
02012683
00000593
00000513
00d7de63
40f686b3
00164783
04078663
00150513
00160613
fee794e3
04c12023
02b12423
02d12023
02a12623
02812783
02c12703
05812b83
00e78733
04c12783
02f70733
01a70d33
fffd4693
41f6d693
00dd7cb3
e54ff06f
00064783
00158593
fb9ff06f
03412783
06600893
00f70e33
012e0d33
d9dff06f
07000713
d50ff06f
00200793
04f12223
de0ff06f
01812783
0007a903
00478793
00095463
fff00913
0014c883
00f12c23
00070493
8b5fd06f
00079c63
05812b83
00100c93
06600893
00100d13
addff06f
03412783
05812b83
06600893
00178e13
012e0d33
fffd4693
41f6d693
00dd7cb3
ab9ff06f
02012423
02012623
f39ff06f
00812703
00c75783
0407e793
00f71623
a0dfd06f
0645a703
fd010113
000027b7
01612823
02112623
02812423
02912223
03212023
01312e23
01412c23
01512a23
01712623
01812423
00e7f7b3
00060b13
0a078863
00862783
00062b83
00058913
00050993
fff00a93
08078863
004bac03
000ba403
002c5a13
060a0663
00000493
00c0006f
00440413
049a0c63
00042583
00090613
00098513
1bd010ef
00148493
ff5512e3
fff00513
02c12083
02812403
000b2423
000b2223
02412483
02012903
01c12983
01812a03
01412a83
01012b03
00c12b83
00812c03
03010113
00008067
008b2783
ffcc7c13
418787b3
00fb2423
008b8b93
f6079ce3
00000513
fadff06f
265010ef
fa5ff06f
00862703
00070463
f05ff06f
00062223
00000513
00008067
ed010113
13212023
11612823
11712623
11812423
12112623
12812423
12912223
11312e23
11412c23
11512a23
11912223
11a12023
0fb12e23
00050c13
00058b13
00060913
00068b93
00050663
03852783
60078663
00cb1783
01279713
02074663
064b2703
000026b7
00d7e7b3
ffffe6b7
01079793
fff68693
4107d793
00d77733
00fb1623
06eb2223
0087f713
10070e63
010b2703
10070a63
01a7f793
00a00713
12e78663
000167b7
04c10a93
00000d13
b0c78793
00016cb7
000d0993
05512023
04012423
04012223
000a8413
00012423
00012c23
00012e23
02012023
00f12223
01000a13
c78c8c93
000b8d13
00094783
34078463
00090493
02500713
3ce78663
0014c783
00148493
fe079ae3
41248bb3
33248463
04812703
04412783
01242023
00eb8733
00178793
01742223
04e12423
04f12223
00700693
00840413
02f6d063
4e0706e3
04010613
000b0593
000c0513
da5ff0ef
0e051063
000a8413
0004c783
017989b3
2c078a63
0014c783
00148913
02010da3
fff00d93
00000b93
00000893
05a00493
00190913
00078693
fe068713
12e4e663
00412783
00271713
00f70733
00072783
00078067
000b0593
000c0513
d8df70ef
00050463
1740106f
00cb1783
00a00713
01a7f793
ece79ee3
00eb1783
ec07cae3
12812403
12c12083
12412483
11c12983
11812a03
11412a83
10412c83
10012d03
0fc12d83
000b8693
00090613
10c12b83
12012903
000b0593
000c0513
11012b03
10812c03
13010113
15c0106f
04010613
000b0593
000c0513
cc9ff0ef
1e050c63
00098d13
00cb5783
0407f793
00078463
0e80106f
12c12083
12812403
12412483
12012903
11c12983
11812a03
11412a83
11012b03
10c12b83
10812c03
10412c83
0fc12d83
000d0513
10012d03
13010113
00008067
00000b93
fd068793
00900613
00094683
002b9713
01770bb3
001b9b93
01778bb3
fd068793
00190913
fef672e3
fe068713
ece4fee3
16068e63
08d10623
02010da3
00100313
00100e13
08c10493
00000d93
0028ff93
000f8463
00230313
04412703
0848f293
04812783
00170613
00060593
00029663
406b86b3
1cd048e3
03b14683
02068a63
03b10713
00178793
00e42023
00100713
00e42223
04f12423
04b12223
00700713
0cb746e3
00058713
00840413
00158593
060f8863
03c10713
00278793
00e42023
00200713
00e42223
04f12423
04b12223
00700713
10b754e3
32078ae3
04010613
000b0593
000c0513
02612223
01112a23
01c12823
00512623
b71ff0ef
ea0516e3
04412703
04812783
02412303
01412883
01012e03
00c12283
000a8413
00170593
08000693
62d28863
41cd8db3
75b04863
00fe07b3
00942023
01c42223
04f12423
04b12223
00700713
5eb75a63
10078063
04010613
000b0593
000c0513
00612823
01112623
b05ff0ef
e40510e3
04812783
01012303
00c12883
000a8413
0048f893
00088663
406b84b3
0c904e63
006bd463
00030b93
017989b3
de079ee3
00094783
04012223
000a8413
cc0790e3
04812783
00098d13
de078ce3
04010613
000b0593
000c0513
aa5ff0ef
de5ff06f
000d2b83
004d0d13
280bc263
00094783
d1dff06f
00094783
0208e893
d11ff06f
0108e893
0208f793
14078863
007d0d13
ff8d7d13
004d2703
000d2783
008d0d13
00070293
16074063
fff00713
16ed8e63
0057e733
f7f8f893
16071863
640d90e3
00000313
00000e13
0f010493
1880006f
41248bb3
c52494e3
0004c783
c91ff06f
04012223
0048f893
0e088ce3
406b84b3
0e9058e3
000a8413
01000713
04412683
629752e3
00016eb7
c88e8e93
00040593
01000d93
00700893
00612623
000e8413
0180006f
00268613
00858593
00070693
ff048493
049dda63
01078793
00168713
0085a023
01b5a223
04f12423
04e12223
fce8dae3
48078263
04010613
000b0593
000c0513
999ff0ef
cc051ae3
04412683
ff048493
04812783
000a8593
00168613
00700893
fa9dcae3
00c12303
00040e93
00058413
009787b3
01d42023
00942223
04f12423
04c12223
00700713
e6c75ae3
020788e3
04010613
000b0593
000c0513
00612623
939ff0ef
c6051ae3
04812783
00c12303
e4dff06f
0108f713
000d2783
004d0d13
0e071e63
0408f713
0e070663
01079793
4107d793
41f7d293
00028713
ea0754e3
02d00693
00f03733
405002b3
02d10da3
fff00693
40e282b3
40f007b3
00dd8463
f7f8f893
0c029ee3
00900713
0cf76ae3
03078793
0ff7f793
0ef107a3
000d8313
01b04463
00100313
00100e13
0ef10493
03b14783
00f037b3
00f30333
c81ff06f
89cf80ef
9f5ff06f
000d2483
02010da3
004d0d13
3c048ee3
fff00793
01112623
26fd8ce3
000d8613
00000593
00048513
eacfb0ef
00c12883
460504e3
40950e33
fffe4313
41f35313
006e7333
00000d93
fa1ff06f
000d2783
02010da3
004d0d13
08f10623
00100313
00100e13
08c10493
c09ff06f
2008f713
3e0718e3
41f7d293
00028713
dbdff06f
41700bb3
00094783
0048e893
a95ff06f
02b00713
00094783
02e10da3
a85ff06f
00094783
0808e893
a79ff06f
00094683
02a00793
00190713
42f684e3
fd068793
00900593
00070913
00000d93
00900613
a4f5ece3
00094683
002d9713
01b70db3
001d9d93
00fd8db3
fd068793
00190913
fef672e3
a35ff06f
000c0513
01112623
9ecfb0ef
00452783
00078513
02f12023
d39fc0ef
00050793
000c0513
00f12e23
9ccfb0ef
00852703
01c12783
00c12883
00e12c23
cc0786e3
01812703
00094783
9e0700e3
00074703
9c070ce3
4008e893
9d1ff06f
00094783
0018e893
9c5ff06f
03b14703
00094783
9a071ce3
02000713
02e10da3
9adff06f
0108e713
02077793
64078a63
007d0d13
ff8d7d13
000d2783
004d2603
008d0d13
02010da3
fff00693
bff77893
0add8863
00c7e6b3
b7f77713
1e069ce3
00088e13
00000793
00070893
060d9e63
c80798e3
001e7e13
7c0e0c63
03000793
0ef107a3
000e0313
0ef10493
e09ff06f
00094783
06c00713
1ce78ee3
0108e893
92dff06f
0108ee13
020e7793
60078663
007d0d13
ff8d7d13
000d2783
004d2283
008d0d13
02010da3
fff00713
000e0893
d8ed8ce3
0057e733
f7fe7893
d80716e3
00100793
f80d86e3
00100713
24e788e3
00200713
1ae78ee3
00000793
00000613
0f010493
01d61693
0077f713
0037d793
03070713
00f6e7b3
00365613
fee48fa3
00c7e6b3
00048593
fff48493
fc069ce3
0018f793
3c078663
03000793
3cf70263
ffe58593
0f010713
40b70e33
fef48fa3
000e0313
75be4063
00058493
d39ff06f
00094783
06800713
0ee78ee3
0408e893
85dff06f
ffff8737
83074713
02e11e23
00015737
24c70713
000d2783
00000613
0028e893
004d0d13
00e12423
02010da3
fff00713
32ed8463
00c7e733
f7f8f693
30071863
00088e13
00200793
00068893
eadff06f
0208f793
6a079263
0108f793
0a079ae3
0408f793
14079ae3
2008f893
0a0882e3
000d2783
004d0d13
01378023
f44ff06f
00100713
000e0793
04912623
05c12823
05c12423
04e12223
000a8413
00840413
a3dff06f
00100613
00000693
000a8593
b4dff06f
406b8eb3
9dd058e3
01000693
15d6d4e3
00016f37
c78f0f13
00912623
00040593
01000f93
00700293
01c12823
01112a23
02612223
000e8413
000f0493
0180006f
00270613
00858593
00068713
ff040413
048fdc63
01078793
00170693
0095a023
01f5a223
04f12423
04d12223
fcd2dae3
18078c63
04010613
000b0593
000c0513
c94ff0ef
fc051863
04412703
01000f93
ff040413
04812783
000a8593
00170613
00700293
fa8fc8e3
00048f13
01012e03
01412883
02412303
00c12483
00040e93
00058413
01d787b3
01e42023
01d42223
04f12423
04c12223
00700713
54c75c63
7c078463
04010613
000b0593
000c0513
00612a23
01112823
01c12623
c18ff0ef
f4051a63
00c12e03
04412703
04812783
41cd8db3
01412303
01012883
000a8413
00170593
8bb05ce3
00016f37
c78f0f13
0bba5063
00040613
00700e93
000d8413
01c12623
01112823
00612a23
000c8d93
0180006f
00270593
00860613
00068713
ff040413
048a5a63
01078793
00170693
01962023
01462223
04f12423
04d12223
fcdedae3
06078a63
04010613
000b0593
000c0513
b80ff0ef
ea051e63
04412703
ff040413
04812783
000a8613
00170593
00700e93
fa8a4ae3
00c12e03
01012883
01412303
000d8f13
00040d93
00060413
01b787b3
01e42023
01b42223
04f12423
04b12223
00700713
22b74063
00840413
00158593
fe8ff06f
00100593
00000713
000a8613
f5dff06f
00100613
00000713
000a8593
e39ff06f
04078a63
04010613
000b0593
000c0513
02612423
03112223
01c12a23
00512823
01f12623
ad8ff0ef
e0051a63
04412703
04812783
02812303
02412883
01412e03
01012283
00c12f83
000a8413
00170593
ef4ff06f
3e0f8863
03c10793
04f12623
00200793
04f12823
00100593
000a8413
00058713
00840413
00158593
f38ff06f
00200713
00068893
c2070ce3
00812583
0f010493
00f7f713
00e58733
00074683
0047d793
01c61713
00f767b3
00465613
fed48fa3
00c7e733
fff48493
fc071ce3
0f010793
40978e33
000e0313
99be54e3
000d8313
981ff06f
01000593
62d5dc63
00016eb7
c88e8e93
00912a23
00040593
01000f13
00700393
01f12623
00512823
03c12223
03112423
02612623
00068413
000e8493
01c0006f
00270513
00858593
00060713
ff040413
048f5c63
00170613
01078793
0095a023
01e5a223
04f12423
04c12223
fcc3dae3
08078463
04010613
000b0593
000c0513
9a4ff0ef
ce051063
04412703
01000f13
ff040413
04812783
000a8593
00170513
00700393
fa8f48e3
00048e93
00c12f83
01012283
02412e03
02812883
02c12303
01412483
00040693
00058413
00d787b3
01d42023
00d42223
04f12423
04a12223
00700713
0ea74a63
00840413
00150593
00050713
d40ff06f
00000713
00100513
000a8593
f49ff06f
006bd463
00030b93
017989b3
e44ff06f
bc0782e3
04010613
000b0593
000c0513
00612a23
01112823
01c12623
8f0ff0ef
c2051663
04412583
04812783
01412303
01012883
00c12e03
000a8413
00158593
d94ff06f
04012223
000a8413
b28ff06f
01077693
000d2783
004d0d13
02069263
04077693
00068a63
01079793
0107d793
00000613
9a1ff06f
20077693
44069a63
00000613
991ff06f
010e7713
000d2783
004d0d13
00071a63
040e7713
3e070863
01079793
0107d793
00000293
9e9ff06f
00100593
00000713
000a8413
d08ff06f
26078863
04010613
000b0593
000c0513
02612423
03112223
01c12a23
00512823
01f12623
828ff0ef
b6051263
04412703
04812783
02812303
02412883
01412e03
01012283
00c12f83
000a8413
00170593
c0cff06f
ccccdeb7
ccde8313
01812803
4008ff13
00000613
0f010593
00500e13
ccce8e93
0ff00f93
0540006f
00f4b733
00e48733
03c77733
40e78733
00e7b5b3
40b285b3
03d703b3
026585b3
02673533
007585b3
02670733
00a585b3
01f59513
0015d593
00175713
00e56733
32028a63
00058293
00070793
00068593
005784b3
00f4b733
00e48733
03c77733
fff58693
00160613
40e78733
00e7b3b3
407283b3
02673533
026383b3
02670733
00a383b3
01f39393
00175513
00a3e533
00251713
00a70733
00171713
40e78733
03070713
fee58fa3
f40f0ce3
00084703
f4c718e3
f5f606e3
16029063
00900713
14f76c63
0f010793
40d78e33
01012c23
00068493
000e0313
e5be5863
000d8313
e48ff06f
00000313
0f010493
e3cff06f
00840413
00160593
00060713
b94ff06f
000d2783
41f9d713
004d0d13
0137a023
00e7a223
8b4ff06f
00000713
00100593
000a8413
b64ff06f
000d8313
00058493
df8ff06f
00088e13
805ff06f
000157b7
26078793
00f12423
0208f793
04078e63
007d0d13
ff8d7d13
000d2783
004d2603
008d0d13
0018f713
00070e63
00c7e733
00070a63
03000713
02e10e23
02d10ea3
0028e893
bff8f893
8a9ff06f
00088713
f2cff06f
000157b7
24c78793
00f12423
0208f793
fa0796e3
0108f713
000d2783
004d0d13
12071663
0408f713
10070e63
01079793
0107d793
00000613
f99ff06f
00048513
bb4fc0ef
fff54313
41f35313
00c12883
00050e13
00657333
00000d93
d38ff06f
03b14703
18070863
03b10793
04f12623
00100793
04f12823
00100593
000a8413
9f8ff06f
02f12223
01c12783
02012583
02512423
40f686b3
00078613
00068513
01e12c23
01112a23
01012823
00d12623
bd0fc0ef
02412783
00500613
01012803
00f4b733
00e48733
02c77733
00184583
02812283
ccccd3b7
00b035b3
00b80833
ccd38513
ccc38393
00c12683
01412883
01812f03
00000613
00500e13
00050313
0ff00f93
40e78733
00e7b5b3
40b285b3
027703b3
02a585b3
02a732b3
007585b3
02a707b3
005585b3
01f59713
0015d593
0017d793
00f76733
ccccd7b7
ccc78e93
d71ff06f
2008f713
0c071c63
00000613
e81ff06f
00070893
00000713
ea070263
a6dff06f
00194783
2008e893
00190913
f5dfe06f
00194783
0208e893
00190913
f4dfe06f
000d2783
004d0d13
0137a023
ea5fe06f
00600793
000d8e13
05b7e863
000154b7
000e0313
27448493
870ff06f
00000793
00000613
a15ff06f
200e7713
c0070ce3
0ff7f793
00000293
df8ff06f
00100593
00000713
000a8413
920ff06f
00900513
ccf566e3
d49ff06f
00600e13
fb1ff06f
00100593
000a8413
888ff06f
0ff7f793
00000613
d3cff06f
01879793
4187d793
41f7d293
00028713
9c8ff06f
0ff7f793
00000613
da9ff06f
000d2783
004d0d13
01379023
dfdfe06f
03000793
b3cff06f
000d8313
000d8e13
00000d93
b44ff06f
00016eb7
00060513
c88e8e93
a85ff06f
00016eb7
00168613
c88e8e93
a64ff06f
fff00d13
f19fe06f
00016f37
00058613
c78f0f13
f64ff06f
000d2d83
004d0d13
000dd463
fff00d93
00194783
00070913
e29fe06f
00050793
1a41a503
00060693
00058613
00078593
c8dfe06f
00c59783
00e5d703
0645a303
ffd7f793
01079793
01c5a883
0245a803
01071713
0107d793
b8010113
00e7e7b3
46812c23
40000713
00f12a23
00058413
07010793
00810593
46912a23
47212823
46112e23
00050913
06612623
03112223
03012623
00f12423
00f12c23
00e12823
00e12e23
02012023
c15fe0ef
00050493
02055c63
01415783
0407f793
00078863
00c45783
0407e793
00f41623
47c12083
47812403
47012903
00048513
47412483
48010113
00008067
00810593
00090513
e95f60ef
fc0500e3
fff00493
fb9ff06f
1101a783
00078067
02058463
0ff00793
00c7e863
00c58023
00100513
00008067
08a00793
00f52023
fff00513
00008067
00000513
00008067
ff010113
00058713
00812423
00912223
00060593
00050413
200034b7
00068613
00070513
00112623
1e04a423
801ee0ef
fff00793
00f50c63
00c12083
00812403
00412483
01010113
00008067
1e84a783
fe0784e3
00c12083
00f42023
00812403
00412483
01010113
00008067
1a41a703
ff010113
00068793
00060813
00112623
00c72883
00050693
00058713
00078613
02080063
000167b7
c9878793
000165b7
ca858593
00088513
2d0000ef
089020ef
00015837
20880793
20880813
fe1ff06f
ff010113
00060693
00000613
00112623
f9dff0ef
02c5b7b3
ff010113
00112623
00812423
02c585b3
0a079063
e3cf30ef
00050413
0a050063
ffc52603
02400713
ffc67613
ffc60613
04c76863
01300693
00050793
02c6f263
00052023
00052223
01b00793
04c7f863
00052423
00052623
01050793
06e60c63
0007a023
0007a223
0007a423
00c12083
00040513
00812403
01010113
00008067
00000593
931ee0ef
00c12083
00040513
00812403
01010113
00008067
00850793
0007a023
0007a223
0007a423
fc1ff06f
094000ef
00c00793
00f52023
00000413
00c12083
00040513
00812403
01010113
00008067
00052823
01850793
00052a23
f81ff06f
ff010113
00812423
00912223
00050413
200034b7
00058513
00112623
1e04a423
ea4ee0ef
fff00793
00f50c63
00c12083
00812403
00412483
01010113
00008067
1e84a783
fe0784e3
00c12083
00f42023
00812403
00412483
01010113
00008067
1a41a503
00008067
ff010113
00112623
00812423
00912223
01212023
02058063
00058413
00050493
00050663
03852783
0a078c63
00c41783
02079263
00c12083
00812403
00000913
00412483
00090513
00012903
01010113
00008067
00040593
00048513
981f60ef
02c42783
00050913
00078a63
01c42583
00048513
000780e7
06054c63
00c45783
0807f793
06079e63
03042583
00058c63
04040793
00f58663
00048513
938f70ef
02042823
04442583
00058863
00048513
924f70ef
04042223
fb1f60ef
00041623
fadf60ef
00c12083
00812403
00412483
00090513
00012903
01010113
00008067
f79f60ef
00c41783
f40786e3
f69ff06f
00c45783
fff00913
0807f793
f80786e3
01042583
00048513
8ccf70ef
f7dff06f
00050593
1a41a503
ee9ff06f
fc010113
02c10313
02d12623
00030693
00112e23
02e12823
02f12a23
03012c23
03112e23
00612623
81dfe0ef
01c12083
04010113
00008067
00050e13
fc010113
1a41a503
02810313
02c12423
02d12623
00058613
00030693
000e0593
00112e23
02e12823
02f12a23
03012c23
03112e23
00612623
fd0fe0ef
01c12083
04010113
00008067
fe010113
00812c23
00912a23
01212823
00112e23
00050913
00058493
00060413
97cfa0ef
00100793
00f51c63
fff48793
0fe00713
00f76663
00910623
0240006f
05c40693
00048613
00c10593
00090513
420020ef
fff00793
08f50463
02050c63
00842783
00c14583
fff78793
00f42423
0007da63
01842703
02e7cc63
00a00793
02f58863
00042783
00178713
00e42023
00b78023
01c12083
01812403
01012903
00048513
01412483
02010113
00008067
00040613
00090513
230020ef
fff00793
fcf51ae3
fff00513
01c12083
01812403
01412483
01012903
02010113
00008067
00c45783
fff00513
0407e793
00f41623
fd9ff06f
00c61783
01279713
02074063
06462703
000026b7
00d7e7b3
000026b7
00d76733
00f61623
06e62223
ee5ff06f
fe010113
00812c23
1a41a403
00112e23
00058613
00050593
00040663
03842783
04078063
00c61783
01279713
02074063
06462703
000026b7
00d7e7b3
000026b7
00d76733
00f61623
06e62223
00040513
01812403
01c12083
02010113
e85ff06f
00a12423
00040513
00c12623
d2df60ef
00c12603
00812583
fadff06f
ff010113
00058713
00812423
00912223
00050413
200034b7
00060593
00070513
00112623
1e04a423
b00ee0ef
fff00793
00f50c63
00c12083
00812403
00412483
01010113
00008067
1e84a783
fe0784e3
00c12083
00f42023
00812403
00412483
01010113
00008067
00862783
30078a63
00c59683
fd010113
02812423
01412c23
01612823
02112623
02912223
03212023
01312e23
01512a23
01712623
01812423
01912223
0086f793
00060b13
00050a13
00058413
08078663
0105a783
08078263
0026f793
000b2483
08078c63
02442783
01c42583
80000ab7
00000993
00000913
c00aca93
00098613
000a0513
04090263
00090693
012af463
000a8693
000780e7
26a05663
008b2783
00a989b3
40a90933
40a787b3
00fb2423
20078663
02442783
01c42583
00098613
000a0513
fc0912e3
0004a983
0044a903
00848493
fa9ff06f
00040593
000a0513
c18f60ef
22051663
00c41683
000b2483
0026f793
f60798e3
0016f793
12079c63
00042783
00842703
80000ab7
00000b93
00000993
fffaca93
00078513
00070c13
10098263
2006f613
24060c63
00070c93
2ee9e463
4806f713
08070a63
01442603
01042583
00161713
00c70733
40b78933
01f75c13
00ec0c33
00190793
401c5c13
013787b3
000c0613
00fc7663
00078c13
00078613
4006f693
2c068c63
00060593
000a0513
fddf20ef
00050c93
30050063
01042583
00090613
3d0000ef
00c45783
b7f7f793
0807e793
00f41623
012c8533
412c07b3
01942823
01842a23
00a42023
00098c13
00f42423
00098c93
000c8613
000b8593
538000ef
00842703
00042783
00098913
41870733
019787b3
00e42423
00f42023
00000993
008b2783
012b8bb3
412787b3
00fb2423
0a078a63
00042783
00842703
00c41683
00078513
00070c13
f00992e3
0004ab83
0044a983
00848493
ee9ff06f
00000a93
00000513
00000c13
00000993
0c098e63
0e050663
000a8793
00098b93
0137f463
00078b93
00042503
01042783
00842903
01442683
00a7f663
00d90933
0f794063
1adbc663
02442783
01c42583
000c0613
000a0513
000780e7
00050913
06a05863
412a8ab3
00100513
040a8a63
008b2783
012c0c33
412989b3
412787b3
00fb2423
f80796e3
00000513
02c12083
02812403
02412483
02012903
01c12983
01812a03
01412a83
01012b03
00c12b83
00812c03
00412c83
03010113
00008067
00040593
000a0513
d88f60ef
fa0502e3
00c41783
0407e793
00f41623
fff00513
fadff06f
00000513
00008067
0044a983
00048793
00848493
fe098ae3
0007ac03
00098613
00a00593
000c0513
fb5f90ef
12050e63
00150513
41850ab3
efdff06f
000c0593
00090613
3b0000ef
00042783
00040593
000a0513
012787b3
00f42023
d10f60ef
f20500e3
f89ff06f
01042683
04f6e263
01442603
02c9ee63
00098793
013af463
000a8793
02c7e6b3
02442703
01c42583
000b8613
000a0513
40d786b3
000700e7
00050913
f4a054e3
412989b3
e35ff06f
00070913
00e9f463
00098913
00078513
00090613
000b8593
32c000ef
00842703
00042783
41270733
012787b3
00e42423
00f42023
fc0712e3
00040593
000a0513
c7cf60ef
ee051ce3
412989b3
de5ff06f
00098c13
00098c93
dadff06f
000b8613
000c0593
2e0000ef
00842703
00042783
000b8913
41770733
017787b3
00e42423
00f42023
e4dff06f
000a0513
440000ef
00050c93
d40518e3
01042583
000a0513
9c9f60ef
00c41783
00c00713
00ea2023
f7f7f793
e8dff06f
00198793
00078a93
dc9ff06f
00c00713
00c41783
00ea2023
e71ff06f
ff010113
00812423
00912223
00050413
200034b7
00058513
00112623
1e04a423
e15ed0ef
fff00793
00f50c63
00c12083
00812403
00412483
01010113
00008067
1e84a783
fe0784e3
00c12083
00f42023
00812403
00412483
01010113
00008067
ff010113
00058713
00812423
00912223
00060593
00050413
200034b7
00068613
00070513
00112623
1e04a423
db1ed0ef
fff00793
00f50c63
00c12083
00812403
00412483
01010113
00008067
1e84a783
fe0784e3
00c12083
00f42023
00812403
00412483
01010113
00008067
00b547b3
0037f793
00c508b3
06079463
00300793
06c7f063
00357793
00050713
06079a63
ffc8f613
40e606b3
02000793
08d7ce63
00058693
00070793
02c77863
0006a803
00478793
00468693
ff07ae23
fec7e8e3
fff60793
40e787b3
ffc7f793
00478793
00f70733
00f585b3
01176863
00008067
00050713
05157863
0005c783
00170713
00158593
fef70fa3
fee898e3
00008067
0005c683
00170713
00377793
fed70fa3
00158593
f6078ee3
0005c683
00170713
00377793
fed70fa3
00158593
fc079ae3
f61ff06f
00008067
ff010113
00812623
02000413
0005a383
0045a283
0085af83
00c5af03
0105ae83
0145ae03
0185a303
01c5a803
0205a683
02470713
40e607b3
fc772e23
fe572023
fff72223
ffe72423
ffd72623
ffc72823
fe672a23
ff072c23
fed72e23
02458593
faf446e3
00058693
00070793
02c77863
0006a803
00478793
00468693
ff07ae23
fec7e8e3
fff60793
40e787b3
ffc7f793
00478793
00f70733
00f585b3
01176863
00c12403
01010113
00008067
0005c783
00170713
00158593
fef70fa3
fee882e3
0005c783
00170713
00158593
fef70fa3
fce89ee3
fcdff06f
02a5f663
00c58733
02e57263
00c507b3
04060663
fff74683
fff78793
fff70713
00d78023
fef518e3
00008067
00f00793
02c7e863
00050793
fff60693
0c060a63
00168693
00d786b3
0005c703
00178793
00158593
fee78fa3
fed798e3
00008067
00b567b3
0037f793
08079e63
ff060893
ff08f893
01088893
011507b3
00058693
00050713
0006a803
01068693
01070713
ff072823
ff46a803
ff072a23
ff86a803
ff072c23
ffc6a803
ff072e23
fcf71ce3
00c67713
011585b3
00f67813
04070c63
00058693
00078713
01078eb3
00300e13
0006a303
00470713
40ee88b3
fe672e23
00468693
ff1e66e3
ffc80713
ffc77713
00470713
00367613
00e787b3
00e585b3
f39ff06f
fff60693
00050793
f35ff06f
00008067
00080613
f21ff06f
ff010113
00058713
00812423
00912223
00060593
00050413
200034b7
00068613
00070513
00112623
1e04a423
a8ded0ef
fff00793
00f50c63
00c12083
00812403
00412483
01010113
00008067
1e84a783
fe0784e3
00c12083
00f42023
00812403
00412483
01010113
00008067
fd010113
02912223
02112623
02812423
03212023
01312e23
01412c23
01512a23
01612823
01712623
01812423
00060493
1c058263
00058413
00050913
824f30ef
ffc42703
00b48793
01600693
ff840a93
ffc77993
0ef6f663
ff87fa13
0e07c663
0e9a6463
1149d463
200007b7
00078c13
008c2603
013a86b3
0046a783
1cd60e63
ffe7f613
00c68633
00462603
00167613
14061463
ffc7f793
00f98633
0b465e63
00177713
02071463
ff842b83
417a8bb3
004ba703
ffc77713
00e787b3
01378b33
334b5463
00e98b33
294b5663
00048593
00090513
ff8f20ef
00050493
40050263
ffc42783
ff850713
ffe7f793
00fa87b3
24e78a63
ffc98613
02400793
2ec7e063
01300713
20c76e63
00050793
00040713
00072683
00d7a023
00472683
00d7a223
00872703
00e7a423
00090513
00040593
c6cf60ef
00090513
f2df20ef
0680006f
01000a13
f29a70e3
00c00793
00f92023
00000493
0500006f
00c6a783
0086a703
00060993
00f72623
00e7a423
004aa783
414986b3
00f00613
0017f793
013a8733
0ad66463
0137e7b3
00faa223
00472783
0017e793
00f72223
00090513
ec9f20ef
00040493
02c12083
02812403
02012903
01c12983
01812a03
01412a83
01012b03
00c12b83
00812c03
00048513
02412483
03010113
00008067
00177713
ee0718e3
ff842b83
417a8bb3
004ba703
ffc77713
ed5ff06f
02812403
02c12083
02412483
02012903
01c12983
01812a03
01412a83
01012b03
00c12b83
00812c03
00060593
03010113
ea8f206f
0147e7b3
00faa223
014a85b3
0016e693
00d5a223
00472783
00858593
00090513
0017e793
00f72223
b4cf60ef
f45ff06f
ffc7f793
013786b3
010a0613
22c6de63
00177713
e60710e3
ff842b83
417a8bb3
004ba703
ffc77713
00e787b3
01378b33
e2cb4ee3
00cba783
008ba703
ffc98613
02400693
00f72623
00e7a423
008b8493
26c6e263
01300713
00048793
02c77263
00042703
01b00793
00eba423
00442703
00eba623
24c7e863
00840413
010b8793
00042703
00e7a023
00442703
00e7a223
00842703
00e7a423
014b8733
414b0b33
00ec2423
001b6793
00f72223
004ba783
00090513
0017f793
0147e7b3
00fba223
d4df20ef
e89ff06f
00042683
01b00713
00d52023
00442683
00d52223
14c76663
00840713
00850793
dd1ff06f
ffc52783
ffc7f793
00f989b3
e1dff06f
00cba783
008ba703
ffc98613
02400693
00f72623
00e7a423
008b8493
10c6e063
01300713
00048793
02c77c63
00042703
01b00793
00eba423
00442703
00eba623
14c7f063
00842783
00fba823
00c42783
00fbaa23
0ad60663
01040413
018b8793
00042703
00e7a023
00442703
00e7a223
00842703
00e7a423
00048413
000b0993
000b8a93
d95ff06f
00040593
a99ff0ef
d45ff06f
00c6a783
0086a703
ffc98613
02400693
00f72623
00e7a423
008ba703
00cba783
008b8493
00f72623
00e7a423
04c6ee63
01300713
00048793
f8c77ae3
00042703
01b00793
00eba423
00442703
00eba623
08c7fe63
00842703
02400793
00eba823
00c42703
00ebaa23
f4f61ee3
01042703
020b8793
01840413
00ebac23
ffc42703
00ebae23
f49ff06f
00040593
00048513
a01ff0ef
f51ff06f
00842703
00e52423
00c42703
00e52623
06f60063
01040713
01050793
c75ff06f
014a8ab3
414686b3
015c2423
0016e793
00faa223
ffc42783
00090513
00040493
0017f793
0147e7b3
fef42e23
b99f20ef
cd5ff06f
00840413
010b8793
ed9ff06f
00090513
b81f20ef
00000493
cb9ff06f
01042683
01840713
01850793
00d52823
01442683
00d52a23
c09ff06f
00040593
00048513
965ff0ef
dd9ff06f
00842783
00fba823
00c42783
00fbaa23
00d60863
01040413
018b8793
da1ff06f
01042703
020b8793
01840413
00ebac23
ffc42703
00ebae23
d85ff06f
00862783
fd010113
01312e23
01412c23
02112623
02812423
02912223
03212023
01512a23
01612823
01712623
01812423
00062983
00060a13
14078c63
0085a703
0005a783
00050a93
00058493
00000b93
00000913
0e00006f
00c49703
48077693
08068a63
0144a603
0104a583
00161693
00c686b3
40b78433
01f6db13
00db0b33
00140793
401b5b13
012787b3
000b0613
00fb7663
00078b13
00078613
40077713
0a070a63
00060593
000a8513
ac8f20ef
00050c13
0a050e63
0104a583
00040613
ebcff0ef
00c4d783
b7f7f793
0807e793
00f49623
408b07b3
008c0533
0164aa23
0184a823
00a4a023
00090b13
00f4a423
00090413
00040613
000b8593
825ff0ef
0084a703
0004a783
008a2683
41670733
008787b3
00e4a423
00f4a023
412686b3
00da2423
06068663
0009ab83
0049a903
00898993
00070b13
00078513
fe0906e3
00070413
f0e97ae3
00090b13
00090413
fa5ff06f
000a8513
951ff0ef
00050c13
f6051ae3
0104a583
000a8513
ed9f50ef
00c4d783
00c00713
00eaa023
0407e793
00f49623
000a2423
fff00513
0080006f
00000513
02c12083
02812403
000a2223
02412483
02012903
01c12983
01812a03
01412a83
01012b03
00c12b83
00812c03
03010113
00008067
00c5d783
ed010113
11312e23
11612823
11712623
11912223
12112623
12812423
12912223
13212023
11412c23
11512a23
11812423
11a12023
0fb12e23
0807f793
00058b93
00050c93
00060993
00068b13
00078663
0105a783
6c078ee3
000167b7
04c10c13
00000d93
ddc78793
00016d37
01912223
05812023
04012423
04012223
00000493
000c0413
00012623
00012c23
00012e23
02012023
00f12423
01000a93
f48d0d13
000d8c93
000b0813
0009c783
1c078863
00098913
02500713
26e78263
00194783
00190913
fe079ae3
41390a33
1b390863
04412783
014484b3
01342023
00178793
01442223
04912423
04f12223
00700713
00840413
22f74c63
00094783
014c8cb3
16078e63
00194783
00190993
02010da3
fff00913
00000b13
00000d93
05a00a13
00198993
00078693
fe068713
04ea6663
00812783
00271713
00f70733
00072783
00078067
00000b13
fd068793
00900613
0009c683
002b1713
01670b33
001b1b13
01678b33
fd068793
00198993
fef672e3
fe068713
faea7ee3
10068263
08d10623
02010da3
00100693
00100e93
08c10a13
00000913
002dff93
000f8463
00268693
084dff13
04412783
000f1663
40db0733
2ce040e3
03b14703
02070863
03b10713
00e42023
00178793
00100713
00148493
00e42223
04912423
04f12223
00700713
00840413
1cf74063
020f8863
03c10713
00e42023
00178793
00200713
00248493
00e42223
04912423
04f12223
00700713
00840413
38f744e3
08000713
68ef0263
41d90933
79204a63
01d484b3
00178793
01442023
01d42223
04912423
04f12223
00700713
00840413
06f748e3
004dfd93
000d8663
40db0933
19204c63
00db5463
00068b13
016c8cb3
080490e3
0009c783
04012223
000c0413
e2079ce3
000c8d93
00412c83
0c048a63
04010613
000b8593
000c8513
ba1ff0ef
0c00006f
00082b03
00480813
060b4463
0009c783
e75ff06f
0009c783
020ded93
e69ff06f
010ded93
020df793
20078c63
00780813
ff887813
00482703
00082783
00880813
00070893
22074463
fff00713
24e90263
0117e733
f7fdfd93
22071c63
5e0918e3
00000693
00000e93
0f010a13
3400006f
41600b33
0009c783
004ded93
e09ff06f
41390a33
db3918e3
00094783
dd9ff06f
00412503
04010613
000b8593
01012823
af9ff0ef
00051a63
04812483
01012803
000c0413
da9ff06f
000c8d93
00cbd783
0407f793
5a0794e3
12c12083
12812403
12412483
12012903
11c12983
11812a03
11412a83
11012b03
10c12b83
10812c03
10412c83
10012d03
000d8513
0fc12d83
13010113
00008067
00412503
04010613
000b8593
03012623
03d12423
02d12223
01e12a23
01f12823
a71ff0ef
f80516e3
04812483
04412783
02c12803
02812e83
02412683
01412f03
01012f83
000c0413
dfdff06f
00016e37
01000713
04412783
f58e0e13
09275863
00d12823
00040713
00048693
00090413
01000a13
00700d93
00080913
000e0493
00c0006f
ff040413
048a5663
01068693
00178793
00972023
01472223
04d12423
04f12223
00870713
fcfddee3
00412503
04010613
000b8593
9d9ff0ef
ee051ae3
ff040413
04812683
04412783
000c0713
fa8a4ee3
00048e13
00068493
01012683
00090813
00040913
00070413
012484b3
00178793
01c42023
01242223
04912423
04f12223
00700713
daf758e3
00412503
04010613
000b8593
01012a23
00d12823
971ff0ef
e80516e3
04812483
01412803
01012683
d85ff06f
010df713
00082783
00480813
0e071463
040df713
0c070c63
01079793
4107d793
41f7d893
00088713
de0750e3
02d00693
00f03733
411008b3
02d10da3
fff00693
40e888b3
40f007b3
00d90463
f7fdfd93
62089c63
00900713
62f76863
03078793
0ff7f793
0ef107a3
00090693
01204463
00100693
00100e93
0ef10a13
0f00006f
00082a03
02010da3
00480813
2e0a0ce3
fff00793
01012823
18f90ce3
00090613
00000593
000a0513
db9f80ef
01012803
360502e3
41450eb3
fffec693
41f6d693
00def6b3
00000913
0a40006f
00082783
02010da3
00480813
08f10623
00100693
00100e93
08c10a13
bcdff06f
200df713
300714e3
41f7d893
00088713
d09ff06f
ffff8737
83074713
02e11e23
00015737
24c70713
00082783
00000613
002ded93
00480813
00e12623
02010da3
fff00713
50e90663
00c7e733
f7fdf693
4e071a63
000d8e93
00200793
00068d93
06091a63
cc0798e3
001efe93
000e86e3
03000793
0ef107a3
000e8693
0ef10a13
03b14783
00f037b3
00f686b3
b41ff06f
010dee93
020ef793
7a078c63
00780813
ff887813
00082783
00482883
00880813
02010da3
fff00713
000e8d93
eae904e3
0117e733
f7fefd93
e8071ee3
00100793
f8090ae3
00100713
24e784e3
00200713
1ce78ce3
00000793
00000613
0f010a13
01d61693
0077f713
0037d793
03070713
00f6e7b3
00365613
feea0fa3
00c7e6b3
000a0593
fffa0a13
fc069ce3
001df793
56078863
03000793
56f70463
ffe58593
0f010713
40b70eb3
fefa0fa3
000e8693
752ece63
00058a13
f39ff06f
0009c783
080ded93
a05ff06f
020df793
72079463
010df793
120792e3
040df793
16079ce3
200dfd93
100d8ae3
00082783
00480813
01978023
95dff06f
0009c783
06c00713
0ee784e3
010ded93
9c1ff06f
0009c783
06800713
0ce782e3
040ded93
9adff06f
010de713
02077793
66078063
00780813
ff887813
00082783
00482603
00880813
02010da3
fff00693
bff77d93
f0d908e3
00c7e6b3
b7f77713
060698e3
000d8e93
00000793
00070d93
e69ff06f
00412503
01012823
f88f80ef
00452783
00078513
02f12023
ad4fa0ef
00050793
00412503
00f12e23
f68f80ef
00852703
01c12783
01012803
00e12c23
aa0784e3
01812703
0009c783
90070ae3
00074703
900706e3
400ded93
905ff06f
0009c783
001ded93
8f9ff06f
03b14703
0009c783
8e0716e3
02000713
02e10da3
8e1ff06f
0009c683
02a00793
00198713
0cf680e3
fd068793
00900593
00070993
00000913
00900613
8cf5e0e3
0009c683
00291713
01270933
00191913
00f90933
fd068793
00198993
fef672e3
89dff06f
02b00713
0009c783
02e10da3
885ff06f
40db0733
96e05ee3
00016e37
01000613
f48e0e13
0ae65063
00d12823
00048613
00040693
01000893
00700f13
01d12a23
00070413
03012223
000e0493
00c0006f
ff040413
0488da63
01060613
00178793
0096a023
0116a223
04c12423
04f12223
00868693
fcff5ee3
00412503
04010613
000b8593
d20ff0ef
a2051ee3
01000893
ff040413
04812603
04412783
000c0693
00700f13
fa88cae3
00040713
01412e83
00068413
02412803
01012683
00048e13
00060493
00e484b3
00178793
00e42223
01c42023
04912423
04f12223
00700713
00840413
8af756e3
00412503
04010613
000b8593
03012223
01d12a23
00d12823
ca4ff0ef
9c0510e3
01412e83
04812483
04412783
41d90933
02412803
01012683
000c0413
87205ae3
00016e37
f48e0e13
092adc63
00d12823
00048613
00040693
00700713
00090413
01d12a23
00080493
000d0913
00c0006f
ff040413
048ad863
01060613
00178793
01a6a023
0156a223
04c12423
04f12223
00868693
fcf75ee3
00412503
04010613
000b8593
c18ff0ef
92051ae3
ff040413
04812603
04412783
000c0693
00700713
fa8acce3
00090e13
01412e83
00040913
00068413
01012683
00048813
00060493
012484b3
00178793
01c42023
01242223
04912423
04f12223
00700713
00840413
faf75863
00412503
04010613
000b8593
03012223
01d12a23
00d12823
ba0ff0ef
8a051ee3
04812483
04412783
02412803
01412e83
01012683
000c0413
f74ff06f
00412503
04010613
000b8593
01012a23
00d12823
b68ff0ef
880512e3
04812483
01412803
01012683
000c0413
f68ff06f
00412503
04010613
000b8593
01012823
b3cff0ef
84051ce3
04812483
01012803
f64ff06f
00200713
00068d93
ba0700e3
00c12583
0f010a13
00f7f713
00e58733
00074683
0047d793
01c61713
00f767b3
00465613
feda0fa3
00c7e733
fffa0a13
fc071ce3
0f010793
41478eb3
00090693
afd958e3
000e8693
ae9ff06f
ccccdf37
ccdf0e13
01812303
400dff93
00000513
0f010593
00500e93
cccf0f13
0ff00293
0540006f
00fa3733
00ea0733
03d77733
40e78733
00e7b633
40c88633
03e703b3
03c60633
03c735b3
00760633
03c70733
00b60633
01f61593
00165613
00175713
00e5e733
4c088a63
00070793
00060893
00068593
01178a33
00fa3733
00ea0733
03d77733
fff58693
00150513
40e78733
00e7b3b3
407883b3
03c73633
03c383b3
03c70733
00c383b3
01f39393
00175613
00c3e633
00261713
00c70733
00171713
40e78733
03070713
fee58fa3
f40f8ce3
00034703
f4a718e3
f45506e3
30089663
00900713
30f76263
00068a13
00612c23
0f010793
41478eb3
000e8693
9f2ed2e3
00090693
9ddff06f
00016e37
01000613
f58e0e13
0ae65863
02d12223
00048613
00040693
01000893
00700293
01f12823
01e12a23
03d12423
00070413
03012623
000e0493
00c0006f
ff040413
0488da63
01060613
00178793
0096a023
0116a223
04c12423
04f12223
00868693
fcf2dee3
00412503
04010613
000b8593
950ff0ef
e6051663
01000893
ff040413
04812603
04412783
000c0693
00700293
fa88cae3
00040713
01012f83
00068413
01412f03
02812e83
02412683
02c12803
00048e13
00060493
00e484b3
00178793
00e42223
01c42023
04912423
04f12223
00700713
00840413
c6f75463
00412503
04010613
000b8593
03012623
03d12423
02d12223
01e12a23
01f12823
8c4ff0ef
de051063
04812483
04412783
02c12803
02812e83
02412683
01412f03
01012f83
000c0413
c1cff06f
00412503
04010613
000b8593
03012423
03d12223
00d12a23
01e12823
87cff0ef
d8051c63
04812483
04412783
02812803
02412e83
01412683
01012f03
000c0413
c3cff06f
01077693
00082783
00480813
02069263
04077693
00068a63
01079793
0107d793
00000613
995ff06f
20077693
2a069e63
00000613
985ff06f
010ef713
00082783
00480813
00071a63
040ef713
26070063
01079793
0107d793
00000893
83dff06f
00000693
0f010a13
801ff06f
00082783
41fcd713
00480813
0197a023
00e7a223
a48ff06f
00090693
00058a13
fdcff06f
000d8e93
fe8ff06f
000d8713
901ff06f
000157b7
26078793
00f12623
020df793
04078a63
00780813
ff887813
00082783
00482603
00880813
001df713
00070e63
00c7e733
00070a63
03000713
02e10e23
02d10ea3
002ded93
bffdfd93
f38ff06f
000157b7
24c78793
00f12623
020df793
fa079ae3
010df713
00082783
00480813
12071463
040df713
10070c63
01079793
0107d793
00000613
fa1ff06f
000a0513
ba1f90ef
fff54693
41f6d693
01012803
00050e93
00d576b3
00000913
f1cff06f
04000593
a74f10ef
00aba023
00aba823
1c050063
04000793
00fbaa23
90cff06f
02f12423
01c12783
02012583
03112623
40f686b3
00078613
00068513
03012223
00612c23
01f12a23
00d12823
bc1f90ef
02812783
00500613
01812303
00fa3733
00ea0733
02c77733
00134603
02c12883
ccccd3b7
00c03633
00c30333
ccd38593
ccc38393
01012683
01412f83
02412803
00000513
00500e93
00058e13
0ff00293
40e78733
00e7b633
40c88633
027703b3
02b60633
02b738b3
00760633
02b707b3
01160633
01f61713
00165613
0017d793
00f76733
ccccd7b7
ccc78f13
bc5ff06f
200df713
0a071463
00000613
e8dff06f
00070d93
00000713
e8070663
aedff06f
0019c783
200ded93
00198993
8e4ff06f
0019c783
020ded93
00198993
8d4ff06f
00082783
00480813
0197a023
84cff06f
00600793
00090e93
0127f463
00600e93
00015a37
000e8693
274a0a13
914ff06f
00000793
00000613
a91ff06f
200ef713
da0704e3
0ff7f793
00000893
ddcff06f
00900593
b2f5e6e3
ba9ff06f
00082783
00480813
01979023
ff1fe06f
0ff7f793
00000613
de5ff06f
0ff7f793
00000613
ec8ff06f
01879793
4187d793
41f7d893
00088713
9fcff06f
03000793
c54ff06f
00090693
00090e93
00000913
d4cff06f
00c00793
00fca023
fff00d93
a58ff06f
00082903
00480813
00095463
fff00913
0019c783
00070993
ff9fe06f
fe010113
00812c23
00912a23
01212823
00112e23
01312623
00050913
00058493
00060413
00050663
03852783
14078063
01842783
00c41703
00f42423
00877793
08078263
01042783
06078e63
01271693
0ff4f993
0ff4f493
0806da63
00042703
01442683
40f707b3
0ad7da63
00842683
00170613
00c42023
fff68693
00d42423
01370023
01442703
00178793
0cf70463
00c45783
0017f793
00078663
00a00793
0af48a63
01c12083
01812403
01012903
00c12983
00048513
01412483
02010113
00008067
00040593
00090513
b48f40ef
08051a63
00c41703
0ff4f993
01042783
01271693
0ff4f493
f606cae3
06442683
00002637
00c76733
ffffe637
fff60613
00c6f6b3
00e41623
00042703
06d42223
01442683
40f707b3
f4d7cae3
00040593
00090513
e7cf40ef
02051e63
00042703
00842683
00100793
00170613
fff68693
00c42023
00d42423
01370023
01442703
f4f710e3
00040593
00090513
e44f40ef
f40502e3
fff00493
f3dff06f
a65f40ef
ec1ff06f
00050793
1a41a503
00058613
00078593
e7dff06f
fe010113
00812c23
00912a23
00112e23
1101a783
00050413
00068493
02058263
000780e7
fff00793
02f50663
01c12083
01812403
01412483
02010113
00008067
00000613
00410593
000780e7
fff00793
fcf51ee3
0004a023
08a00793
01c12083
00f42023
01812403
01412483
02010113
00008067
fe010113
00812c23
00912a23
00112e23
1a41a483
1101a783
00060413
02050a63
00058613
00040693
00050593
00048513
000780e7
fff00793
02f50a63
01c12083
01812403
01412483
02010113
00008067
00060693
00410593
00000613
00048513
000780e7
fff00793
fcf51ae3
00042023
01c12083
01812403
08a00793
00f4a023
01412483
02010113
00008067
ff010113
00600513
00112623
29c000ef
00100513
f35eb0ef
2dc52783
00078663
00000513
00008067
ff010113
08000593
00812423
00112623
00050413
db9f00ef
2ca42e23
02050463
08050793
00052023
00450513
fef51ce3
00000513
00c12083
00812403
01010113
00008067
fff00513
fedff06f
fe010113
00912a23
00112e23
00812c23
01f00793
00050493
02b7ea63
2dc52783
00058413
02078c63
00241413
008787b3
0007a503
00c7a023
01c12083
01812403
01412483
02010113
00008067
01600793
00f52023
fff00513
fe1ff06f
08000593
00c12623
d1df00ef
2ca4ae23
00c12603
00050793
00050713
08050693
fc050ce3
00072023
00470713
fed71ce3
f9dff06f
ff010113
00912223
00112623
00812423
01f00793
00050493
08b7ee63
2dc52783
00058413
04078463
00259713
00e787b3
0007a703
02070c63
00100693
00d70c63
fff00693
04d70863
0007a023
00058513
000700e7
00000513
00c12083
00812403
00412483
01010113
00008067
00048513
428000ef
00040613
00812403
00c12083
00050593
00048513
00412483
01010113
3a00006f
00c12083
00812403
01600793
00f52023
00412483
00100513
01010113
00008067
01600793
00f52023
fff00513
f99ff06f
01f00793
0cb7ea63
2dc52783
ff010113
00812423
00912223
00112623
00058413
00050493
08078063
00241713
00e787b3
0007a703
02070c63
fff00693
06d70063
00100693
04d70063
00040513
0007a023
000700e7
00000513
00c12083
00812403
00412483
01010113
00008067
00c12083
00812403
00412483
00100513
01010113
00008067
00c12083
00812403
00412483
00300513
01010113
00008067
00200513
fb9ff06f
08000593
b85f00ef
2ca4ae23
00050793
00050e63
00050713
08050693
00072023
00470713
fee69ce3
f5dff06f
fff00513
f85ff06f
fff00513
00008067
ff010113
00912223
00112623
00812423
01f00793
1a41a483
08a7ec63
2dc4a783
00050413
04078263
00251713
00e787b3
0007a703
02070a63
00100693
00d70a63
fff00693
04d70663
0007a023
000700e7
00000513
00c12083
00812403
00412483
01010113
00008067
00048513
288000ef
00040613
00812403
00c12083
00050593
00048513
00412483
01010113
2000006f
00c12083
00812403
01600793
00f4a023
00100513
00412483
01010113
00008067
01600793
00f4a023
fff00513
f99ff06f
ff010113
01212023
00112623
00812423
00912223
01f00793
1a41a903
02a7ee63
00050413
2dc92503
00058493
02050e63
00241413
008507b3
0007a503
0097a023
00c12083
00812403
00412483
00012903
01010113
00008067
01600793
00f92023
fff00513
fddff06f
08000593
00090513
a1df00ef
2ca92e23
00050793
08050713
fe0500e3
0007a023
00478793
fee79ce3
fa1ff06f
ff010113
00812423
1a41a403
00112623
2dc42783
00078c63
00000513
00c12083
00812403
01010113
00008067
08000593
00040513
9c5f00ef
2ca42e23
00050c63
08050793
00052023
00450513
fef51ce3
fc9ff06f
fff00513
fc5ff06f
ff010113
00912223
00112623
00812423
01f00793
1a41a483
0aa7ee63
2dc4a783
00050413
08078063
00241713
00e787b3
0007a703
02070c63
fff00693
06d70063
00100693
04d70063
00040513
0007a023
000700e7
00000513
00c12083
00812403
00412483
01010113
00008067
00c12083
00812403
00412483
00100513
01010113
00008067
00c12083
00812403
00412483
00300513
01010113
00008067
00200513
fb9ff06f
08000593
00048513
8f1f00ef
2ca4ae23
00050793
00050e63
00050713
08050693
00072023
00470713
fee69ce3
f59ff06f
fff00513
f81ff06f
ff010113
00058713
00812423
00912223
00050413
200034b7
00060593
00070513
00112623
1e04a423
a21eb0ef
fff00793
00f50c63
00c12083
00812403
00412483
01010113
00008067
1e84a783
fe0784e3
00c12083
00f42023
00812403
00412483
01010113
00008067
9e9eb06f
00000e40
000009f0
00000d68
000009f0
00000e2c
000009f0
00000d68
00000e40
00000e40
00000e2c
00000d68
000009cc
000009cc
000009cc
00000e2c
00004270
000040b0
000041f4
000040b0
00004260
000040b0
000041f4
00004270
00004270
00004260
000041f4
0000408c
0000408c
0000408c
00004260
02020100
03030303
04040404
04040404
05050505
05050505
05050505
05050505
06060606
06060606
06060606
06060606
06060606
06060606
06060606
06060606
07070707
07070707
07070707
07070707
07070707
07070707
07070707
07070707
07070707
07070707
07070707
07070707
07070707
07070707
07070707
07070707
08080808
08080808
08080808
08080808
08080808
08080808
08080808
08080808
08080808
08080808
08080808
08080808
08080808
08080808
08080808
08080808
08080808
08080808
08080808
08080808
08080808
08080808
08080808
08080808
08080808
08080808
08080808
08080808
08080808
08080808
08080808
08080808
59524844
4e4f5453
52502045
4152474f
53202c4d
20454d4f
49525453
0000474e
59524844
4e4f5453
52502045
4152474f
31202c4d
20545327
49525453
0000474e
79726844
6e6f7473
65422065
6d68636e
2c6b7261
72655620
6e6f6973
312e3220
614c2820
6175676e
203a6567
000a2943
676f7250
206d6172
706d6f63
64656c69
74697720
72272068
73696765
27726574
74746120
75626972
000a6574
676f7250
206d6172
706d6f63
64656c69
74697720
74756f68
65722720
74736967
20277265
72747461
74756269
00000a65
63657845
6f697475
7473206e
73747261
6425202c
6e757220
68742073
67756f72
68442068
74737972
0a656e6f
00000000
59524844
4e4f5453
52502045
4152474f
32202c4d
20444e27
49525453
0000474e
59524844
4e4f5453
52502045
4152474f
33202c4d
20445227
49525453
0000474e
63657845
6f697475
6e65206e
000a7364
616e6946
6176206c
7365756c
20666f20
20656874
69726176
656c6261
73752073
69206465
6874206e
65622065
6d68636e
3a6b7261
0000000a
5f746e49
626f6c47
2020203a
20202020
20202020
0a642520
00000000
20202020
20202020
756f6873
6220646c
20203a65
0a642520
00000000
6c6f6f42
6f6c475f
20203a62
20202020
20202020
0a642520
00000000
315f6843
6f6c475f
20203a62
20202020
20202020
0a632520
00000000
20202020
20202020
756f6873
6220646c
20203a65
0a632520
00000000
325f6843
6f6c475f
20203a62
20202020
20202020
0a632520
00000000
5f727241
6c475f31
385b626f
20203a5d
20202020
0a642520
00000000
5f727241
6c475f32
385b626f
5d375b5d
2020203a
0a642520
00000000
20202020
20202020
756f6873
6220646c
20203a65
6d754e20
5f726562
525f664f
20736e75
3031202b
0000000a
5f727450
626f6c47
000a3e2d
74502020
6f435f72
203a706d
20202020
20202020
0a642520
00000000
20202020
20202020
756f6873
6220646c
20203a65
6d692820
6d656c70
61746e65
6e6f6974
7065642d
65646e65
0a29746e
00000000
69442020
3a726373
20202020
20202020
20202020
0a642520
00000000
6e452020
435f6d75
3a706d6f
20202020
20202020
0a642520
00000000
6e492020
6f435f74
203a706d
20202020
20202020
0a642520
00000000
74532020
6f435f72
203a706d
20202020
20202020
0a732520
00000000
20202020
20202020
756f6873
6220646c
20203a65
52484420
4f545359
5020454e
52474f52
202c4d41
454d4f53
52545320
0a474e49
00000000
7478654e
7274505f
6f6c475f
0a3e2d62
00000000
20202020
20202020
756f6873
6220646c
20203a65
6d692820
6d656c70
61746e65
6e6f6974
7065642d
65646e65
2c29746e
6d617320
73612065
6f626120
000a6576
5f746e49
6f4c5f31
20203a63
20202020
20202020
0a642520
00000000
5f746e49
6f4c5f32
20203a63
20202020
20202020
0a642520
00000000
5f746e49
6f4c5f33
20203a63
20202020
20202020
0a642520
00000000
6d756e45
636f4c5f
2020203a
20202020
20202020
0a642520
00000000
5f727453
6f4c5f31
20203a63
20202020
20202020
0a732520
00000000
20202020
20202020
756f6873
6220646c
20203a65
52484420
4f545359
5020454e
52474f52
202c4d41
54532731
52545320
0a474e49
00000000
5f727453
6f4c5f32
20203a63
20202020
20202020
0a732520
00000000
20202020
20202020
756f6873
6220646c
20203a65
52484420
4f545359
5020454e
52474f52
202c4d41
444e2732
52545320
0a474e49
00000000
7361654d
64657275
6d697420
6f742065
6d73206f
206c6c61
6f206f74
69617462
656d206e
6e696e61
6c756667
73657220
73746c75
0000000a
61656c50
69206573
6572636e
20657361
626d756e
6f207265
75722066
000a736e
7263694d
6365736f
73646e6f
726f6620
656e6f20
6e757220
72687420
6867756f
72684420
6f747379
203a656e
00000000
0a206425
00000000
79726844
6e6f7473
70207365
53207265
6e6f6365
20203a64
20202020
20202020
20202020
20202020
20202020
00000000
00464e49
00666e69
004e414e
006e616e
33323130
37363534
62613938
66656463
00000000
33323130
37363534
42413938
46454443
00000000
6c756e28
0000296c
00000030
000066d4
00005e94
00005e94
000066c8
00005e94
00005e94
00005e94
000060a0
00005e94
00005e94
00006638
0000665c
00005e94
00006650
00006678
00005e94
0000666c
00005e60
00005e60
00005e60
00005e60
00005e60
00005e60
00005e60
00005e60
00005e60
00005e94
00005e94
00005e94
00005e94
00005e94
00005e94
00005e94
00006210
00005e94
00006570
000060f0
00006210
00006210
00006210
00005e94
00005e94
00005e94
00005e94
000066ec
00005e94
00005e94
00006174
00005e94
00005e94
00005e94
00006598
00005e94
000066f8
00005e94
00005e94
000070b8
00005e94
00005e94
00005e94
00005e94
00005e94
00005e94
00005e94
00005e94
00006210
00005e94
00006570
000060f4
00006210
00006210
00006210
00006778
000060f4
000060e4
00005e94
00006764
00005e94
0000678c
00006178
00006728
000060e4
00005e94
00006598
000060dc
000070b0
00005e94
00005e94
00007124
00005e94
000060dc
00007fd4
000078d8
000078d8
000078d8
00007fbc
00007fc8
000078d8
000078d8
000078d8
000078d8
000078d8
000078d8
000078d8
000078d8
000078d8
000078d8
000078d8
000078d8
000078d8
000078d8
000078d8
000078d8
000078d8
000078d8
000078d8
000078d8
000078d8
000078d8
000078d8
000078d8
000078d8
000078d8
000078d8
000078d8
000078d8
000078d8
00007fbc
00007fc8
30303030
30303030
30303030
30303030
20202020
20202020
20202020
20202020
6e492d20
696e6966
00207974
666e4920
74696e69
00002079
004e614e
00642545
6c6c6142
7320636f
65636375
64656465
00000000
6968632f
722f7370
76637369
756e672d
6f6f742d
6168636c
6e2f6e69
696c7765
656e2f62
62696c77
62696c2f
74732f63
62696c64
74646c2f
632e616f
00000000
4e614e20
00000020
fffeffff
fff8fffc
ffe0fff0
ff80ffc0
fe00ff00
f800fc00
e000f000
8000c000
00000000
cffc2030
8123a1c3
9fde2de3
04c8d2ce
0ad8a6dd
d2cb8264
12d4f2ea
2de44925
534f3436
256bceae
f698f53f
01586bd3
c0bd87a6
82a5da57
32b5a2a6
04d4e731
d332e3f2
d21c7132
ee32db23
395a9049
5308a23e
1155fefb
1939fa91
4325637a
3cacc031
dbdee26d
b3f6d05d
e4a0ac7c
467c64bc
3e55ddd0
62242a20
98d747b3
e9a53f23
ea27a539
3f2aa87f
4af20b5b
18eda581
94ba67de
1ead4539
3f94cfb1
a9b3bf71
be687989
e15b4c2e
94bec44d
3fc9e695
7c3d3d4d
0d2b36ba
cefcfdc2
77118461
3fe4abcc
a4a8c155
6113404e
652bd3c3
1758e219
3ff1d1b7
70a3d70a
a3d70a3d
d70a3d70
0a3d70a3
3ff8a3d7
cccccccd
cccccccc
cccccccc
cccccccc
3ffbcccc
4a926576
153f804a
979ac94c
52028a20
7525c460
ce526a32
28ce329a
5de4a74d
3b5dc53d
5a929e8b
50ce526c
3d28f18b
0c17650d
75868175
4d48c976
58f89c66
5c54bc50
91c6cc65
a0aea60e
46a3e319
eab7851e
901b98fe
de8dddbb
ebfb9df9
4351aa7e
01370235
336c36b1
8cdfc66f
47c980e9
41a893ba
25fb50f8
6b71c76b
a6d53cbf
1f49ffcf
40d3c278
00000000
00000000
b59df020
ada82b70
40699dc5
00000000
00000000
00000000
c9bf0400
40348e1b
00000000
00000000
00000000
20000000
4019bebc
00000000
00000000
00000000
00000000
400c9c40
00000000
00000000
00000000
00000000
4005c800
00000000
00000000
00000000
00000000
4002a000
00000000
00000000
00000000
00000000
3fff8000
00000000
00000000
00000000
00000000
00000000
00000043
49534f50
00000058
0000002e
6968632f
722f7370
76637369
756e672d
6f6f742d
6168636c
6e2f6e69
696c7765
656e2f62
62696c77
62696c2f
74732f63
62696c64
72706d2f
632e6365
00000000
00000005
00000019
0000007d
97d889bc
3c9cd2b2
d5a8a733
3949f623
44f4a73d
32a50ffd
cf8c979d
255bba08
64ac6f43
0ac80628
37e08000
4341c379
b5056e17
4693b8b5
e93ff9f5
4d384f03
f9301d32
5a827748
7f73bf3c
75154fdd
00000000
3ff00000
00000000
40240000
00000000
40590000
00000000
408f4000
00000000
40c38800
00000000
40f86a00
00000000
412e8480
00000000
416312d0
00000000
4197d784
00000000
41cdcd65
20000000
4202a05f
e8000000
42374876
a2000000
426d1a94
e5400000
42a2309c
1e900000
42d6bcc4
26340000
430c6bf5
37e08000
4341c379
85d8a000
43763457
674ec800
43abc16d
60913d00
43e158e4
78b58c40
4415af1d
d6e2ef50
444b1ae4
064dd592
4480f0cf
c7e14af6
44b52d02
79d99db4
44ea7843
0000e720
0000df50
0000df50
0000e714
0000df50
0000df50
0000df50
0000e104
0000df50
0000df50
0000e684
0000e6a8
0000df50
0000e69c
0000e6c4
0000df50
0000e6b8
0000df1c
0000df1c
0000df1c
0000df1c
0000df1c
0000df1c
0000df1c
0000df1c
0000df1c
0000df50
0000df50
0000df50
0000df50
0000df50
0000df50
0000df50
0000e290
0000df50
0000e65c
0000e154
0000e290
0000e290
0000e290
0000df50
0000df50
0000df50
0000df50
0000e768
0000df50
0000df50
0000e1f4
0000df50
0000df50
0000df50
0000e5e0
0000df50
0000e738
0000df50
0000df50
0000f15c
0000df50
0000df50
0000df50
0000df50
0000df50
0000df50
0000df50
0000df50
0000e290
0000df50
0000e65c
0000e158
0000e290
0000e290
0000e290
0000e7f8
0000e158
0000e148
0000df50
0000e7e4
0000df50
0000e7b0
0000e1f8
0000e774
0000e148
0000df50
0000e5e0
0000e140
0000f1b8
0000df50
0000df50
0000f200
0000df50
0000e140
0000fd60
0000fa38
0000fa38
0000fa38
0000fd48
0000fd54
0000fa38
0000fa38
0000fa38
0000fa38
0000fa38
0000fa38
0000fa38
0000fa38
0000fa38
0000fa38
0000fa38
0000fa38
0000fa38
0000fa38
0000fa38
0000fa38
0000fa38
0000fa38
0000fa38
0000fa38
0000fa38
0000fa38
0000fa38
0000fa38
0000fa38
0000fa38
0000fa38
0000fa38
0000fa38
0000fa38
0000fd48
0000fd54
30303030
30303030
30303030
30303030
20202020
20202020
20202020
20202020
00010f78
00010a70
00010a70
00010f6c
00010a70
00010a70
00010a70
00010f10
00010a70
00010a70
00010c0c
00010ea8
00010a70
00010e9c
00010ec4
00010a70
00010eb8
00010a3c
00010a3c
00010a3c
00010a3c
00010a3c
00010a3c
00010a3c
00010a3c
00010a3c
00010a70
00010a70
00010a70
00010a70
00010a70
00010a70
00010a70
00010a70
00010a70
00010e64
00010c2c
00010a70
00010a70
00010a70
00010a70
00010a70
00010a70
00010a70
00010a70
00010a70
00010a70
00010f90
00010a70
00010a70
00010a70
00010e18
00010a70
00011010
00010a70
00010a70
00011814
00010a70
00010a70
00010a70
00010a70
00010a70
00010a70
00010a70
00010a70
00010a70
00010a70
00010e64
00010c30
00010a70
00010a70
00010a70
000110cc
00010c30
00010c20
00010a70
00010ffc
00010a70
00011130
00011864
000110e0
00010c20
00010a70
00010e18
00010c18
0001180c
00010a70
00010a70
0001186c
00010a70
00010c18
30303030
30303030
30303030
30303030
20202020
20202020
20202020
20202020
7566202c
6974636e
203a6e6f
00000000
65737361
6f697472
2522206e
66202273
656c6961
66203a64
20656c69
22732522
696c202c
2520656e
25732564
00000a73
20202000
20202020
28282020
20282828
20202020
20202020
20202020
20202020
10108820
10101010
10101010
10101010
04040410
04040404
10040404
10101010
41411010
41414141
01010101
01010101
01010101
01010101
01010101
10101010
42421010
42424242
02020202
02020202
02020202
02020202
02020202
10101010
00000020
00000000
00000000
00000000
00000000
00000000
00000000
00000000
00000000
00000000
00000000
00000000
00000000
00000000
00000000
00000000
00000000
00000000
00000000
00000000
00000000
00000000
00000000
00000000
00000000
00000000
00000000
00000000
00000000
00000000
00000000
00000000
00000000
000139dc
00013328
00013328
000139d0
00013328
00013328
00013328
00013974
00013328
00013328
0001344c
00013a40
00013328
000134c0
000139f4
00013328
000138c4
000132f4
000132f4
000132f4
000132f4
000132f4
000132f4
000132f4
000132f4
000132f4
00013328
00013328
00013328
00013328
00013328
00013328
00013328
00013328
00013328
00013758
0001346c
00013328
00013328
00013328
00013328
00013328
00013328
00013328
00013328
00013328
00013328
00013928
00013328
00013328
00013328
0001370c
00013328
00013808
00013328
00013328
00014030
00013328
00013328
00013328
00013328
00013328
00013328
00013328
00013328
00013328
00013328
00013758
00013470
00013328
00013328
00013328
00013914
00013470
00013460
00013328
00013900
00013328
000138d0
00014028
0001378c
00013460
00013328
0001370c
00013458
00014020
00013328
00013328
00014080
00013328
00013458
30303030
30303030
30303030
30303030
20202020
20202020
20202020
20202020
49742400
41a00000
20000408
00000000
00000000
3ff00000
00000000
40240000
00000000
43500000
00000000
00000000
20000000
20000000
20000008
20000008
20000010
20000010
20000018
20000018
20000020
20000020
20000028
20000028
20000030
20000030
20000038
20000038
20000040
20000040
20000048
20000048
20000050
20000050
20000058
20000058
20000060
20000060
20000068
20000068
20000070
20000070
20000078
20000078
20000080
20000080
20000088
20000088
20000090
20000090
20000098
20000098
200000a0
200000a0
200000a8
200000a8
200000b0
200000b0
200000b8
200000b8
200000c0
200000c0
200000c8
200000c8
200000d0
200000d0
200000d8
200000d8
200000e0
200000e0
200000e8
200000e8
200000f0
200000f0
200000f8
200000f8
20000100
20000100
20000108
20000108
20000110
20000110
20000118
20000118
20000120
20000120
20000128
20000128
20000130
20000130
20000138
20000138
20000140
20000140
20000148
20000148
20000150
20000150
20000158
20000158
20000160
20000160
20000168
20000168
20000170
20000170
20000178
20000178
20000180
20000180
20000188
20000188
20000190
20000190
20000198
20000198
200001a0
200001a0
200001a8
200001a8
200001b0
200001b0
200001b8
200001b8
200001c0
200001c0
200001c8
200001c8
200001d0
200001d0
200001d8
200001d8
200001e0
200001e0
200001e8
200001e8
200001f0
200001f0
200001f8
200001f8
20000200
20000200
20000208
20000208
20000210
20000210
20000218
20000218
20000220
20000220
20000228
20000228
20000230
20000230
20000238
20000238
20000240
20000240
20000248
20000248
20000250
20000250
20000258
20000258
20000260
20000260
20000268
20000268
20000270
20000270
20000278
20000278
20000280
20000280
20000288
20000288
20000290
20000290
20000298
20000298
200002a0
200002a0
200002a8
200002a8
200002b0
200002b0
200002b8
200002b8
200002c0
200002c0
200002c8
200002c8
200002d0
200002d0
200002d8
200002d8
200002e0
200002e0
200002e8
200002e8
200002f0
200002f0
200002f8
200002f8
20000300
20000300
20000308
20000308
20000310
20000310
20000318
20000318
20000320
20000320
20000328
20000328
20000330
20000330
20000338
20000338
20000340
20000340
20000348
20000348
20000350
20000350
20000358
20000358
20000360
20000360
20000368
20000368
20000370
20000370
20000378
20000378
20000380
20000380
20000388
20000388
20000390
20000390
20000398
20000398
200003a0
200003a0
200003a8
200003a8
200003b0
200003b0
200003b8
200003b8
200003c0
200003c0
200003c8
200003c8
200003d0
200003d0
200003d8
200003d8
200003e0
200003e0
200003e8
200003e8
200003f0
200003f0
200003f8
200003f8
00000000
200006f4
2000075c
200007c4
00000000
00000000
00000000
00000000
00000000
00000000
00000000
00000000
00000000
00000000
00000000
00000000
00000000
00000000
00000000
00000000
00000000
00000000
00000000
00000000
00000000
00000000
00000000
00000000
00000000
00000000
00000000
00000000
00000000
00000000
00000000
00000000
00000000
00000000
00000000
00000000
00000000
00000000
00000001
00000000
abcd330e
e66d1234
0005deec
0000000b
00000000
00000000
00000000
00000000
00000000
00000000
00000000
00000000
00000000
00000000
00000000
00000000
00000000
00000000
00000000
00000000
00000000
00000000
00000000
00000000
00000000
00000000
00000000
00000000
00000000
00000000
00000000
00000000
00000000
00000000
00000000
00000000
00000000
00000000
00000000
00000000
00000000
00000000
00000000
00000000
00000000
00000000
00000000
00000000
00000000
00000000
00000000
00000000
00000000
00000000
00000000
00000000
00000000
00000000
00000000
00000000
00000000
00000000
00000000
00000000
00000000
00000000
00000000
00000000
00000000
00000000
00000000
00000000
00000000
00000000
00000000
00000000
00000000
00000000
00000000
00000000
00000000
00000000
00000000
00000000
00000000
00000000
00000000
00000000
00000000
00000000
00000000
00000000
00000000
00000000
00000000
00000000
00000000
00000000
00000000
00000000
00000000
00000000
00000000
00000000
00000000
00000000
00000000
00000000
00000000
00000000
00000000
00000000
00000000
00000000
00000000
00000000
00000000
00000000
00000000
00000000
00000000
00000000
00000000
00000000
00000000
00000000
00000000
00000000
00000000
00000000
00000000
00000000
00000000
00000000
00000000
00000000
00000000
00000000
00000000
00000000
00000000
00000000
00000000
00000000
00000000
00000000
00000000
00000000
00000000
00000000
00000000
00000000
00000000
00000000
00000000
00000000
00000000
00000000
00000000
00000000
00000000
00000000
00000000
00000000
00000000
00000000
00000000
00000000
00000000
00000000
00000000
00000000
00000000
00000000
00000000
00000000
00000000
00000000
00000000
00000000
00000000
00000000
00000000
00000000
00000000
00000000
00000000
00000000
00000000
00000000
00000000
00000000
00000000
00000000
00000000
00000000
00000000
00000000
00000000
00000000
00000000
00000000
00000000
00000000
00000000
00000000
00000000
00000000
00000000
00000000
00000000
00000000
00000000
00000000
00000000
00000000
00000000
00000000
00000000
00000000
00000000
00000000
00000043
00000000
00000000
00000000
00000000
00000000
00000000
00000000
00000043
00000000
00000000
00000000
00000000
00000000
00000000
00000000
00000043
00000000
00000000
00000000
00000000
00000000
00000000
00000000
00000043
00000000
00000000
00000000
00000000
00000000
00000000
00000000
00000043
00000000
00000000
00000000
00000000
00000000
00000000
00000000
00000043
00000000
00000000
00000000
00000000
00000000
00000000
00000000
00000043
00000000
00000000
00000000
00000000
00000000
00000000
00000000
00011c00
0000c484
00000000
00015cd8
00015780
00015208
00015208
00015208
00015208
00015208
00015208
00015208
00015208
00015208
ffffffff
ffffffff
ffffffff
0000ffff
53410001
00494943
00000000
00000000
00000000
00000000
00000000
00000000
53410000
00494943
00000000
00000000
00000000
00000000
00000000
00000000
00000000
ffffffff
00020000
20000408
