
dhrystone.elf:     file format elf32-littleriscv


Disassembly of section .text:

00000000 <_start>:
       0:	20100117          	auipc	sp,0x20100
       4:	00010113          	mv	sp,sp
       8:	20000197          	auipc	gp,0x20000
       c:	7f818193          	add	gp,gp,2040 # 20000800 <__global_pointer$>
      10:	00016517          	auipc	a0,0x16
      14:	f8050513          	add	a0,a0,-128 # 15f90 <_sidata>
      18:	20000597          	auipc	a1,0x20000
      1c:	fe858593          	add	a1,a1,-24 # 20000000 <__malloc_av_>
      20:	1a818613          	add	a2,gp,424 # 200009a8 <Arr_1_Glob>
      24:	00c5fc63          	bgeu	a1,a2,3c <_start+0x3c>
      28:	00052283          	lw	t0,0(a0)
      2c:	0055a023          	sw	t0,0(a1)
      30:	00450513          	add	a0,a0,4
      34:	00458593          	add	a1,a1,4
      38:	fec5e8e3          	bltu	a1,a2,28 <_start+0x28>
      3c:	1a818513          	add	a0,gp,424 # 200009a8 <Arr_1_Glob>
      40:	20003597          	auipc	a1,0x20003
      44:	1ac58593          	add	a1,a1,428 # 200031ec <_ebss>
      48:	00b57863          	bgeu	a0,a1,58 <_start+0x58>
      4c:	00052023          	sw	zero,0(a0)
      50:	00450513          	add	a0,a0,4
      54:	feb56ce3          	bltu	a0,a1,4c <_start+0x4c>
      58:	48d040ef          	jal	4ce4 <main>
      5c:	0000006f          	j	5c <_start+0x5c>

00000060 <Proc_2>:
      60:	200037b7          	lui	a5,0x20003
      64:	1c17c703          	lbu	a4,449(a5) # 200031c1 <Ch_1_Glob>
      68:	04100793          	li	a5,65
      6c:	00f70463          	beq	a4,a5,74 <Proc_2+0x14>
      70:	00008067          	ret
      74:	00052783          	lw	a5,0(a0)
      78:	20003737          	lui	a4,0x20003
      7c:	1c872703          	lw	a4,456(a4) # 200031c8 <Int_Glob>
      80:	00978793          	add	a5,a5,9
      84:	40e787b3          	sub	a5,a5,a4
      88:	00f52023          	sw	a5,0(a0)
      8c:	00008067          	ret

00000090 <Proc_3>:
      90:	200037b7          	lui	a5,0x20003
      94:	1d07a603          	lw	a2,464(a5) # 200031d0 <Ptr_Glob>
      98:	00060863          	beqz	a2,a8 <Proc_3+0x18>
      9c:	00062703          	lw	a4,0(a2)
      a0:	00e52023          	sw	a4,0(a0)
      a4:	1d07a603          	lw	a2,464(a5)
      a8:	200037b7          	lui	a5,0x20003
      ac:	1c87a583          	lw	a1,456(a5) # 200031c8 <Int_Glob>
      b0:	00c60613          	add	a2,a2,12
      b4:	00a00513          	li	a0,10
      b8:	1ac0006f          	j	264 <Proc_7>

000000bc <Proc_1>:
      bc:	ff010113          	add	sp,sp,-16 # 200ffff0 <_ebss+0xfce04>
      c0:	01212023          	sw	s2,0(sp)
      c4:	20003937          	lui	s2,0x20003
      c8:	1d092783          	lw	a5,464(s2) # 200031d0 <Ptr_Glob>
      cc:	00812423          	sw	s0,8(sp)
      d0:	00052403          	lw	s0,0(a0)
      d4:	0007a703          	lw	a4,0(a5)
      d8:	0047ae83          	lw	t4,4(a5)
      dc:	0087ae03          	lw	t3,8(a5)
      e0:	0107a303          	lw	t1,16(a5)
      e4:	0147a883          	lw	a7,20(a5)
      e8:	0187a803          	lw	a6,24(a5)
      ec:	0207a583          	lw	a1,32(a5)
      f0:	0247a603          	lw	a2,36(a5)
      f4:	0287a683          	lw	a3,40(a5)
      f8:	00912223          	sw	s1,4(sp)
      fc:	00112623          	sw	ra,12(sp)
     100:	00050493          	mv	s1,a0
     104:	01c7a503          	lw	a0,28(a5)
     108:	02c7a783          	lw	a5,44(a5)
     10c:	00e42023          	sw	a4,0(s0)
     110:	0004a703          	lw	a4,0(s1)
     114:	00a42e23          	sw	a0,28(s0)
     118:	02f42623          	sw	a5,44(s0)
     11c:	01d42223          	sw	t4,4(s0)
     120:	00500793          	li	a5,5
     124:	01c42423          	sw	t3,8(s0)
     128:	00642823          	sw	t1,16(s0)
     12c:	01142a23          	sw	a7,20(s0)
     130:	01042c23          	sw	a6,24(s0)
     134:	02b42023          	sw	a1,32(s0)
     138:	02c42223          	sw	a2,36(s0)
     13c:	02d42423          	sw	a3,40(s0)
     140:	00f4a623          	sw	a5,12(s1)
     144:	00f42623          	sw	a5,12(s0)
     148:	00e42023          	sw	a4,0(s0)
     14c:	00040513          	mv	a0,s0
     150:	f41ff0ef          	jal	90 <Proc_3>
     154:	00442783          	lw	a5,4(s0)
     158:	08078063          	beqz	a5,1d8 <Proc_1+0x11c>
     15c:	0004a783          	lw	a5,0(s1)
     160:	00c12083          	lw	ra,12(sp)
     164:	00812403          	lw	s0,8(sp)
     168:	0007af83          	lw	t6,0(a5)
     16c:	0047af03          	lw	t5,4(a5)
     170:	0087ae83          	lw	t4,8(a5)
     174:	00c7ae03          	lw	t3,12(a5)
     178:	0107a303          	lw	t1,16(a5)
     17c:	0147a883          	lw	a7,20(a5)
     180:	0187a803          	lw	a6,24(a5)
     184:	01c7a583          	lw	a1,28(a5)
     188:	0207a603          	lw	a2,32(a5)
     18c:	0247a683          	lw	a3,36(a5)
     190:	0287a703          	lw	a4,40(a5)
     194:	02c7a783          	lw	a5,44(a5)
     198:	01f4a023          	sw	t6,0(s1)
     19c:	01e4a223          	sw	t5,4(s1)
     1a0:	01d4a423          	sw	t4,8(s1)
     1a4:	01c4a623          	sw	t3,12(s1)
     1a8:	0064a823          	sw	t1,16(s1)
     1ac:	0114aa23          	sw	a7,20(s1)
     1b0:	0104ac23          	sw	a6,24(s1)
     1b4:	00b4ae23          	sw	a1,28(s1)
     1b8:	02c4a023          	sw	a2,32(s1)
     1bc:	02d4a223          	sw	a3,36(s1)
     1c0:	02e4a423          	sw	a4,40(s1)
     1c4:	02f4a623          	sw	a5,44(s1)
     1c8:	00012903          	lw	s2,0(sp)
     1cc:	00412483          	lw	s1,4(sp)
     1d0:	01010113          	add	sp,sp,16
     1d4:	00008067          	ret
     1d8:	0084a503          	lw	a0,8(s1)
     1dc:	00600793          	li	a5,6
     1e0:	00840593          	add	a1,s0,8
     1e4:	00f42623          	sw	a5,12(s0)
     1e8:	188000ef          	jal	370 <Proc_6>
     1ec:	1d092783          	lw	a5,464(s2)
     1f0:	00c42503          	lw	a0,12(s0)
     1f4:	00c40613          	add	a2,s0,12
     1f8:	0007a783          	lw	a5,0(a5)
     1fc:	00c12083          	lw	ra,12(sp)
     200:	00412483          	lw	s1,4(sp)
     204:	00f42023          	sw	a5,0(s0)
     208:	00812403          	lw	s0,8(sp)
     20c:	00012903          	lw	s2,0(sp)
     210:	00a00593          	li	a1,10
     214:	01010113          	add	sp,sp,16
     218:	04c0006f          	j	264 <Proc_7>

0000021c <Proc_4>:
     21c:	200037b7          	lui	a5,0x20003
     220:	1c17c783          	lbu	a5,449(a5) # 200031c1 <Ch_1_Glob>
     224:	20003737          	lui	a4,0x20003
     228:	1c472683          	lw	a3,452(a4) # 200031c4 <Bool_Glob>
     22c:	fbf78793          	add	a5,a5,-65
     230:	0017b793          	seqz	a5,a5
     234:	00d7e7b3          	or	a5,a5,a3
     238:	1cf72223          	sw	a5,452(a4)
     23c:	200037b7          	lui	a5,0x20003
     240:	04200713          	li	a4,66
     244:	1ce78023          	sb	a4,448(a5) # 200031c0 <Ch_2_Glob>
     248:	00008067          	ret

0000024c <Proc_5>:
     24c:	200037b7          	lui	a5,0x20003
     250:	04100713          	li	a4,65
     254:	1ce780a3          	sb	a4,449(a5) # 200031c1 <Ch_1_Glob>
     258:	200037b7          	lui	a5,0x20003
     25c:	1c07a223          	sw	zero,452(a5) # 200031c4 <Bool_Glob>
     260:	00008067          	ret

00000264 <Proc_7>:
     264:	00250513          	add	a0,a0,2
     268:	00b505b3          	add	a1,a0,a1
     26c:	00b62023          	sw	a1,0(a2)
     270:	00008067          	ret

00000274 <Proc_8>:
     274:	00560713          	add	a4,a2,5
     278:	0c800813          	li	a6,200
     27c:	03070833          	mul	a6,a4,a6
     280:	00261613          	sll	a2,a2,0x2
     284:	00271793          	sll	a5,a4,0x2
     288:	00f50533          	add	a0,a0,a5
     28c:	00d52023          	sw	a3,0(a0)
     290:	06e52c23          	sw	a4,120(a0)
     294:	00d52223          	sw	a3,4(a0)
     298:	00c807b3          	add	a5,a6,a2
     29c:	00f587b3          	add	a5,a1,a5
     2a0:	0107a683          	lw	a3,16(a5)
     2a4:	00e7aa23          	sw	a4,20(a5)
     2a8:	00e7ac23          	sw	a4,24(a5)
     2ac:	00168713          	add	a4,a3,1
     2b0:	00e7a823          	sw	a4,16(a5)
     2b4:	00052703          	lw	a4,0(a0)
     2b8:	010585b3          	add	a1,a1,a6
     2bc:	00c585b3          	add	a1,a1,a2
     2c0:	000017b7          	lui	a5,0x1
     2c4:	00b787b3          	add	a5,a5,a1
     2c8:	fae7aa23          	sw	a4,-76(a5) # fb4 <__muldf3+0x154>
     2cc:	200037b7          	lui	a5,0x20003
     2d0:	00500713          	li	a4,5
     2d4:	1ce7a423          	sw	a4,456(a5) # 200031c8 <Int_Glob>
     2d8:	00008067          	ret

000002dc <Func_1>:
     2dc:	0ff57513          	zext.b	a0,a0
     2e0:	0ff5f593          	zext.b	a1,a1
     2e4:	00b50663          	beq	a0,a1,2f0 <Func_1+0x14>
     2e8:	00000513          	li	a0,0
     2ec:	00008067          	ret
     2f0:	200037b7          	lui	a5,0x20003
     2f4:	1ca780a3          	sb	a0,449(a5) # 200031c1 <Ch_1_Glob>
     2f8:	00100513          	li	a0,1
     2fc:	00008067          	ret

00000300 <Func_2>:
     300:	ff010113          	add	sp,sp,-16
     304:	00812423          	sw	s0,8(sp)
     308:	00912223          	sw	s1,4(sp)
     30c:	00112623          	sw	ra,12(sp)
     310:	00050413          	mv	s0,a0
     314:	00058493          	mv	s1,a1
     318:	0034c583          	lbu	a1,3(s1)
     31c:	00244503          	lbu	a0,2(s0)
     320:	fbdff0ef          	jal	2dc <Func_1>
     324:	fe051ae3          	bnez	a0,318 <Func_2+0x18>
     328:	00048593          	mv	a1,s1
     32c:	00040513          	mv	a0,s0
     330:	210000ef          	jal	540 <strcmp>
     334:	00000793          	li	a5,0
     338:	00a05a63          	blez	a0,34c <Func_2+0x4c>
     33c:	200037b7          	lui	a5,0x20003
     340:	00a00713          	li	a4,10
     344:	1ce7a423          	sw	a4,456(a5) # 200031c8 <Int_Glob>
     348:	00100793          	li	a5,1
     34c:	00c12083          	lw	ra,12(sp)
     350:	00812403          	lw	s0,8(sp)
     354:	00412483          	lw	s1,4(sp)
     358:	00078513          	mv	a0,a5
     35c:	01010113          	add	sp,sp,16
     360:	00008067          	ret

00000364 <Func_3>:
     364:	ffe50513          	add	a0,a0,-2
     368:	00153513          	seqz	a0,a0
     36c:	00008067          	ret

00000370 <Proc_6>:
     370:	ff010113          	add	sp,sp,-16
     374:	00812423          	sw	s0,8(sp)
     378:	00912223          	sw	s1,4(sp)
     37c:	00112623          	sw	ra,12(sp)
     380:	00050413          	mv	s0,a0
     384:	00058493          	mv	s1,a1
     388:	fddff0ef          	jal	364 <Func_3>
     38c:	00300793          	li	a5,3
     390:	00050463          	beqz	a0,398 <Proc_6+0x28>
     394:	00040793          	mv	a5,s0
     398:	00f4a023          	sw	a5,0(s1)
     39c:	00200793          	li	a5,2
     3a0:	04f40a63          	beq	s0,a5,3f4 <Proc_6+0x84>
     3a4:	0287e863          	bltu	a5,s0,3d4 <Proc_6+0x64>
     3a8:	00040a63          	beqz	s0,3bc <Proc_6+0x4c>
     3ac:	200037b7          	lui	a5,0x20003
     3b0:	1c87a703          	lw	a4,456(a5) # 200031c8 <Int_Glob>
     3b4:	06400793          	li	a5,100
     3b8:	04e7dc63          	bge	a5,a4,410 <Proc_6+0xa0>
     3bc:	0004a023          	sw	zero,0(s1)
     3c0:	00c12083          	lw	ra,12(sp)
     3c4:	00812403          	lw	s0,8(sp)
     3c8:	00412483          	lw	s1,4(sp)
     3cc:	01010113          	add	sp,sp,16
     3d0:	00008067          	ret
     3d4:	00400713          	li	a4,4
     3d8:	fee414e3          	bne	s0,a4,3c0 <Proc_6+0x50>
     3dc:	00c12083          	lw	ra,12(sp)
     3e0:	00812403          	lw	s0,8(sp)
     3e4:	00f4a023          	sw	a5,0(s1)
     3e8:	00412483          	lw	s1,4(sp)
     3ec:	01010113          	add	sp,sp,16
     3f0:	00008067          	ret
     3f4:	00c12083          	lw	ra,12(sp)
     3f8:	00812403          	lw	s0,8(sp)
     3fc:	00100793          	li	a5,1
     400:	00f4a023          	sw	a5,0(s1)
     404:	00412483          	lw	s1,4(sp)
     408:	01010113          	add	sp,sp,16
     40c:	00008067          	ret
     410:	00c12083          	lw	ra,12(sp)
     414:	00812403          	lw	s0,8(sp)
     418:	00300793          	li	a5,3
     41c:	00f4a023          	sw	a5,0(s1)
     420:	00412483          	lw	s1,4(sp)
     424:	01010113          	add	sp,sp,16
     428:	00008067          	ret

0000042c <uart_init>:
     42c:	300007b7          	lui	a5,0x30000
     430:	00200713          	li	a4,2
     434:	00e7a623          	sw	a4,12(a5) # 3000000c <_stack_top+0xff0000c>
     438:	00300713          	li	a4,3
     43c:	00e7a423          	sw	a4,8(a5)
     440:	00008067          	ret

00000444 <uart_putchar>:
     444:	30000737          	lui	a4,0x30000
     448:	00472783          	lw	a5,4(a4) # 30000004 <_stack_top+0xff00004>
     44c:	0027f793          	and	a5,a5,2
     450:	fe078ce3          	beqz	a5,448 <uart_putchar+0x4>
     454:	00a72023          	sw	a0,0(a4)
     458:	00008067          	ret

0000045c <_write>:
     45c:	ff010113          	add	sp,sp,-16
     460:	01212023          	sw	s2,0(sp)
     464:	00112623          	sw	ra,12(sp)
     468:	00812423          	sw	s0,8(sp)
     46c:	00912223          	sw	s1,4(sp)
     470:	00060913          	mv	s2,a2
     474:	00c05e63          	blez	a2,490 <_write+0x34>
     478:	00058413          	mv	s0,a1
     47c:	00c584b3          	add	s1,a1,a2
     480:	00044503          	lbu	a0,0(s0)
     484:	00140413          	add	s0,s0,1
     488:	fbdff0ef          	jal	444 <uart_putchar>
     48c:	fe941ae3          	bne	s0,s1,480 <_write+0x24>
     490:	00c12083          	lw	ra,12(sp)
     494:	00812403          	lw	s0,8(sp)
     498:	00412483          	lw	s1,4(sp)
     49c:	00090513          	mv	a0,s2
     4a0:	00012903          	lw	s2,0(sp)
     4a4:	01010113          	add	sp,sp,16
     4a8:	00008067          	ret

000004ac <_exit>:
     4ac:	0000006f          	j	4ac <_exit>

000004b0 <_close>:
     4b0:	fff00513          	li	a0,-1
     4b4:	00008067          	ret

000004b8 <_fstat>:
     4b8:	000027b7          	lui	a5,0x2
     4bc:	00f5a223          	sw	a5,4(a1)
     4c0:	00000513          	li	a0,0
     4c4:	00008067          	ret

000004c8 <_isatty>:
     4c8:	00100513          	li	a0,1
     4cc:	00008067          	ret

000004d0 <_lseek>:
     4d0:	00000513          	li	a0,0
     4d4:	00008067          	ret

000004d8 <_read>:
     4d8:	00000513          	li	a0,0
     4dc:	00008067          	ret

000004e0 <_kill>:
     4e0:	fff00513          	li	a0,-1
     4e4:	00008067          	ret

000004e8 <_getpid>:
     4e8:	00100513          	li	a0,1
     4ec:	00008067          	ret

000004f0 <time>:
     4f0:	00050793          	mv	a5,a0
     4f4:	c0002573          	rdcycle	a0
     4f8:	00078663          	beqz	a5,504 <time+0x14>
     4fc:	00a7a023          	sw	a0,0(a5) # 2000 <__multf3+0x808>
     500:	0007a223          	sw	zero,4(a5)
     504:	00000593          	li	a1,0
     508:	00008067          	ret

0000050c <_sbrk>:
     50c:	20003737          	lui	a4,0x20003
     510:	1d472783          	lw	a5,468(a4) # 200031d4 <heap_end>
     514:	00078a63          	beqz	a5,528 <_sbrk+0x1c>
     518:	00a78533          	add	a0,a5,a0
     51c:	1ca72a23          	sw	a0,468(a4)
     520:	00078513          	mv	a0,a5
     524:	00008067          	ret
     528:	200037b7          	lui	a5,0x20003
     52c:	1ec78793          	add	a5,a5,492 # 200031ec <_ebss>
     530:	00a78533          	add	a0,a5,a0
     534:	1ca72a23          	sw	a0,468(a4)
     538:	00078513          	mv	a0,a5
     53c:	00008067          	ret

00000540 <strcmp>:
     540:	00b56733          	or	a4,a0,a1
     544:	fff00393          	li	t2,-1
     548:	00377713          	and	a4,a4,3
     54c:	10071063          	bnez	a4,64c <strcmp+0x10c>
     550:	7f7f87b7          	lui	a5,0x7f7f8
     554:	f7f78793          	add	a5,a5,-129 # 7f7f7f7f <_stack_top+0x5f6f7f7f>
     558:	00052603          	lw	a2,0(a0)
     55c:	0005a683          	lw	a3,0(a1)
     560:	00f672b3          	and	t0,a2,a5
     564:	00f66333          	or	t1,a2,a5
     568:	00f282b3          	add	t0,t0,a5
     56c:	0062e2b3          	or	t0,t0,t1
     570:	10729263          	bne	t0,t2,674 <strcmp+0x134>
     574:	08d61663          	bne	a2,a3,600 <strcmp+0xc0>
     578:	00452603          	lw	a2,4(a0)
     57c:	0045a683          	lw	a3,4(a1)
     580:	00f672b3          	and	t0,a2,a5
     584:	00f66333          	or	t1,a2,a5
     588:	00f282b3          	add	t0,t0,a5
     58c:	0062e2b3          	or	t0,t0,t1
     590:	0c729e63          	bne	t0,t2,66c <strcmp+0x12c>
     594:	06d61663          	bne	a2,a3,600 <strcmp+0xc0>
     598:	00852603          	lw	a2,8(a0)
     59c:	0085a683          	lw	a3,8(a1)
     5a0:	00f672b3          	and	t0,a2,a5
     5a4:	00f66333          	or	t1,a2,a5
     5a8:	00f282b3          	add	t0,t0,a5
     5ac:	0062e2b3          	or	t0,t0,t1
     5b0:	0c729863          	bne	t0,t2,680 <strcmp+0x140>
     5b4:	04d61663          	bne	a2,a3,600 <strcmp+0xc0>
     5b8:	00c52603          	lw	a2,12(a0)
     5bc:	00c5a683          	lw	a3,12(a1)
     5c0:	00f672b3          	and	t0,a2,a5
     5c4:	00f66333          	or	t1,a2,a5
     5c8:	00f282b3          	add	t0,t0,a5
     5cc:	0062e2b3          	or	t0,t0,t1
     5d0:	0c729263          	bne	t0,t2,694 <strcmp+0x154>
     5d4:	02d61663          	bne	a2,a3,600 <strcmp+0xc0>
     5d8:	01052603          	lw	a2,16(a0)
     5dc:	0105a683          	lw	a3,16(a1)
     5e0:	00f672b3          	and	t0,a2,a5
     5e4:	00f66333          	or	t1,a2,a5
     5e8:	00f282b3          	add	t0,t0,a5
     5ec:	0062e2b3          	or	t0,t0,t1
     5f0:	0a729c63          	bne	t0,t2,6a8 <strcmp+0x168>
     5f4:	01450513          	add	a0,a0,20
     5f8:	01458593          	add	a1,a1,20
     5fc:	f4d60ee3          	beq	a2,a3,558 <strcmp+0x18>
     600:	01061713          	sll	a4,a2,0x10
     604:	01069793          	sll	a5,a3,0x10
     608:	00f71e63          	bne	a4,a5,624 <strcmp+0xe4>
     60c:	01065713          	srl	a4,a2,0x10
     610:	0106d793          	srl	a5,a3,0x10
     614:	40f70533          	sub	a0,a4,a5
     618:	0ff57593          	zext.b	a1,a0
     61c:	02059063          	bnez	a1,63c <strcmp+0xfc>
     620:	00008067          	ret
     624:	01075713          	srl	a4,a4,0x10
     628:	0107d793          	srl	a5,a5,0x10
     62c:	40f70533          	sub	a0,a4,a5
     630:	0ff57593          	zext.b	a1,a0
     634:	00059463          	bnez	a1,63c <strcmp+0xfc>
     638:	00008067          	ret
     63c:	0ff77713          	zext.b	a4,a4
     640:	0ff7f793          	zext.b	a5,a5
     644:	40f70533          	sub	a0,a4,a5
     648:	00008067          	ret
     64c:	00054603          	lbu	a2,0(a0)
     650:	0005c683          	lbu	a3,0(a1)
     654:	00150513          	add	a0,a0,1
     658:	00158593          	add	a1,a1,1
     65c:	00d61463          	bne	a2,a3,664 <strcmp+0x124>
     660:	fe0616e3          	bnez	a2,64c <strcmp+0x10c>
     664:	40d60533          	sub	a0,a2,a3
     668:	00008067          	ret
     66c:	00450513          	add	a0,a0,4
     670:	00458593          	add	a1,a1,4
     674:	fcd61ce3          	bne	a2,a3,64c <strcmp+0x10c>
     678:	00000513          	li	a0,0
     67c:	00008067          	ret
     680:	00850513          	add	a0,a0,8
     684:	00858593          	add	a1,a1,8
     688:	fcd612e3          	bne	a2,a3,64c <strcmp+0x10c>
     68c:	00000513          	li	a0,0
     690:	00008067          	ret
     694:	00c50513          	add	a0,a0,12
     698:	00c58593          	add	a1,a1,12
     69c:	fad618e3          	bne	a2,a3,64c <strcmp+0x10c>
     6a0:	00000513          	li	a0,0
     6a4:	00008067          	ret
     6a8:	01050513          	add	a0,a0,16
     6ac:	01058593          	add	a1,a1,16
     6b0:	f8d61ee3          	bne	a2,a3,64c <strcmp+0x10c>
     6b4:	00000513          	li	a0,0
     6b8:	00008067          	ret

000006bc <memset>:
     6bc:	00f00313          	li	t1,15
     6c0:	00050713          	mv	a4,a0
     6c4:	02c37e63          	bgeu	t1,a2,700 <memset+0x44>
     6c8:	00f77793          	and	a5,a4,15
     6cc:	0a079063          	bnez	a5,76c <memset+0xb0>
     6d0:	08059263          	bnez	a1,754 <memset+0x98>
     6d4:	ff067693          	and	a3,a2,-16
     6d8:	00f67613          	and	a2,a2,15
     6dc:	00e686b3          	add	a3,a3,a4
     6e0:	00b72023          	sw	a1,0(a4)
     6e4:	00b72223          	sw	a1,4(a4)
     6e8:	00b72423          	sw	a1,8(a4)
     6ec:	00b72623          	sw	a1,12(a4)
     6f0:	01070713          	add	a4,a4,16
     6f4:	fed766e3          	bltu	a4,a3,6e0 <memset+0x24>
     6f8:	00061463          	bnez	a2,700 <memset+0x44>
     6fc:	00008067          	ret
     700:	40c306b3          	sub	a3,t1,a2
     704:	00269693          	sll	a3,a3,0x2
     708:	00000297          	auipc	t0,0x0
     70c:	005686b3          	add	a3,a3,t0
     710:	00c68067          	jr	12(a3)
     714:	00b70723          	sb	a1,14(a4)
     718:	00b706a3          	sb	a1,13(a4)
     71c:	00b70623          	sb	a1,12(a4)
     720:	00b705a3          	sb	a1,11(a4)
     724:	00b70523          	sb	a1,10(a4)
     728:	00b704a3          	sb	a1,9(a4)
     72c:	00b70423          	sb	a1,8(a4)
     730:	00b703a3          	sb	a1,7(a4)
     734:	00b70323          	sb	a1,6(a4)
     738:	00b702a3          	sb	a1,5(a4)
     73c:	00b70223          	sb	a1,4(a4)
     740:	00b701a3          	sb	a1,3(a4)
     744:	00b70123          	sb	a1,2(a4)
     748:	00b700a3          	sb	a1,1(a4)
     74c:	00b70023          	sb	a1,0(a4)
     750:	00008067          	ret
     754:	0ff5f593          	zext.b	a1,a1
     758:	00859693          	sll	a3,a1,0x8
     75c:	00d5e5b3          	or	a1,a1,a3
     760:	01059693          	sll	a3,a1,0x10
     764:	00d5e5b3          	or	a1,a1,a3
     768:	f6dff06f          	j	6d4 <memset+0x18>
     76c:	00279693          	sll	a3,a5,0x2
     770:	00000297          	auipc	t0,0x0
     774:	005686b3          	add	a3,a3,t0
     778:	00008293          	mv	t0,ra
     77c:	fa0680e7          	jalr	-96(a3)
     780:	00028093          	mv	ra,t0
     784:	ff078793          	add	a5,a5,-16
     788:	40f70733          	sub	a4,a4,a5
     78c:	00f60633          	add	a2,a2,a5
     790:	f6c378e3          	bgeu	t1,a2,700 <memset+0x44>
     794:	f3dff06f          	j	6d0 <memset+0x14>

00000798 <__divdf3>:
     798:	fd010113          	add	sp,sp,-48
     79c:	01712623          	sw	s7,12(sp)
     7a0:	00060b93          	mv	s7,a2
     7a4:	0145d613          	srl	a2,a1,0x14
     7a8:	02812423          	sw	s0,40(sp)
     7ac:	03212023          	sw	s2,32(sp)
     7b0:	01312e23          	sw	s3,28(sp)
     7b4:	01612823          	sw	s6,16(sp)
     7b8:	00c59413          	sll	s0,a1,0xc
     7bc:	02112623          	sw	ra,44(sp)
     7c0:	02912223          	sw	s1,36(sp)
     7c4:	01412c23          	sw	s4,24(sp)
     7c8:	01512a23          	sw	s5,20(sp)
     7cc:	7ff67613          	and	a2,a2,2047
     7d0:	00050b13          	mv	s6,a0
     7d4:	00068913          	mv	s2,a3
     7d8:	00c45413          	srl	s0,s0,0xc
     7dc:	01f5d993          	srl	s3,a1,0x1f
     7e0:	0a060063          	beqz	a2,880 <__divdf3+0xe8>
     7e4:	7ff00793          	li	a5,2047
     7e8:	10f60063          	beq	a2,a5,8e8 <__divdf3+0x150>
     7ec:	01d55693          	srl	a3,a0,0x1d
     7f0:	00341413          	sll	s0,s0,0x3
     7f4:	0086e6b3          	or	a3,a3,s0
     7f8:	008007b7          	lui	a5,0x800
     7fc:	00f6ea33          	or	s4,a3,a5
     800:	00351493          	sll	s1,a0,0x3
     804:	c0160a93          	add	s5,a2,-1023
     808:	00000b13          	li	s6,0
     80c:	01495793          	srl	a5,s2,0x14
     810:	00c91413          	sll	s0,s2,0xc
     814:	7ff7f793          	and	a5,a5,2047
     818:	00c45413          	srl	s0,s0,0xc
     81c:	01f95913          	srl	s2,s2,0x1f
     820:	10078263          	beqz	a5,924 <__divdf3+0x18c>
     824:	7ff00713          	li	a4,2047
     828:	16e78663          	beq	a5,a4,994 <__divdf3+0x1fc>
     82c:	00341413          	sll	s0,s0,0x3
     830:	01dbd713          	srl	a4,s7,0x1d
     834:	00876733          	or	a4,a4,s0
     838:	00800437          	lui	s0,0x800
     83c:	00876433          	or	s0,a4,s0
     840:	003b9f13          	sll	t5,s7,0x3
     844:	c0178693          	add	a3,a5,-1023 # 7ffc01 <_sidata+0x7e9c71>
     848:	00000593          	li	a1,0
     84c:	002b1793          	sll	a5,s6,0x2
     850:	00b7e7b3          	or	a5,a5,a1
     854:	40da8633          	sub	a2,s5,a3
     858:	fff78793          	add	a5,a5,-1
     85c:	00e00693          	li	a3,14
     860:	0129c733          	xor	a4,s3,s2
     864:	18f6ec63          	bltu	a3,a5,9fc <__divdf3+0x264>
     868:	000156b7          	lui	a3,0x15
     86c:	00279793          	sll	a5,a5,0x2
     870:	b0468693          	add	a3,a3,-1276 # 14b04 <_getpid_r+0x4>
     874:	00d787b3          	add	a5,a5,a3
     878:	0007a783          	lw	a5,0(a5)
     87c:	00078067          	jr	a5
     880:	00a46a33          	or	s4,s0,a0
     884:	080a0063          	beqz	s4,904 <__divdf3+0x16c>
     888:	02040e63          	beqz	s0,8c4 <__divdf3+0x12c>
     88c:	00040513          	mv	a0,s0
     890:	408040ef          	jal	4c98 <__clzsi2>
     894:	ff550793          	add	a5,a0,-11
     898:	01d00693          	li	a3,29
     89c:	ff850713          	add	a4,a0,-8
     8a0:	40f686b3          	sub	a3,a3,a5
     8a4:	00e41433          	sll	s0,s0,a4
     8a8:	00db56b3          	srl	a3,s6,a3
     8ac:	0086ea33          	or	s4,a3,s0
     8b0:	00eb1433          	sll	s0,s6,a4
     8b4:	c0d00613          	li	a2,-1011
     8b8:	40a60ab3          	sub	s5,a2,a0
     8bc:	00040493          	mv	s1,s0
     8c0:	f49ff06f          	j	808 <__divdf3+0x70>
     8c4:	3d4040ef          	jal	4c98 <__clzsi2>
     8c8:	00050a13          	mv	s4,a0
     8cc:	015a0793          	add	a5,s4,21
     8d0:	01c00713          	li	a4,28
     8d4:	02050513          	add	a0,a0,32
     8d8:	fcf750e3          	bge	a4,a5,898 <__divdf3+0x100>
     8dc:	ff8a0a13          	add	s4,s4,-8
     8e0:	014b1a33          	sll	s4,s6,s4
     8e4:	fd1ff06f          	j	8b4 <__divdf3+0x11c>
     8e8:	00a46a33          	or	s4,s0,a0
     8ec:	020a0463          	beqz	s4,914 <__divdf3+0x17c>
     8f0:	00050493          	mv	s1,a0
     8f4:	00040a13          	mv	s4,s0
     8f8:	7ff00a93          	li	s5,2047
     8fc:	00300b13          	li	s6,3
     900:	f0dff06f          	j	80c <__divdf3+0x74>
     904:	00000493          	li	s1,0
     908:	00000a93          	li	s5,0
     90c:	00100b13          	li	s6,1
     910:	efdff06f          	j	80c <__divdf3+0x74>
     914:	00000493          	li	s1,0
     918:	7ff00a93          	li	s5,2047
     91c:	00200b13          	li	s6,2
     920:	eedff06f          	j	80c <__divdf3+0x74>
     924:	01746f33          	or	t5,s0,s7
     928:	080f0263          	beqz	t5,9ac <__divdf3+0x214>
     92c:	04040063          	beqz	s0,96c <__divdf3+0x1d4>
     930:	00040513          	mv	a0,s0
     934:	364040ef          	jal	4c98 <__clzsi2>
     938:	ff550713          	add	a4,a0,-11
     93c:	01d00793          	li	a5,29
     940:	ff850693          	add	a3,a0,-8
     944:	40e787b3          	sub	a5,a5,a4
     948:	00d41433          	sll	s0,s0,a3
     94c:	00fbd7b3          	srl	a5,s7,a5
     950:	0087e7b3          	or	a5,a5,s0
     954:	00db9433          	sll	s0,s7,a3
     958:	c0d00693          	li	a3,-1011
     95c:	00040f13          	mv	t5,s0
     960:	40a686b3          	sub	a3,a3,a0
     964:	00078413          	mv	s0,a5
     968:	ee1ff06f          	j	848 <__divdf3+0xb0>
     96c:	000b8513          	mv	a0,s7
     970:	328040ef          	jal	4c98 <__clzsi2>
     974:	00050793          	mv	a5,a0
     978:	01578713          	add	a4,a5,21
     97c:	01c00693          	li	a3,28
     980:	02050513          	add	a0,a0,32
     984:	fae6dce3          	bge	a3,a4,93c <__divdf3+0x1a4>
     988:	ff878793          	add	a5,a5,-8
     98c:	00fb97b3          	sll	a5,s7,a5
     990:	fc9ff06f          	j	958 <__divdf3+0x1c0>
     994:	01746f33          	or	t5,s0,s7
     998:	020f0263          	beqz	t5,9bc <__divdf3+0x224>
     99c:	000b8f13          	mv	t5,s7
     9a0:	7ff00693          	li	a3,2047
     9a4:	00300593          	li	a1,3
     9a8:	ea5ff06f          	j	84c <__divdf3+0xb4>
     9ac:	00000413          	li	s0,0
     9b0:	00000693          	li	a3,0
     9b4:	00100593          	li	a1,1
     9b8:	e95ff06f          	j	84c <__divdf3+0xb4>
     9bc:	00000413          	li	s0,0
     9c0:	7ff00693          	li	a3,2047
     9c4:	00200593          	li	a1,2
     9c8:	e85ff06f          	j	84c <__divdf3+0xb4>
     9cc:	00098713          	mv	a4,s3
     9d0:	000a0413          	mv	s0,s4
     9d4:	00048f13          	mv	t5,s1
     9d8:	00200793          	li	a5,2
     9dc:	46fb0263          	beq	s6,a5,e40 <__divdf3+0x6a8>
     9e0:	00300793          	li	a5,3
     9e4:	44fb0463          	beq	s6,a5,e2c <__divdf3+0x694>
     9e8:	00100793          	li	a5,1
     9ec:	2cfb1263          	bne	s6,a5,cb0 <__divdf3+0x518>
     9f0:	00000413          	li	s0,0
     9f4:	00000693          	li	a3,0
     9f8:	3f80006f          	j	df0 <__divdf3+0x658>
     9fc:	01446663          	bltu	s0,s4,a08 <__divdf3+0x270>
     a00:	348a1e63          	bne	s4,s0,d5c <__divdf3+0x5c4>
     a04:	35e4ec63          	bltu	s1,t5,d5c <__divdf3+0x5c4>
     a08:	01fa1693          	sll	a3,s4,0x1f
     a0c:	0014d793          	srl	a5,s1,0x1
     a10:	01f49313          	sll	t1,s1,0x1f
     a14:	001a5a13          	srl	s4,s4,0x1
     a18:	00f6e4b3          	or	s1,a3,a5
     a1c:	00841413          	sll	s0,s0,0x8
     a20:	01045893          	srl	a7,s0,0x10
     a24:	031a5eb3          	divu	t4,s4,a7
     a28:	018f5593          	srl	a1,t5,0x18
     a2c:	0085e5b3          	or	a1,a1,s0
     a30:	01059813          	sll	a6,a1,0x10
     a34:	01085813          	srl	a6,a6,0x10
     a38:	0104d793          	srl	a5,s1,0x10
     a3c:	008f1513          	sll	a0,t5,0x8
     a40:	031a76b3          	remu	a3,s4,a7
     a44:	03d80e33          	mul	t3,a6,t4
     a48:	01069693          	sll	a3,a3,0x10
     a4c:	00d7e7b3          	or	a5,a5,a3
     a50:	000e8693          	mv	a3,t4
     a54:	01c7fe63          	bgeu	a5,t3,a70 <__divdf3+0x2d8>
     a58:	00f587b3          	add	a5,a1,a5
     a5c:	fffe8693          	add	a3,t4,-1
     a60:	00b7e863          	bltu	a5,a1,a70 <__divdf3+0x2d8>
     a64:	01c7f663          	bgeu	a5,t3,a70 <__divdf3+0x2d8>
     a68:	ffee8693          	add	a3,t4,-2
     a6c:	00b787b3          	add	a5,a5,a1
     a70:	41c787b3          	sub	a5,a5,t3
     a74:	0317deb3          	divu	t4,a5,a7
     a78:	01049493          	sll	s1,s1,0x10
     a7c:	0104d493          	srl	s1,s1,0x10
     a80:	0317f7b3          	remu	a5,a5,a7
     a84:	03d80e33          	mul	t3,a6,t4
     a88:	01079793          	sll	a5,a5,0x10
     a8c:	00f4e4b3          	or	s1,s1,a5
     a90:	000e8793          	mv	a5,t4
     a94:	01c4fe63          	bgeu	s1,t3,ab0 <__divdf3+0x318>
     a98:	009584b3          	add	s1,a1,s1
     a9c:	fffe8793          	add	a5,t4,-1
     aa0:	00b4e863          	bltu	s1,a1,ab0 <__divdf3+0x318>
     aa4:	01c4f663          	bgeu	s1,t3,ab0 <__divdf3+0x318>
     aa8:	ffee8793          	add	a5,t4,-2
     aac:	00b484b3          	add	s1,s1,a1
     ab0:	01069693          	sll	a3,a3,0x10
     ab4:	000103b7          	lui	t2,0x10
     ab8:	00f6efb3          	or	t6,a3,a5
     abc:	41c484b3          	sub	s1,s1,t3
     ac0:	fff38e13          	add	t3,t2,-1 # ffff <_svfprintf_r+0x2267>
     ac4:	01cff7b3          	and	a5,t6,t3
     ac8:	010fdf13          	srl	t5,t6,0x10
     acc:	01055e93          	srl	t4,a0,0x10
     ad0:	01c57e33          	and	t3,a0,t3
     ad4:	02fe02b3          	mul	t0,t3,a5
     ad8:	03cf0433          	mul	s0,t5,t3
     adc:	0102d693          	srl	a3,t0,0x10
     ae0:	02fe87b3          	mul	a5,t4,a5
     ae4:	008787b3          	add	a5,a5,s0
     ae8:	00f686b3          	add	a3,a3,a5
     aec:	03df0f33          	mul	t5,t5,t4
     af0:	0086f463          	bgeu	a3,s0,af8 <__divdf3+0x360>
     af4:	007f0f33          	add	t5,t5,t2
     af8:	0106d793          	srl	a5,a3,0x10
     afc:	01e787b3          	add	a5,a5,t5
     b00:	00010f37          	lui	t5,0x10
     b04:	ffff0f13          	add	t5,t5,-1 # ffff <_svfprintf_r+0x2267>
     b08:	01e6f6b3          	and	a3,a3,t5
     b0c:	01069693          	sll	a3,a3,0x10
     b10:	01e2f2b3          	and	t0,t0,t5
     b14:	005686b3          	add	a3,a3,t0
     b18:	00f4e863          	bltu	s1,a5,b28 <__divdf3+0x390>
     b1c:	000f8413          	mv	s0,t6
     b20:	04f49863          	bne	s1,a5,b70 <__divdf3+0x3d8>
     b24:	04d37663          	bgeu	t1,a3,b70 <__divdf3+0x3d8>
     b28:	00a30f33          	add	t5,t1,a0
     b2c:	006f32b3          	sltu	t0,t5,t1
     b30:	00b283b3          	add	t2,t0,a1
     b34:	007484b3          	add	s1,s1,t2
     b38:	ffff8413          	add	s0,t6,-1
     b3c:	000f0313          	mv	t1,t5
     b40:	0095e663          	bltu	a1,s1,b4c <__divdf3+0x3b4>
     b44:	02959663          	bne	a1,s1,b70 <__divdf3+0x3d8>
     b48:	02029463          	bnez	t0,b70 <__divdf3+0x3d8>
     b4c:	00f4e663          	bltu	s1,a5,b58 <__divdf3+0x3c0>
     b50:	02979063          	bne	a5,s1,b70 <__divdf3+0x3d8>
     b54:	00df7e63          	bgeu	t5,a3,b70 <__divdf3+0x3d8>
     b58:	01e50f33          	add	t5,a0,t5
     b5c:	000f0313          	mv	t1,t5
     b60:	00af3f33          	sltu	t5,t5,a0
     b64:	00bf0f33          	add	t5,t5,a1
     b68:	ffef8413          	add	s0,t6,-2
     b6c:	01e484b3          	add	s1,s1,t5
     b70:	40d306b3          	sub	a3,t1,a3
     b74:	40f484b3          	sub	s1,s1,a5
     b78:	00d33333          	sltu	t1,t1,a3
     b7c:	406484b3          	sub	s1,s1,t1
     b80:	fff00f13          	li	t5,-1
     b84:	12958663          	beq	a1,s1,cb0 <__divdf3+0x518>
     b88:	0314dfb3          	divu	t6,s1,a7
     b8c:	0106d793          	srl	a5,a3,0x10
     b90:	0314f4b3          	remu	s1,s1,a7
     b94:	000f8313          	mv	t1,t6
     b98:	03f80f33          	mul	t5,a6,t6
     b9c:	01049493          	sll	s1,s1,0x10
     ba0:	0097e7b3          	or	a5,a5,s1
     ba4:	01e7fe63          	bgeu	a5,t5,bc0 <__divdf3+0x428>
     ba8:	00f587b3          	add	a5,a1,a5
     bac:	ffff8313          	add	t1,t6,-1
     bb0:	00b7e863          	bltu	a5,a1,bc0 <__divdf3+0x428>
     bb4:	01e7f663          	bgeu	a5,t5,bc0 <__divdf3+0x428>
     bb8:	ffef8313          	add	t1,t6,-2
     bbc:	00b787b3          	add	a5,a5,a1
     bc0:	41e787b3          	sub	a5,a5,t5
     bc4:	0317df33          	divu	t5,a5,a7
     bc8:	01069693          	sll	a3,a3,0x10
     bcc:	0106d693          	srl	a3,a3,0x10
     bd0:	0317f7b3          	remu	a5,a5,a7
     bd4:	03e80833          	mul	a6,a6,t5
     bd8:	01079793          	sll	a5,a5,0x10
     bdc:	00f6e7b3          	or	a5,a3,a5
     be0:	000f0693          	mv	a3,t5
     be4:	0107fe63          	bgeu	a5,a6,c00 <__divdf3+0x468>
     be8:	00f587b3          	add	a5,a1,a5
     bec:	ffff0693          	add	a3,t5,-1
     bf0:	00b7e863          	bltu	a5,a1,c00 <__divdf3+0x468>
     bf4:	0107f663          	bgeu	a5,a6,c00 <__divdf3+0x468>
     bf8:	ffef0693          	add	a3,t5,-2
     bfc:	00b787b3          	add	a5,a5,a1
     c00:	01031313          	sll	t1,t1,0x10
     c04:	00d36333          	or	t1,t1,a3
     c08:	01031693          	sll	a3,t1,0x10
     c0c:	0106d693          	srl	a3,a3,0x10
     c10:	01035893          	srl	a7,t1,0x10
     c14:	03c68f33          	mul	t5,a3,t3
     c18:	410787b3          	sub	a5,a5,a6
     c1c:	03c88e33          	mul	t3,a7,t3
     c20:	031e88b3          	mul	a7,t4,a7
     c24:	02de8eb3          	mul	t4,t4,a3
     c28:	010f5693          	srl	a3,t5,0x10
     c2c:	01ce8eb3          	add	t4,t4,t3
     c30:	01d686b3          	add	a3,a3,t4
     c34:	01c6f663          	bgeu	a3,t3,c40 <__divdf3+0x4a8>
     c38:	00010837          	lui	a6,0x10
     c3c:	010888b3          	add	a7,a7,a6
     c40:	0106d813          	srl	a6,a3,0x10
     c44:	01180833          	add	a6,a6,a7
     c48:	000108b7          	lui	a7,0x10
     c4c:	fff88893          	add	a7,a7,-1 # ffff <_svfprintf_r+0x2267>
     c50:	0116f6b3          	and	a3,a3,a7
     c54:	01069693          	sll	a3,a3,0x10
     c58:	011f7f33          	and	t5,t5,a7
     c5c:	01e686b3          	add	a3,a3,t5
     c60:	0107e863          	bltu	a5,a6,c70 <__divdf3+0x4d8>
     c64:	00030f13          	mv	t5,t1
     c68:	05079263          	bne	a5,a6,cac <__divdf3+0x514>
     c6c:	04068263          	beqz	a3,cb0 <__divdf3+0x518>
     c70:	00f587b3          	add	a5,a1,a5
     c74:	fff30f13          	add	t5,t1,-1
     c78:	00078893          	mv	a7,a5
     c7c:	02b7e463          	bltu	a5,a1,ca4 <__divdf3+0x50c>
     c80:	0107e663          	bltu	a5,a6,c8c <__divdf3+0x4f4>
     c84:	03079463          	bne	a5,a6,cac <__divdf3+0x514>
     c88:	02d57063          	bgeu	a0,a3,ca8 <__divdf3+0x510>
     c8c:	ffe30f13          	add	t5,t1,-2
     c90:	00151313          	sll	t1,a0,0x1
     c94:	00a338b3          	sltu	a7,t1,a0
     c98:	00b888b3          	add	a7,a7,a1
     c9c:	011788b3          	add	a7,a5,a7
     ca0:	00030513          	mv	a0,t1
     ca4:	01089463          	bne	a7,a6,cac <__divdf3+0x514>
     ca8:	00a68463          	beq	a3,a0,cb0 <__divdf3+0x518>
     cac:	001f6f13          	or	t5,t5,1
     cb0:	3ff60793          	add	a5,a2,1023
     cb4:	0cf05063          	blez	a5,d74 <__divdf3+0x5dc>
     cb8:	007f7693          	and	a3,t5,7
     cbc:	02068063          	beqz	a3,cdc <__divdf3+0x544>
     cc0:	00ff7693          	and	a3,t5,15
     cc4:	00400593          	li	a1,4
     cc8:	00b68a63          	beq	a3,a1,cdc <__divdf3+0x544>
     ccc:	004f0693          	add	a3,t5,4
     cd0:	01e6b5b3          	sltu	a1,a3,t5
     cd4:	00b40433          	add	s0,s0,a1
     cd8:	00068f13          	mv	t5,a3
     cdc:	010006b7          	lui	a3,0x1000
     ce0:	00d476b3          	and	a3,s0,a3
     ce4:	00068a63          	beqz	a3,cf8 <__divdf3+0x560>
     ce8:	ff0007b7          	lui	a5,0xff000
     cec:	fff78793          	add	a5,a5,-1 # feffffff <_stack_top+0xdeefffff>
     cf0:	00f47433          	and	s0,s0,a5
     cf4:	40060793          	add	a5,a2,1024
     cf8:	7fe00693          	li	a3,2046
     cfc:	14f6c263          	blt	a3,a5,e40 <__divdf3+0x6a8>
     d00:	01d41693          	sll	a3,s0,0x1d
     d04:	003f5f13          	srl	t5,t5,0x3
     d08:	01e6e6b3          	or	a3,a3,t5
     d0c:	00345413          	srl	s0,s0,0x3
     d10:	00c41413          	sll	s0,s0,0xc
     d14:	00c45413          	srl	s0,s0,0xc
     d18:	01479793          	sll	a5,a5,0x14
     d1c:	02c12083          	lw	ra,44(sp)
     d20:	0087e7b3          	or	a5,a5,s0
     d24:	02812403          	lw	s0,40(sp)
     d28:	01f71713          	sll	a4,a4,0x1f
     d2c:	00e7e633          	or	a2,a5,a4
     d30:	02412483          	lw	s1,36(sp)
     d34:	02012903          	lw	s2,32(sp)
     d38:	01c12983          	lw	s3,28(sp)
     d3c:	01812a03          	lw	s4,24(sp)
     d40:	01412a83          	lw	s5,20(sp)
     d44:	01012b03          	lw	s6,16(sp)
     d48:	00c12b83          	lw	s7,12(sp)
     d4c:	00068513          	mv	a0,a3
     d50:	00060593          	mv	a1,a2
     d54:	03010113          	add	sp,sp,48
     d58:	00008067          	ret
     d5c:	fff60613          	add	a2,a2,-1
     d60:	00000313          	li	t1,0
     d64:	cb9ff06f          	j	a1c <__divdf3+0x284>
     d68:	00090713          	mv	a4,s2
     d6c:	00058b13          	mv	s6,a1
     d70:	c69ff06f          	j	9d8 <__divdf3+0x240>
     d74:	00100593          	li	a1,1
     d78:	00078c63          	beqz	a5,d90 <__divdf3+0x5f8>
     d7c:	40f585b3          	sub	a1,a1,a5
     d80:	03800693          	li	a3,56
     d84:	c6b6c6e3          	blt	a3,a1,9f0 <__divdf3+0x258>
     d88:	01f00693          	li	a3,31
     d8c:	06b6c663          	blt	a3,a1,df8 <__divdf3+0x660>
     d90:	41e60613          	add	a2,a2,1054
     d94:	00bf57b3          	srl	a5,t5,a1
     d98:	00cf1f33          	sll	t5,t5,a2
     d9c:	01e03f33          	snez	t5,t5
     da0:	00c41633          	sll	a2,s0,a2
     da4:	00cf6f33          	or	t5,t5,a2
     da8:	01e7e7b3          	or	a5,a5,t5
     dac:	00b45433          	srl	s0,s0,a1
     db0:	0077f693          	and	a3,a5,7
     db4:	02068063          	beqz	a3,dd4 <__divdf3+0x63c>
     db8:	00f7f693          	and	a3,a5,15
     dbc:	00400613          	li	a2,4
     dc0:	00c68a63          	beq	a3,a2,dd4 <__divdf3+0x63c>
     dc4:	00478693          	add	a3,a5,4
     dc8:	00f6b633          	sltu	a2,a3,a5
     dcc:	00c40433          	add	s0,s0,a2
     dd0:	00068793          	mv	a5,a3
     dd4:	008006b7          	lui	a3,0x800
     dd8:	00d476b3          	and	a3,s0,a3
     ddc:	06069a63          	bnez	a3,e50 <__divdf3+0x6b8>
     de0:	01d41693          	sll	a3,s0,0x1d
     de4:	0037d793          	srl	a5,a5,0x3
     de8:	00f6e6b3          	or	a3,a3,a5
     dec:	00345413          	srl	s0,s0,0x3
     df0:	00000793          	li	a5,0
     df4:	f1dff06f          	j	d10 <__divdf3+0x578>
     df8:	fe100693          	li	a3,-31
     dfc:	40f687b3          	sub	a5,a3,a5
     e00:	02000513          	li	a0,32
     e04:	00f457b3          	srl	a5,s0,a5
     e08:	00000693          	li	a3,0
     e0c:	00a58663          	beq	a1,a0,e18 <__divdf3+0x680>
     e10:	43e60613          	add	a2,a2,1086
     e14:	00c416b3          	sll	a3,s0,a2
     e18:	01e6e6b3          	or	a3,a3,t5
     e1c:	00d036b3          	snez	a3,a3
     e20:	00d7e7b3          	or	a5,a5,a3
     e24:	00000413          	li	s0,0
     e28:	f89ff06f          	j	db0 <__divdf3+0x618>
     e2c:	00080437          	lui	s0,0x80
     e30:	00000693          	li	a3,0
     e34:	7ff00793          	li	a5,2047
     e38:	00000713          	li	a4,0
     e3c:	ed5ff06f          	j	d10 <__divdf3+0x578>
     e40:	00000413          	li	s0,0
     e44:	00000693          	li	a3,0
     e48:	7ff00793          	li	a5,2047
     e4c:	ec5ff06f          	j	d10 <__divdf3+0x578>
     e50:	00000413          	li	s0,0
     e54:	00000693          	li	a3,0
     e58:	00100793          	li	a5,1
     e5c:	eb5ff06f          	j	d10 <__divdf3+0x578>

00000e60 <__muldf3>:
     e60:	fd010113          	add	sp,sp,-48
     e64:	01512a23          	sw	s5,20(sp)
     e68:	0145da93          	srl	s5,a1,0x14
     e6c:	02812423          	sw	s0,40(sp)
     e70:	02912223          	sw	s1,36(sp)
     e74:	01312e23          	sw	s3,28(sp)
     e78:	01412c23          	sw	s4,24(sp)
     e7c:	01612823          	sw	s6,16(sp)
     e80:	00c59493          	sll	s1,a1,0xc
     e84:	02112623          	sw	ra,44(sp)
     e88:	03212023          	sw	s2,32(sp)
     e8c:	01712623          	sw	s7,12(sp)
     e90:	7ffafa93          	and	s5,s5,2047
     e94:	00050413          	mv	s0,a0
     e98:	00060b13          	mv	s6,a2
     e9c:	00068993          	mv	s3,a3
     ea0:	00c4d493          	srl	s1,s1,0xc
     ea4:	01f5da13          	srl	s4,a1,0x1f
     ea8:	300a8063          	beqz	s5,11a8 <__muldf3+0x348>
     eac:	7ff00793          	li	a5,2047
     eb0:	36fa8263          	beq	s5,a5,1214 <__muldf3+0x3b4>
     eb4:	00349493          	sll	s1,s1,0x3
     eb8:	01d55793          	srl	a5,a0,0x1d
     ebc:	0097e7b3          	or	a5,a5,s1
     ec0:	008004b7          	lui	s1,0x800
     ec4:	0097e4b3          	or	s1,a5,s1
     ec8:	00351913          	sll	s2,a0,0x3
     ecc:	c01a8a93          	add	s5,s5,-1023
     ed0:	00000b93          	li	s7,0
     ed4:	0149d713          	srl	a4,s3,0x14
     ed8:	00c99413          	sll	s0,s3,0xc
     edc:	7ff77713          	and	a4,a4,2047
     ee0:	00c45413          	srl	s0,s0,0xc
     ee4:	01f9d993          	srl	s3,s3,0x1f
     ee8:	36070263          	beqz	a4,124c <__muldf3+0x3ec>
     eec:	7ff00793          	li	a5,2047
     ef0:	3cf70663          	beq	a4,a5,12bc <__muldf3+0x45c>
     ef4:	00341413          	sll	s0,s0,0x3
     ef8:	01db5793          	srl	a5,s6,0x1d
     efc:	0087e7b3          	or	a5,a5,s0
     f00:	00800437          	lui	s0,0x800
     f04:	0087e433          	or	s0,a5,s0
     f08:	c0170693          	add	a3,a4,-1023
     f0c:	003b1793          	sll	a5,s6,0x3
     f10:	00000513          	li	a0,0
     f14:	002b9713          	sll	a4,s7,0x2
     f18:	00da8ab3          	add	s5,s5,a3
     f1c:	00a76733          	or	a4,a4,a0
     f20:	00a00693          	li	a3,10
     f24:	013a4633          	xor	a2,s4,s3
     f28:	001a8593          	add	a1,s5,1
     f2c:	40e6c863          	blt	a3,a4,133c <__muldf3+0x4dc>
     f30:	00200693          	li	a3,2
     f34:	3ce6c063          	blt	a3,a4,12f4 <__muldf3+0x494>
     f38:	fff70713          	add	a4,a4,-1
     f3c:	00100693          	li	a3,1
     f40:	3ce6fc63          	bgeu	a3,a4,1318 <__muldf3+0x4b8>
     f44:	00010837          	lui	a6,0x10
     f48:	fff80e93          	add	t4,a6,-1 # ffff <_svfprintf_r+0x2267>
     f4c:	01095693          	srl	a3,s2,0x10
     f50:	0107d893          	srl	a7,a5,0x10
     f54:	01d97933          	and	s2,s2,t4
     f58:	01d7ff33          	and	t5,a5,t4
     f5c:	03e907b3          	mul	a5,s2,t5
     f60:	03e68333          	mul	t1,a3,t5
     f64:	0107d513          	srl	a0,a5,0x10
     f68:	03288733          	mul	a4,a7,s2
     f6c:	00670733          	add	a4,a4,t1
     f70:	00e50533          	add	a0,a0,a4
     f74:	03168e33          	mul	t3,a3,a7
     f78:	00657463          	bgeu	a0,t1,f80 <__muldf3+0x120>
     f7c:	010e0e33          	add	t3,t3,a6
     f80:	01055713          	srl	a4,a0,0x10
     f84:	01d57533          	and	a0,a0,t4
     f88:	01d7f7b3          	and	a5,a5,t4
     f8c:	01045813          	srl	a6,s0,0x10
     f90:	01d47eb3          	and	t4,s0,t4
     f94:	01051513          	sll	a0,a0,0x10
     f98:	00f50533          	add	a0,a0,a5
     f9c:	03d90fb3          	mul	t6,s2,t4
     fa0:	03d687b3          	mul	a5,a3,t4
     fa4:	03280933          	mul	s2,a6,s2
     fa8:	03068333          	mul	t1,a3,a6
     fac:	00f90933          	add	s2,s2,a5
     fb0:	010fd693          	srl	a3,t6,0x10
     fb4:	012686b3          	add	a3,a3,s2
     fb8:	00f6f663          	bgeu	a3,a5,fc4 <__muldf3+0x164>
     fbc:	000107b7          	lui	a5,0x10
     fc0:	00f30333          	add	t1,t1,a5
     fc4:	000103b7          	lui	t2,0x10
     fc8:	0106d793          	srl	a5,a3,0x10
     fcc:	fff38293          	add	t0,t2,-1 # ffff <_svfprintf_r+0x2267>
     fd0:	00678333          	add	t1,a5,t1
     fd4:	0056f7b3          	and	a5,a3,t0
     fd8:	005fffb3          	and	t6,t6,t0
     fdc:	0104d913          	srl	s2,s1,0x10
     fe0:	0054f2b3          	and	t0,s1,t0
     fe4:	01079793          	sll	a5,a5,0x10
     fe8:	01f787b3          	add	a5,a5,t6
     fec:	03288433          	mul	s0,a7,s2
     ff0:	00f70733          	add	a4,a4,a5
     ff4:	025f0fb3          	mul	t6,t5,t0
     ff8:	025888b3          	mul	a7,a7,t0
     ffc:	010fd693          	srl	a3,t6,0x10
    1000:	03e90f33          	mul	t5,s2,t5
    1004:	01e888b3          	add	a7,a7,t5
    1008:	011686b3          	add	a3,a3,a7
    100c:	01e6f463          	bgeu	a3,t5,1014 <__muldf3+0x1b4>
    1010:	00740433          	add	s0,s0,t2
    1014:	025e83b3          	mul	t2,t4,t0
    1018:	0106df13          	srl	t5,a3,0x10
    101c:	000104b7          	lui	s1,0x10
    1020:	008f0f33          	add	t5,t5,s0
    1024:	fff48413          	add	s0,s1,-1 # ffff <_svfprintf_r+0x2267>
    1028:	0086f6b3          	and	a3,a3,s0
    102c:	01069693          	sll	a3,a3,0x10
    1030:	008fffb3          	and	t6,t6,s0
    1034:	01f68fb3          	add	t6,a3,t6
    1038:	03d90eb3          	mul	t4,s2,t4
    103c:	0103d693          	srl	a3,t2,0x10
    1040:	032808b3          	mul	a7,a6,s2
    1044:	02580833          	mul	a6,a6,t0
    1048:	01d80833          	add	a6,a6,t4
    104c:	01068833          	add	a6,a3,a6
    1050:	01d87463          	bgeu	a6,t4,1058 <__muldf3+0x1f8>
    1054:	009888b3          	add	a7,a7,s1
    1058:	008876b3          	and	a3,a6,s0
    105c:	0083f3b3          	and	t2,t2,s0
    1060:	01069693          	sll	a3,a3,0x10
    1064:	01c70733          	add	a4,a4,t3
    1068:	007686b3          	add	a3,a3,t2
    106c:	00668333          	add	t1,a3,t1
    1070:	00f737b3          	sltu	a5,a4,a5
    1074:	00f307b3          	add	a5,t1,a5
    1078:	00d336b3          	sltu	a3,t1,a3
    107c:	0067b333          	sltu	t1,a5,t1
    1080:	01085813          	srl	a6,a6,0x10
    1084:	0066e6b3          	or	a3,a3,t1
    1088:	010686b3          	add	a3,a3,a6
    108c:	01f70833          	add	a6,a4,t6
    1090:	01e78f33          	add	t5,a5,t5
    1094:	00e83733          	sltu	a4,a6,a4
    1098:	00ef0733          	add	a4,t5,a4
    109c:	00ff3433          	sltu	s0,t5,a5
    10a0:	01e73f33          	sltu	t5,a4,t5
    10a4:	01e46433          	or	s0,s0,t5
    10a8:	00d40433          	add	s0,s0,a3
    10ac:	01140433          	add	s0,s0,a7
    10b0:	01775793          	srl	a5,a4,0x17
    10b4:	00941413          	sll	s0,s0,0x9
    10b8:	00f46433          	or	s0,s0,a5
    10bc:	00981793          	sll	a5,a6,0x9
    10c0:	00a7e7b3          	or	a5,a5,a0
    10c4:	00f037b3          	snez	a5,a5
    10c8:	01785813          	srl	a6,a6,0x17
    10cc:	00971713          	sll	a4,a4,0x9
    10d0:	0107e7b3          	or	a5,a5,a6
    10d4:	00e7e7b3          	or	a5,a5,a4
    10d8:	01000737          	lui	a4,0x1000
    10dc:	00e47733          	and	a4,s0,a4
    10e0:	28070063          	beqz	a4,1360 <__muldf3+0x500>
    10e4:	0017d713          	srl	a4,a5,0x1
    10e8:	0017f793          	and	a5,a5,1
    10ec:	00f76733          	or	a4,a4,a5
    10f0:	01f41793          	sll	a5,s0,0x1f
    10f4:	00f767b3          	or	a5,a4,a5
    10f8:	00145413          	srl	s0,s0,0x1
    10fc:	3ff58693          	add	a3,a1,1023
    1100:	26d05463          	blez	a3,1368 <__muldf3+0x508>
    1104:	0077f713          	and	a4,a5,7
    1108:	02070063          	beqz	a4,1128 <__muldf3+0x2c8>
    110c:	00f7f713          	and	a4,a5,15
    1110:	00400513          	li	a0,4
    1114:	00a70a63          	beq	a4,a0,1128 <__muldf3+0x2c8>
    1118:	00478713          	add	a4,a5,4 # 10004 <_svfprintf_r+0x226c>
    111c:	00f73533          	sltu	a0,a4,a5
    1120:	00a40433          	add	s0,s0,a0
    1124:	00070793          	mv	a5,a4
    1128:	01000737          	lui	a4,0x1000
    112c:	00e47733          	and	a4,s0,a4
    1130:	00070a63          	beqz	a4,1144 <__muldf3+0x2e4>
    1134:	ff000737          	lui	a4,0xff000
    1138:	fff70713          	add	a4,a4,-1 # feffffff <_stack_top+0xdeefffff>
    113c:	00e47433          	and	s0,s0,a4
    1140:	40058693          	add	a3,a1,1024
    1144:	7fe00713          	li	a4,2046
    1148:	2ed74a63          	blt	a4,a3,143c <__muldf3+0x5dc>
    114c:	01d41713          	sll	a4,s0,0x1d
    1150:	0037d793          	srl	a5,a5,0x3
    1154:	00f76733          	or	a4,a4,a5
    1158:	00345413          	srl	s0,s0,0x3
    115c:	00c41413          	sll	s0,s0,0xc
    1160:	00c45413          	srl	s0,s0,0xc
    1164:	01469693          	sll	a3,a3,0x14
    1168:	02c12083          	lw	ra,44(sp)
    116c:	0086e6b3          	or	a3,a3,s0
    1170:	02812403          	lw	s0,40(sp)
    1174:	01f61613          	sll	a2,a2,0x1f
    1178:	00c6e7b3          	or	a5,a3,a2
    117c:	02412483          	lw	s1,36(sp)
    1180:	02012903          	lw	s2,32(sp)
    1184:	01c12983          	lw	s3,28(sp)
    1188:	01812a03          	lw	s4,24(sp)
    118c:	01412a83          	lw	s5,20(sp)
    1190:	01012b03          	lw	s6,16(sp)
    1194:	00c12b83          	lw	s7,12(sp)
    1198:	00070513          	mv	a0,a4
    119c:	00078593          	mv	a1,a5
    11a0:	03010113          	add	sp,sp,48
    11a4:	00008067          	ret
    11a8:	00a4e933          	or	s2,s1,a0
    11ac:	08090063          	beqz	s2,122c <__muldf3+0x3cc>
    11b0:	04048063          	beqz	s1,11f0 <__muldf3+0x390>
    11b4:	00048513          	mv	a0,s1
    11b8:	2e1030ef          	jal	4c98 <__clzsi2>
    11bc:	ff550713          	add	a4,a0,-11
    11c0:	01d00793          	li	a5,29
    11c4:	ff850693          	add	a3,a0,-8
    11c8:	40e787b3          	sub	a5,a5,a4
    11cc:	00d494b3          	sll	s1,s1,a3
    11d0:	00f457b3          	srl	a5,s0,a5
    11d4:	0097e7b3          	or	a5,a5,s1
    11d8:	00d414b3          	sll	s1,s0,a3
    11dc:	c0d00a93          	li	s5,-1011
    11e0:	00048913          	mv	s2,s1
    11e4:	40aa8ab3          	sub	s5,s5,a0
    11e8:	00078493          	mv	s1,a5
    11ec:	ce5ff06f          	j	ed0 <__muldf3+0x70>
    11f0:	2a9030ef          	jal	4c98 <__clzsi2>
    11f4:	00050793          	mv	a5,a0
    11f8:	01578713          	add	a4,a5,21
    11fc:	01c00693          	li	a3,28
    1200:	02050513          	add	a0,a0,32
    1204:	fae6dee3          	bge	a3,a4,11c0 <__muldf3+0x360>
    1208:	ff878793          	add	a5,a5,-8
    120c:	00f417b3          	sll	a5,s0,a5
    1210:	fcdff06f          	j	11dc <__muldf3+0x37c>
    1214:	00a4e933          	or	s2,s1,a0
    1218:	02090263          	beqz	s2,123c <__muldf3+0x3dc>
    121c:	00050913          	mv	s2,a0
    1220:	7ff00a93          	li	s5,2047
    1224:	00300b93          	li	s7,3
    1228:	cadff06f          	j	ed4 <__muldf3+0x74>
    122c:	00000493          	li	s1,0
    1230:	00000a93          	li	s5,0
    1234:	00100b93          	li	s7,1
    1238:	c9dff06f          	j	ed4 <__muldf3+0x74>
    123c:	00000493          	li	s1,0
    1240:	7ff00a93          	li	s5,2047
    1244:	00200b93          	li	s7,2
    1248:	c8dff06f          	j	ed4 <__muldf3+0x74>
    124c:	016467b3          	or	a5,s0,s6
    1250:	08078263          	beqz	a5,12d4 <__muldf3+0x474>
    1254:	04040063          	beqz	s0,1294 <__muldf3+0x434>
    1258:	00040513          	mv	a0,s0
    125c:	23d030ef          	jal	4c98 <__clzsi2>
    1260:	ff550693          	add	a3,a0,-11
    1264:	01d00713          	li	a4,29
    1268:	ff850793          	add	a5,a0,-8
    126c:	40d70733          	sub	a4,a4,a3
    1270:	00f41433          	sll	s0,s0,a5
    1274:	00eb5733          	srl	a4,s6,a4
    1278:	00876733          	or	a4,a4,s0
    127c:	00fb1433          	sll	s0,s6,a5
    1280:	c0d00693          	li	a3,-1011
    1284:	00040793          	mv	a5,s0
    1288:	40a686b3          	sub	a3,a3,a0
    128c:	00070413          	mv	s0,a4
    1290:	c81ff06f          	j	f10 <__muldf3+0xb0>
    1294:	000b0513          	mv	a0,s6
    1298:	201030ef          	jal	4c98 <__clzsi2>
    129c:	00050793          	mv	a5,a0
    12a0:	01578693          	add	a3,a5,21
    12a4:	01c00713          	li	a4,28
    12a8:	02050513          	add	a0,a0,32
    12ac:	fad75ce3          	bge	a4,a3,1264 <__muldf3+0x404>
    12b0:	ff878793          	add	a5,a5,-8
    12b4:	00fb1733          	sll	a4,s6,a5
    12b8:	fc9ff06f          	j	1280 <__muldf3+0x420>
    12bc:	016467b3          	or	a5,s0,s6
    12c0:	02078263          	beqz	a5,12e4 <__muldf3+0x484>
    12c4:	000b0793          	mv	a5,s6
    12c8:	7ff00693          	li	a3,2047
    12cc:	00300513          	li	a0,3
    12d0:	c45ff06f          	j	f14 <__muldf3+0xb4>
    12d4:	00000413          	li	s0,0
    12d8:	00000693          	li	a3,0
    12dc:	00100513          	li	a0,1
    12e0:	c35ff06f          	j	f14 <__muldf3+0xb4>
    12e4:	00000413          	li	s0,0
    12e8:	7ff00693          	li	a3,2047
    12ec:	00200513          	li	a0,2
    12f0:	c25ff06f          	j	f14 <__muldf3+0xb4>
    12f4:	00100693          	li	a3,1
    12f8:	00e696b3          	sll	a3,a3,a4
    12fc:	5306f713          	and	a4,a3,1328
    1300:	04071863          	bnez	a4,1350 <__muldf3+0x4f0>
    1304:	2406f813          	and	a6,a3,576
    1308:	10081c63          	bnez	a6,1420 <__muldf3+0x5c0>
    130c:	0886f693          	and	a3,a3,136
    1310:	c2068ae3          	beqz	a3,f44 <__muldf3+0xe4>
    1314:	00098613          	mv	a2,s3
    1318:	00200713          	li	a4,2
    131c:	12e50063          	beq	a0,a4,143c <__muldf3+0x5dc>
    1320:	00300713          	li	a4,3
    1324:	10e50663          	beq	a0,a4,1430 <__muldf3+0x5d0>
    1328:	00100713          	li	a4,1
    132c:	dce518e3          	bne	a0,a4,10fc <__muldf3+0x29c>
    1330:	00000413          	li	s0,0
    1334:	00000713          	li	a4,0
    1338:	0ac0006f          	j	13e4 <__muldf3+0x584>
    133c:	00f00693          	li	a3,15
    1340:	0ed70863          	beq	a4,a3,1430 <__muldf3+0x5d0>
    1344:	00b00693          	li	a3,11
    1348:	000a0613          	mv	a2,s4
    134c:	fcd704e3          	beq	a4,a3,1314 <__muldf3+0x4b4>
    1350:	00048413          	mv	s0,s1
    1354:	00090793          	mv	a5,s2
    1358:	000b8513          	mv	a0,s7
    135c:	fbdff06f          	j	1318 <__muldf3+0x4b8>
    1360:	000a8593          	mv	a1,s5
    1364:	d99ff06f          	j	10fc <__muldf3+0x29c>
    1368:	00100513          	li	a0,1
    136c:	00068c63          	beqz	a3,1384 <__muldf3+0x524>
    1370:	40d50533          	sub	a0,a0,a3
    1374:	03800713          	li	a4,56
    1378:	faa74ce3          	blt	a4,a0,1330 <__muldf3+0x4d0>
    137c:	01f00713          	li	a4,31
    1380:	06a74663          	blt	a4,a0,13ec <__muldf3+0x58c>
    1384:	41e58593          	add	a1,a1,1054
    1388:	00a7d733          	srl	a4,a5,a0
    138c:	00b797b3          	sll	a5,a5,a1
    1390:	00f037b3          	snez	a5,a5
    1394:	00b415b3          	sll	a1,s0,a1
    1398:	00b7e7b3          	or	a5,a5,a1
    139c:	00e7e7b3          	or	a5,a5,a4
    13a0:	00a45433          	srl	s0,s0,a0
    13a4:	0077f713          	and	a4,a5,7
    13a8:	02070063          	beqz	a4,13c8 <__muldf3+0x568>
    13ac:	00f7f713          	and	a4,a5,15
    13b0:	00400693          	li	a3,4
    13b4:	00d70a63          	beq	a4,a3,13c8 <__muldf3+0x568>
    13b8:	00478713          	add	a4,a5,4
    13bc:	00f736b3          	sltu	a3,a4,a5
    13c0:	00d40433          	add	s0,s0,a3
    13c4:	00070793          	mv	a5,a4
    13c8:	00800737          	lui	a4,0x800
    13cc:	00e47733          	and	a4,s0,a4
    13d0:	06071e63          	bnez	a4,144c <__muldf3+0x5ec>
    13d4:	01d41713          	sll	a4,s0,0x1d
    13d8:	0037d793          	srl	a5,a5,0x3
    13dc:	00f76733          	or	a4,a4,a5
    13e0:	00345413          	srl	s0,s0,0x3
    13e4:	00000693          	li	a3,0
    13e8:	d75ff06f          	j	115c <__muldf3+0x2fc>
    13ec:	fe100713          	li	a4,-31
    13f0:	40d70733          	sub	a4,a4,a3
    13f4:	02000813          	li	a6,32
    13f8:	00e45733          	srl	a4,s0,a4
    13fc:	00000693          	li	a3,0
    1400:	01050663          	beq	a0,a6,140c <__muldf3+0x5ac>
    1404:	43e58593          	add	a1,a1,1086
    1408:	00b416b3          	sll	a3,s0,a1
    140c:	00f6e6b3          	or	a3,a3,a5
    1410:	00d036b3          	snez	a3,a3
    1414:	00d767b3          	or	a5,a4,a3
    1418:	00000413          	li	s0,0
    141c:	f89ff06f          	j	13a4 <__muldf3+0x544>
    1420:	00080437          	lui	s0,0x80
    1424:	7ff00693          	li	a3,2047
    1428:	00000613          	li	a2,0
    142c:	d31ff06f          	j	115c <__muldf3+0x2fc>
    1430:	00080437          	lui	s0,0x80
    1434:	00000713          	li	a4,0
    1438:	fedff06f          	j	1424 <__muldf3+0x5c4>
    143c:	00000413          	li	s0,0
    1440:	00000713          	li	a4,0
    1444:	7ff00693          	li	a3,2047
    1448:	d15ff06f          	j	115c <__muldf3+0x2fc>
    144c:	00000413          	li	s0,0
    1450:	00000713          	li	a4,0
    1454:	00100693          	li	a3,1
    1458:	d05ff06f          	j	115c <__muldf3+0x2fc>

0000145c <__eqtf2>:
    145c:	00c52703          	lw	a4,12(a0)
    1460:	00c5a603          	lw	a2,12(a1)
    1464:	0005a283          	lw	t0,0(a1)
    1468:	0045af83          	lw	t6,4(a1)
    146c:	0085af03          	lw	t5,8(a1)
    1470:	000085b7          	lui	a1,0x8
    1474:	01075813          	srl	a6,a4,0x10
    1478:	fff58593          	add	a1,a1,-1 # 7fff <_vfprintf_r+0x236f>
    147c:	01071893          	sll	a7,a4,0x10
    1480:	01061e93          	sll	t4,a2,0x10
    1484:	01065693          	srl	a3,a2,0x10
    1488:	00b87833          	and	a6,a6,a1
    148c:	00052783          	lw	a5,0(a0)
    1490:	00452e03          	lw	t3,4(a0)
    1494:	00852303          	lw	t1,8(a0)
    1498:	ff010113          	add	sp,sp,-16
    149c:	0108d893          	srl	a7,a7,0x10
    14a0:	01f75713          	srl	a4,a4,0x1f
    14a4:	010ede93          	srl	t4,t4,0x10
    14a8:	00b6f6b3          	and	a3,a3,a1
    14ac:	01f65613          	srl	a2,a2,0x1f
    14b0:	00100513          	li	a0,1
    14b4:	00b80863          	beq	a6,a1,14c4 <__eqtf2+0x68>
    14b8:	02b69e63          	bne	a3,a1,14f4 <__eqtf2+0x98>
    14bc:	01010113          	add	sp,sp,16
    14c0:	00008067          	ret
    14c4:	ff069ce3          	bne	a3,a6,14bc <__eqtf2+0x60>
    14c8:	01c7e7b3          	or	a5,a5,t3
    14cc:	0067e7b3          	or	a5,a5,t1
    14d0:	0117e7b3          	or	a5,a5,a7
    14d4:	0057e7b3          	or	a5,a5,t0
    14d8:	01f7e7b3          	or	a5,a5,t6
    14dc:	01e7e7b3          	or	a5,a5,t5
    14e0:	01d7e7b3          	or	a5,a5,t4
    14e4:	fc079ce3          	bnez	a5,14bc <__eqtf2+0x60>
    14e8:	40c70733          	sub	a4,a4,a2
    14ec:	00e03533          	snez	a0,a4
    14f0:	fcdff06f          	j	14bc <__eqtf2+0x60>
    14f4:	00100513          	li	a0,1
    14f8:	fd0692e3          	bne	a3,a6,14bc <__eqtf2+0x60>
    14fc:	fc5790e3          	bne	a5,t0,14bc <__eqtf2+0x60>
    1500:	fbfe1ee3          	bne	t3,t6,14bc <__eqtf2+0x60>
    1504:	fbe31ce3          	bne	t1,t5,14bc <__eqtf2+0x60>
    1508:	fbd89ae3          	bne	a7,t4,14bc <__eqtf2+0x60>
    150c:	00c70e63          	beq	a4,a2,1528 <__eqtf2+0xcc>
    1510:	fa0696e3          	bnez	a3,14bc <__eqtf2+0x60>
    1514:	01c7e533          	or	a0,a5,t3
    1518:	00656533          	or	a0,a0,t1
    151c:	01156533          	or	a0,a0,a7
    1520:	00a03533          	snez	a0,a0
    1524:	f99ff06f          	j	14bc <__eqtf2+0x60>
    1528:	00000513          	li	a0,0
    152c:	f91ff06f          	j	14bc <__eqtf2+0x60>

00001530 <__getf2>:
    1530:	00052883          	lw	a7,0(a0)
    1534:	00452303          	lw	t1,4(a0)
    1538:	00852e03          	lw	t3,8(a0)
    153c:	00c52503          	lw	a0,12(a0)
    1540:	00c5a803          	lw	a6,12(a1)
    1544:	00008737          	lui	a4,0x8
    1548:	01055693          	srl	a3,a0,0x10
    154c:	fff70713          	add	a4,a4,-1 # 7fff <_vfprintf_r+0x236f>
    1550:	01051613          	sll	a2,a0,0x10
    1554:	01081f13          	sll	t5,a6,0x10
    1558:	0005a783          	lw	a5,0(a1)
    155c:	0045af83          	lw	t6,4(a1)
    1560:	0085ae83          	lw	t4,8(a1)
    1564:	00e6f6b3          	and	a3,a3,a4
    1568:	01f55593          	srl	a1,a0,0x1f
    156c:	01085513          	srl	a0,a6,0x10
    1570:	ff010113          	add	sp,sp,-16
    1574:	01065613          	srl	a2,a2,0x10
    1578:	010f5f13          	srl	t5,t5,0x10
    157c:	00e57533          	and	a0,a0,a4
    1580:	01f85813          	srl	a6,a6,0x1f
    1584:	04e69663          	bne	a3,a4,15d0 <__getf2+0xa0>
    1588:	011368b3          	or	a7,t1,a7
    158c:	01c8e8b3          	or	a7,a7,t3
    1590:	00c8e8b3          	or	a7,a7,a2
    1594:	0e089c63          	bnez	a7,168c <__getf2+0x15c>
    1598:	00d50a63          	beq	a0,a3,15ac <__getf2+0x7c>
    159c:	00100513          	li	a0,1
    15a0:	02058463          	beqz	a1,15c8 <__getf2+0x98>
    15a4:	fff00513          	li	a0,-1
    15a8:	0200006f          	j	15c8 <__getf2+0x98>
    15ac:	01f7e7b3          	or	a5,a5,t6
    15b0:	01d7e7b3          	or	a5,a5,t4
    15b4:	01e7e7b3          	or	a5,a5,t5
    15b8:	ffe00513          	li	a0,-2
    15bc:	00079663          	bnez	a5,15c8 <__getf2+0x98>
    15c0:	00000513          	li	a0,0
    15c4:	fcb81ce3          	bne	a6,a1,159c <__getf2+0x6c>
    15c8:	01010113          	add	sp,sp,16
    15cc:	00008067          	ret
    15d0:	02e51663          	bne	a0,a4,15fc <__getf2+0xcc>
    15d4:	01f7e733          	or	a4,a5,t6
    15d8:	01d76733          	or	a4,a4,t4
    15dc:	01e76733          	or	a4,a4,t5
    15e0:	0a071663          	bnez	a4,168c <__getf2+0x15c>
    15e4:	02068863          	beqz	a3,1614 <__getf2+0xe4>
    15e8:	fab81ae3          	bne	a6,a1,159c <__getf2+0x6c>
    15ec:	fff00513          	li	a0,-1
    15f0:	fc058ce3          	beqz	a1,15c8 <__getf2+0x98>
    15f4:	00058513          	mv	a0,a1
    15f8:	fd1ff06f          	j	15c8 <__getf2+0x98>
    15fc:	02068c63          	beqz	a3,1634 <__getf2+0x104>
    1600:	f8050ee3          	beqz	a0,159c <__getf2+0x6c>
    1604:	f8b81ce3          	bne	a6,a1,159c <__getf2+0x6c>
    1608:	f8d54ae3          	blt	a0,a3,159c <__getf2+0x6c>
    160c:	04a6d863          	bge	a3,a0,165c <__getf2+0x12c>
    1610:	fddff06f          	j	15ec <__getf2+0xbc>
    1614:	01136733          	or	a4,t1,a7
    1618:	01c76733          	or	a4,a4,t3
    161c:	00c76733          	or	a4,a4,a2
    1620:	fe0712e3          	bnez	a4,1604 <__getf2+0xd4>
    1624:	fff00513          	li	a0,-1
    1628:	fa0800e3          	beqz	a6,15c8 <__getf2+0x98>
    162c:	00080513          	mv	a0,a6
    1630:	f99ff06f          	j	15c8 <__getf2+0x98>
    1634:	01136733          	or	a4,t1,a7
    1638:	01c76733          	or	a4,a4,t3
    163c:	00c76733          	or	a4,a4,a2
    1640:	fe0510e3          	bnez	a0,1620 <__getf2+0xf0>
    1644:	01f7e6b3          	or	a3,a5,t6
    1648:	01d6e6b3          	or	a3,a3,t4
    164c:	01e6e6b3          	or	a3,a3,t5
    1650:	02068a63          	beqz	a3,1684 <__getf2+0x154>
    1654:	fc0708e3          	beqz	a4,1624 <__getf2+0xf4>
    1658:	f4b812e3          	bne	a6,a1,159c <__getf2+0x6c>
    165c:	f4cf60e3          	bltu	t5,a2,159c <__getf2+0x6c>
    1660:	f9e616e3          	bne	a2,t5,15ec <__getf2+0xbc>
    1664:	f3ceece3          	bltu	t4,t3,159c <__getf2+0x6c>
    1668:	f9de12e3          	bne	t3,t4,15ec <__getf2+0xbc>
    166c:	f26fe8e3          	bltu	t6,t1,159c <__getf2+0x6c>
    1670:	f7f31ee3          	bne	t1,t6,15ec <__getf2+0xbc>
    1674:	f317e4e3          	bltu	a5,a7,159c <__getf2+0x6c>
    1678:	00000513          	li	a0,0
    167c:	f6f8e8e3          	bltu	a7,a5,15ec <__getf2+0xbc>
    1680:	f49ff06f          	j	15c8 <__getf2+0x98>
    1684:	f40702e3          	beqz	a4,15c8 <__getf2+0x98>
    1688:	f15ff06f          	j	159c <__getf2+0x6c>
    168c:	ffe00513          	li	a0,-2
    1690:	f39ff06f          	j	15c8 <__getf2+0x98>

00001694 <__letf2>:
    1694:	00052883          	lw	a7,0(a0)
    1698:	00452303          	lw	t1,4(a0)
    169c:	00852e03          	lw	t3,8(a0)
    16a0:	00c52503          	lw	a0,12(a0)
    16a4:	00c5a803          	lw	a6,12(a1)
    16a8:	00008737          	lui	a4,0x8
    16ac:	01055693          	srl	a3,a0,0x10
    16b0:	fff70713          	add	a4,a4,-1 # 7fff <_vfprintf_r+0x236f>
    16b4:	01051613          	sll	a2,a0,0x10
    16b8:	01081f13          	sll	t5,a6,0x10
    16bc:	0005a783          	lw	a5,0(a1)
    16c0:	0045af83          	lw	t6,4(a1)
    16c4:	0085ae83          	lw	t4,8(a1)
    16c8:	00e6f6b3          	and	a3,a3,a4
    16cc:	01f55593          	srl	a1,a0,0x1f
    16d0:	01085513          	srl	a0,a6,0x10
    16d4:	ff010113          	add	sp,sp,-16
    16d8:	01065613          	srl	a2,a2,0x10
    16dc:	010f5f13          	srl	t5,t5,0x10
    16e0:	00e57533          	and	a0,a0,a4
    16e4:	01f85813          	srl	a6,a6,0x1f
    16e8:	04e69663          	bne	a3,a4,1734 <__letf2+0xa0>
    16ec:	011368b3          	or	a7,t1,a7
    16f0:	01c8e8b3          	or	a7,a7,t3
    16f4:	00c8e8b3          	or	a7,a7,a2
    16f8:	0e089c63          	bnez	a7,17f0 <__letf2+0x15c>
    16fc:	00d50a63          	beq	a0,a3,1710 <__letf2+0x7c>
    1700:	00100513          	li	a0,1
    1704:	02058463          	beqz	a1,172c <__letf2+0x98>
    1708:	fff00513          	li	a0,-1
    170c:	0200006f          	j	172c <__letf2+0x98>
    1710:	01f7e7b3          	or	a5,a5,t6
    1714:	01d7e7b3          	or	a5,a5,t4
    1718:	01e7e7b3          	or	a5,a5,t5
    171c:	00200513          	li	a0,2
    1720:	00079663          	bnez	a5,172c <__letf2+0x98>
    1724:	00000513          	li	a0,0
    1728:	fcb81ce3          	bne	a6,a1,1700 <__letf2+0x6c>
    172c:	01010113          	add	sp,sp,16
    1730:	00008067          	ret
    1734:	02e51663          	bne	a0,a4,1760 <__letf2+0xcc>
    1738:	01f7e733          	or	a4,a5,t6
    173c:	01d76733          	or	a4,a4,t4
    1740:	01e76733          	or	a4,a4,t5
    1744:	0a071663          	bnez	a4,17f0 <__letf2+0x15c>
    1748:	02068863          	beqz	a3,1778 <__letf2+0xe4>
    174c:	fab81ae3          	bne	a6,a1,1700 <__letf2+0x6c>
    1750:	fff00513          	li	a0,-1
    1754:	fc058ce3          	beqz	a1,172c <__letf2+0x98>
    1758:	00058513          	mv	a0,a1
    175c:	fd1ff06f          	j	172c <__letf2+0x98>
    1760:	02068c63          	beqz	a3,1798 <__letf2+0x104>
    1764:	f8050ee3          	beqz	a0,1700 <__letf2+0x6c>
    1768:	f8b81ce3          	bne	a6,a1,1700 <__letf2+0x6c>
    176c:	f8d54ae3          	blt	a0,a3,1700 <__letf2+0x6c>
    1770:	04a6d863          	bge	a3,a0,17c0 <__letf2+0x12c>
    1774:	fddff06f          	j	1750 <__letf2+0xbc>
    1778:	01136733          	or	a4,t1,a7
    177c:	01c76733          	or	a4,a4,t3
    1780:	00c76733          	or	a4,a4,a2
    1784:	fe0712e3          	bnez	a4,1768 <__letf2+0xd4>
    1788:	fff00513          	li	a0,-1
    178c:	fa0800e3          	beqz	a6,172c <__letf2+0x98>
    1790:	00080513          	mv	a0,a6
    1794:	f99ff06f          	j	172c <__letf2+0x98>
    1798:	01136733          	or	a4,t1,a7
    179c:	01c76733          	or	a4,a4,t3
    17a0:	00c76733          	or	a4,a4,a2
    17a4:	fe0510e3          	bnez	a0,1784 <__letf2+0xf0>
    17a8:	01f7e6b3          	or	a3,a5,t6
    17ac:	01d6e6b3          	or	a3,a3,t4
    17b0:	01e6e6b3          	or	a3,a3,t5
    17b4:	02068a63          	beqz	a3,17e8 <__letf2+0x154>
    17b8:	fc0708e3          	beqz	a4,1788 <__letf2+0xf4>
    17bc:	f4b812e3          	bne	a6,a1,1700 <__letf2+0x6c>
    17c0:	f4cf60e3          	bltu	t5,a2,1700 <__letf2+0x6c>
    17c4:	f9e616e3          	bne	a2,t5,1750 <__letf2+0xbc>
    17c8:	f3ceece3          	bltu	t4,t3,1700 <__letf2+0x6c>
    17cc:	f9de12e3          	bne	t3,t4,1750 <__letf2+0xbc>
    17d0:	f26fe8e3          	bltu	t6,t1,1700 <__letf2+0x6c>
    17d4:	f7f31ee3          	bne	t1,t6,1750 <__letf2+0xbc>
    17d8:	f317e4e3          	bltu	a5,a7,1700 <__letf2+0x6c>
    17dc:	00000513          	li	a0,0
    17e0:	f6f8e8e3          	bltu	a7,a5,1750 <__letf2+0xbc>
    17e4:	f49ff06f          	j	172c <__letf2+0x98>
    17e8:	f40702e3          	beqz	a4,172c <__letf2+0x98>
    17ec:	f15ff06f          	j	1700 <__letf2+0x6c>
    17f0:	00200513          	li	a0,2
    17f4:	f39ff06f          	j	172c <__letf2+0x98>

000017f8 <__multf3>:
    17f8:	f5010113          	add	sp,sp,-176
    17fc:	09312e23          	sw	s3,156(sp)
    1800:	00c5a983          	lw	s3,12(a1)
    1804:	0005a783          	lw	a5,0(a1)
    1808:	0085a683          	lw	a3,8(a1)
    180c:	0a812423          	sw	s0,168(sp)
    1810:	00050413          	mv	s0,a0
    1814:	0045a503          	lw	a0,4(a1)
    1818:	01099713          	sll	a4,s3,0x10
    181c:	0b212023          	sw	s2,160(sp)
    1820:	09412c23          	sw	s4,152(sp)
    1824:	00062903          	lw	s2,0(a2)
    1828:	00c62a03          	lw	s4,12(a2)
    182c:	09512a23          	sw	s5,148(sp)
    1830:	09612823          	sw	s6,144(sp)
    1834:	00862a83          	lw	s5,8(a2)
    1838:	00462b03          	lw	s6,4(a2)
    183c:	00008637          	lui	a2,0x8
    1840:	0a912223          	sw	s1,164(sp)
    1844:	01075713          	srl	a4,a4,0x10
    1848:	0109d493          	srl	s1,s3,0x10
    184c:	fff60613          	add	a2,a2,-1 # 7fff <_vfprintf_r+0x236f>
    1850:	05312e23          	sw	s3,92(sp)
    1854:	0a112623          	sw	ra,172(sp)
    1858:	09712623          	sw	s7,140(sp)
    185c:	09812423          	sw	s8,136(sp)
    1860:	09912223          	sw	s9,132(sp)
    1864:	09a12023          	sw	s10,128(sp)
    1868:	07b12e23          	sw	s11,124(sp)
    186c:	04f12823          	sw	a5,80(sp)
    1870:	04a12a23          	sw	a0,84(sp)
    1874:	04d12c23          	sw	a3,88(sp)
    1878:	02f12023          	sw	a5,32(sp)
    187c:	02a12223          	sw	a0,36(sp)
    1880:	02d12423          	sw	a3,40(sp)
    1884:	02e12623          	sw	a4,44(sp)
    1888:	00c4f4b3          	and	s1,s1,a2
    188c:	01f9d993          	srl	s3,s3,0x1f
    1890:	1c0484e3          	beqz	s1,2258 <__multf3+0xa60>
    1894:	30c486e3          	beq	s1,a2,23a0 <__multf3+0xba8>
    1898:	000107b7          	lui	a5,0x10
    189c:	00f76733          	or	a4,a4,a5
    18a0:	02e12623          	sw	a4,44(sp)
    18a4:	02010613          	add	a2,sp,32
    18a8:	02c10793          	add	a5,sp,44
    18ac:	0007a703          	lw	a4,0(a5) # 10000 <_svfprintf_r+0x2268>
    18b0:	ffc7a683          	lw	a3,-4(a5)
    18b4:	ffc78793          	add	a5,a5,-4
    18b8:	00371713          	sll	a4,a4,0x3
    18bc:	01d6d693          	srl	a3,a3,0x1d
    18c0:	00d76733          	or	a4,a4,a3
    18c4:	00e7a223          	sw	a4,4(a5)
    18c8:	fef612e3          	bne	a2,a5,18ac <__multf3+0xb4>
    18cc:	02012783          	lw	a5,32(sp)
    18d0:	00379793          	sll	a5,a5,0x3
    18d4:	02f12023          	sw	a5,32(sp)
    18d8:	ffffc7b7          	lui	a5,0xffffc
    18dc:	00178793          	add	a5,a5,1 # ffffc001 <_stack_top+0xdfefc001>
    18e0:	00f484b3          	add	s1,s1,a5
    18e4:	00000b93          	li	s7,0
    18e8:	010a1513          	sll	a0,s4,0x10
    18ec:	00008737          	lui	a4,0x8
    18f0:	010a5793          	srl	a5,s4,0x10
    18f4:	01055513          	srl	a0,a0,0x10
    18f8:	fff70713          	add	a4,a4,-1 # 7fff <_vfprintf_r+0x236f>
    18fc:	05412e23          	sw	s4,92(sp)
    1900:	05212823          	sw	s2,80(sp)
    1904:	05612a23          	sw	s6,84(sp)
    1908:	05512c23          	sw	s5,88(sp)
    190c:	03212823          	sw	s2,48(sp)
    1910:	03612a23          	sw	s6,52(sp)
    1914:	03512c23          	sw	s5,56(sp)
    1918:	02a12e23          	sw	a0,60(sp)
    191c:	00e7f7b3          	and	a5,a5,a4
    1920:	01fa5a13          	srl	s4,s4,0x1f
    1924:	2a0782e3          	beqz	a5,23c8 <__multf3+0xbd0>
    1928:	3ee784e3          	beq	a5,a4,2510 <__multf3+0xd18>
    192c:	00010737          	lui	a4,0x10
    1930:	00e56533          	or	a0,a0,a4
    1934:	02a12e23          	sw	a0,60(sp)
    1938:	03010593          	add	a1,sp,48
    193c:	03c10713          	add	a4,sp,60
    1940:	00072683          	lw	a3,0(a4) # 10000 <_svfprintf_r+0x2268>
    1944:	ffc72603          	lw	a2,-4(a4)
    1948:	ffc70713          	add	a4,a4,-4
    194c:	00369693          	sll	a3,a3,0x3
    1950:	01d65613          	srl	a2,a2,0x1d
    1954:	00c6e6b3          	or	a3,a3,a2
    1958:	00d72223          	sw	a3,4(a4)
    195c:	fee592e3          	bne	a1,a4,1940 <__multf3+0x148>
    1960:	03012703          	lw	a4,48(sp)
    1964:	00371713          	sll	a4,a4,0x3
    1968:	02e12823          	sw	a4,48(sp)
    196c:	ffffc737          	lui	a4,0xffffc
    1970:	00170713          	add	a4,a4,1 # ffffc001 <_stack_top+0xdfefc001>
    1974:	00e787b3          	add	a5,a5,a4
    1978:	00000693          	li	a3,0
    197c:	009787b3          	add	a5,a5,s1
    1980:	00f12623          	sw	a5,12(sp)
    1984:	00178793          	add	a5,a5,1
    1988:	0149c733          	xor	a4,s3,s4
    198c:	00f12423          	sw	a5,8(sp)
    1990:	002b9793          	sll	a5,s7,0x2
    1994:	00e12223          	sw	a4,4(sp)
    1998:	00d7e7b3          	or	a5,a5,a3
    199c:	00a00713          	li	a4,10
    19a0:	3cf74ce3          	blt	a4,a5,2578 <__multf3+0xd80>
    19a4:	00200713          	li	a4,2
    19a8:	38f748e3          	blt	a4,a5,2538 <__multf3+0xd40>
    19ac:	fff78793          	add	a5,a5,-1
    19b0:	00100713          	li	a4,1
    19b4:	42f774e3          	bgeu	a4,a5,25dc <__multf3+0xde4>
    19b8:	02012883          	lw	a7,32(sp)
    19bc:	03012f03          	lw	t5,48(sp)
    19c0:	000105b7          	lui	a1,0x10
    19c4:	fff58713          	add	a4,a1,-1 # ffff <_svfprintf_r+0x2267>
    19c8:	0108d993          	srl	s3,a7,0x10
    19cc:	010f5913          	srl	s2,t5,0x10
    19d0:	00e8f8b3          	and	a7,a7,a4
    19d4:	00ef7f33          	and	t5,t5,a4
    19d8:	031f0633          	mul	a2,t5,a7
    19dc:	03e98533          	mul	a0,s3,t5
    19e0:	01065793          	srl	a5,a2,0x10
    19e4:	031906b3          	mul	a3,s2,a7
    19e8:	00a686b3          	add	a3,a3,a0
    19ec:	00d787b3          	add	a5,a5,a3
    19f0:	03298bb3          	mul	s7,s3,s2
    19f4:	00a7f463          	bgeu	a5,a0,19fc <__multf3+0x204>
    19f8:	00bb8bb3          	add	s7,s7,a1
    19fc:	03412e83          	lw	t4,52(sp)
    1a00:	0107d693          	srl	a3,a5,0x10
    1a04:	00e7f7b3          	and	a5,a5,a4
    1a08:	00e67633          	and	a2,a2,a4
    1a0c:	01079793          	sll	a5,a5,0x10
    1a10:	00c787b3          	add	a5,a5,a2
    1a14:	010ed393          	srl	t2,t4,0x10
    1a18:	00eefeb3          	and	t4,t4,a4
    1a1c:	03d98633          	mul	a2,s3,t4
    1a20:	00f12823          	sw	a5,16(sp)
    1a24:	04f12823          	sw	a5,80(sp)
    1a28:	03138733          	mul	a4,t2,a7
    1a2c:	031e87b3          	mul	a5,t4,a7
    1a30:	00c70733          	add	a4,a4,a2
    1a34:	0107d313          	srl	t1,a5,0x10
    1a38:	00e30333          	add	t1,t1,a4
    1a3c:	02798b33          	mul	s6,s3,t2
    1a40:	00c37663          	bgeu	t1,a2,1a4c <__multf3+0x254>
    1a44:	00010737          	lui	a4,0x10
    1a48:	00eb0b33          	add	s6,s6,a4
    1a4c:	02412803          	lw	a6,36(sp)
    1a50:	00010737          	lui	a4,0x10
    1a54:	fff70613          	add	a2,a4,-1 # ffff <_svfprintf_r+0x2267>
    1a58:	01035513          	srl	a0,t1,0x10
    1a5c:	00c37333          	and	t1,t1,a2
    1a60:	00c7f7b3          	and	a5,a5,a2
    1a64:	01085493          	srl	s1,a6,0x10
    1a68:	01031313          	sll	t1,t1,0x10
    1a6c:	00c87833          	and	a6,a6,a2
    1a70:	00f30333          	add	t1,t1,a5
    1a74:	03e48fb3          	mul	t6,s1,t5
    1a78:	006686b3          	add	a3,a3,t1
    1a7c:	03e807b3          	mul	a5,a6,t5
    1a80:	03090e33          	mul	t3,s2,a6
    1a84:	0107d613          	srl	a2,a5,0x10
    1a88:	01fe0e33          	add	t3,t3,t6
    1a8c:	01c60633          	add	a2,a2,t3
    1a90:	029905b3          	mul	a1,s2,s1
    1a94:	01f67463          	bgeu	a2,t6,1a9c <__multf3+0x2a4>
    1a98:	00e585b3          	add	a1,a1,a4
    1a9c:	01065a93          	srl	s5,a2,0x10
    1aa0:	00010737          	lui	a4,0x10
    1aa4:	00ba8ab3          	add	s5,s5,a1
    1aa8:	fff70593          	add	a1,a4,-1 # ffff <_svfprintf_r+0x2267>
    1aac:	00b7f7b3          	and	a5,a5,a1
    1ab0:	00b67633          	and	a2,a2,a1
    1ab4:	01061613          	sll	a2,a2,0x10
    1ab8:	030e85b3          	mul	a1,t4,a6
    1abc:	00f60633          	add	a2,a2,a5
    1ac0:	03d48fb3          	mul	t6,s1,t4
    1ac4:	0105d793          	srl	a5,a1,0x10
    1ac8:	03038e33          	mul	t3,t2,a6
    1acc:	01fe0e33          	add	t3,t3,t6
    1ad0:	01c787b3          	add	a5,a5,t3
    1ad4:	029382b3          	mul	t0,t2,s1
    1ad8:	01f7f463          	bgeu	a5,t6,1ae0 <__multf3+0x2e8>
    1adc:	00e282b3          	add	t0,t0,a4
    1ae0:	0107d713          	srl	a4,a5,0x10
    1ae4:	00570733          	add	a4,a4,t0
    1ae8:	00010a37          	lui	s4,0x10
    1aec:	00e12a23          	sw	a4,20(sp)
    1af0:	fffa0713          	add	a4,s4,-1 # ffff <_svfprintf_r+0x2267>
    1af4:	03812e03          	lw	t3,56(sp)
    1af8:	00e7f7b3          	and	a5,a5,a4
    1afc:	00e5f5b3          	and	a1,a1,a4
    1b00:	01079793          	sll	a5,a5,0x10
    1b04:	00b787b3          	add	a5,a5,a1
    1b08:	00f12c23          	sw	a5,24(sp)
    1b0c:	010e5793          	srl	a5,t3,0x10
    1b10:	00ee7e33          	and	t3,t3,a4
    1b14:	031e05b3          	mul	a1,t3,a7
    1b18:	03c98c33          	mul	s8,s3,t3
    1b1c:	0105d713          	srl	a4,a1,0x10
    1b20:	031782b3          	mul	t0,a5,a7
    1b24:	018282b3          	add	t0,t0,s8
    1b28:	00570733          	add	a4,a4,t0
    1b2c:	02f98fb3          	mul	t6,s3,a5
    1b30:	01877463          	bgeu	a4,s8,1b38 <__multf3+0x340>
    1b34:	014f8fb3          	add	t6,t6,s4
    1b38:	01075293          	srl	t0,a4,0x10
    1b3c:	01f28fb3          	add	t6,t0,t6
    1b40:	00010cb7          	lui	s9,0x10
    1b44:	01f12e23          	sw	t6,28(sp)
    1b48:	fffc8f93          	add	t6,s9,-1 # ffff <_svfprintf_r+0x2267>
    1b4c:	01f77733          	and	a4,a4,t6
    1b50:	01f5f5b3          	and	a1,a1,t6
    1b54:	01071713          	sll	a4,a4,0x10
    1b58:	00b70733          	add	a4,a4,a1
    1b5c:	02812583          	lw	a1,40(sp)
    1b60:	0105d293          	srl	t0,a1,0x10
    1b64:	01f5f5b3          	and	a1,a1,t6
    1b68:	03e58fb3          	mul	t6,a1,t5
    1b6c:	03e28d33          	mul	s10,t0,t5
    1b70:	010fdd93          	srl	s11,t6,0x10
    1b74:	02b90a33          	mul	s4,s2,a1
    1b78:	01aa0a33          	add	s4,s4,s10
    1b7c:	014d8a33          	add	s4,s11,s4
    1b80:	02590c33          	mul	s8,s2,t0
    1b84:	01aa7463          	bgeu	s4,s10,1b8c <__multf3+0x394>
    1b88:	019c0c33          	add	s8,s8,s9
    1b8c:	017686b3          	add	a3,a3,s7
    1b90:	0066b333          	sltu	t1,a3,t1
    1b94:	010a5d13          	srl	s10,s4,0x10
    1b98:	00650533          	add	a0,a0,t1
    1b9c:	00010cb7          	lui	s9,0x10
    1ba0:	01650533          	add	a0,a0,s6
    1ba4:	018d0d33          	add	s10,s10,s8
    1ba8:	00c68633          	add	a2,a3,a2
    1bac:	fffc8c13          	add	s8,s9,-1 # ffff <_svfprintf_r+0x2267>
    1bb0:	01550ab3          	add	s5,a0,s5
    1bb4:	018a7a33          	and	s4,s4,s8
    1bb8:	00d636b3          	sltu	a3,a2,a3
    1bbc:	00da86b3          	add	a3,s5,a3
    1bc0:	010a1a13          	sll	s4,s4,0x10
    1bc4:	018fffb3          	and	t6,t6,s8
    1bc8:	01fa0fb3          	add	t6,s4,t6
    1bcc:	00aaba33          	sltu	s4,s5,a0
    1bd0:	0156bab3          	sltu	s5,a3,s5
    1bd4:	015a6a33          	or	s4,s4,s5
    1bd8:	00653533          	sltu	a0,a0,t1
    1bdc:	00aa0533          	add	a0,s4,a0
    1be0:	01812303          	lw	t1,24(sp)
    1be4:	01412a03          	lw	s4,20(sp)
    1be8:	04c12a23          	sw	a2,84(sp)
    1bec:	00668333          	add	t1,a3,t1
    1bf0:	01450ab3          	add	s5,a0,s4
    1bf4:	01c12a03          	lw	s4,28(sp)
    1bf8:	00d336b3          	sltu	a3,t1,a3
    1bfc:	00da86b3          	add	a3,s5,a3
    1c00:	00e30733          	add	a4,t1,a4
    1c04:	01468b33          	add	s6,a3,s4
    1c08:	00673333          	sltu	t1,a4,t1
    1c0c:	006b0333          	add	t1,s6,t1
    1c10:	01f70fb3          	add	t6,a4,t6
    1c14:	01a30d33          	add	s10,t1,s10
    1c18:	00efb733          	sltu	a4,t6,a4
    1c1c:	00aab533          	sltu	a0,s5,a0
    1c20:	00ed0733          	add	a4,s10,a4
    1c24:	0156bab3          	sltu	s5,a3,s5
    1c28:	00db36b3          	sltu	a3,s6,a3
    1c2c:	01633b33          	sltu	s6,t1,s6
    1c30:	0166e6b3          	or	a3,a3,s6
    1c34:	006d3a33          	sltu	s4,s10,t1
    1c38:	01556ab3          	or	s5,a0,s5
    1c3c:	01a73d33          	sltu	s10,a4,s10
    1c40:	00da8ab3          	add	s5,s5,a3
    1c44:	01aa6a33          	or	s4,s4,s10
    1c48:	015a0a33          	add	s4,s4,s5
    1c4c:	03c12a83          	lw	s5,60(sp)
    1c50:	05f12c23          	sw	t6,88(sp)
    1c54:	010adb13          	srl	s6,s5,0x10
    1c58:	018afab3          	and	s5,s5,s8
    1c5c:	031a86b3          	mul	a3,s5,a7
    1c60:	03598533          	mul	a0,s3,s5
    1c64:	031b08b3          	mul	a7,s6,a7
    1c68:	00a88333          	add	t1,a7,a0
    1c6c:	0106d893          	srl	a7,a3,0x10
    1c70:	006888b3          	add	a7,a7,t1
    1c74:	036989b3          	mul	s3,s3,s6
    1c78:	00a8f463          	bgeu	a7,a0,1c80 <__multf3+0x488>
    1c7c:	019989b3          	add	s3,s3,s9
    1c80:	02c12b83          	lw	s7,44(sp)
    1c84:	0108d513          	srl	a0,a7,0x10
    1c88:	01350533          	add	a0,a0,s3
    1c8c:	00010c37          	lui	s8,0x10
    1c90:	00a12a23          	sw	a0,20(sp)
    1c94:	fffc0513          	add	a0,s8,-1 # ffff <_svfprintf_r+0x2267>
    1c98:	010bd993          	srl	s3,s7,0x10
    1c9c:	00abfbb3          	and	s7,s7,a0
    1ca0:	00a6f6b3          	and	a3,a3,a0
    1ca4:	00a8f8b3          	and	a7,a7,a0
    1ca8:	03390333          	mul	t1,s2,s3
    1cac:	01089893          	sll	a7,a7,0x10
    1cb0:	00d888b3          	add	a7,a7,a3
    1cb4:	03eb8533          	mul	a0,s7,t5
    1cb8:	03790933          	mul	s2,s2,s7
    1cbc:	01055693          	srl	a3,a0,0x10
    1cc0:	03e98f33          	mul	t5,s3,t5
    1cc4:	01e90933          	add	s2,s2,t5
    1cc8:	012686b3          	add	a3,a3,s2
    1ccc:	01e6f463          	bgeu	a3,t5,1cd4 <__multf3+0x4dc>
    1cd0:	01830333          	add	t1,t1,s8
    1cd4:	0106df13          	srl	t5,a3,0x10
    1cd8:	006f0333          	add	t1,t5,t1
    1cdc:	00010cb7          	lui	s9,0x10
    1ce0:	00612c23          	sw	t1,24(sp)
    1ce4:	fffc8313          	add	t1,s9,-1 # ffff <_svfprintf_r+0x2267>
    1ce8:	00657533          	and	a0,a0,t1
    1cec:	0066f6b3          	and	a3,a3,t1
    1cf0:	03c48f33          	mul	t5,s1,t3
    1cf4:	01069693          	sll	a3,a3,0x10
    1cf8:	00a686b3          	add	a3,a3,a0
    1cfc:	03c80333          	mul	t1,a6,t3
    1d00:	03078933          	mul	s2,a5,a6
    1d04:	01035513          	srl	a0,t1,0x10
    1d08:	01e90933          	add	s2,s2,t5
    1d0c:	01250533          	add	a0,a0,s2
    1d10:	02f48c33          	mul	s8,s1,a5
    1d14:	01e57463          	bgeu	a0,t5,1d1c <__multf3+0x524>
    1d18:	019c0c33          	add	s8,s8,s9
    1d1c:	00010d37          	lui	s10,0x10
    1d20:	fffd0f13          	add	t5,s10,-1 # ffff <_svfprintf_r+0x2267>
    1d24:	01055913          	srl	s2,a0,0x10
    1d28:	01e57533          	and	a0,a0,t5
    1d2c:	01e37333          	and	t1,t1,t5
    1d30:	01051513          	sll	a0,a0,0x10
    1d34:	01890933          	add	s2,s2,s8
    1d38:	02b38f33          	mul	t5,t2,a1
    1d3c:	00650533          	add	a0,a0,t1
    1d40:	03d28c33          	mul	s8,t0,t4
    1d44:	02be8333          	mul	t1,t4,a1
    1d48:	018f0f33          	add	t5,t5,s8
    1d4c:	01035d93          	srl	s11,t1,0x10
    1d50:	01ed8f33          	add	t5,s11,t5
    1d54:	02538cb3          	mul	s9,t2,t0
    1d58:	018f7463          	bgeu	t5,s8,1d60 <__multf3+0x568>
    1d5c:	01ac8cb3          	add	s9,s9,s10
    1d60:	010f5c13          	srl	s8,t5,0x10
    1d64:	019c0c33          	add	s8,s8,s9
    1d68:	00010cb7          	lui	s9,0x10
    1d6c:	fffc8d13          	add	s10,s9,-1 # ffff <_svfprintf_r+0x2267>
    1d70:	01af7f33          	and	t5,t5,s10
    1d74:	010f1f13          	sll	t5,t5,0x10
    1d78:	01a37333          	and	t1,t1,s10
    1d7c:	006f0333          	add	t1,t5,t1
    1d80:	01412f03          	lw	t5,20(sp)
    1d84:	011708b3          	add	a7,a4,a7
    1d88:	01812d03          	lw	s10,24(sp)
    1d8c:	01ea0f33          	add	t5,s4,t5
    1d90:	00e8b733          	sltu	a4,a7,a4
    1d94:	00ef0733          	add	a4,t5,a4
    1d98:	00d886b3          	add	a3,a7,a3
    1d9c:	01a70d33          	add	s10,a4,s10
    1da0:	0116b8b3          	sltu	a7,a3,a7
    1da4:	011d08b3          	add	a7,s10,a7
    1da8:	00a68533          	add	a0,a3,a0
    1dac:	01288933          	add	s2,a7,s2
    1db0:	00d536b3          	sltu	a3,a0,a3
    1db4:	00d906b3          	add	a3,s2,a3
    1db8:	014f3a33          	sltu	s4,t5,s4
    1dbc:	01e73f33          	sltu	t5,a4,t5
    1dc0:	00ed3733          	sltu	a4,s10,a4
    1dc4:	01a8bd33          	sltu	s10,a7,s10
    1dc8:	01ea6f33          	or	t5,s4,t5
    1dcc:	011938b3          	sltu	a7,s2,a7
    1dd0:	01a76733          	or	a4,a4,s10
    1dd4:	0126b933          	sltu	s2,a3,s2
    1dd8:	01868c33          	add	s8,a3,s8
    1ddc:	00ef0733          	add	a4,t5,a4
    1de0:	0128e8b3          	or	a7,a7,s2
    1de4:	00e88933          	add	s2,a7,a4
    1de8:	03c28f33          	mul	t5,t0,t3
    1dec:	00dc38b3          	sltu	a7,s8,a3
    1df0:	00650333          	add	t1,a0,t1
    1df4:	00a33533          	sltu	a0,t1,a0
    1df8:	00ac0533          	add	a0,s8,a0
    1dfc:	01853c33          	sltu	s8,a0,s8
    1e00:	0188e8b3          	or	a7,a7,s8
    1e04:	04612e23          	sw	t1,92(sp)
    1e08:	012888b3          	add	a7,a7,s2
    1e0c:	02be06b3          	mul	a3,t3,a1
    1e10:	02b78a33          	mul	s4,a5,a1
    1e14:	0106d713          	srl	a4,a3,0x10
    1e18:	01ea0a33          	add	s4,s4,t5
    1e1c:	01470733          	add	a4,a4,s4
    1e20:	02578933          	mul	s2,a5,t0
    1e24:	01e77463          	bgeu	a4,t5,1e2c <__multf3+0x634>
    1e28:	01990933          	add	s2,s2,s9
    1e2c:	01075f13          	srl	t5,a4,0x10
    1e30:	012f0f33          	add	t5,t5,s2
    1e34:	00010937          	lui	s2,0x10
    1e38:	fff90a13          	add	s4,s2,-1 # ffff <_svfprintf_r+0x2267>
    1e3c:	01477733          	and	a4,a4,s4
    1e40:	0146f6b3          	and	a3,a3,s4
    1e44:	01071713          	sll	a4,a4,0x10
    1e48:	03548a33          	mul	s4,s1,s5
    1e4c:	00d70733          	add	a4,a4,a3
    1e50:	030a86b3          	mul	a3,s5,a6
    1e54:	030b0833          	mul	a6,s6,a6
    1e58:	01480c33          	add	s8,a6,s4
    1e5c:	0106d813          	srl	a6,a3,0x10
    1e60:	01880833          	add	a6,a6,s8
    1e64:	036484b3          	mul	s1,s1,s6
    1e68:	01487463          	bgeu	a6,s4,1e70 <__multf3+0x678>
    1e6c:	012484b3          	add	s1,s1,s2
    1e70:	01085913          	srl	s2,a6,0x10
    1e74:	00010c37          	lui	s8,0x10
    1e78:	009904b3          	add	s1,s2,s1
    1e7c:	fffc0913          	add	s2,s8,-1 # ffff <_svfprintf_r+0x2267>
    1e80:	0126f6b3          	and	a3,a3,s2
    1e84:	01287833          	and	a6,a6,s2
    1e88:	01081813          	sll	a6,a6,0x10
    1e8c:	03db8a33          	mul	s4,s7,t4
    1e90:	00d80833          	add	a6,a6,a3
    1e94:	03d98eb3          	mul	t4,s3,t4
    1e98:	010a5693          	srl	a3,s4,0x10
    1e9c:	03338933          	mul	s2,t2,s3
    1ea0:	037383b3          	mul	t2,t2,s7
    1ea4:	01d383b3          	add	t2,t2,t4
    1ea8:	007686b3          	add	a3,a3,t2
    1eac:	01d6f463          	bgeu	a3,t4,1eb4 <__multf3+0x6bc>
    1eb0:	01890933          	add	s2,s2,s8
    1eb4:	0106de93          	srl	t4,a3,0x10
    1eb8:	012e8eb3          	add	t4,t4,s2
    1ebc:	00010937          	lui	s2,0x10
    1ec0:	fff90393          	add	t2,s2,-1 # ffff <_svfprintf_r+0x2267>
    1ec4:	0076f6b3          	and	a3,a3,t2
    1ec8:	007a7a33          	and	s4,s4,t2
    1ecc:	01069693          	sll	a3,a3,0x10
    1ed0:	02ba83b3          	mul	t2,s5,a1
    1ed4:	014686b3          	add	a3,a3,s4
    1ed8:	02bb05b3          	mul	a1,s6,a1
    1edc:	03528a33          	mul	s4,t0,s5
    1ee0:	01458c33          	add	s8,a1,s4
    1ee4:	0103d593          	srl	a1,t2,0x10
    1ee8:	018585b3          	add	a1,a1,s8
    1eec:	036282b3          	mul	t0,t0,s6
    1ef0:	0145f463          	bgeu	a1,s4,1ef8 <__multf3+0x700>
    1ef4:	012282b3          	add	t0,t0,s2
    1ef8:	0105d913          	srl	s2,a1,0x10
    1efc:	005902b3          	add	t0,s2,t0
    1f00:	00010937          	lui	s2,0x10
    1f04:	fff90a13          	add	s4,s2,-1 # ffff <_svfprintf_r+0x2267>
    1f08:	0145f5b3          	and	a1,a1,s4
    1f0c:	0143f3b3          	and	t2,t2,s4
    1f10:	01059593          	sll	a1,a1,0x10
    1f14:	03378a33          	mul	s4,a5,s3
    1f18:	007585b3          	add	a1,a1,t2
    1f1c:	037787b3          	mul	a5,a5,s7
    1f20:	03cb83b3          	mul	t2,s7,t3
    1f24:	03c98e33          	mul	t3,s3,t3
    1f28:	0103dc13          	srl	s8,t2,0x10
    1f2c:	01c787b3          	add	a5,a5,t3
    1f30:	00fc07b3          	add	a5,s8,a5
    1f34:	01c7f463          	bgeu	a5,t3,1f3c <__multf3+0x744>
    1f38:	012a0a33          	add	s4,s4,s2
    1f3c:	00e50733          	add	a4,a0,a4
    1f40:	0107de13          	srl	t3,a5,0x10
    1f44:	00010937          	lui	s2,0x10
    1f48:	01e88f33          	add	t5,a7,t5
    1f4c:	014e0e33          	add	t3,t3,s4
    1f50:	00a73533          	sltu	a0,a4,a0
    1f54:	fff90a13          	add	s4,s2,-1 # ffff <_svfprintf_r+0x2267>
    1f58:	00af0533          	add	a0,t5,a0
    1f5c:	01070833          	add	a6,a4,a6
    1f60:	0147f7b3          	and	a5,a5,s4
    1f64:	009504b3          	add	s1,a0,s1
    1f68:	0143f3b3          	and	t2,t2,s4
    1f6c:	00e83733          	sltu	a4,a6,a4
    1f70:	01079793          	sll	a5,a5,0x10
    1f74:	007787b3          	add	a5,a5,t2
    1f78:	00e483b3          	add	t2,s1,a4
    1f7c:	011f38b3          	sltu	a7,t5,a7
    1f80:	01e53f33          	sltu	t5,a0,t5
    1f84:	00a4b533          	sltu	a0,s1,a0
    1f88:	0093b4b3          	sltu	s1,t2,s1
    1f8c:	00956533          	or	a0,a0,s1
    1f90:	01e8e8b3          	or	a7,a7,t5
    1f94:	00a888b3          	add	a7,a7,a0
    1f98:	037a8533          	mul	a0,s5,s7
    1f9c:	00d806b3          	add	a3,a6,a3
    1fa0:	01d38eb3          	add	t4,t2,t4
    1fa4:	06d12023          	sw	a3,96(sp)
    1fa8:	0106b6b3          	sltu	a3,a3,a6
    1fac:	00de8733          	add	a4,t4,a3
    1fb0:	007eb3b3          	sltu	t2,t4,t2
    1fb4:	01d73eb3          	sltu	t4,a4,t4
    1fb8:	01d3e3b3          	or	t2,t2,t4
    1fbc:	00b705b3          	add	a1,a4,a1
    1fc0:	03598ab3          	mul	s5,s3,s5
    1fc4:	011383b3          	add	t2,t2,a7
    1fc8:	005382b3          	add	t0,t2,t0
    1fcc:	00e5b733          	sltu	a4,a1,a4
    1fd0:	00e28733          	add	a4,t0,a4
    1fd4:	00f587b3          	add	a5,a1,a5
    1fd8:	01c70e33          	add	t3,a4,t3
    1fdc:	06f12223          	sw	a5,100(sp)
    1fe0:	00b7b7b3          	sltu	a5,a5,a1
    1fe4:	00fe07b3          	add	a5,t3,a5
    1fe8:	033b09b3          	mul	s3,s6,s3
    1fec:	01055693          	srl	a3,a0,0x10
    1ff0:	0072b3b3          	sltu	t2,t0,t2
    1ff4:	005732b3          	sltu	t0,a4,t0
    1ff8:	00ee3733          	sltu	a4,t3,a4
    1ffc:	01c7be33          	sltu	t3,a5,t3
    2000:	0053e3b3          	or	t2,t2,t0
    2004:	01c76733          	or	a4,a4,t3
    2008:	037b0b33          	mul	s6,s6,s7
    200c:	015b0b33          	add	s6,s6,s5
    2010:	016686b3          	add	a3,a3,s6
    2014:	0156f463          	bgeu	a3,s5,201c <__multf3+0x824>
    2018:	012989b3          	add	s3,s3,s2
    201c:	00010837          	lui	a6,0x10
    2020:	fff80813          	add	a6,a6,-1 # ffff <_svfprintf_r+0x2267>
    2024:	0106d593          	srl	a1,a3,0x10
    2028:	0106f6b3          	and	a3,a3,a6
    202c:	01069693          	sll	a3,a3,0x10
    2030:	01057533          	and	a0,a0,a6
    2034:	00a686b3          	add	a3,a3,a0
    2038:	00d786b3          	add	a3,a5,a3
    203c:	007585b3          	add	a1,a1,t2
    2040:	00f6b7b3          	sltu	a5,a3,a5
    2044:	00e58733          	add	a4,a1,a4
    2048:	00e787b3          	add	a5,a5,a4
    204c:	013787b3          	add	a5,a5,s3
    2050:	06f12623          	sw	a5,108(sp)
    2054:	01012783          	lw	a5,16(sp)
    2058:	00d31313          	sll	t1,t1,0xd
    205c:	06d12423          	sw	a3,104(sp)
    2060:	00c7e7b3          	or	a5,a5,a2
    2064:	00ffefb3          	or	t6,t6,a5
    2068:	01f36333          	or	t1,t1,t6
    206c:	05010793          	add	a5,sp,80
    2070:	06010613          	add	a2,sp,96
    2074:	00c7a703          	lw	a4,12(a5)
    2078:	0107a683          	lw	a3,16(a5)
    207c:	00478793          	add	a5,a5,4
    2080:	01375713          	srl	a4,a4,0x13
    2084:	00d69693          	sll	a3,a3,0xd
    2088:	00d76733          	or	a4,a4,a3
    208c:	fee7ae23          	sw	a4,-4(a5)
    2090:	fef612e3          	bne	a2,a5,2074 <__multf3+0x87c>
    2094:	05812703          	lw	a4,88(sp)
    2098:	05012783          	lw	a5,80(sp)
    209c:	00603333          	snez	t1,t1
    20a0:	04e12423          	sw	a4,72(sp)
    20a4:	05412703          	lw	a4,84(sp)
    20a8:	00f36333          	or	t1,t1,a5
    20ac:	05c12783          	lw	a5,92(sp)
    20b0:	04e12223          	sw	a4,68(sp)
    20b4:	00100737          	lui	a4,0x100
    20b8:	04f12623          	sw	a5,76(sp)
    20bc:	04612023          	sw	t1,64(sp)
    20c0:	00e7f7b3          	and	a5,a5,a4
    20c4:	52078e63          	beqz	a5,2600 <__multf3+0xe08>
    20c8:	01f31313          	sll	t1,t1,0x1f
    20cc:	04010793          	add	a5,sp,64
    20d0:	04c10613          	add	a2,sp,76
    20d4:	0007a703          	lw	a4,0(a5)
    20d8:	0047a683          	lw	a3,4(a5)
    20dc:	00478793          	add	a5,a5,4
    20e0:	00175713          	srl	a4,a4,0x1
    20e4:	01f69693          	sll	a3,a3,0x1f
    20e8:	00d76733          	or	a4,a4,a3
    20ec:	fee7ae23          	sw	a4,-4(a5)
    20f0:	fef612e3          	bne	a2,a5,20d4 <__multf3+0x8dc>
    20f4:	04c12783          	lw	a5,76(sp)
    20f8:	00603333          	snez	t1,t1
    20fc:	0017d793          	srl	a5,a5,0x1
    2100:	04f12623          	sw	a5,76(sp)
    2104:	04012783          	lw	a5,64(sp)
    2108:	0067e7b3          	or	a5,a5,t1
    210c:	04f12023          	sw	a5,64(sp)
    2110:	00812703          	lw	a4,8(sp)
    2114:	000047b7          	lui	a5,0x4
    2118:	fff78793          	add	a5,a5,-1 # 3fff <__divsf3+0xb3>
    211c:	00f707b3          	add	a5,a4,a5
    2120:	50f05263          	blez	a5,2624 <__multf3+0xe2c>
    2124:	04012703          	lw	a4,64(sp)
    2128:	00777693          	and	a3,a4,7
    212c:	04068463          	beqz	a3,2174 <__multf3+0x97c>
    2130:	00f77693          	and	a3,a4,15
    2134:	00400613          	li	a2,4
    2138:	02c68e63          	beq	a3,a2,2174 <__multf3+0x97c>
    213c:	00470713          	add	a4,a4,4 # 100004 <_sidata+0xea074>
    2140:	00473693          	sltiu	a3,a4,4
    2144:	04e12023          	sw	a4,64(sp)
    2148:	04412703          	lw	a4,68(sp)
    214c:	00e68733          	add	a4,a3,a4
    2150:	04e12223          	sw	a4,68(sp)
    2154:	00d73733          	sltu	a4,a4,a3
    2158:	04812683          	lw	a3,72(sp)
    215c:	00e68733          	add	a4,a3,a4
    2160:	04e12423          	sw	a4,72(sp)
    2164:	00d73733          	sltu	a4,a4,a3
    2168:	04c12683          	lw	a3,76(sp)
    216c:	00d70733          	add	a4,a4,a3
    2170:	04e12623          	sw	a4,76(sp)
    2174:	04c12703          	lw	a4,76(sp)
    2178:	001006b7          	lui	a3,0x100
    217c:	00d776b3          	and	a3,a4,a3
    2180:	02068063          	beqz	a3,21a0 <__multf3+0x9a8>
    2184:	fff007b7          	lui	a5,0xfff00
    2188:	fff78793          	add	a5,a5,-1 # ffefffff <_stack_top+0xdfdfffff>
    218c:	00f77733          	and	a4,a4,a5
    2190:	04e12623          	sw	a4,76(sp)
    2194:	00812703          	lw	a4,8(sp)
    2198:	000047b7          	lui	a5,0x4
    219c:	00f707b3          	add	a5,a4,a5
    21a0:	04010713          	add	a4,sp,64
    21a4:	04c10593          	add	a1,sp,76
    21a8:	00072683          	lw	a3,0(a4)
    21ac:	00472603          	lw	a2,4(a4)
    21b0:	00470713          	add	a4,a4,4
    21b4:	0036d693          	srl	a3,a3,0x3
    21b8:	01d61613          	sll	a2,a2,0x1d
    21bc:	00c6e6b3          	or	a3,a3,a2
    21c0:	fed72e23          	sw	a3,-4(a4)
    21c4:	feb712e3          	bne	a4,a1,21a8 <__multf3+0x9b0>
    21c8:	000086b7          	lui	a3,0x8
    21cc:	ffe68613          	add	a2,a3,-2 # 7ffe <_vfprintf_r+0x236e>
    21d0:	04c12703          	lw	a4,76(sp)
    21d4:	42f64c63          	blt	a2,a5,260c <__multf3+0xe14>
    21d8:	00375713          	srl	a4,a4,0x3
    21dc:	04e12623          	sw	a4,76(sp)
    21e0:	04c12703          	lw	a4,76(sp)
    21e4:	0ac12083          	lw	ra,172(sp)
    21e8:	00040513          	mv	a0,s0
    21ec:	04e11e23          	sh	a4,92(sp)
    21f0:	00412703          	lw	a4,4(sp)
    21f4:	0a412483          	lw	s1,164(sp)
    21f8:	0a012903          	lw	s2,160(sp)
    21fc:	00f71713          	sll	a4,a4,0xf
    2200:	00f767b3          	or	a5,a4,a5
    2204:	04f11f23          	sh	a5,94(sp)
    2208:	04012783          	lw	a5,64(sp)
    220c:	09c12983          	lw	s3,156(sp)
    2210:	09812a03          	lw	s4,152(sp)
    2214:	00f42023          	sw	a5,0(s0) # 80000 <_sidata+0x6a070>
    2218:	04412783          	lw	a5,68(sp)
    221c:	09412a83          	lw	s5,148(sp)
    2220:	09012b03          	lw	s6,144(sp)
    2224:	00f42223          	sw	a5,4(s0)
    2228:	04812783          	lw	a5,72(sp)
    222c:	08c12b83          	lw	s7,140(sp)
    2230:	08812c03          	lw	s8,136(sp)
    2234:	00f42423          	sw	a5,8(s0)
    2238:	05c12783          	lw	a5,92(sp)
    223c:	08412c83          	lw	s9,132(sp)
    2240:	08012d03          	lw	s10,128(sp)
    2244:	00f42623          	sw	a5,12(s0)
    2248:	0a812403          	lw	s0,168(sp)
    224c:	07c12d83          	lw	s11,124(sp)
    2250:	0b010113          	add	sp,sp,176
    2254:	00008067          	ret
    2258:	00a7e633          	or	a2,a5,a0
    225c:	00d66633          	or	a2,a2,a3
    2260:	00e66633          	or	a2,a2,a4
    2264:	14060c63          	beqz	a2,23bc <__multf3+0xbc4>
    2268:	04070e63          	beqz	a4,22c4 <__multf3+0xacc>
    226c:	00070513          	mv	a0,a4
    2270:	229020ef          	jal	4c98 <__clzsi2>
    2274:	ff450693          	add	a3,a0,-12
    2278:	02000613          	li	a2,32
    227c:	40d60633          	sub	a2,a2,a3
    2280:	00000793          	li	a5,0
    2284:	ffc00593          	li	a1,-4
    2288:	02b785b3          	mul	a1,a5,a1
    228c:	02010313          	add	t1,sp,32
    2290:	00c58713          	add	a4,a1,12
    2294:	00e30733          	add	a4,t1,a4
    2298:	40b005b3          	neg	a1,a1
    229c:	0ee31063          	bne	t1,a4,237c <__multf3+0xb84>
    22a0:	fff78713          	add	a4,a5,-1 # 3fff <__divsf3+0xb3>
    22a4:	00279793          	sll	a5,a5,0x2
    22a8:	02010613          	add	a2,sp,32
    22ac:	05078793          	add	a5,a5,80
    22b0:	00c787b3          	add	a5,a5,a2
    22b4:	02012603          	lw	a2,32(sp)
    22b8:	00d616b3          	sll	a3,a2,a3
    22bc:	fad7a823          	sw	a3,-80(a5)
    22c0:	07c0006f          	j	233c <__multf3+0xb44>
    22c4:	02068663          	beqz	a3,22f0 <__multf3+0xaf8>
    22c8:	00068513          	mv	a0,a3
    22cc:	1cd020ef          	jal	4c98 <__clzsi2>
    22d0:	02050513          	add	a0,a0,32
    22d4:	ff450693          	add	a3,a0,-12
    22d8:	4056d793          	sra	a5,a3,0x5
    22dc:	01f6f693          	and	a3,a3,31
    22e0:	02068863          	beqz	a3,2310 <__multf3+0xb18>
    22e4:	02000613          	li	a2,32
    22e8:	40d60633          	sub	a2,a2,a3
    22ec:	f99ff06f          	j	2284 <__multf3+0xa8c>
    22f0:	00050863          	beqz	a0,2300 <__multf3+0xb08>
    22f4:	1a5020ef          	jal	4c98 <__clzsi2>
    22f8:	04050513          	add	a0,a0,64
    22fc:	fd9ff06f          	j	22d4 <__multf3+0xadc>
    2300:	00078513          	mv	a0,a5
    2304:	195020ef          	jal	4c98 <__clzsi2>
    2308:	06050513          	add	a0,a0,96
    230c:	fc9ff06f          	j	22d4 <__multf3+0xadc>
    2310:	ffc00613          	li	a2,-4
    2314:	02c78633          	mul	a2,a5,a2
    2318:	02c10713          	add	a4,sp,44
    231c:	00300693          	li	a3,3
    2320:	00c705b3          	add	a1,a4,a2
    2324:	0005a583          	lw	a1,0(a1)
    2328:	fff68693          	add	a3,a3,-1
    232c:	ffc70713          	add	a4,a4,-4
    2330:	00b72223          	sw	a1,4(a4)
    2334:	fef6d6e3          	bge	a3,a5,2320 <__multf3+0xb28>
    2338:	fff78713          	add	a4,a5,-1
    233c:	00170793          	add	a5,a4,1
    2340:	00279793          	sll	a5,a5,0x2
    2344:	00800693          	li	a3,8
    2348:	02010713          	add	a4,sp,32
    234c:	00d7ea63          	bltu	a5,a3,2360 <__multf3+0xb68>
    2350:	02012023          	sw	zero,32(sp)
    2354:	00072223          	sw	zero,4(a4)
    2358:	ff878793          	add	a5,a5,-8
    235c:	02810713          	add	a4,sp,40
    2360:	00400693          	li	a3,4
    2364:	00d7e463          	bltu	a5,a3,236c <__multf3+0xb74>
    2368:	00072023          	sw	zero,0(a4)
    236c:	ffffc4b7          	lui	s1,0xffffc
    2370:	01148493          	add	s1,s1,17 # ffffc011 <_stack_top+0xdfefc011>
    2374:	40a484b3          	sub	s1,s1,a0
    2378:	d6cff06f          	j	18e4 <__multf3+0xec>
    237c:	00072803          	lw	a6,0(a4)
    2380:	ffc72883          	lw	a7,-4(a4)
    2384:	00b70e33          	add	t3,a4,a1
    2388:	00d81833          	sll	a6,a6,a3
    238c:	00c8d8b3          	srl	a7,a7,a2
    2390:	01186833          	or	a6,a6,a7
    2394:	010e2023          	sw	a6,0(t3)
    2398:	ffc70713          	add	a4,a4,-4
    239c:	f01ff06f          	j	229c <__multf3+0xaa4>
    23a0:	00a7e7b3          	or	a5,a5,a0
    23a4:	00d7e7b3          	or	a5,a5,a3
    23a8:	00e7e7b3          	or	a5,a5,a4
    23ac:	00200b93          	li	s7,2
    23b0:	d2078c63          	beqz	a5,18e8 <__multf3+0xf0>
    23b4:	00300b93          	li	s7,3
    23b8:	d30ff06f          	j	18e8 <__multf3+0xf0>
    23bc:	00000493          	li	s1,0
    23c0:	00100b93          	li	s7,1
    23c4:	d24ff06f          	j	18e8 <__multf3+0xf0>
    23c8:	016967b3          	or	a5,s2,s6
    23cc:	0157e7b3          	or	a5,a5,s5
    23d0:	00a7e7b3          	or	a5,a5,a0
    23d4:	14078c63          	beqz	a5,252c <__multf3+0xd34>
    23d8:	04050c63          	beqz	a0,2430 <__multf3+0xc38>
    23dc:	0bd020ef          	jal	4c98 <__clzsi2>
    23e0:	ff450693          	add	a3,a0,-12
    23e4:	02000593          	li	a1,32
    23e8:	40d585b3          	sub	a1,a1,a3
    23ec:	00000793          	li	a5,0
    23f0:	ffc00613          	li	a2,-4
    23f4:	02c78633          	mul	a2,a5,a2
    23f8:	03010313          	add	t1,sp,48
    23fc:	00c60713          	add	a4,a2,12
    2400:	00e30733          	add	a4,t1,a4
    2404:	40c00633          	neg	a2,a2
    2408:	0ee31263          	bne	t1,a4,24ec <__multf3+0xcf4>
    240c:	fff78713          	add	a4,a5,-1
    2410:	00279793          	sll	a5,a5,0x2
    2414:	02010613          	add	a2,sp,32
    2418:	05078793          	add	a5,a5,80
    241c:	00c787b3          	add	a5,a5,a2
    2420:	03012603          	lw	a2,48(sp)
    2424:	00d616b3          	sll	a3,a2,a3
    2428:	fcd7a023          	sw	a3,-64(a5)
    242c:	0800006f          	j	24ac <__multf3+0xcb4>
    2430:	020a8663          	beqz	s5,245c <__multf3+0xc64>
    2434:	000a8513          	mv	a0,s5
    2438:	061020ef          	jal	4c98 <__clzsi2>
    243c:	02050513          	add	a0,a0,32
    2440:	ff450693          	add	a3,a0,-12
    2444:	4056d793          	sra	a5,a3,0x5
    2448:	01f6f693          	and	a3,a3,31
    244c:	02068a63          	beqz	a3,2480 <__multf3+0xc88>
    2450:	02000593          	li	a1,32
    2454:	40d585b3          	sub	a1,a1,a3
    2458:	f99ff06f          	j	23f0 <__multf3+0xbf8>
    245c:	000b0a63          	beqz	s6,2470 <__multf3+0xc78>
    2460:	000b0513          	mv	a0,s6
    2464:	035020ef          	jal	4c98 <__clzsi2>
    2468:	04050513          	add	a0,a0,64
    246c:	fd5ff06f          	j	2440 <__multf3+0xc48>
    2470:	00090513          	mv	a0,s2
    2474:	025020ef          	jal	4c98 <__clzsi2>
    2478:	06050513          	add	a0,a0,96
    247c:	fc5ff06f          	j	2440 <__multf3+0xc48>
    2480:	ffc00613          	li	a2,-4
    2484:	02c78633          	mul	a2,a5,a2
    2488:	03c10713          	add	a4,sp,60
    248c:	00300693          	li	a3,3
    2490:	00c705b3          	add	a1,a4,a2
    2494:	0005a583          	lw	a1,0(a1)
    2498:	fff68693          	add	a3,a3,-1
    249c:	ffc70713          	add	a4,a4,-4
    24a0:	00b72223          	sw	a1,4(a4)
    24a4:	fef6d6e3          	bge	a3,a5,2490 <__multf3+0xc98>
    24a8:	fff78713          	add	a4,a5,-1
    24ac:	00170793          	add	a5,a4,1
    24b0:	00279793          	sll	a5,a5,0x2
    24b4:	00800693          	li	a3,8
    24b8:	03010713          	add	a4,sp,48
    24bc:	00d7ea63          	bltu	a5,a3,24d0 <__multf3+0xcd8>
    24c0:	02012823          	sw	zero,48(sp)
    24c4:	00072223          	sw	zero,4(a4)
    24c8:	ff878793          	add	a5,a5,-8
    24cc:	03810713          	add	a4,sp,56
    24d0:	00400693          	li	a3,4
    24d4:	00d7e463          	bltu	a5,a3,24dc <__multf3+0xce4>
    24d8:	00072023          	sw	zero,0(a4)
    24dc:	ffffc7b7          	lui	a5,0xffffc
    24e0:	01178793          	add	a5,a5,17 # ffffc011 <_stack_top+0xdfefc011>
    24e4:	40a787b3          	sub	a5,a5,a0
    24e8:	c90ff06f          	j	1978 <__multf3+0x180>
    24ec:	00072803          	lw	a6,0(a4)
    24f0:	ffc72883          	lw	a7,-4(a4)
    24f4:	00c70e33          	add	t3,a4,a2
    24f8:	00d81833          	sll	a6,a6,a3
    24fc:	00b8d8b3          	srl	a7,a7,a1
    2500:	01186833          	or	a6,a6,a7
    2504:	010e2023          	sw	a6,0(t3)
    2508:	ffc70713          	add	a4,a4,-4
    250c:	efdff06f          	j	2408 <__multf3+0xc10>
    2510:	01696933          	or	s2,s2,s6
    2514:	01596933          	or	s2,s2,s5
    2518:	00a96933          	or	s2,s2,a0
    251c:	00200693          	li	a3,2
    2520:	c4090e63          	beqz	s2,197c <__multf3+0x184>
    2524:	00300693          	li	a3,3
    2528:	c54ff06f          	j	197c <__multf3+0x184>
    252c:	00000793          	li	a5,0
    2530:	00100693          	li	a3,1
    2534:	c48ff06f          	j	197c <__multf3+0x184>
    2538:	00100713          	li	a4,1
    253c:	00f717b3          	sll	a5,a4,a5
    2540:	5307f713          	and	a4,a5,1328
    2544:	04071463          	bnez	a4,258c <__multf3+0xd94>
    2548:	0887f713          	and	a4,a5,136
    254c:	08071663          	bnez	a4,25d8 <__multf3+0xde0>
    2550:	2407f793          	and	a5,a5,576
    2554:	c6078263          	beqz	a5,19b8 <__multf3+0x1c0>
    2558:	000087b7          	lui	a5,0x8
    255c:	04f12623          	sw	a5,76(sp)
    2560:	04012423          	sw	zero,72(sp)
    2564:	04012223          	sw	zero,68(sp)
    2568:	04012023          	sw	zero,64(sp)
    256c:	fff78793          	add	a5,a5,-1 # 7fff <_vfprintf_r+0x236f>
    2570:	00012223          	sw	zero,4(sp)
    2574:	c6dff06f          	j	21e0 <__multf3+0x9e8>
    2578:	00f00713          	li	a4,15
    257c:	fce78ee3          	beq	a5,a4,2558 <__multf3+0xd60>
    2580:	00b00713          	li	a4,11
    2584:	04e78a63          	beq	a5,a4,25d8 <__multf3+0xde0>
    2588:	01312223          	sw	s3,4(sp)
    258c:	02012783          	lw	a5,32(sp)
    2590:	04f12023          	sw	a5,64(sp)
    2594:	02412783          	lw	a5,36(sp)
    2598:	04f12223          	sw	a5,68(sp)
    259c:	02812783          	lw	a5,40(sp)
    25a0:	04f12423          	sw	a5,72(sp)
    25a4:	02c12783          	lw	a5,44(sp)
    25a8:	04f12623          	sw	a5,76(sp)
    25ac:	00200793          	li	a5,2
    25b0:	28fb8263          	beq	s7,a5,2834 <__multf3+0x103c>
    25b4:	00300793          	li	a5,3
    25b8:	fafb80e3          	beq	s7,a5,2558 <__multf3+0xd60>
    25bc:	00100793          	li	a5,1
    25c0:	b4fb98e3          	bne	s7,a5,2110 <__multf3+0x918>
    25c4:	04012623          	sw	zero,76(sp)
    25c8:	04012423          	sw	zero,72(sp)
    25cc:	04012223          	sw	zero,68(sp)
    25d0:	04012023          	sw	zero,64(sp)
    25d4:	2340006f          	j	2808 <__multf3+0x1010>
    25d8:	01412223          	sw	s4,4(sp)
    25dc:	03012783          	lw	a5,48(sp)
    25e0:	00068b93          	mv	s7,a3
    25e4:	04f12023          	sw	a5,64(sp)
    25e8:	03412783          	lw	a5,52(sp)
    25ec:	04f12223          	sw	a5,68(sp)
    25f0:	03812783          	lw	a5,56(sp)
    25f4:	04f12423          	sw	a5,72(sp)
    25f8:	03c12783          	lw	a5,60(sp)
    25fc:	fadff06f          	j	25a8 <__multf3+0xdb0>
    2600:	00c12783          	lw	a5,12(sp)
    2604:	00f12423          	sw	a5,8(sp)
    2608:	b09ff06f          	j	2110 <__multf3+0x918>
    260c:	04012623          	sw	zero,76(sp)
    2610:	04012423          	sw	zero,72(sp)
    2614:	04012223          	sw	zero,68(sp)
    2618:	04012023          	sw	zero,64(sp)
    261c:	fff68793          	add	a5,a3,-1
    2620:	bc1ff06f          	j	21e0 <__multf3+0x9e8>
    2624:	00100693          	li	a3,1
    2628:	00078863          	beqz	a5,2638 <__multf3+0xe40>
    262c:	40f686b3          	sub	a3,a3,a5
    2630:	07400793          	li	a5,116
    2634:	1cd7ce63          	blt	a5,a3,2810 <__multf3+0x1018>
    2638:	04010513          	add	a0,sp,64
    263c:	4056d713          	sra	a4,a3,0x5
    2640:	00050593          	mv	a1,a0
    2644:	01f6f693          	and	a3,a3,31
    2648:	00000793          	li	a5,0
    264c:	00000613          	li	a2,0
    2650:	02e61e63          	bne	a2,a4,268c <__multf3+0xe94>
    2654:	00300613          	li	a2,3
    2658:	40e60633          	sub	a2,a2,a4
    265c:	00271593          	sll	a1,a4,0x2
    2660:	04069063          	bnez	a3,26a0 <__multf3+0xea8>
    2664:	00050813          	mv	a6,a0
    2668:	00b808b3          	add	a7,a6,a1
    266c:	0008a883          	lw	a7,0(a7)
    2670:	00168693          	add	a3,a3,1
    2674:	00480813          	add	a6,a6,4
    2678:	ff182e23          	sw	a7,-4(a6)
    267c:	fed656e3          	bge	a2,a3,2668 <__multf3+0xe70>
    2680:	00400693          	li	a3,4
    2684:	40e68733          	sub	a4,a3,a4
    2688:	06c0006f          	j	26f4 <__multf3+0xefc>
    268c:	0005a803          	lw	a6,0(a1)
    2690:	00160613          	add	a2,a2,1
    2694:	00458593          	add	a1,a1,4
    2698:	0107e7b3          	or	a5,a5,a6
    269c:	fb5ff06f          	j	2650 <__multf3+0xe58>
    26a0:	05058813          	add	a6,a1,80
    26a4:	02010893          	add	a7,sp,32
    26a8:	01180833          	add	a6,a6,a7
    26ac:	fd082803          	lw	a6,-48(a6)
    26b0:	02000313          	li	t1,32
    26b4:	40d30333          	sub	t1,t1,a3
    26b8:	00681833          	sll	a6,a6,t1
    26bc:	0107e7b3          	or	a5,a5,a6
    26c0:	00000e13          	li	t3,0
    26c4:	00b50833          	add	a6,a0,a1
    26c8:	40b005b3          	neg	a1,a1
    26cc:	0ece4263          	blt	t3,a2,27b0 <__multf3+0xfb8>
    26d0:	00400593          	li	a1,4
    26d4:	00261613          	sll	a2,a2,0x2
    26d8:	40e58733          	sub	a4,a1,a4
    26dc:	05060613          	add	a2,a2,80
    26e0:	02010593          	add	a1,sp,32
    26e4:	00b60633          	add	a2,a2,a1
    26e8:	04c12583          	lw	a1,76(sp)
    26ec:	00d5d6b3          	srl	a3,a1,a3
    26f0:	fcd62823          	sw	a3,-48(a2)
    26f4:	00400693          	li	a3,4
    26f8:	40e686b3          	sub	a3,a3,a4
    26fc:	00269693          	sll	a3,a3,0x2
    2700:	00271713          	sll	a4,a4,0x2
    2704:	00800613          	li	a2,8
    2708:	00e50733          	add	a4,a0,a4
    270c:	00c6ea63          	bltu	a3,a2,2720 <__multf3+0xf28>
    2710:	00072023          	sw	zero,0(a4)
    2714:	00072223          	sw	zero,4(a4)
    2718:	ff868693          	add	a3,a3,-8
    271c:	00870713          	add	a4,a4,8
    2720:	00400613          	li	a2,4
    2724:	00c6e463          	bltu	a3,a2,272c <__multf3+0xf34>
    2728:	00072023          	sw	zero,0(a4)
    272c:	04012703          	lw	a4,64(sp)
    2730:	00f037b3          	snez	a5,a5
    2734:	00e7e7b3          	or	a5,a5,a4
    2738:	04f12023          	sw	a5,64(sp)
    273c:	0077f713          	and	a4,a5,7
    2740:	04070463          	beqz	a4,2788 <__multf3+0xf90>
    2744:	00f7f713          	and	a4,a5,15
    2748:	00400693          	li	a3,4
    274c:	02d70e63          	beq	a4,a3,2788 <__multf3+0xf90>
    2750:	04412703          	lw	a4,68(sp)
    2754:	00478793          	add	a5,a5,4
    2758:	04f12023          	sw	a5,64(sp)
    275c:	0047b793          	sltiu	a5,a5,4
    2760:	00f707b3          	add	a5,a4,a5
    2764:	04f12223          	sw	a5,68(sp)
    2768:	00e7b7b3          	sltu	a5,a5,a4
    276c:	04812703          	lw	a4,72(sp)
    2770:	00f707b3          	add	a5,a4,a5
    2774:	04f12423          	sw	a5,72(sp)
    2778:	00e7b7b3          	sltu	a5,a5,a4
    277c:	04c12703          	lw	a4,76(sp)
    2780:	00e787b3          	add	a5,a5,a4
    2784:	04f12623          	sw	a5,76(sp)
    2788:	04c12703          	lw	a4,76(sp)
    278c:	000807b7          	lui	a5,0x80
    2790:	00e7f7b3          	and	a5,a5,a4
    2794:	04078263          	beqz	a5,27d8 <__multf3+0xfe0>
    2798:	04012623          	sw	zero,76(sp)
    279c:	04012423          	sw	zero,72(sp)
    27a0:	04012223          	sw	zero,68(sp)
    27a4:	04012023          	sw	zero,64(sp)
    27a8:	00100793          	li	a5,1
    27ac:	a35ff06f          	j	21e0 <__multf3+0x9e8>
    27b0:	00082883          	lw	a7,0(a6)
    27b4:	00482e83          	lw	t4,4(a6)
    27b8:	00b80f33          	add	t5,a6,a1
    27bc:	00d8d8b3          	srl	a7,a7,a3
    27c0:	006e9eb3          	sll	t4,t4,t1
    27c4:	01d8e8b3          	or	a7,a7,t4
    27c8:	011f2023          	sw	a7,0(t5)
    27cc:	001e0e13          	add	t3,t3,1
    27d0:	00480813          	add	a6,a6,4
    27d4:	ef9ff06f          	j	26cc <__multf3+0xed4>
    27d8:	00c50693          	add	a3,a0,12
    27dc:	00052783          	lw	a5,0(a0)
    27e0:	00452703          	lw	a4,4(a0)
    27e4:	00450513          	add	a0,a0,4
    27e8:	0037d793          	srl	a5,a5,0x3
    27ec:	01d71713          	sll	a4,a4,0x1d
    27f0:	00e7e7b3          	or	a5,a5,a4
    27f4:	fef52e23          	sw	a5,-4(a0)
    27f8:	fea692e3          	bne	a3,a0,27dc <__multf3+0xfe4>
    27fc:	04c12783          	lw	a5,76(sp)
    2800:	0037d793          	srl	a5,a5,0x3
    2804:	04f12623          	sw	a5,76(sp)
    2808:	00000793          	li	a5,0
    280c:	9d5ff06f          	j	21e0 <__multf3+0x9e8>
    2810:	04412703          	lw	a4,68(sp)
    2814:	04012783          	lw	a5,64(sp)
    2818:	00e7e7b3          	or	a5,a5,a4
    281c:	04812703          	lw	a4,72(sp)
    2820:	00e7e7b3          	or	a5,a5,a4
    2824:	04c12703          	lw	a4,76(sp)
    2828:	00e7e7b3          	or	a5,a5,a4
    282c:	fc078ee3          	beqz	a5,2808 <__multf3+0x1010>
    2830:	d95ff06f          	j	25c4 <__multf3+0xdcc>
    2834:	000087b7          	lui	a5,0x8
    2838:	04012623          	sw	zero,76(sp)
    283c:	04012423          	sw	zero,72(sp)
    2840:	04012223          	sw	zero,68(sp)
    2844:	04012023          	sw	zero,64(sp)
    2848:	fff78793          	add	a5,a5,-1 # 7fff <_vfprintf_r+0x236f>
    284c:	995ff06f          	j	21e0 <__multf3+0x9e8>

00002850 <__subtf3>:
    2850:	f9010113          	add	sp,sp,-112
    2854:	0085a783          	lw	a5,8(a1)
    2858:	05512a23          	sw	s5,84(sp)
    285c:	00c5aa83          	lw	s5,12(a1)
    2860:	0045a703          	lw	a4,4(a1)
    2864:	05412c23          	sw	s4,88(sp)
    2868:	00050a13          	mv	s4,a0
    286c:	0005a503          	lw	a0,0(a1)
    2870:	05312e23          	sw	s3,92(sp)
    2874:	02f12c23          	sw	a5,56(sp)
    2878:	00f12c23          	sw	a5,24(sp)
    287c:	00062883          	lw	a7,0(a2)
    2880:	010a9793          	sll	a5,s5,0x10
    2884:	00462803          	lw	a6,4(a2)
    2888:	00862683          	lw	a3,8(a2)
    288c:	00c62983          	lw	s3,12(a2)
    2890:	06912223          	sw	s1,100(sp)
    2894:	0107d793          	srl	a5,a5,0x10
    2898:	001a9493          	sll	s1,s5,0x1
    289c:	02a12823          	sw	a0,48(sp)
    28a0:	03512e23          	sw	s5,60(sp)
    28a4:	00a12823          	sw	a0,16(sp)
    28a8:	06112623          	sw	ra,108(sp)
    28ac:	06812423          	sw	s0,104(sp)
    28b0:	07212023          	sw	s2,96(sp)
    28b4:	05612823          	sw	s6,80(sp)
    28b8:	05712623          	sw	s7,76(sp)
    28bc:	05812423          	sw	s8,72(sp)
    28c0:	02e12a23          	sw	a4,52(sp)
    28c4:	00e12a23          	sw	a4,20(sp)
    28c8:	00f12e23          	sw	a5,28(sp)
    28cc:	0114d493          	srl	s1,s1,0x11
    28d0:	01fada93          	srl	s5,s5,0x1f
    28d4:	01010513          	add	a0,sp,16
    28d8:	01c10593          	add	a1,sp,28
    28dc:	0005a783          	lw	a5,0(a1)
    28e0:	ffc5a703          	lw	a4,-4(a1)
    28e4:	ffc58593          	add	a1,a1,-4
    28e8:	00379793          	sll	a5,a5,0x3
    28ec:	01d75713          	srl	a4,a4,0x1d
    28f0:	00e7e7b3          	or	a5,a5,a4
    28f4:	00f5a223          	sw	a5,4(a1)
    28f8:	feb512e3          	bne	a0,a1,28dc <__subtf3+0x8c>
    28fc:	01012783          	lw	a5,16(sp)
    2900:	01099713          	sll	a4,s3,0x10
    2904:	00199b93          	sll	s7,s3,0x1
    2908:	00379793          	sll	a5,a5,0x3
    290c:	01075713          	srl	a4,a4,0x10
    2910:	03112823          	sw	a7,48(sp)
    2914:	03012a23          	sw	a6,52(sp)
    2918:	03312e23          	sw	s3,60(sp)
    291c:	03112023          	sw	a7,32(sp)
    2920:	03012223          	sw	a6,36(sp)
    2924:	00f12823          	sw	a5,16(sp)
    2928:	02d12c23          	sw	a3,56(sp)
    292c:	02d12423          	sw	a3,40(sp)
    2930:	02e12623          	sw	a4,44(sp)
    2934:	011bdb93          	srl	s7,s7,0x11
    2938:	01f9d993          	srl	s3,s3,0x1f
    293c:	02010813          	add	a6,sp,32
    2940:	02c10893          	add	a7,sp,44
    2944:	0008a703          	lw	a4,0(a7)
    2948:	ffc8a683          	lw	a3,-4(a7)
    294c:	ffc88893          	add	a7,a7,-4
    2950:	00371713          	sll	a4,a4,0x3
    2954:	01d6d693          	srl	a3,a3,0x1d
    2958:	00d76733          	or	a4,a4,a3
    295c:	00e8a223          	sw	a4,4(a7)
    2960:	ff1812e3          	bne	a6,a7,2944 <__subtf3+0xf4>
    2964:	02012403          	lw	s0,32(sp)
    2968:	00008e37          	lui	t3,0x8
    296c:	fffe0e13          	add	t3,t3,-1 # 7fff <_vfprintf_r+0x236f>
    2970:	00341413          	sll	s0,s0,0x3
    2974:	02812023          	sw	s0,32(sp)
    2978:	41748333          	sub	t1,s1,s7
    297c:	07cb9e63          	bne	s7,t3,29f8 <__subtf3+0x1a8>
    2980:	02812683          	lw	a3,40(sp)
    2984:	02412703          	lw	a4,36(sp)
    2988:	00030e93          	mv	t4,t1
    298c:	00d76733          	or	a4,a4,a3
    2990:	02c12683          	lw	a3,44(sp)
    2994:	00d76733          	or	a4,a4,a3
    2998:	00876733          	or	a4,a4,s0
    299c:	04070a63          	beqz	a4,29f0 <__subtf3+0x1a0>
    29a0:	333a98e3          	bne	s5,s3,34d0 <__subtf3+0xc80>
    29a4:	02412903          	lw	s2,36(sp)
    29a8:	02812983          	lw	s3,40(sp)
    29ac:	02c12b03          	lw	s6,44(sp)
    29b0:	6c030263          	beqz	t1,3074 <__subtf3+0x824>
    29b4:	409b8833          	sub	a6,s7,s1
    29b8:	50049e63          	bnez	s1,2ed4 <__subtf3+0x684>
    29bc:	01412683          	lw	a3,20(sp)
    29c0:	01812703          	lw	a4,24(sp)
    29c4:	01c12883          	lw	a7,28(sp)
    29c8:	00e6e633          	or	a2,a3,a4
    29cc:	01166633          	or	a2,a2,a7
    29d0:	00f66633          	or	a2,a2,a5
    29d4:	48061463          	bnez	a2,2e5c <__subtf3+0x60c>
    29d8:	02812823          	sw	s0,48(sp)
    29dc:	03212a23          	sw	s2,52(sp)
    29e0:	03312c23          	sw	s3,56(sp)
    29e4:	03612e23          	sw	s6,60(sp)
    29e8:	00080493          	mv	s1,a6
    29ec:	0f00006f          	j	2adc <__subtf3+0x28c>
    29f0:	0019c993          	xor	s3,s3,1
    29f4:	fadff06f          	j	29a0 <__subtf3+0x150>
    29f8:	0019c993          	xor	s3,s3,1
    29fc:	00030e93          	mv	t4,t1
    2a00:	073a90e3          	bne	s5,s3,3260 <__subtf3+0xa10>
    2a04:	fa6050e3          	blez	t1,29a4 <__subtf3+0x154>
    2a08:	01412903          	lw	s2,20(sp)
    2a0c:	01812983          	lw	s3,24(sp)
    2a10:	01c12b03          	lw	s6,28(sp)
    2a14:	0a0b9a63          	bnez	s7,2ac8 <__subtf3+0x278>
    2a18:	02412683          	lw	a3,36(sp)
    2a1c:	02812703          	lw	a4,40(sp)
    2a20:	02c12583          	lw	a1,44(sp)
    2a24:	00e6e633          	or	a2,a3,a4
    2a28:	00b66633          	or	a2,a2,a1
    2a2c:	00866633          	or	a2,a2,s0
    2a30:	00061e63          	bnez	a2,2a4c <__subtf3+0x1fc>
    2a34:	02f12823          	sw	a5,48(sp)
    2a38:	03212a23          	sw	s2,52(sp)
    2a3c:	03312c23          	sw	s3,56(sp)
    2a40:	03612e23          	sw	s6,60(sp)
    2a44:	00030493          	mv	s1,t1
    2a48:	0940006f          	j	2adc <__subtf3+0x28c>
    2a4c:	fff30613          	add	a2,t1,-1
    2a50:	04061863          	bnez	a2,2aa0 <__subtf3+0x250>
    2a54:	00878433          	add	s0,a5,s0
    2a58:	01268933          	add	s2,a3,s2
    2a5c:	02812823          	sw	s0,48(sp)
    2a60:	00f43433          	sltu	s0,s0,a5
    2a64:	00890433          	add	s0,s2,s0
    2a68:	02812a23          	sw	s0,52(sp)
    2a6c:	00d936b3          	sltu	a3,s2,a3
    2a70:	01243433          	sltu	s0,s0,s2
    2a74:	013709b3          	add	s3,a4,s3
    2a78:	0086e6b3          	or	a3,a3,s0
    2a7c:	00d986b3          	add	a3,s3,a3
    2a80:	02d12c23          	sw	a3,56(sp)
    2a84:	00e9b7b3          	sltu	a5,s3,a4
    2a88:	0136b6b3          	sltu	a3,a3,s3
    2a8c:	00d7e7b3          	or	a5,a5,a3
    2a90:	016585b3          	add	a1,a1,s6
    2a94:	00b787b3          	add	a5,a5,a1
    2a98:	00100493          	li	s1,1
    2a9c:	3080006f          	j	2da4 <__subtf3+0x554>
    2aa0:	01c30463          	beq	t1,t3,2aa8 <__subtf3+0x258>
    2aa4:	2080106f          	j	3cac <__subtf3+0x145c>
    2aa8:	02f12823          	sw	a5,48(sp)
    2aac:	4100006f          	j	2ebc <__subtf3+0x66c>
    2ab0:	00040793          	mv	a5,s0
    2ab4:	ff5ff06f          	j	2aa8 <__subtf3+0x258>
    2ab8:	00068913          	mv	s2,a3
    2abc:	00070993          	mv	s3,a4
    2ac0:	00060b13          	mv	s6,a2
    2ac4:	fe5ff06f          	j	2aa8 <__subtf3+0x258>
    2ac8:	17c49c63          	bne	s1,t3,2c40 <__subtf3+0x3f0>
    2acc:	02f12823          	sw	a5,48(sp)
    2ad0:	03212a23          	sw	s2,52(sp)
    2ad4:	03312c23          	sw	s3,56(sp)
    2ad8:	03612e23          	sw	s6,60(sp)
    2adc:	03012783          	lw	a5,48(sp)
    2ae0:	0077f713          	and	a4,a5,7
    2ae4:	04070463          	beqz	a4,2b2c <__subtf3+0x2dc>
    2ae8:	00f7f713          	and	a4,a5,15
    2aec:	00400693          	li	a3,4
    2af0:	02d70e63          	beq	a4,a3,2b2c <__subtf3+0x2dc>
    2af4:	03412703          	lw	a4,52(sp)
    2af8:	00478793          	add	a5,a5,4
    2afc:	02f12823          	sw	a5,48(sp)
    2b00:	0047b793          	sltiu	a5,a5,4
    2b04:	00f707b3          	add	a5,a4,a5
    2b08:	02f12a23          	sw	a5,52(sp)
    2b0c:	00e7b7b3          	sltu	a5,a5,a4
    2b10:	03812703          	lw	a4,56(sp)
    2b14:	00f707b3          	add	a5,a4,a5
    2b18:	02f12c23          	sw	a5,56(sp)
    2b1c:	00e7b7b3          	sltu	a5,a5,a4
    2b20:	03c12703          	lw	a4,60(sp)
    2b24:	00e787b3          	add	a5,a5,a4
    2b28:	02f12e23          	sw	a5,60(sp)
    2b2c:	03c12783          	lw	a5,60(sp)
    2b30:	00080737          	lui	a4,0x80
    2b34:	00e7f733          	and	a4,a5,a4
    2b38:	02070463          	beqz	a4,2b60 <__subtf3+0x310>
    2b3c:	00008737          	lui	a4,0x8
    2b40:	00148493          	add	s1,s1,1
    2b44:	fff70713          	add	a4,a4,-1 # 7fff <_vfprintf_r+0x236f>
    2b48:	00e49463          	bne	s1,a4,2b50 <__subtf3+0x300>
    2b4c:	14c0106f          	j	3c98 <__subtf3+0x1448>
    2b50:	fff80737          	lui	a4,0xfff80
    2b54:	fff70713          	add	a4,a4,-1 # fff7ffff <_stack_top+0xdfe7ffff>
    2b58:	00e7f7b3          	and	a5,a5,a4
    2b5c:	02f12e23          	sw	a5,60(sp)
    2b60:	03010793          	add	a5,sp,48
    2b64:	03c10613          	add	a2,sp,60
    2b68:	0007a703          	lw	a4,0(a5)
    2b6c:	0047a683          	lw	a3,4(a5)
    2b70:	00478793          	add	a5,a5,4
    2b74:	00375713          	srl	a4,a4,0x3
    2b78:	01d69693          	sll	a3,a3,0x1d
    2b7c:	00d76733          	or	a4,a4,a3
    2b80:	fee7ae23          	sw	a4,-4(a5)
    2b84:	fef612e3          	bne	a2,a5,2b68 <__subtf3+0x318>
    2b88:	03c12703          	lw	a4,60(sp)
    2b8c:	000086b7          	lui	a3,0x8
    2b90:	fff68793          	add	a5,a3,-1 # 7fff <_vfprintf_r+0x236f>
    2b94:	00375713          	srl	a4,a4,0x3
    2b98:	02e12e23          	sw	a4,60(sp)
    2b9c:	02f49a63          	bne	s1,a5,2bd0 <__subtf3+0x380>
    2ba0:	03412603          	lw	a2,52(sp)
    2ba4:	03012783          	lw	a5,48(sp)
    2ba8:	00c7e7b3          	or	a5,a5,a2
    2bac:	03812603          	lw	a2,56(sp)
    2bb0:	00c7e7b3          	or	a5,a5,a2
    2bb4:	00e7e7b3          	or	a5,a5,a4
    2bb8:	00078c63          	beqz	a5,2bd0 <__subtf3+0x380>
    2bbc:	02d12e23          	sw	a3,60(sp)
    2bc0:	02012c23          	sw	zero,56(sp)
    2bc4:	02012a23          	sw	zero,52(sp)
    2bc8:	02012823          	sw	zero,48(sp)
    2bcc:	00000a93          	li	s5,0
    2bd0:	03c12783          	lw	a5,60(sp)
    2bd4:	01149493          	sll	s1,s1,0x11
    2bd8:	0114d493          	srl	s1,s1,0x11
    2bdc:	00f11623          	sh	a5,12(sp)
    2be0:	03012783          	lw	a5,48(sp)
    2be4:	00fa9a93          	sll	s5,s5,0xf
    2be8:	009aeab3          	or	s5,s5,s1
    2bec:	00fa2023          	sw	a5,0(s4)
    2bf0:	03412783          	lw	a5,52(sp)
    2bf4:	01511723          	sh	s5,14(sp)
    2bf8:	06c12083          	lw	ra,108(sp)
    2bfc:	00fa2223          	sw	a5,4(s4)
    2c00:	03812783          	lw	a5,56(sp)
    2c04:	06812403          	lw	s0,104(sp)
    2c08:	06412483          	lw	s1,100(sp)
    2c0c:	00fa2423          	sw	a5,8(s4)
    2c10:	00c12783          	lw	a5,12(sp)
    2c14:	06012903          	lw	s2,96(sp)
    2c18:	05c12983          	lw	s3,92(sp)
    2c1c:	00fa2623          	sw	a5,12(s4)
    2c20:	05412a83          	lw	s5,84(sp)
    2c24:	05012b03          	lw	s6,80(sp)
    2c28:	04c12b83          	lw	s7,76(sp)
    2c2c:	04812c03          	lw	s8,72(sp)
    2c30:	000a0513          	mv	a0,s4
    2c34:	05812a03          	lw	s4,88(sp)
    2c38:	07010113          	add	sp,sp,112
    2c3c:	00008067          	ret
    2c40:	02c12703          	lw	a4,44(sp)
    2c44:	000806b7          	lui	a3,0x80
    2c48:	00d76733          	or	a4,a4,a3
    2c4c:	02e12623          	sw	a4,44(sp)
    2c50:	07400713          	li	a4,116
    2c54:	00675463          	bge	a4,t1,2c5c <__subtf3+0x40c>
    2c58:	0600106f          	j	3cb8 <__subtf3+0x1468>
    2c5c:	00030613          	mv	a2,t1
    2c60:	40565693          	sra	a3,a2,0x5
    2c64:	00088513          	mv	a0,a7
    2c68:	01f67613          	and	a2,a2,31
    2c6c:	00000713          	li	a4,0
    2c70:	00000593          	li	a1,0
    2c74:	02d59c63          	bne	a1,a3,2cac <__subtf3+0x45c>
    2c78:	00300593          	li	a1,3
    2c7c:	40d585b3          	sub	a1,a1,a3
    2c80:	00269513          	sll	a0,a3,0x2
    2c84:	02061e63          	bnez	a2,2cc0 <__subtf3+0x470>
    2c88:	00a88333          	add	t1,a7,a0
    2c8c:	00032303          	lw	t1,0(t1)
    2c90:	00160613          	add	a2,a2,1
    2c94:	00488893          	add	a7,a7,4
    2c98:	fe68ae23          	sw	t1,-4(a7)
    2c9c:	fec5d6e3          	bge	a1,a2,2c88 <__subtf3+0x438>
    2ca0:	00400613          	li	a2,4
    2ca4:	40d606b3          	sub	a3,a2,a3
    2ca8:	0640006f          	j	2d0c <__subtf3+0x4bc>
    2cac:	00052303          	lw	t1,0(a0)
    2cb0:	00158593          	add	a1,a1,1
    2cb4:	00450513          	add	a0,a0,4
    2cb8:	00676733          	or	a4,a4,t1
    2cbc:	fb9ff06f          	j	2c74 <__subtf3+0x424>
    2cc0:	04050893          	add	a7,a0,64
    2cc4:	002888b3          	add	a7,a7,sp
    2cc8:	fe08a883          	lw	a7,-32(a7)
    2ccc:	02000e13          	li	t3,32
    2cd0:	40ce0e33          	sub	t3,t3,a2
    2cd4:	01c898b3          	sll	a7,a7,t3
    2cd8:	01176733          	or	a4,a4,a7
    2cdc:	00000e93          	li	t4,0
    2ce0:	00a808b3          	add	a7,a6,a0
    2ce4:	40a00533          	neg	a0,a0
    2ce8:	14bec663          	blt	t4,a1,2e34 <__subtf3+0x5e4>
    2cec:	00400513          	li	a0,4
    2cf0:	40d506b3          	sub	a3,a0,a3
    2cf4:	02c12503          	lw	a0,44(sp)
    2cf8:	00259593          	sll	a1,a1,0x2
    2cfc:	04058593          	add	a1,a1,64
    2d00:	002585b3          	add	a1,a1,sp
    2d04:	00c55633          	srl	a2,a0,a2
    2d08:	fec5a023          	sw	a2,-32(a1)
    2d0c:	00400613          	li	a2,4
    2d10:	40d60633          	sub	a2,a2,a3
    2d14:	00261613          	sll	a2,a2,0x2
    2d18:	00269693          	sll	a3,a3,0x2
    2d1c:	00800593          	li	a1,8
    2d20:	00d806b3          	add	a3,a6,a3
    2d24:	00b66a63          	bltu	a2,a1,2d38 <__subtf3+0x4e8>
    2d28:	0006a023          	sw	zero,0(a3) # 80000 <_sidata+0x6a070>
    2d2c:	0006a223          	sw	zero,4(a3)
    2d30:	ff860613          	add	a2,a2,-8
    2d34:	00868693          	add	a3,a3,8
    2d38:	00400593          	li	a1,4
    2d3c:	00b66463          	bltu	a2,a1,2d44 <__subtf3+0x4f4>
    2d40:	0006a023          	sw	zero,0(a3)
    2d44:	02012683          	lw	a3,32(sp)
    2d48:	00e03733          	snez	a4,a4
    2d4c:	00d76733          	or	a4,a4,a3
    2d50:	02412683          	lw	a3,36(sp)
    2d54:	02e12023          	sw	a4,32(sp)
    2d58:	00e78733          	add	a4,a5,a4
    2d5c:	01268933          	add	s2,a3,s2
    2d60:	02e12823          	sw	a4,48(sp)
    2d64:	00f73733          	sltu	a4,a4,a5
    2d68:	02812783          	lw	a5,40(sp)
    2d6c:	00e90733          	add	a4,s2,a4
    2d70:	02e12a23          	sw	a4,52(sp)
    2d74:	00d936b3          	sltu	a3,s2,a3
    2d78:	01273733          	sltu	a4,a4,s2
    2d7c:	013789b3          	add	s3,a5,s3
    2d80:	00e6e733          	or	a4,a3,a4
    2d84:	00e98733          	add	a4,s3,a4
    2d88:	02e12c23          	sw	a4,56(sp)
    2d8c:	00f9b7b3          	sltu	a5,s3,a5
    2d90:	01373733          	sltu	a4,a4,s3
    2d94:	00e7e7b3          	or	a5,a5,a4
    2d98:	02c12703          	lw	a4,44(sp)
    2d9c:	00eb0733          	add	a4,s6,a4
    2da0:	00e787b3          	add	a5,a5,a4
    2da4:	00080737          	lui	a4,0x80
    2da8:	02f12e23          	sw	a5,60(sp)
    2dac:	00e7f733          	and	a4,a5,a4
    2db0:	d20706e3          	beqz	a4,2adc <__subtf3+0x28c>
    2db4:	fff80737          	lui	a4,0xfff80
    2db8:	fff70713          	add	a4,a4,-1 # fff7ffff <_stack_top+0xdfe7ffff>
    2dbc:	00e7f7b3          	and	a5,a5,a4
    2dc0:	02f12e23          	sw	a5,60(sp)
    2dc4:	03012783          	lw	a5,48(sp)
    2dc8:	00148493          	add	s1,s1,1
    2dcc:	03c10593          	add	a1,sp,60
    2dd0:	01f79713          	sll	a4,a5,0x1f
    2dd4:	03010793          	add	a5,sp,48
    2dd8:	0007a683          	lw	a3,0(a5)
    2ddc:	0047a603          	lw	a2,4(a5)
    2de0:	00478793          	add	a5,a5,4
    2de4:	0016d693          	srl	a3,a3,0x1
    2de8:	01f61613          	sll	a2,a2,0x1f
    2dec:	00c6e6b3          	or	a3,a3,a2
    2df0:	fed7ae23          	sw	a3,-4(a5)
    2df4:	fef592e3          	bne	a1,a5,2dd8 <__subtf3+0x588>
    2df8:	03c12783          	lw	a5,60(sp)
    2dfc:	0017d793          	srl	a5,a5,0x1
    2e00:	02f12e23          	sw	a5,60(sp)
    2e04:	00e037b3          	snez	a5,a4
    2e08:	03012703          	lw	a4,48(sp)
    2e0c:	00f767b3          	or	a5,a4,a5
    2e10:	02f12823          	sw	a5,48(sp)
    2e14:	000087b7          	lui	a5,0x8
    2e18:	fff78793          	add	a5,a5,-1 # 7fff <_vfprintf_r+0x236f>
    2e1c:	ccf490e3          	bne	s1,a5,2adc <__subtf3+0x28c>
    2e20:	02012e23          	sw	zero,60(sp)
    2e24:	02012c23          	sw	zero,56(sp)
    2e28:	02012a23          	sw	zero,52(sp)
    2e2c:	02012823          	sw	zero,48(sp)
    2e30:	cadff06f          	j	2adc <__subtf3+0x28c>
    2e34:	0008a303          	lw	t1,0(a7)
    2e38:	0048af03          	lw	t5,4(a7)
    2e3c:	00a88fb3          	add	t6,a7,a0
    2e40:	00c35333          	srl	t1,t1,a2
    2e44:	01cf1f33          	sll	t5,t5,t3
    2e48:	01e36333          	or	t1,t1,t5
    2e4c:	006fa023          	sw	t1,0(t6)
    2e50:	001e8e93          	add	t4,t4,1
    2e54:	00488893          	add	a7,a7,4
    2e58:	e91ff06f          	j	2ce8 <__subtf3+0x498>
    2e5c:	fff80613          	add	a2,a6,-1
    2e60:	04061663          	bnez	a2,2eac <__subtf3+0x65c>
    2e64:	00878433          	add	s0,a5,s0
    2e68:	01268933          	add	s2,a3,s2
    2e6c:	02812823          	sw	s0,48(sp)
    2e70:	00f43433          	sltu	s0,s0,a5
    2e74:	00890433          	add	s0,s2,s0
    2e78:	02812a23          	sw	s0,52(sp)
    2e7c:	00d936b3          	sltu	a3,s2,a3
    2e80:	01243433          	sltu	s0,s0,s2
    2e84:	013709b3          	add	s3,a4,s3
    2e88:	0086e6b3          	or	a3,a3,s0
    2e8c:	00d986b3          	add	a3,s3,a3
    2e90:	02d12c23          	sw	a3,56(sp)
    2e94:	00e9b7b3          	sltu	a5,s3,a4
    2e98:	0136b6b3          	sltu	a3,a3,s3
    2e9c:	00d7e7b3          	or	a5,a5,a3
    2ea0:	016888b3          	add	a7,a7,s6
    2ea4:	011787b3          	add	a5,a5,a7
    2ea8:	bf1ff06f          	j	2a98 <__subtf3+0x248>
    2eac:	000087b7          	lui	a5,0x8
    2eb0:	fff78793          	add	a5,a5,-1 # 7fff <_vfprintf_r+0x236f>
    2eb4:	60f81ce3          	bne	a6,a5,3ccc <__subtf3+0x147c>
    2eb8:	02812823          	sw	s0,48(sp)
    2ebc:	03212a23          	sw	s2,52(sp)
    2ec0:	03312c23          	sw	s3,56(sp)
    2ec4:	03612e23          	sw	s6,60(sp)
    2ec8:	38c0006f          	j	3254 <__subtf3+0xa04>
    2ecc:	00078413          	mv	s0,a5
    2ed0:	fe9ff06f          	j	2eb8 <__subtf3+0x668>
    2ed4:	000087b7          	lui	a5,0x8
    2ed8:	fff78793          	add	a5,a5,-1 # 7fff <_vfprintf_r+0x236f>
    2edc:	fcfb8ee3          	beq	s7,a5,2eb8 <__subtf3+0x668>
    2ee0:	01c12783          	lw	a5,28(sp)
    2ee4:	00080737          	lui	a4,0x80
    2ee8:	00e7e7b3          	or	a5,a5,a4
    2eec:	00f12e23          	sw	a5,28(sp)
    2ef0:	07400793          	li	a5,116
    2ef4:	5f07c0e3          	blt	a5,a6,3cd4 <__subtf3+0x1484>
    2ef8:	00080613          	mv	a2,a6
    2efc:	02000713          	li	a4,32
    2f00:	02e64733          	div	a4,a2,a4
    2f04:	00058693          	mv	a3,a1
    2f08:	00000493          	li	s1,0
    2f0c:	00000793          	li	a5,0
    2f10:	02e7ce63          	blt	a5,a4,2f4c <__subtf3+0x6fc>
    2f14:	00300793          	li	a5,3
    2f18:	01f67893          	and	a7,a2,31
    2f1c:	40e787b3          	sub	a5,a5,a4
    2f20:	00271813          	sll	a6,a4,0x2
    2f24:	02089e63          	bnez	a7,2f60 <__subtf3+0x710>
    2f28:	010586b3          	add	a3,a1,a6
    2f2c:	0006a683          	lw	a3,0(a3)
    2f30:	00188893          	add	a7,a7,1
    2f34:	00458593          	add	a1,a1,4
    2f38:	fed5ae23          	sw	a3,-4(a1)
    2f3c:	ff17d6e3          	bge	a5,a7,2f28 <__subtf3+0x6d8>
    2f40:	00400793          	li	a5,4
    2f44:	40e78733          	sub	a4,a5,a4
    2f48:	0780006f          	j	2fc0 <__subtf3+0x770>
    2f4c:	0006a803          	lw	a6,0(a3)
    2f50:	00178793          	add	a5,a5,1
    2f54:	00468693          	add	a3,a3,4
    2f58:	0104e4b3          	or	s1,s1,a6
    2f5c:	fb5ff06f          	j	2f10 <__subtf3+0x6c0>
    2f60:	02000693          	li	a3,32
    2f64:	02d66633          	rem	a2,a2,a3
    2f68:	40c68633          	sub	a2,a3,a2
    2f6c:	00070693          	mv	a3,a4
    2f70:	00075463          	bgez	a4,2f78 <__subtf3+0x728>
    2f74:	00000693          	li	a3,0
    2f78:	00269693          	sll	a3,a3,0x2
    2f7c:	04068693          	add	a3,a3,64
    2f80:	002686b3          	add	a3,a3,sp
    2f84:	fd06a683          	lw	a3,-48(a3)
    2f88:	00000313          	li	t1,0
    2f8c:	00c696b3          	sll	a3,a3,a2
    2f90:	00d4e4b3          	or	s1,s1,a3
    2f94:	010506b3          	add	a3,a0,a6
    2f98:	41000833          	neg	a6,a6
    2f9c:	0af34863          	blt	t1,a5,304c <__subtf3+0x7fc>
    2fa0:	00400693          	li	a3,4
    2fa4:	40e68733          	sub	a4,a3,a4
    2fa8:	01c12683          	lw	a3,28(sp)
    2fac:	00279793          	sll	a5,a5,0x2
    2fb0:	04078793          	add	a5,a5,64
    2fb4:	002787b3          	add	a5,a5,sp
    2fb8:	0116d6b3          	srl	a3,a3,a7
    2fbc:	fcd7a823          	sw	a3,-48(a5)
    2fc0:	00400793          	li	a5,4
    2fc4:	00000613          	li	a2,0
    2fc8:	00e7c663          	blt	a5,a4,2fd4 <__subtf3+0x784>
    2fcc:	40e787b3          	sub	a5,a5,a4
    2fd0:	00279613          	sll	a2,a5,0x2
    2fd4:	00271713          	sll	a4,a4,0x2
    2fd8:	00e50533          	add	a0,a0,a4
    2fdc:	00000593          	li	a1,0
    2fe0:	edcfd0ef          	jal	6bc <memset>
    2fe4:	01012703          	lw	a4,16(sp)
    2fe8:	009037b3          	snez	a5,s1
    2fec:	00e7e7b3          	or	a5,a5,a4
    2ff0:	01412683          	lw	a3,20(sp)
    2ff4:	00f12823          	sw	a5,16(sp)
    2ff8:	00f407b3          	add	a5,s0,a5
    2ffc:	01268933          	add	s2,a3,s2
    3000:	02f12823          	sw	a5,48(sp)
    3004:	0087b7b3          	sltu	a5,a5,s0
    3008:	00f90733          	add	a4,s2,a5
    300c:	01812783          	lw	a5,24(sp)
    3010:	02e12a23          	sw	a4,52(sp)
    3014:	00d936b3          	sltu	a3,s2,a3
    3018:	01273733          	sltu	a4,a4,s2
    301c:	013789b3          	add	s3,a5,s3
    3020:	00e6e733          	or	a4,a3,a4
    3024:	00e98733          	add	a4,s3,a4
    3028:	02e12c23          	sw	a4,56(sp)
    302c:	00f9b7b3          	sltu	a5,s3,a5
    3030:	01373733          	sltu	a4,a4,s3
    3034:	00e7e7b3          	or	a5,a5,a4
    3038:	01c12703          	lw	a4,28(sp)
    303c:	000b8493          	mv	s1,s7
    3040:	00eb0733          	add	a4,s6,a4
    3044:	00e787b3          	add	a5,a5,a4
    3048:	d5dff06f          	j	2da4 <__subtf3+0x554>
    304c:	0006a583          	lw	a1,0(a3)
    3050:	0046ae03          	lw	t3,4(a3)
    3054:	01068eb3          	add	t4,a3,a6
    3058:	0115d5b3          	srl	a1,a1,a7
    305c:	00ce1e33          	sll	t3,t3,a2
    3060:	01c5e5b3          	or	a1,a1,t3
    3064:	00bea023          	sw	a1,0(t4)
    3068:	00130313          	add	t1,t1,1
    306c:	00468693          	add	a3,a3,4
    3070:	f2dff06f          	j	2f9c <__subtf3+0x74c>
    3074:	00008337          	lui	t1,0x8
    3078:	00148813          	add	a6,s1,1
    307c:	ffe30893          	add	a7,t1,-2 # 7ffe <_vfprintf_r+0x236e>
    3080:	011878b3          	and	a7,a6,a7
    3084:	01412683          	lw	a3,20(sp)
    3088:	01812703          	lw	a4,24(sp)
    308c:	01c12603          	lw	a2,28(sp)
    3090:	03010593          	add	a1,sp,48
    3094:	03c10513          	add	a0,sp,60
    3098:	12089263          	bnez	a7,31bc <__subtf3+0x96c>
    309c:	00e6e833          	or	a6,a3,a4
    30a0:	00c86833          	or	a6,a6,a2
    30a4:	00f86833          	or	a6,a6,a5
    30a8:	0a049a63          	bnez	s1,315c <__subtf3+0x90c>
    30ac:	00081e63          	bnez	a6,30c8 <__subtf3+0x878>
    30b0:	02812823          	sw	s0,48(sp)
    30b4:	03212a23          	sw	s2,52(sp)
    30b8:	03312c23          	sw	s3,56(sp)
    30bc:	03612e23          	sw	s6,60(sp)
    30c0:	00000493          	li	s1,0
    30c4:	a19ff06f          	j	2adc <__subtf3+0x28c>
    30c8:	013965b3          	or	a1,s2,s3
    30cc:	0165e5b3          	or	a1,a1,s6
    30d0:	0085e5b3          	or	a1,a1,s0
    30d4:	00059c63          	bnez	a1,30ec <__subtf3+0x89c>
    30d8:	02f12823          	sw	a5,48(sp)
    30dc:	02d12a23          	sw	a3,52(sp)
    30e0:	02e12c23          	sw	a4,56(sp)
    30e4:	02c12e23          	sw	a2,60(sp)
    30e8:	9f5ff06f          	j	2adc <__subtf3+0x28c>
    30ec:	00878433          	add	s0,a5,s0
    30f0:	01268933          	add	s2,a3,s2
    30f4:	02812823          	sw	s0,48(sp)
    30f8:	00f43433          	sltu	s0,s0,a5
    30fc:	00890433          	add	s0,s2,s0
    3100:	02812a23          	sw	s0,52(sp)
    3104:	00d936b3          	sltu	a3,s2,a3
    3108:	01243433          	sltu	s0,s0,s2
    310c:	013709b3          	add	s3,a4,s3
    3110:	0086e6b3          	or	a3,a3,s0
    3114:	00d986b3          	add	a3,s3,a3
    3118:	00e9b7b3          	sltu	a5,s3,a4
    311c:	02d12c23          	sw	a3,56(sp)
    3120:	0136b6b3          	sltu	a3,a3,s3
    3124:	00d7e7b3          	or	a5,a5,a3
    3128:	01660633          	add	a2,a2,s6
    312c:	00c787b3          	add	a5,a5,a2
    3130:	00080737          	lui	a4,0x80
    3134:	00e7f733          	and	a4,a5,a4
    3138:	00071663          	bnez	a4,3144 <__subtf3+0x8f4>
    313c:	02f12e23          	sw	a5,60(sp)
    3140:	f81ff06f          	j	30c0 <__subtf3+0x870>
    3144:	fff80737          	lui	a4,0xfff80
    3148:	fff70713          	add	a4,a4,-1 # fff7ffff <_stack_top+0xdfe7ffff>
    314c:	00e7f7b3          	and	a5,a5,a4
    3150:	02f12e23          	sw	a5,60(sp)
    3154:	00100493          	li	s1,1
    3158:	985ff06f          	j	2adc <__subtf3+0x28c>
    315c:	94080ae3          	beqz	a6,2ab0 <__subtf3+0x260>
    3160:	01396933          	or	s2,s2,s3
    3164:	01696933          	or	s2,s2,s6
    3168:	00896933          	or	s2,s2,s0
    316c:	940906e3          	beqz	s2,2ab8 <__subtf3+0x268>
    3170:	02612e23          	sw	t1,60(sp)
    3174:	02012c23          	sw	zero,56(sp)
    3178:	02012a23          	sw	zero,52(sp)
    317c:	02012823          	sw	zero,48(sp)
    3180:	00050793          	mv	a5,a0
    3184:	0007a703          	lw	a4,0(a5)
    3188:	ffc7a683          	lw	a3,-4(a5)
    318c:	ffc78793          	add	a5,a5,-4
    3190:	00371713          	sll	a4,a4,0x3
    3194:	01d6d693          	srl	a3,a3,0x1d
    3198:	00d76733          	or	a4,a4,a3
    319c:	00e7a223          	sw	a4,4(a5)
    31a0:	fef592e3          	bne	a1,a5,3184 <__subtf3+0x934>
    31a4:	03012783          	lw	a5,48(sp)
    31a8:	000084b7          	lui	s1,0x8
    31ac:	fff48493          	add	s1,s1,-1 # 7fff <_vfprintf_r+0x236f>
    31b0:	00379793          	sll	a5,a5,0x3
    31b4:	02f12823          	sw	a5,48(sp)
    31b8:	5f00006f          	j	37a8 <__subtf3+0xf58>
    31bc:	00878433          	add	s0,a5,s0
    31c0:	01268933          	add	s2,a3,s2
    31c4:	02812823          	sw	s0,48(sp)
    31c8:	00f43433          	sltu	s0,s0,a5
    31cc:	00890433          	add	s0,s2,s0
    31d0:	02812a23          	sw	s0,52(sp)
    31d4:	00d937b3          	sltu	a5,s2,a3
    31d8:	01243433          	sltu	s0,s0,s2
    31dc:	013709b3          	add	s3,a4,s3
    31e0:	0087e7b3          	or	a5,a5,s0
    31e4:	00f987b3          	add	a5,s3,a5
    31e8:	02f12c23          	sw	a5,56(sp)
    31ec:	00e9b733          	sltu	a4,s3,a4
    31f0:	0137b7b3          	sltu	a5,a5,s3
    31f4:	00f767b3          	or	a5,a4,a5
    31f8:	01660633          	add	a2,a2,s6
    31fc:	00c787b3          	add	a5,a5,a2
    3200:	02f12e23          	sw	a5,60(sp)
    3204:	00058793          	mv	a5,a1
    3208:	0007a703          	lw	a4,0(a5)
    320c:	0047a683          	lw	a3,4(a5)
    3210:	00478793          	add	a5,a5,4
    3214:	00175713          	srl	a4,a4,0x1
    3218:	01f69693          	sll	a3,a3,0x1f
    321c:	00d76733          	or	a4,a4,a3
    3220:	fee7ae23          	sw	a4,-4(a5)
    3224:	fef512e3          	bne	a0,a5,3208 <__subtf3+0x9b8>
    3228:	00008737          	lui	a4,0x8
    322c:	fff70713          	add	a4,a4,-1 # 7fff <_vfprintf_r+0x236f>
    3230:	03c12783          	lw	a5,60(sp)
    3234:	00e80863          	beq	a6,a4,3244 <__subtf3+0x9f4>
    3238:	0017d793          	srl	a5,a5,0x1
    323c:	02f12e23          	sw	a5,60(sp)
    3240:	fa8ff06f          	j	29e8 <__subtf3+0x198>
    3244:	02012e23          	sw	zero,60(sp)
    3248:	02012c23          	sw	zero,56(sp)
    324c:	02012a23          	sw	zero,52(sp)
    3250:	02012823          	sw	zero,48(sp)
    3254:	000084b7          	lui	s1,0x8
    3258:	fff48493          	add	s1,s1,-1 # 7fff <_vfprintf_r+0x236f>
    325c:	881ff06f          	j	2adc <__subtf3+0x28c>
    3260:	26605863          	blez	t1,34d0 <__subtf3+0xc80>
    3264:	01412903          	lw	s2,20(sp)
    3268:	01812983          	lw	s3,24(sp)
    326c:	01c12b03          	lw	s6,28(sp)
    3270:	080b9e63          	bnez	s7,330c <__subtf3+0xabc>
    3274:	02412f03          	lw	t5,36(sp)
    3278:	02812e83          	lw	t4,40(sp)
    327c:	02c12683          	lw	a3,44(sp)
    3280:	01df6733          	or	a4,t5,t4
    3284:	00d76733          	or	a4,a4,a3
    3288:	00876733          	or	a4,a4,s0
    328c:	fa070463          	beqz	a4,2a34 <__subtf3+0x1e4>
    3290:	fff30513          	add	a0,t1,-1
    3294:	04051c63          	bnez	a0,32ec <__subtf3+0xa9c>
    3298:	41e90633          	sub	a2,s2,t5
    329c:	40878733          	sub	a4,a5,s0
    32a0:	00c938b3          	sltu	a7,s2,a2
    32a4:	00e7b5b3          	sltu	a1,a5,a4
    32a8:	40b60633          	sub	a2,a2,a1
    32ac:	00088313          	mv	t1,a7
    32b0:	41d985b3          	sub	a1,s3,t4
    32b4:	01d9b833          	sltu	a6,s3,t4
    32b8:	00e7fc63          	bgeu	a5,a4,32d0 <__subtf3+0xa80>
    32bc:	012f1a63          	bne	t5,s2,32d0 <__subtf3+0xa80>
    32c0:	fff58593          	add	a1,a1,-1
    32c4:	413e8eb3          	sub	t4,t4,s3
    32c8:	001eb513          	seqz	a0,t4
    32cc:	00c0006f          	j	32d8 <__subtf3+0xa88>
    32d0:	406585b3          	sub	a1,a1,t1
    32d4:	fe0898e3          	bnez	a7,32c4 <__subtf3+0xa74>
    32d8:	40db07b3          	sub	a5,s6,a3
    32dc:	010566b3          	or	a3,a0,a6
    32e0:	40d787b3          	sub	a5,a5,a3
    32e4:	00100493          	li	s1,1
    32e8:	1bc0006f          	j	34a4 <__subtf3+0xc54>
    32ec:	fbc30e63          	beq	t1,t3,2aa8 <__subtf3+0x258>
    32f0:	07400713          	li	a4,116
    32f4:	02a75c63          	bge	a4,a0,332c <__subtf3+0xadc>
    32f8:	02012623          	sw	zero,44(sp)
    32fc:	02012423          	sw	zero,40(sp)
    3300:	02012223          	sw	zero,36(sp)
    3304:	00100713          	li	a4,1
    3308:	1140006f          	j	341c <__subtf3+0xbcc>
    330c:	bdc480e3          	beq	s1,t3,2ecc <__subtf3+0x67c>
    3310:	02c12703          	lw	a4,44(sp)
    3314:	000806b7          	lui	a3,0x80
    3318:	00d76733          	or	a4,a4,a3
    331c:	02e12623          	sw	a4,44(sp)
    3320:	07400713          	li	a4,116
    3324:	fc674ae3          	blt	a4,t1,32f8 <__subtf3+0xaa8>
    3328:	00030513          	mv	a0,t1
    332c:	40555693          	sra	a3,a0,0x5
    3330:	00088593          	mv	a1,a7
    3334:	01f57513          	and	a0,a0,31
    3338:	00000713          	li	a4,0
    333c:	00000613          	li	a2,0
    3340:	02d61c63          	bne	a2,a3,3378 <__subtf3+0xb28>
    3344:	00300613          	li	a2,3
    3348:	40d60633          	sub	a2,a2,a3
    334c:	00269593          	sll	a1,a3,0x2
    3350:	02051e63          	bnez	a0,338c <__subtf3+0xb3c>
    3354:	00b88333          	add	t1,a7,a1
    3358:	00032303          	lw	t1,0(t1)
    335c:	00150513          	add	a0,a0,1
    3360:	00488893          	add	a7,a7,4
    3364:	fe68ae23          	sw	t1,-4(a7)
    3368:	fea656e3          	bge	a2,a0,3354 <__subtf3+0xb04>
    336c:	00400613          	li	a2,4
    3370:	40d606b3          	sub	a3,a2,a3
    3374:	0640006f          	j	33d8 <__subtf3+0xb88>
    3378:	0005a303          	lw	t1,0(a1)
    337c:	00160613          	add	a2,a2,1
    3380:	00458593          	add	a1,a1,4
    3384:	00676733          	or	a4,a4,t1
    3388:	fb9ff06f          	j	3340 <__subtf3+0xaf0>
    338c:	04058893          	add	a7,a1,64
    3390:	002888b3          	add	a7,a7,sp
    3394:	fe08a883          	lw	a7,-32(a7)
    3398:	02000e13          	li	t3,32
    339c:	40ae0e33          	sub	t3,t3,a0
    33a0:	01c898b3          	sll	a7,a7,t3
    33a4:	01176733          	or	a4,a4,a7
    33a8:	00000e93          	li	t4,0
    33ac:	00b808b3          	add	a7,a6,a1
    33b0:	40b005b3          	neg	a1,a1
    33b4:	0acec663          	blt	t4,a2,3460 <__subtf3+0xc10>
    33b8:	00400593          	li	a1,4
    33bc:	40d586b3          	sub	a3,a1,a3
    33c0:	02c12583          	lw	a1,44(sp)
    33c4:	00261613          	sll	a2,a2,0x2
    33c8:	04060613          	add	a2,a2,64
    33cc:	00260633          	add	a2,a2,sp
    33d0:	00a5d5b3          	srl	a1,a1,a0
    33d4:	feb62023          	sw	a1,-32(a2)
    33d8:	00400613          	li	a2,4
    33dc:	40d60633          	sub	a2,a2,a3
    33e0:	00261613          	sll	a2,a2,0x2
    33e4:	00269693          	sll	a3,a3,0x2
    33e8:	00800593          	li	a1,8
    33ec:	00d806b3          	add	a3,a6,a3
    33f0:	00b66a63          	bltu	a2,a1,3404 <__subtf3+0xbb4>
    33f4:	0006a023          	sw	zero,0(a3) # 80000 <_sidata+0x6a070>
    33f8:	0006a223          	sw	zero,4(a3)
    33fc:	ff860613          	add	a2,a2,-8
    3400:	00868693          	add	a3,a3,8
    3404:	00400593          	li	a1,4
    3408:	00b66463          	bltu	a2,a1,3410 <__subtf3+0xbc0>
    340c:	0006a023          	sw	zero,0(a3)
    3410:	02012683          	lw	a3,32(sp)
    3414:	00e03733          	snez	a4,a4
    3418:	00d76733          	or	a4,a4,a3
    341c:	02412503          	lw	a0,36(sp)
    3420:	02e12023          	sw	a4,32(sp)
    3424:	40e78733          	sub	a4,a5,a4
    3428:	40a90633          	sub	a2,s2,a0
    342c:	00e7b6b3          	sltu	a3,a5,a4
    3430:	00c938b3          	sltu	a7,s2,a2
    3434:	40d60633          	sub	a2,a2,a3
    3438:	02812683          	lw	a3,40(sp)
    343c:	00088313          	mv	t1,a7
    3440:	40d985b3          	sub	a1,s3,a3
    3444:	00d9b833          	sltu	a6,s3,a3
    3448:	04e7f063          	bgeu	a5,a4,3488 <__subtf3+0xc38>
    344c:	03251e63          	bne	a0,s2,3488 <__subtf3+0xc38>
    3450:	fff58593          	add	a1,a1,-1
    3454:	413686b3          	sub	a3,a3,s3
    3458:	0016b513          	seqz	a0,a3
    345c:	0380006f          	j	3494 <__subtf3+0xc44>
    3460:	0008a303          	lw	t1,0(a7)
    3464:	0048af03          	lw	t5,4(a7)
    3468:	00b88fb3          	add	t6,a7,a1
    346c:	00a35333          	srl	t1,t1,a0
    3470:	01cf1f33          	sll	t5,t5,t3
    3474:	01e36333          	or	t1,t1,t5
    3478:	006fa023          	sw	t1,0(t6)
    347c:	001e8e93          	add	t4,t4,1
    3480:	00488893          	add	a7,a7,4
    3484:	f31ff06f          	j	33b4 <__subtf3+0xb64>
    3488:	406585b3          	sub	a1,a1,t1
    348c:	00000513          	li	a0,0
    3490:	fc0892e3          	bnez	a7,3454 <__subtf3+0xc04>
    3494:	02c12783          	lw	a5,44(sp)
    3498:	01056533          	or	a0,a0,a6
    349c:	40fb07b3          	sub	a5,s6,a5
    34a0:	40a787b3          	sub	a5,a5,a0
    34a4:	02e12823          	sw	a4,48(sp)
    34a8:	00080737          	lui	a4,0x80
    34ac:	02f12e23          	sw	a5,60(sp)
    34b0:	02b12c23          	sw	a1,56(sp)
    34b4:	02c12a23          	sw	a2,52(sp)
    34b8:	00e7f6b3          	and	a3,a5,a4
    34bc:	e2068063          	beqz	a3,2adc <__subtf3+0x28c>
    34c0:	fff70713          	add	a4,a4,-1 # 7ffff <_sidata+0x6a06f>
    34c4:	00e7f7b3          	and	a5,a5,a4
    34c8:	02f12e23          	sw	a5,60(sp)
    34cc:	54c0006f          	j	3a18 <__subtf3+0x11c8>
    34d0:	02412903          	lw	s2,36(sp)
    34d4:	02812c03          	lw	s8,40(sp)
    34d8:	02c12b03          	lw	s6,44(sp)
    34dc:	26030a63          	beqz	t1,3750 <__subtf3+0xf00>
    34e0:	409b8733          	sub	a4,s7,s1
    34e4:	0a049e63          	bnez	s1,35a0 <__subtf3+0xd50>
    34e8:	01412303          	lw	t1,20(sp)
    34ec:	01812883          	lw	a7,24(sp)
    34f0:	01c12683          	lw	a3,28(sp)
    34f4:	01136633          	or	a2,t1,a7
    34f8:	00d66633          	or	a2,a2,a3
    34fc:	00f66633          	or	a2,a2,a5
    3500:	02061063          	bnez	a2,3520 <__subtf3+0xcd0>
    3504:	02812823          	sw	s0,48(sp)
    3508:	03212a23          	sw	s2,52(sp)
    350c:	03812c23          	sw	s8,56(sp)
    3510:	03612e23          	sw	s6,60(sp)
    3514:	00070493          	mv	s1,a4
    3518:	00098a93          	mv	s5,s3
    351c:	dc0ff06f          	j	2adc <__subtf3+0x28c>
    3520:	fff70813          	add	a6,a4,-1
    3524:	04081c63          	bnez	a6,357c <__subtf3+0xd2c>
    3528:	40f40733          	sub	a4,s0,a5
    352c:	40690633          	sub	a2,s2,t1
    3530:	00c937b3          	sltu	a5,s2,a2
    3534:	00e435b3          	sltu	a1,s0,a4
    3538:	40b60633          	sub	a2,a2,a1
    353c:	00078e13          	mv	t3,a5
    3540:	411c05b3          	sub	a1,s8,a7
    3544:	011c3533          	sltu	a0,s8,a7
    3548:	00e47c63          	bgeu	s0,a4,3560 <__subtf3+0xd10>
    354c:	01231a63          	bne	t1,s2,3560 <__subtf3+0xd10>
    3550:	fff58593          	add	a1,a1,-1
    3554:	418888b3          	sub	a7,a7,s8
    3558:	0018b813          	seqz	a6,a7
    355c:	00c0006f          	j	3568 <__subtf3+0xd18>
    3560:	41c585b3          	sub	a1,a1,t3
    3564:	fe0798e3          	bnez	a5,3554 <__subtf3+0xd04>
    3568:	40db07b3          	sub	a5,s6,a3
    356c:	00a866b3          	or	a3,a6,a0
    3570:	40d787b3          	sub	a5,a5,a3
    3574:	00098a93          	mv	s5,s3
    3578:	d6dff06f          	j	32e4 <__subtf3+0xa94>
    357c:	000087b7          	lui	a5,0x8
    3580:	fff78793          	add	a5,a5,-1 # 7fff <_vfprintf_r+0x236f>
    3584:	76f71263          	bne	a4,a5,3ce8 <__subtf3+0x1498>
    3588:	02812823          	sw	s0,48(sp)
    358c:	03212a23          	sw	s2,52(sp)
    3590:	03812c23          	sw	s8,56(sp)
    3594:	03612e23          	sw	s6,60(sp)
    3598:	00098a93          	mv	s5,s3
    359c:	cb9ff06f          	j	3254 <__subtf3+0xa04>
    35a0:	000087b7          	lui	a5,0x8
    35a4:	fff78793          	add	a5,a5,-1 # 7fff <_vfprintf_r+0x236f>
    35a8:	fefb80e3          	beq	s7,a5,3588 <__subtf3+0xd38>
    35ac:	01c12783          	lw	a5,28(sp)
    35b0:	000806b7          	lui	a3,0x80
    35b4:	00d7e7b3          	or	a5,a5,a3
    35b8:	00f12e23          	sw	a5,28(sp)
    35bc:	07400793          	li	a5,116
    35c0:	72e7c863          	blt	a5,a4,3cf0 <__subtf3+0x14a0>
    35c4:	00070813          	mv	a6,a4
    35c8:	02000793          	li	a5,32
    35cc:	02f847b3          	div	a5,a6,a5
    35d0:	00058693          	mv	a3,a1
    35d4:	00000493          	li	s1,0
    35d8:	00000713          	li	a4,0
    35dc:	02f74e63          	blt	a4,a5,3618 <__subtf3+0xdc8>
    35e0:	00300693          	li	a3,3
    35e4:	01f87893          	and	a7,a6,31
    35e8:	40f686b3          	sub	a3,a3,a5
    35ec:	00279613          	sll	a2,a5,0x2
    35f0:	02089e63          	bnez	a7,362c <__subtf3+0xddc>
    35f4:	00c58733          	add	a4,a1,a2
    35f8:	00072703          	lw	a4,0(a4)
    35fc:	00188893          	add	a7,a7,1
    3600:	00458593          	add	a1,a1,4
    3604:	fee5ae23          	sw	a4,-4(a1)
    3608:	ff16d6e3          	bge	a3,a7,35f4 <__subtf3+0xda4>
    360c:	00400713          	li	a4,4
    3610:	40f707b3          	sub	a5,a4,a5
    3614:	0780006f          	j	368c <__subtf3+0xe3c>
    3618:	0006a603          	lw	a2,0(a3) # 80000 <_sidata+0x6a070>
    361c:	00170713          	add	a4,a4,1
    3620:	00468693          	add	a3,a3,4
    3624:	00c4e4b3          	or	s1,s1,a2
    3628:	fb5ff06f          	j	35dc <__subtf3+0xd8c>
    362c:	02000713          	li	a4,32
    3630:	02e86833          	rem	a6,a6,a4
    3634:	41070833          	sub	a6,a4,a6
    3638:	00078713          	mv	a4,a5
    363c:	0007d463          	bgez	a5,3644 <__subtf3+0xdf4>
    3640:	00000713          	li	a4,0
    3644:	00271713          	sll	a4,a4,0x2
    3648:	04070713          	add	a4,a4,64
    364c:	00270733          	add	a4,a4,sp
    3650:	fd072703          	lw	a4,-48(a4)
    3654:	00000313          	li	t1,0
    3658:	01071733          	sll	a4,a4,a6
    365c:	00e4e4b3          	or	s1,s1,a4
    3660:	00c50733          	add	a4,a0,a2
    3664:	40c00633          	neg	a2,a2
    3668:	08d34c63          	blt	t1,a3,3700 <__subtf3+0xeb0>
    366c:	00400713          	li	a4,4
    3670:	00269693          	sll	a3,a3,0x2
    3674:	40f707b3          	sub	a5,a4,a5
    3678:	04068713          	add	a4,a3,64
    367c:	002706b3          	add	a3,a4,sp
    3680:	01c12703          	lw	a4,28(sp)
    3684:	01175733          	srl	a4,a4,a7
    3688:	fce6a823          	sw	a4,-48(a3)
    368c:	00400713          	li	a4,4
    3690:	00000613          	li	a2,0
    3694:	00f74663          	blt	a4,a5,36a0 <__subtf3+0xe50>
    3698:	40f70733          	sub	a4,a4,a5
    369c:	00271613          	sll	a2,a4,0x2
    36a0:	00279793          	sll	a5,a5,0x2
    36a4:	00f50533          	add	a0,a0,a5
    36a8:	00000593          	li	a1,0
    36ac:	810fd0ef          	jal	6bc <memset>
    36b0:	01012783          	lw	a5,16(sp)
    36b4:	00903733          	snez	a4,s1
    36b8:	00f76733          	or	a4,a4,a5
    36bc:	01412683          	lw	a3,20(sp)
    36c0:	00e12823          	sw	a4,16(sp)
    36c4:	40e40733          	sub	a4,s0,a4
    36c8:	40d90633          	sub	a2,s2,a3
    36cc:	00e437b3          	sltu	a5,s0,a4
    36d0:	00c93833          	sltu	a6,s2,a2
    36d4:	40f60633          	sub	a2,a2,a5
    36d8:	01812783          	lw	a5,24(sp)
    36dc:	00080893          	mv	a7,a6
    36e0:	40fc05b3          	sub	a1,s8,a5
    36e4:	00fc3533          	sltu	a0,s8,a5
    36e8:	04e47063          	bgeu	s0,a4,3728 <__subtf3+0xed8>
    36ec:	03269e63          	bne	a3,s2,3728 <__subtf3+0xed8>
    36f0:	fff58593          	add	a1,a1,-1
    36f4:	418787b3          	sub	a5,a5,s8
    36f8:	0017b693          	seqz	a3,a5
    36fc:	0380006f          	j	3734 <__subtf3+0xee4>
    3700:	00072583          	lw	a1,0(a4)
    3704:	00472e03          	lw	t3,4(a4)
    3708:	00c70eb3          	add	t4,a4,a2
    370c:	0115d5b3          	srl	a1,a1,a7
    3710:	010e1e33          	sll	t3,t3,a6
    3714:	01c5e5b3          	or	a1,a1,t3
    3718:	00bea023          	sw	a1,0(t4)
    371c:	00130313          	add	t1,t1,1
    3720:	00470713          	add	a4,a4,4
    3724:	f45ff06f          	j	3668 <__subtf3+0xe18>
    3728:	411585b3          	sub	a1,a1,a7
    372c:	00000693          	li	a3,0
    3730:	fc0812e3          	bnez	a6,36f4 <__subtf3+0xea4>
    3734:	01c12783          	lw	a5,28(sp)
    3738:	00a6e6b3          	or	a3,a3,a0
    373c:	000b8493          	mv	s1,s7
    3740:	40fb07b3          	sub	a5,s6,a5
    3744:	40d787b3          	sub	a5,a5,a3
    3748:	00098a93          	mv	s5,s3
    374c:	d59ff06f          	j	34a4 <__subtf3+0xc54>
    3750:	00008837          	lui	a6,0x8
    3754:	00148613          	add	a2,s1,1
    3758:	ffe80593          	add	a1,a6,-2 # 7ffe <_vfprintf_r+0x236e>
    375c:	00b67633          	and	a2,a2,a1
    3760:	01412503          	lw	a0,20(sp)
    3764:	01812703          	lw	a4,24(sp)
    3768:	01c12683          	lw	a3,28(sp)
    376c:	1e061463          	bnez	a2,3954 <__subtf3+0x1104>
    3770:	01896633          	or	a2,s2,s8
    3774:	00e565b3          	or	a1,a0,a4
    3778:	01666633          	or	a2,a2,s6
    377c:	00d5e5b3          	or	a1,a1,a3
    3780:	00866633          	or	a2,a2,s0
    3784:	00f5e5b3          	or	a1,a1,a5
    3788:	10049e63          	bnez	s1,38a4 <__subtf3+0x1054>
    378c:	02059263          	bnez	a1,37b0 <__subtf3+0xf60>
    3790:	02812823          	sw	s0,48(sp)
    3794:	03212a23          	sw	s2,52(sp)
    3798:	03812c23          	sw	s8,56(sp)
    379c:	03612e23          	sw	s6,60(sp)
    37a0:	d6061ce3          	bnez	a2,3518 <__subtf3+0xcc8>
    37a4:	00000493          	li	s1,0
    37a8:	00000a93          	li	s5,0
    37ac:	b30ff06f          	j	2adc <__subtf3+0x28c>
    37b0:	00061c63          	bnez	a2,37c8 <__subtf3+0xf78>
    37b4:	02f12823          	sw	a5,48(sp)
    37b8:	02a12a23          	sw	a0,52(sp)
    37bc:	02e12c23          	sw	a4,56(sp)
    37c0:	02d12e23          	sw	a3,60(sp)
    37c4:	8fdff06f          	j	30c0 <__subtf3+0x870>
    37c8:	412505b3          	sub	a1,a0,s2
    37cc:	40878633          	sub	a2,a5,s0
    37d0:	00b53f33          	sltu	t5,a0,a1
    37d4:	00c7b833          	sltu	a6,a5,a2
    37d8:	000f0893          	mv	a7,t5
    37dc:	41058833          	sub	a6,a1,a6
    37e0:	41870e33          	sub	t3,a4,s8
    37e4:	01873eb3          	sltu	t4,a4,s8
    37e8:	00c7fa63          	bgeu	a5,a2,37fc <__subtf3+0xfac>
    37ec:	01251863          	bne	a0,s2,37fc <__subtf3+0xfac>
    37f0:	fffe0893          	add	a7,t3,-1
    37f4:	001e3313          	seqz	t1,t3
    37f8:	0100006f          	j	3808 <__subtf3+0xfb8>
    37fc:	411e08b3          	sub	a7,t3,a7
    3800:	00000313          	li	t1,0
    3804:	fe0f18e3          	bnez	t5,37f4 <__subtf3+0xfa4>
    3808:	01d36333          	or	t1,t1,t4
    380c:	416685b3          	sub	a1,a3,s6
    3810:	406585b3          	sub	a1,a1,t1
    3814:	00080337          	lui	t1,0x80
    3818:	02b12e23          	sw	a1,60(sp)
    381c:	03112c23          	sw	a7,56(sp)
    3820:	03012a23          	sw	a6,52(sp)
    3824:	02c12823          	sw	a2,48(sp)
    3828:	0065f333          	and	t1,a1,t1
    382c:	06030263          	beqz	t1,3890 <__subtf3+0x1040>
    3830:	40a90633          	sub	a2,s2,a0
    3834:	40f407b3          	sub	a5,s0,a5
    3838:	00c93833          	sltu	a6,s2,a2
    383c:	00f435b3          	sltu	a1,s0,a5
    3840:	40b60633          	sub	a2,a2,a1
    3844:	00080893          	mv	a7,a6
    3848:	40ec05b3          	sub	a1,s8,a4
    384c:	00ec3733          	sltu	a4,s8,a4
    3850:	00f47a63          	bgeu	s0,a5,3864 <__subtf3+0x1014>
    3854:	01251863          	bne	a0,s2,3864 <__subtf3+0x1014>
    3858:	fff58593          	add	a1,a1,-1
    385c:	001e3513          	seqz	a0,t3
    3860:	0100006f          	j	3870 <__subtf3+0x1020>
    3864:	411585b3          	sub	a1,a1,a7
    3868:	00000513          	li	a0,0
    386c:	fe0818e3          	bnez	a6,385c <__subtf3+0x100c>
    3870:	40db06b3          	sub	a3,s6,a3
    3874:	00e56533          	or	a0,a0,a4
    3878:	40a686b3          	sub	a3,a3,a0
    387c:	02d12e23          	sw	a3,60(sp)
    3880:	02b12c23          	sw	a1,56(sp)
    3884:	02c12a23          	sw	a2,52(sp)
    3888:	02f12823          	sw	a5,48(sp)
    388c:	c8dff06f          	j	3518 <__subtf3+0xcc8>
    3890:	01066633          	or	a2,a2,a6
    3894:	01166633          	or	a2,a2,a7
    3898:	00b66633          	or	a2,a2,a1
    389c:	f00604e3          	beqz	a2,37a4 <__subtf3+0xf54>
    38a0:	821ff06f          	j	30c0 <__subtf3+0x870>
    38a4:	03010893          	add	a7,sp,48
    38a8:	04059e63          	bnez	a1,3904 <__subtf3+0x10b4>
    38ac:	02061e63          	bnez	a2,38e8 <__subtf3+0x1098>
    38b0:	03012e23          	sw	a6,60(sp)
    38b4:	02012c23          	sw	zero,56(sp)
    38b8:	02012a23          	sw	zero,52(sp)
    38bc:	02012823          	sw	zero,48(sp)
    38c0:	03c10793          	add	a5,sp,60
    38c4:	0007a703          	lw	a4,0(a5)
    38c8:	ffc7a683          	lw	a3,-4(a5)
    38cc:	ffc78793          	add	a5,a5,-4
    38d0:	00371713          	sll	a4,a4,0x3
    38d4:	01d6d693          	srl	a3,a3,0x1d
    38d8:	00d76733          	or	a4,a4,a3
    38dc:	00e7a223          	sw	a4,4(a5)
    38e0:	fef892e3          	bne	a7,a5,38c4 <__subtf3+0x1074>
    38e4:	8c1ff06f          	j	31a4 <__subtf3+0x954>
    38e8:	02812823          	sw	s0,48(sp)
    38ec:	03212a23          	sw	s2,52(sp)
    38f0:	03812c23          	sw	s8,56(sp)
    38f4:	03612e23          	sw	s6,60(sp)
    38f8:	00098a93          	mv	s5,s3
    38fc:	fff80493          	add	s1,a6,-1
    3900:	9dcff06f          	j	2adc <__subtf3+0x28c>
    3904:	00061c63          	bnez	a2,391c <__subtf3+0x10cc>
    3908:	02f12823          	sw	a5,48(sp)
    390c:	02a12a23          	sw	a0,52(sp)
    3910:	02e12c23          	sw	a4,56(sp)
    3914:	02d12e23          	sw	a3,60(sp)
    3918:	fe5ff06f          	j	38fc <__subtf3+0x10ac>
    391c:	03012e23          	sw	a6,60(sp)
    3920:	02012c23          	sw	zero,56(sp)
    3924:	02012a23          	sw	zero,52(sp)
    3928:	02012823          	sw	zero,48(sp)
    392c:	03c10793          	add	a5,sp,60
    3930:	0007a703          	lw	a4,0(a5)
    3934:	ffc7a683          	lw	a3,-4(a5)
    3938:	ffc78793          	add	a5,a5,-4
    393c:	00371713          	sll	a4,a4,0x3
    3940:	01d6d693          	srl	a3,a3,0x1d
    3944:	00d76733          	or	a4,a4,a3
    3948:	00e7a223          	sw	a4,4(a5)
    394c:	fef892e3          	bne	a7,a5,3930 <__subtf3+0x10e0>
    3950:	855ff06f          	j	31a4 <__subtf3+0x954>
    3954:	412505b3          	sub	a1,a0,s2
    3958:	40878633          	sub	a2,a5,s0
    395c:	00b53fb3          	sltu	t6,a0,a1
    3960:	00c7b833          	sltu	a6,a5,a2
    3964:	000f8893          	mv	a7,t6
    3968:	41058833          	sub	a6,a1,a6
    396c:	41870333          	sub	t1,a4,s8
    3970:	01873f33          	sltu	t5,a4,s8
    3974:	00c7fa63          	bgeu	a5,a2,3988 <__subtf3+0x1138>
    3978:	01251863          	bne	a0,s2,3988 <__subtf3+0x1138>
    397c:	fff30893          	add	a7,t1,-1 # 7ffff <_sidata+0x6a06f>
    3980:	00133e13          	seqz	t3,t1
    3984:	0100006f          	j	3994 <__subtf3+0x1144>
    3988:	411308b3          	sub	a7,t1,a7
    398c:	00000e13          	li	t3,0
    3990:	fe0f98e3          	bnez	t6,3980 <__subtf3+0x1130>
    3994:	01ee6e33          	or	t3,t3,t5
    3998:	416685b3          	sub	a1,a3,s6
    399c:	41c585b3          	sub	a1,a1,t3
    39a0:	00080e37          	lui	t3,0x80
    39a4:	02b12e23          	sw	a1,60(sp)
    39a8:	03112c23          	sw	a7,56(sp)
    39ac:	03012a23          	sw	a6,52(sp)
    39b0:	02c12823          	sw	a2,48(sp)
    39b4:	01c5fe33          	and	t3,a1,t3
    39b8:	140e0863          	beqz	t3,3b08 <__subtf3+0x12b8>
    39bc:	40a90633          	sub	a2,s2,a0
    39c0:	40f407b3          	sub	a5,s0,a5
    39c4:	00c93833          	sltu	a6,s2,a2
    39c8:	00f435b3          	sltu	a1,s0,a5
    39cc:	40b60633          	sub	a2,a2,a1
    39d0:	00080893          	mv	a7,a6
    39d4:	40ec05b3          	sub	a1,s8,a4
    39d8:	00ec3733          	sltu	a4,s8,a4
    39dc:	00f47a63          	bgeu	s0,a5,39f0 <__subtf3+0x11a0>
    39e0:	01251863          	bne	a0,s2,39f0 <__subtf3+0x11a0>
    39e4:	fff58593          	add	a1,a1,-1
    39e8:	00133e93          	seqz	t4,t1
    39ec:	00c0006f          	j	39f8 <__subtf3+0x11a8>
    39f0:	411585b3          	sub	a1,a1,a7
    39f4:	fe081ae3          	bnez	a6,39e8 <__subtf3+0x1198>
    39f8:	40db06b3          	sub	a3,s6,a3
    39fc:	00eeeeb3          	or	t4,t4,a4
    3a00:	41d68733          	sub	a4,a3,t4
    3a04:	02e12e23          	sw	a4,60(sp)
    3a08:	02b12c23          	sw	a1,56(sp)
    3a0c:	02c12a23          	sw	a2,52(sp)
    3a10:	02f12823          	sw	a5,48(sp)
    3a14:	00098a93          	mv	s5,s3
    3a18:	03c12503          	lw	a0,60(sp)
    3a1c:	10050063          	beqz	a0,3b1c <__subtf3+0x12cc>
    3a20:	278010ef          	jal	4c98 <__clzsi2>
    3a24:	ff450513          	add	a0,a0,-12
    3a28:	02000713          	li	a4,32
    3a2c:	01f57813          	and	a6,a0,31
    3a30:	02e547b3          	div	a5,a0,a4
    3a34:	12080063          	beqz	a6,3b54 <__subtf3+0x1304>
    3a38:	03010313          	add	t1,sp,48
    3a3c:	02e566b3          	rem	a3,a0,a4
    3a40:	40d70633          	sub	a2,a4,a3
    3a44:	ffc00693          	li	a3,-4
    3a48:	02d786b3          	mul	a3,a5,a3
    3a4c:	00c68713          	add	a4,a3,12
    3a50:	00e30733          	add	a4,t1,a4
    3a54:	40d006b3          	neg	a3,a3
    3a58:	12e31663          	bne	t1,a4,3b84 <__subtf3+0x1334>
    3a5c:	03012683          	lw	a3,48(sp)
    3a60:	fff78713          	add	a4,a5,-1
    3a64:	00279793          	sll	a5,a5,0x2
    3a68:	04078793          	add	a5,a5,64
    3a6c:	002787b3          	add	a5,a5,sp
    3a70:	010696b3          	sll	a3,a3,a6
    3a74:	fed7a823          	sw	a3,-16(a5)
    3a78:	00170713          	add	a4,a4,1
    3a7c:	03010793          	add	a5,sp,48
    3a80:	00271713          	sll	a4,a4,0x2
    3a84:	00800693          	li	a3,8
    3a88:	00078893          	mv	a7,a5
    3a8c:	00d76a63          	bltu	a4,a3,3aa0 <__subtf3+0x1250>
    3a90:	02012823          	sw	zero,48(sp)
    3a94:	0007a223          	sw	zero,4(a5)
    3a98:	ff870713          	add	a4,a4,-8
    3a9c:	03810793          	add	a5,sp,56
    3aa0:	00400693          	li	a3,4
    3aa4:	00d76463          	bltu	a4,a3,3aac <__subtf3+0x125c>
    3aa8:	0007a023          	sw	zero,0(a5)
    3aac:	1c954863          	blt	a0,s1,3c7c <__subtf3+0x142c>
    3ab0:	40950533          	sub	a0,a0,s1
    3ab4:	00150513          	add	a0,a0,1
    3ab8:	40555713          	sra	a4,a0,0x5
    3abc:	01f57793          	and	a5,a0,31
    3ac0:	00088593          	mv	a1,a7
    3ac4:	00088613          	mv	a2,a7
    3ac8:	00000313          	li	t1,0
    3acc:	00000693          	li	a3,0
    3ad0:	0ce69c63          	bne	a3,a4,3ba8 <__subtf3+0x1358>
    3ad4:	00300693          	li	a3,3
    3ad8:	40e686b3          	sub	a3,a3,a4
    3adc:	00271613          	sll	a2,a4,0x2
    3ae0:	0c079e63          	bnez	a5,3bbc <__subtf3+0x136c>
    3ae4:	00c58533          	add	a0,a1,a2
    3ae8:	00052503          	lw	a0,0(a0)
    3aec:	00178793          	add	a5,a5,1
    3af0:	00458593          	add	a1,a1,4
    3af4:	fea5ae23          	sw	a0,-4(a1)
    3af8:	fef6d6e3          	bge	a3,a5,3ae4 <__subtf3+0x1294>
    3afc:	00400793          	li	a5,4
    3b00:	40e78733          	sub	a4,a5,a4
    3b04:	1040006f          	j	3c08 <__subtf3+0x13b8>
    3b08:	01066633          	or	a2,a2,a6
    3b0c:	01166633          	or	a2,a2,a7
    3b10:	00b66633          	or	a2,a2,a1
    3b14:	c80608e3          	beqz	a2,37a4 <__subtf3+0xf54>
    3b18:	f01ff06f          	j	3a18 <__subtf3+0x11c8>
    3b1c:	03812503          	lw	a0,56(sp)
    3b20:	00050863          	beqz	a0,3b30 <__subtf3+0x12e0>
    3b24:	174010ef          	jal	4c98 <__clzsi2>
    3b28:	02050513          	add	a0,a0,32
    3b2c:	ef9ff06f          	j	3a24 <__subtf3+0x11d4>
    3b30:	03412503          	lw	a0,52(sp)
    3b34:	00050863          	beqz	a0,3b44 <__subtf3+0x12f4>
    3b38:	160010ef          	jal	4c98 <__clzsi2>
    3b3c:	04050513          	add	a0,a0,64
    3b40:	ee5ff06f          	j	3a24 <__subtf3+0x11d4>
    3b44:	03012503          	lw	a0,48(sp)
    3b48:	150010ef          	jal	4c98 <__clzsi2>
    3b4c:	06050513          	add	a0,a0,96
    3b50:	ed5ff06f          	j	3a24 <__subtf3+0x11d4>
    3b54:	ffc00613          	li	a2,-4
    3b58:	02c78633          	mul	a2,a5,a2
    3b5c:	03c10713          	add	a4,sp,60
    3b60:	00300693          	li	a3,3
    3b64:	00c705b3          	add	a1,a4,a2
    3b68:	0005a583          	lw	a1,0(a1)
    3b6c:	fff68693          	add	a3,a3,-1
    3b70:	ffc70713          	add	a4,a4,-4
    3b74:	00b72223          	sw	a1,4(a4)
    3b78:	fef6d6e3          	bge	a3,a5,3b64 <__subtf3+0x1314>
    3b7c:	fff78713          	add	a4,a5,-1
    3b80:	ef9ff06f          	j	3a78 <__subtf3+0x1228>
    3b84:	00072583          	lw	a1,0(a4)
    3b88:	ffc72883          	lw	a7,-4(a4)
    3b8c:	00d70e33          	add	t3,a4,a3
    3b90:	010595b3          	sll	a1,a1,a6
    3b94:	00c8d8b3          	srl	a7,a7,a2
    3b98:	0115e5b3          	or	a1,a1,a7
    3b9c:	00be2023          	sw	a1,0(t3) # 80000 <_sidata+0x6a070>
    3ba0:	ffc70713          	add	a4,a4,-4
    3ba4:	eb5ff06f          	j	3a58 <__subtf3+0x1208>
    3ba8:	00062503          	lw	a0,0(a2)
    3bac:	00168693          	add	a3,a3,1
    3bb0:	00460613          	add	a2,a2,4
    3bb4:	00a36333          	or	t1,t1,a0
    3bb8:	f19ff06f          	j	3ad0 <__subtf3+0x1280>
    3bbc:	04060593          	add	a1,a2,64
    3bc0:	002585b3          	add	a1,a1,sp
    3bc4:	ff05a583          	lw	a1,-16(a1)
    3bc8:	02000813          	li	a6,32
    3bcc:	40f80833          	sub	a6,a6,a5
    3bd0:	010595b3          	sll	a1,a1,a6
    3bd4:	00b36333          	or	t1,t1,a1
    3bd8:	00000e13          	li	t3,0
    3bdc:	00c885b3          	add	a1,a7,a2
    3be0:	40c00633          	neg	a2,a2
    3be4:	06de4863          	blt	t3,a3,3c54 <__subtf3+0x1404>
    3be8:	00400613          	li	a2,4
    3bec:	40e60733          	sub	a4,a2,a4
    3bf0:	03c12603          	lw	a2,60(sp)
    3bf4:	00269693          	sll	a3,a3,0x2
    3bf8:	04068693          	add	a3,a3,64
    3bfc:	002686b3          	add	a3,a3,sp
    3c00:	00f657b3          	srl	a5,a2,a5
    3c04:	fef6a823          	sw	a5,-16(a3)
    3c08:	00400693          	li	a3,4
    3c0c:	40e686b3          	sub	a3,a3,a4
    3c10:	00271713          	sll	a4,a4,0x2
    3c14:	00e887b3          	add	a5,a7,a4
    3c18:	00269713          	sll	a4,a3,0x2
    3c1c:	00800693          	li	a3,8
    3c20:	00d76a63          	bltu	a4,a3,3c34 <__subtf3+0x13e4>
    3c24:	0007a023          	sw	zero,0(a5)
    3c28:	0007a223          	sw	zero,4(a5)
    3c2c:	ff870713          	add	a4,a4,-8
    3c30:	00878793          	add	a5,a5,8
    3c34:	00400693          	li	a3,4
    3c38:	00d76463          	bltu	a4,a3,3c40 <__subtf3+0x13f0>
    3c3c:	0007a023          	sw	zero,0(a5)
    3c40:	03012703          	lw	a4,48(sp)
    3c44:	006037b3          	snez	a5,t1
    3c48:	00f767b3          	or	a5,a4,a5
    3c4c:	02f12823          	sw	a5,48(sp)
    3c50:	c70ff06f          	j	30c0 <__subtf3+0x870>
    3c54:	0005a503          	lw	a0,0(a1)
    3c58:	0045ae83          	lw	t4,4(a1)
    3c5c:	00c58f33          	add	t5,a1,a2
    3c60:	00f55533          	srl	a0,a0,a5
    3c64:	010e9eb3          	sll	t4,t4,a6
    3c68:	01d56533          	or	a0,a0,t4
    3c6c:	00af2023          	sw	a0,0(t5)
    3c70:	001e0e13          	add	t3,t3,1
    3c74:	00458593          	add	a1,a1,4
    3c78:	f6dff06f          	j	3be4 <__subtf3+0x1394>
    3c7c:	03c12783          	lw	a5,60(sp)
    3c80:	fff80737          	lui	a4,0xfff80
    3c84:	fff70713          	add	a4,a4,-1 # fff7ffff <_stack_top+0xdfe7ffff>
    3c88:	00e7f7b3          	and	a5,a5,a4
    3c8c:	40a484b3          	sub	s1,s1,a0
    3c90:	02f12e23          	sw	a5,60(sp)
    3c94:	e49fe06f          	j	2adc <__subtf3+0x28c>
    3c98:	02012e23          	sw	zero,60(sp)
    3c9c:	02012c23          	sw	zero,56(sp)
    3ca0:	02012a23          	sw	zero,52(sp)
    3ca4:	02012823          	sw	zero,48(sp)
    3ca8:	eb9fe06f          	j	2b60 <__subtf3+0x310>
    3cac:	07400713          	li	a4,116
    3cb0:	00c74463          	blt	a4,a2,3cb8 <__subtf3+0x1468>
    3cb4:	fadfe06f          	j	2c60 <__subtf3+0x410>
    3cb8:	02012623          	sw	zero,44(sp)
    3cbc:	02012423          	sw	zero,40(sp)
    3cc0:	02012223          	sw	zero,36(sp)
    3cc4:	00100713          	li	a4,1
    3cc8:	888ff06f          	j	2d50 <__subtf3+0x500>
    3ccc:	07400793          	li	a5,116
    3cd0:	a2c7d663          	bge	a5,a2,2efc <__subtf3+0x6ac>
    3cd4:	00012e23          	sw	zero,28(sp)
    3cd8:	00012c23          	sw	zero,24(sp)
    3cdc:	00012a23          	sw	zero,20(sp)
    3ce0:	00100793          	li	a5,1
    3ce4:	b0cff06f          	j	2ff0 <__subtf3+0x7a0>
    3ce8:	07400793          	li	a5,116
    3cec:	8d07dee3          	bge	a5,a6,35c8 <__subtf3+0xd78>
    3cf0:	00012e23          	sw	zero,28(sp)
    3cf4:	00012c23          	sw	zero,24(sp)
    3cf8:	00012a23          	sw	zero,20(sp)
    3cfc:	00100713          	li	a4,1
    3d00:	9bdff06f          	j	36bc <__subtf3+0xe6c>

00003d04 <__fixtfsi>:
    3d04:	00052783          	lw	a5,0(a0)
    3d08:	00452603          	lw	a2,4(a0)
    3d0c:	00c52703          	lw	a4,12(a0)
    3d10:	00852683          	lw	a3,8(a0)
    3d14:	fe010113          	add	sp,sp,-32
    3d18:	00f12023          	sw	a5,0(sp)
    3d1c:	00c12223          	sw	a2,4(sp)
    3d20:	00f12823          	sw	a5,16(sp)
    3d24:	00171613          	sll	a2,a4,0x1
    3d28:	000047b7          	lui	a5,0x4
    3d2c:	00d12423          	sw	a3,8(sp)
    3d30:	00e12623          	sw	a4,12(sp)
    3d34:	00d12c23          	sw	a3,24(sp)
    3d38:	01165613          	srl	a2,a2,0x11
    3d3c:	ffe78593          	add	a1,a5,-2 # 3ffe <__divsf3+0xb2>
    3d40:	00000513          	li	a0,0
    3d44:	00c5de63          	bge	a1,a2,3d60 <__fixtfsi+0x5c>
    3d48:	01d78593          	add	a1,a5,29
    3d4c:	01f75813          	srl	a6,a4,0x1f
    3d50:	00c5dc63          	bge	a1,a2,3d68 <__fixtfsi+0x64>
    3d54:	80000537          	lui	a0,0x80000
    3d58:	fff54513          	not	a0,a0
    3d5c:	00a80533          	add	a0,a6,a0
    3d60:	02010113          	add	sp,sp,32
    3d64:	00008067          	ret
    3d68:	01071713          	sll	a4,a4,0x10
    3d6c:	000105b7          	lui	a1,0x10
    3d70:	01075713          	srl	a4,a4,0x10
    3d74:	06f78793          	add	a5,a5,111
    3d78:	00b76733          	or	a4,a4,a1
    3d7c:	40c787b3          	sub	a5,a5,a2
    3d80:	4057d613          	sra	a2,a5,0x5
    3d84:	02000593          	li	a1,32
    3d88:	01f7f793          	and	a5,a5,31
    3d8c:	00e12e23          	sw	a4,28(sp)
    3d90:	40f585b3          	sub	a1,a1,a5
    3d94:	04079a63          	bnez	a5,3de8 <__fixtfsi+0xe4>
    3d98:	00261613          	sll	a2,a2,0x2
    3d9c:	02060793          	add	a5,a2,32
    3da0:	00278633          	add	a2,a5,sp
    3da4:	ff062783          	lw	a5,-16(a2)
    3da8:	00f12823          	sw	a5,16(sp)
    3dac:	01012503          	lw	a0,16(sp)
    3db0:	fa0808e3          	beqz	a6,3d60 <__fixtfsi+0x5c>
    3db4:	40a00533          	neg	a0,a0
    3db8:	fa9ff06f          	j	3d60 <__fixtfsi+0x5c>
    3dbc:	00f6d6b3          	srl	a3,a3,a5
    3dc0:	00b715b3          	sll	a1,a4,a1
    3dc4:	00b6e6b3          	or	a3,a3,a1
    3dc8:	00d12823          	sw	a3,16(sp)
    3dcc:	00100693          	li	a3,1
    3dd0:	00269693          	sll	a3,a3,0x2
    3dd4:	02068693          	add	a3,a3,32
    3dd8:	002686b3          	add	a3,a3,sp
    3ddc:	00f75733          	srl	a4,a4,a5
    3de0:	fee6a823          	sw	a4,-16(a3)
    3de4:	fc9ff06f          	j	3dac <__fixtfsi+0xa8>
    3de8:	00200513          	li	a0,2
    3dec:	fca608e3          	beq	a2,a0,3dbc <__fixtfsi+0xb8>
    3df0:	00000693          	li	a3,0
    3df4:	fddff06f          	j	3dd0 <__fixtfsi+0xcc>

00003df8 <__floatsitf>:
    3df8:	fd010113          	add	sp,sp,-48
    3dfc:	02912223          	sw	s1,36(sp)
    3e00:	02112623          	sw	ra,44(sp)
    3e04:	02812423          	sw	s0,40(sp)
    3e08:	03212023          	sw	s2,32(sp)
    3e0c:	00050493          	mv	s1,a0
    3e10:	12058263          	beqz	a1,3f34 <__floatsitf+0x13c>
    3e14:	41f5d793          	sra	a5,a1,0x1f
    3e18:	00b7c433          	xor	s0,a5,a1
    3e1c:	40f40433          	sub	s0,s0,a5
    3e20:	00040513          	mv	a0,s0
    3e24:	01f5d913          	srl	s2,a1,0x1f
    3e28:	671000ef          	jal	4c98 <__clzsi2>
    3e2c:	05150793          	add	a5,a0,81 # 80000051 <_stack_top+0x5ff00051>
    3e30:	00004637          	lui	a2,0x4
    3e34:	01e60613          	add	a2,a2,30 # 401e <__divsf3+0xd2>
    3e38:	4057d713          	sra	a4,a5,0x5
    3e3c:	00812823          	sw	s0,16(sp)
    3e40:	00012a23          	sw	zero,20(sp)
    3e44:	00012c23          	sw	zero,24(sp)
    3e48:	00012e23          	sw	zero,28(sp)
    3e4c:	01f7f793          	and	a5,a5,31
    3e50:	40a60633          	sub	a2,a2,a0
    3e54:	02078c63          	beqz	a5,3e8c <__floatsitf+0x94>
    3e58:	00200693          	li	a3,2
    3e5c:	0cd71863          	bne	a4,a3,3f2c <__floatsitf+0x134>
    3e60:	02000693          	li	a3,32
    3e64:	40f686b3          	sub	a3,a3,a5
    3e68:	00d456b3          	srl	a3,s0,a3
    3e6c:	00d12e23          	sw	a3,28(sp)
    3e70:	fff70693          	add	a3,a4,-1
    3e74:	00271713          	sll	a4,a4,0x2
    3e78:	02070713          	add	a4,a4,32
    3e7c:	00270733          	add	a4,a4,sp
    3e80:	00f41433          	sll	s0,s0,a5
    3e84:	fe872823          	sw	s0,-16(a4)
    3e88:	0340006f          	j	3ebc <__floatsitf+0xc4>
    3e8c:	00300793          	li	a5,3
    3e90:	40e787b3          	sub	a5,a5,a4
    3e94:	00279793          	sll	a5,a5,0x2
    3e98:	02078793          	add	a5,a5,32
    3e9c:	002787b3          	add	a5,a5,sp
    3ea0:	ff07a783          	lw	a5,-16(a5)
    3ea4:	00200693          	li	a3,2
    3ea8:	00f12e23          	sw	a5,28(sp)
    3eac:	00200793          	li	a5,2
    3eb0:	00f71663          	bne	a4,a5,3ebc <__floatsitf+0xc4>
    3eb4:	00812c23          	sw	s0,24(sp)
    3eb8:	00100693          	li	a3,1
    3ebc:	00269693          	sll	a3,a3,0x2
    3ec0:	00012823          	sw	zero,16(sp)
    3ec4:	00012a23          	sw	zero,20(sp)
    3ec8:	ffc68693          	add	a3,a3,-4
    3ecc:	00400793          	li	a5,4
    3ed0:	00f6e463          	bltu	a3,a5,3ed8 <__floatsitf+0xe0>
    3ed4:	00012c23          	sw	zero,24(sp)
    3ed8:	00090593          	mv	a1,s2
    3edc:	01c12783          	lw	a5,28(sp)
    3ee0:	00f59413          	sll	s0,a1,0xf
    3ee4:	00c46433          	or	s0,s0,a2
    3ee8:	00f11623          	sh	a5,12(sp)
    3eec:	01012783          	lw	a5,16(sp)
    3ef0:	00811723          	sh	s0,14(sp)
    3ef4:	02c12083          	lw	ra,44(sp)
    3ef8:	00f4a023          	sw	a5,0(s1)
    3efc:	01412783          	lw	a5,20(sp)
    3f00:	02812403          	lw	s0,40(sp)
    3f04:	02012903          	lw	s2,32(sp)
    3f08:	00f4a223          	sw	a5,4(s1)
    3f0c:	01812783          	lw	a5,24(sp)
    3f10:	00048513          	mv	a0,s1
    3f14:	00f4a423          	sw	a5,8(s1)
    3f18:	00c12783          	lw	a5,12(sp)
    3f1c:	00f4a623          	sw	a5,12(s1)
    3f20:	02412483          	lw	s1,36(sp)
    3f24:	03010113          	add	sp,sp,48
    3f28:	00008067          	ret
    3f2c:	00300713          	li	a4,3
    3f30:	f41ff06f          	j	3e70 <__floatsitf+0x78>
    3f34:	00012e23          	sw	zero,28(sp)
    3f38:	00012c23          	sw	zero,24(sp)
    3f3c:	00012a23          	sw	zero,20(sp)
    3f40:	00012823          	sw	zero,16(sp)
    3f44:	00000613          	li	a2,0
    3f48:	f95ff06f          	j	3edc <__floatsitf+0xe4>

00003f4c <__divsf3>:
    3f4c:	fe010113          	add	sp,sp,-32
    3f50:	00912a23          	sw	s1,20(sp)
    3f54:	01755493          	srl	s1,a0,0x17
    3f58:	01212823          	sw	s2,16(sp)
    3f5c:	01312623          	sw	s3,12(sp)
    3f60:	01412423          	sw	s4,8(sp)
    3f64:	00951713          	sll	a4,a0,0x9
    3f68:	00112e23          	sw	ra,28(sp)
    3f6c:	00812c23          	sw	s0,24(sp)
    3f70:	01512223          	sw	s5,4(sp)
    3f74:	0ff4f493          	zext.b	s1,s1
    3f78:	00058a13          	mv	s4,a1
    3f7c:	00975993          	srl	s3,a4,0x9
    3f80:	01f55913          	srl	s2,a0,0x1f
    3f84:	08048463          	beqz	s1,400c <__divsf3+0xc0>
    3f88:	0ff00793          	li	a5,255
    3f8c:	0af48063          	beq	s1,a5,402c <__divsf3+0xe0>
    3f90:	00399713          	sll	a4,s3,0x3
    3f94:	040007b7          	lui	a5,0x4000
    3f98:	00f769b3          	or	s3,a4,a5
    3f9c:	f8148493          	add	s1,s1,-127
    3fa0:	00000a93          	li	s5,0
    3fa4:	017a5793          	srl	a5,s4,0x17
    3fa8:	009a1413          	sll	s0,s4,0x9
    3fac:	0ff7f793          	zext.b	a5,a5
    3fb0:	00945413          	srl	s0,s0,0x9
    3fb4:	01fa5a13          	srl	s4,s4,0x1f
    3fb8:	08078a63          	beqz	a5,404c <__divsf3+0x100>
    3fbc:	0ff00713          	li	a4,255
    3fc0:	0ae78663          	beq	a5,a4,406c <__divsf3+0x120>
    3fc4:	00341413          	sll	s0,s0,0x3
    3fc8:	04000737          	lui	a4,0x4000
    3fcc:	00e46433          	or	s0,s0,a4
    3fd0:	f8178793          	add	a5,a5,-127 # 3ffff81 <_sidata+0x3fe9ff1>
    3fd4:	00000693          	li	a3,0
    3fd8:	40f484b3          	sub	s1,s1,a5
    3fdc:	002a9793          	sll	a5,s5,0x2
    3fe0:	00d7e7b3          	or	a5,a5,a3
    3fe4:	fff78793          	add	a5,a5,-1
    3fe8:	00e00713          	li	a4,14
    3fec:	01494633          	xor	a2,s2,s4
    3ff0:	0cf76663          	bltu	a4,a5,40bc <__divsf3+0x170>
    3ff4:	00015737          	lui	a4,0x15
    3ff8:	00279793          	sll	a5,a5,0x2
    3ffc:	b4070713          	add	a4,a4,-1216 # 14b40 <_getpid_r+0x40>
    4000:	00e787b3          	add	a5,a5,a4
    4004:	0007a783          	lw	a5,0(a5)
    4008:	00078067          	jr	a5
    400c:	02098a63          	beqz	s3,4040 <__divsf3+0xf4>
    4010:	00098513          	mv	a0,s3
    4014:	485000ef          	jal	4c98 <__clzsi2>
    4018:	ffb50793          	add	a5,a0,-5
    401c:	f8a00493          	li	s1,-118
    4020:	00f999b3          	sll	s3,s3,a5
    4024:	40a484b3          	sub	s1,s1,a0
    4028:	f79ff06f          	j	3fa0 <__divsf3+0x54>
    402c:	0ff00493          	li	s1,255
    4030:	00300a93          	li	s5,3
    4034:	f60998e3          	bnez	s3,3fa4 <__divsf3+0x58>
    4038:	00200a93          	li	s5,2
    403c:	f69ff06f          	j	3fa4 <__divsf3+0x58>
    4040:	00000493          	li	s1,0
    4044:	00100a93          	li	s5,1
    4048:	f5dff06f          	j	3fa4 <__divsf3+0x58>
    404c:	02040a63          	beqz	s0,4080 <__divsf3+0x134>
    4050:	00040513          	mv	a0,s0
    4054:	445000ef          	jal	4c98 <__clzsi2>
    4058:	ffb50793          	add	a5,a0,-5
    405c:	00f41433          	sll	s0,s0,a5
    4060:	f8a00793          	li	a5,-118
    4064:	40a787b3          	sub	a5,a5,a0
    4068:	f6dff06f          	j	3fd4 <__divsf3+0x88>
    406c:	0ff00793          	li	a5,255
    4070:	00300693          	li	a3,3
    4074:	f60412e3          	bnez	s0,3fd8 <__divsf3+0x8c>
    4078:	00200693          	li	a3,2
    407c:	f5dff06f          	j	3fd8 <__divsf3+0x8c>
    4080:	00000793          	li	a5,0
    4084:	00100693          	li	a3,1
    4088:	f51ff06f          	j	3fd8 <__divsf3+0x8c>
    408c:	00090613          	mv	a2,s2
    4090:	00098413          	mv	s0,s3
    4094:	000a8693          	mv	a3,s5
    4098:	00200793          	li	a5,2
    409c:	1cf68a63          	beq	a3,a5,4270 <__divsf3+0x324>
    40a0:	00300793          	li	a5,3
    40a4:	1af68e63          	beq	a3,a5,4260 <__divsf3+0x314>
    40a8:	00100793          	li	a5,1
    40ac:	0af69c63          	bne	a3,a5,4164 <__divsf3+0x218>
    40b0:	00000793          	li	a5,0
    40b4:	00000713          	li	a4,0
    40b8:	0f40006f          	j	41ac <__divsf3+0x260>
    40bc:	00541593          	sll	a1,s0,0x5
    40c0:	1289f463          	bgeu	s3,s0,41e8 <__divsf3+0x29c>
    40c4:	fff48493          	add	s1,s1,-1
    40c8:	00000793          	li	a5,0
    40cc:	0105d513          	srl	a0,a1,0x10
    40d0:	02a9d8b3          	divu	a7,s3,a0
    40d4:	000106b7          	lui	a3,0x10
    40d8:	fff68693          	add	a3,a3,-1 # ffff <_svfprintf_r+0x2267>
    40dc:	00d5f6b3          	and	a3,a1,a3
    40e0:	0107d793          	srl	a5,a5,0x10
    40e4:	02a9f733          	remu	a4,s3,a0
    40e8:	00088413          	mv	s0,a7
    40ec:	03168833          	mul	a6,a3,a7
    40f0:	01071713          	sll	a4,a4,0x10
    40f4:	00e7e7b3          	or	a5,a5,a4
    40f8:	0107fe63          	bgeu	a5,a6,4114 <__divsf3+0x1c8>
    40fc:	00f587b3          	add	a5,a1,a5
    4100:	fff88413          	add	s0,a7,-1
    4104:	00b7e863          	bltu	a5,a1,4114 <__divsf3+0x1c8>
    4108:	0107f663          	bgeu	a5,a6,4114 <__divsf3+0x1c8>
    410c:	ffe88413          	add	s0,a7,-2
    4110:	00b787b3          	add	a5,a5,a1
    4114:	410787b3          	sub	a5,a5,a6
    4118:	02a7d833          	divu	a6,a5,a0
    411c:	02a7f7b3          	remu	a5,a5,a0
    4120:	03068733          	mul	a4,a3,a6
    4124:	01079793          	sll	a5,a5,0x10
    4128:	00080693          	mv	a3,a6
    412c:	02e7f263          	bgeu	a5,a4,4150 <__divsf3+0x204>
    4130:	00b78533          	add	a0,a5,a1
    4134:	00f538b3          	sltu	a7,a0,a5
    4138:	fff80693          	add	a3,a6,-1
    413c:	00050793          	mv	a5,a0
    4140:	00089863          	bnez	a7,4150 <__divsf3+0x204>
    4144:	00e57663          	bgeu	a0,a4,4150 <__divsf3+0x204>
    4148:	ffe80693          	add	a3,a6,-2
    414c:	00b507b3          	add	a5,a0,a1
    4150:	01041413          	sll	s0,s0,0x10
    4154:	40e787b3          	sub	a5,a5,a4
    4158:	00d46433          	or	s0,s0,a3
    415c:	00f037b3          	snez	a5,a5
    4160:	00f46433          	or	s0,s0,a5
    4164:	07f48713          	add	a4,s1,127
    4168:	08e05a63          	blez	a4,41fc <__divsf3+0x2b0>
    416c:	00747793          	and	a5,s0,7
    4170:	00078a63          	beqz	a5,4184 <__divsf3+0x238>
    4174:	00f47793          	and	a5,s0,15
    4178:	00400693          	li	a3,4
    417c:	00d78463          	beq	a5,a3,4184 <__divsf3+0x238>
    4180:	00440413          	add	s0,s0,4
    4184:	080007b7          	lui	a5,0x8000
    4188:	00f477b3          	and	a5,s0,a5
    418c:	00078a63          	beqz	a5,41a0 <__divsf3+0x254>
    4190:	f80007b7          	lui	a5,0xf8000
    4194:	fff78793          	add	a5,a5,-1 # f7ffffff <_stack_top+0xd7efffff>
    4198:	00f47433          	and	s0,s0,a5
    419c:	08048713          	add	a4,s1,128
    41a0:	0fe00793          	li	a5,254
    41a4:	0ce7c663          	blt	a5,a4,4270 <__divsf3+0x324>
    41a8:	00345793          	srl	a5,s0,0x3
    41ac:	01c12083          	lw	ra,28(sp)
    41b0:	01812403          	lw	s0,24(sp)
    41b4:	00979793          	sll	a5,a5,0x9
    41b8:	01771713          	sll	a4,a4,0x17
    41bc:	0097d793          	srl	a5,a5,0x9
    41c0:	00f76733          	or	a4,a4,a5
    41c4:	01f61513          	sll	a0,a2,0x1f
    41c8:	01412483          	lw	s1,20(sp)
    41cc:	01012903          	lw	s2,16(sp)
    41d0:	00c12983          	lw	s3,12(sp)
    41d4:	00812a03          	lw	s4,8(sp)
    41d8:	00412a83          	lw	s5,4(sp)
    41dc:	00a76533          	or	a0,a4,a0
    41e0:	02010113          	add	sp,sp,32
    41e4:	00008067          	ret
    41e8:	01f99793          	sll	a5,s3,0x1f
    41ec:	0019d993          	srl	s3,s3,0x1
    41f0:	eddff06f          	j	40cc <__divsf3+0x180>
    41f4:	000a0613          	mv	a2,s4
    41f8:	ea1ff06f          	j	4098 <__divsf3+0x14c>
    41fc:	00100693          	li	a3,1
    4200:	00070c63          	beqz	a4,4218 <__divsf3+0x2cc>
    4204:	40e686b3          	sub	a3,a3,a4
    4208:	01b00593          	li	a1,27
    420c:	00000793          	li	a5,0
    4210:	00000713          	li	a4,0
    4214:	f8d5cce3          	blt	a1,a3,41ac <__divsf3+0x260>
    4218:	09e48493          	add	s1,s1,158
    421c:	00d456b3          	srl	a3,s0,a3
    4220:	00941433          	sll	s0,s0,s1
    4224:	00803433          	snez	s0,s0
    4228:	0086e7b3          	or	a5,a3,s0
    422c:	0077f713          	and	a4,a5,7
    4230:	00070a63          	beqz	a4,4244 <__divsf3+0x2f8>
    4234:	00f7f713          	and	a4,a5,15
    4238:	00400693          	li	a3,4
    423c:	00d70463          	beq	a4,a3,4244 <__divsf3+0x2f8>
    4240:	00478793          	add	a5,a5,4
    4244:	04000737          	lui	a4,0x4000
    4248:	00e7f733          	and	a4,a5,a4
    424c:	0037d793          	srl	a5,a5,0x3
    4250:	f4070ee3          	beqz	a4,41ac <__divsf3+0x260>
    4254:	00000793          	li	a5,0
    4258:	00100713          	li	a4,1
    425c:	f51ff06f          	j	41ac <__divsf3+0x260>
    4260:	004007b7          	lui	a5,0x400
    4264:	0ff00713          	li	a4,255
    4268:	00000613          	li	a2,0
    426c:	f41ff06f          	j	41ac <__divsf3+0x260>
    4270:	00000793          	li	a5,0
    4274:	0ff00713          	li	a4,255
    4278:	f35ff06f          	j	41ac <__divsf3+0x260>

0000427c <__mulsf3>:
    427c:	fe010113          	add	sp,sp,-32
    4280:	01212823          	sw	s2,16(sp)
    4284:	01755913          	srl	s2,a0,0x17
    4288:	00912a23          	sw	s1,20(sp)
    428c:	01312623          	sw	s3,12(sp)
    4290:	01512223          	sw	s5,4(sp)
    4294:	00951493          	sll	s1,a0,0x9
    4298:	00112e23          	sw	ra,28(sp)
    429c:	00812c23          	sw	s0,24(sp)
    42a0:	01412423          	sw	s4,8(sp)
    42a4:	0ff97913          	zext.b	s2,s2
    42a8:	00058a93          	mv	s5,a1
    42ac:	0094d493          	srl	s1,s1,0x9
    42b0:	01f55993          	srl	s3,a0,0x1f
    42b4:	18090663          	beqz	s2,4440 <__mulsf3+0x1c4>
    42b8:	0ff00793          	li	a5,255
    42bc:	1af90263          	beq	s2,a5,4460 <__mulsf3+0x1e4>
    42c0:	00349493          	sll	s1,s1,0x3
    42c4:	040007b7          	lui	a5,0x4000
    42c8:	00f4e4b3          	or	s1,s1,a5
    42cc:	f8190913          	add	s2,s2,-127
    42d0:	00000a13          	li	s4,0
    42d4:	017ad793          	srl	a5,s5,0x17
    42d8:	009a9413          	sll	s0,s5,0x9
    42dc:	0ff7f793          	zext.b	a5,a5
    42e0:	00945413          	srl	s0,s0,0x9
    42e4:	01fada93          	srl	s5,s5,0x1f
    42e8:	18078c63          	beqz	a5,4480 <__mulsf3+0x204>
    42ec:	0ff00713          	li	a4,255
    42f0:	1ae78863          	beq	a5,a4,44a0 <__mulsf3+0x224>
    42f4:	00341413          	sll	s0,s0,0x3
    42f8:	04000737          	lui	a4,0x4000
    42fc:	00e46433          	or	s0,s0,a4
    4300:	f8178793          	add	a5,a5,-127 # 3ffff81 <_sidata+0x3fe9ff1>
    4304:	00000713          	li	a4,0
    4308:	00f90933          	add	s2,s2,a5
    430c:	002a1793          	sll	a5,s4,0x2
    4310:	00e7e7b3          	or	a5,a5,a4
    4314:	00a00693          	li	a3,10
    4318:	0159c533          	xor	a0,s3,s5
    431c:	00190613          	add	a2,s2,1
    4320:	1ef6c463          	blt	a3,a5,4508 <__mulsf3+0x28c>
    4324:	00200693          	li	a3,2
    4328:	18f6cc63          	blt	a3,a5,44c0 <__mulsf3+0x244>
    432c:	fff78793          	add	a5,a5,-1
    4330:	00100693          	li	a3,1
    4334:	1af6f863          	bgeu	a3,a5,44e4 <__mulsf3+0x268>
    4338:	000108b7          	lui	a7,0x10
    433c:	fff88813          	add	a6,a7,-1 # ffff <_svfprintf_r+0x2267>
    4340:	0104d713          	srl	a4,s1,0x10
    4344:	01045793          	srl	a5,s0,0x10
    4348:	010476b3          	and	a3,s0,a6
    434c:	0104f4b3          	and	s1,s1,a6
    4350:	029685b3          	mul	a1,a3,s1
    4354:	02d706b3          	mul	a3,a4,a3
    4358:	0105d413          	srl	s0,a1,0x10
    435c:	02f70733          	mul	a4,a4,a5
    4360:	029787b3          	mul	a5,a5,s1
    4364:	00d787b3          	add	a5,a5,a3
    4368:	00f40433          	add	s0,s0,a5
    436c:	00d47463          	bgeu	s0,a3,4374 <__mulsf3+0xf8>
    4370:	01170733          	add	a4,a4,a7
    4374:	010477b3          	and	a5,s0,a6
    4378:	01079793          	sll	a5,a5,0x10
    437c:	0105f5b3          	and	a1,a1,a6
    4380:	00b787b3          	add	a5,a5,a1
    4384:	00679693          	sll	a3,a5,0x6
    4388:	01045413          	srl	s0,s0,0x10
    438c:	00d036b3          	snez	a3,a3
    4390:	01a7d793          	srl	a5,a5,0x1a
    4394:	00e40433          	add	s0,s0,a4
    4398:	00f6e7b3          	or	a5,a3,a5
    439c:	00641413          	sll	s0,s0,0x6
    43a0:	00f46433          	or	s0,s0,a5
    43a4:	080007b7          	lui	a5,0x8000
    43a8:	00f477b3          	and	a5,s0,a5
    43ac:	16078e63          	beqz	a5,4528 <__mulsf3+0x2ac>
    43b0:	00145793          	srl	a5,s0,0x1
    43b4:	00147413          	and	s0,s0,1
    43b8:	0087e433          	or	s0,a5,s0
    43bc:	07f60713          	add	a4,a2,127
    43c0:	16e05863          	blez	a4,4530 <__mulsf3+0x2b4>
    43c4:	00747793          	and	a5,s0,7
    43c8:	00078a63          	beqz	a5,43dc <__mulsf3+0x160>
    43cc:	00f47793          	and	a5,s0,15
    43d0:	00400693          	li	a3,4
    43d4:	00d78463          	beq	a5,a3,43dc <__mulsf3+0x160>
    43d8:	00440413          	add	s0,s0,4
    43dc:	080007b7          	lui	a5,0x8000
    43e0:	00f477b3          	and	a5,s0,a5
    43e4:	00078a63          	beqz	a5,43f8 <__mulsf3+0x17c>
    43e8:	f80007b7          	lui	a5,0xf8000
    43ec:	fff78793          	add	a5,a5,-1 # f7ffffff <_stack_top+0xd7efffff>
    43f0:	00f47433          	and	s0,s0,a5
    43f4:	08060713          	add	a4,a2,128
    43f8:	0fe00793          	li	a5,254
    43fc:	1ae7c463          	blt	a5,a4,45a4 <__mulsf3+0x328>
    4400:	00345793          	srl	a5,s0,0x3
    4404:	01c12083          	lw	ra,28(sp)
    4408:	01812403          	lw	s0,24(sp)
    440c:	00979793          	sll	a5,a5,0x9
    4410:	01771713          	sll	a4,a4,0x17
    4414:	0097d793          	srl	a5,a5,0x9
    4418:	00f76733          	or	a4,a4,a5
    441c:	01f51513          	sll	a0,a0,0x1f
    4420:	01412483          	lw	s1,20(sp)
    4424:	01012903          	lw	s2,16(sp)
    4428:	00c12983          	lw	s3,12(sp)
    442c:	00812a03          	lw	s4,8(sp)
    4430:	00412a83          	lw	s5,4(sp)
    4434:	00a76533          	or	a0,a4,a0
    4438:	02010113          	add	sp,sp,32
    443c:	00008067          	ret
    4440:	02048a63          	beqz	s1,4474 <__mulsf3+0x1f8>
    4444:	00048513          	mv	a0,s1
    4448:	051000ef          	jal	4c98 <__clzsi2>
    444c:	ffb50793          	add	a5,a0,-5
    4450:	f8a00913          	li	s2,-118
    4454:	00f494b3          	sll	s1,s1,a5
    4458:	40a90933          	sub	s2,s2,a0
    445c:	e75ff06f          	j	42d0 <__mulsf3+0x54>
    4460:	0ff00913          	li	s2,255
    4464:	00300a13          	li	s4,3
    4468:	e60496e3          	bnez	s1,42d4 <__mulsf3+0x58>
    446c:	00200a13          	li	s4,2
    4470:	e65ff06f          	j	42d4 <__mulsf3+0x58>
    4474:	00000913          	li	s2,0
    4478:	00100a13          	li	s4,1
    447c:	e59ff06f          	j	42d4 <__mulsf3+0x58>
    4480:	02040a63          	beqz	s0,44b4 <__mulsf3+0x238>
    4484:	00040513          	mv	a0,s0
    4488:	011000ef          	jal	4c98 <__clzsi2>
    448c:	ffb50793          	add	a5,a0,-5
    4490:	00f41433          	sll	s0,s0,a5
    4494:	f8a00793          	li	a5,-118
    4498:	40a787b3          	sub	a5,a5,a0
    449c:	e69ff06f          	j	4304 <__mulsf3+0x88>
    44a0:	0ff00793          	li	a5,255
    44a4:	00300713          	li	a4,3
    44a8:	e60410e3          	bnez	s0,4308 <__mulsf3+0x8c>
    44ac:	00200713          	li	a4,2
    44b0:	e59ff06f          	j	4308 <__mulsf3+0x8c>
    44b4:	00000793          	li	a5,0
    44b8:	00100713          	li	a4,1
    44bc:	e4dff06f          	j	4308 <__mulsf3+0x8c>
    44c0:	00100693          	li	a3,1
    44c4:	00f697b3          	sll	a5,a3,a5
    44c8:	5307f693          	and	a3,a5,1328
    44cc:	04069863          	bnez	a3,451c <__mulsf3+0x2a0>
    44d0:	2407f693          	and	a3,a5,576
    44d4:	0c069063          	bnez	a3,4594 <__mulsf3+0x318>
    44d8:	0887f793          	and	a5,a5,136
    44dc:	e4078ee3          	beqz	a5,4338 <__mulsf3+0xbc>
    44e0:	000a8513          	mv	a0,s5
    44e4:	00200793          	li	a5,2
    44e8:	0af70e63          	beq	a4,a5,45a4 <__mulsf3+0x328>
    44ec:	00300793          	li	a5,3
    44f0:	0af70263          	beq	a4,a5,4594 <__mulsf3+0x318>
    44f4:	00100793          	li	a5,1
    44f8:	ecf712e3          	bne	a4,a5,43bc <__mulsf3+0x140>
    44fc:	00000793          	li	a5,0
    4500:	00000713          	li	a4,0
    4504:	f01ff06f          	j	4404 <__mulsf3+0x188>
    4508:	00f00693          	li	a3,15
    450c:	08d78463          	beq	a5,a3,4594 <__mulsf3+0x318>
    4510:	00b00693          	li	a3,11
    4514:	00098513          	mv	a0,s3
    4518:	fcd784e3          	beq	a5,a3,44e0 <__mulsf3+0x264>
    451c:	00048413          	mv	s0,s1
    4520:	000a0713          	mv	a4,s4
    4524:	fc1ff06f          	j	44e4 <__mulsf3+0x268>
    4528:	00090613          	mv	a2,s2
    452c:	e91ff06f          	j	43bc <__mulsf3+0x140>
    4530:	00100693          	li	a3,1
    4534:	00070c63          	beqz	a4,454c <__mulsf3+0x2d0>
    4538:	40e686b3          	sub	a3,a3,a4
    453c:	01b00593          	li	a1,27
    4540:	00000793          	li	a5,0
    4544:	00000713          	li	a4,0
    4548:	ead5cee3          	blt	a1,a3,4404 <__mulsf3+0x188>
    454c:	09e60613          	add	a2,a2,158
    4550:	00d456b3          	srl	a3,s0,a3
    4554:	00c41433          	sll	s0,s0,a2
    4558:	00803433          	snez	s0,s0
    455c:	0086e7b3          	or	a5,a3,s0
    4560:	0077f713          	and	a4,a5,7
    4564:	00070a63          	beqz	a4,4578 <__mulsf3+0x2fc>
    4568:	00f7f713          	and	a4,a5,15
    456c:	00400693          	li	a3,4
    4570:	00d70463          	beq	a4,a3,4578 <__mulsf3+0x2fc>
    4574:	00478793          	add	a5,a5,4
    4578:	04000737          	lui	a4,0x4000
    457c:	00e7f733          	and	a4,a5,a4
    4580:	0037d793          	srl	a5,a5,0x3
    4584:	e80700e3          	beqz	a4,4404 <__mulsf3+0x188>
    4588:	00000793          	li	a5,0
    458c:	00100713          	li	a4,1
    4590:	e75ff06f          	j	4404 <__mulsf3+0x188>
    4594:	004007b7          	lui	a5,0x400
    4598:	0ff00713          	li	a4,255
    459c:	00000513          	li	a0,0
    45a0:	e65ff06f          	j	4404 <__mulsf3+0x188>
    45a4:	00000793          	li	a5,0
    45a8:	0ff00713          	li	a4,255
    45ac:	e59ff06f          	j	4404 <__mulsf3+0x188>

000045b0 <__fixsfsi>:
    45b0:	00800637          	lui	a2,0x800
    45b4:	01755713          	srl	a4,a0,0x17
    45b8:	fff60793          	add	a5,a2,-1 # 7fffff <_sidata+0x7ea06f>
    45bc:	0ff77713          	zext.b	a4,a4
    45c0:	07e00593          	li	a1,126
    45c4:	00a7f7b3          	and	a5,a5,a0
    45c8:	01f55693          	srl	a3,a0,0x1f
    45cc:	04e5d663          	bge	a1,a4,4618 <__fixsfsi+0x68>
    45d0:	09d00593          	li	a1,157
    45d4:	00e5da63          	bge	a1,a4,45e8 <__fixsfsi+0x38>
    45d8:	80000537          	lui	a0,0x80000
    45dc:	fff54513          	not	a0,a0
    45e0:	00a68533          	add	a0,a3,a0
    45e4:	00008067          	ret
    45e8:	00c7e533          	or	a0,a5,a2
    45ec:	09500793          	li	a5,149
    45f0:	00e7dc63          	bge	a5,a4,4608 <__fixsfsi+0x58>
    45f4:	f6a70713          	add	a4,a4,-150 # 3ffff6a <_sidata+0x3fe9fda>
    45f8:	00e51533          	sll	a0,a0,a4
    45fc:	02068063          	beqz	a3,461c <__fixsfsi+0x6c>
    4600:	40a00533          	neg	a0,a0
    4604:	00008067          	ret
    4608:	09600793          	li	a5,150
    460c:	40e787b3          	sub	a5,a5,a4
    4610:	00f55533          	srl	a0,a0,a5
    4614:	fe9ff06f          	j	45fc <__fixsfsi+0x4c>
    4618:	00000513          	li	a0,0
    461c:	00008067          	ret

00004620 <__floatsisf>:
    4620:	ff010113          	add	sp,sp,-16
    4624:	00112623          	sw	ra,12(sp)
    4628:	00812423          	sw	s0,8(sp)
    462c:	00912223          	sw	s1,4(sp)
    4630:	00050793          	mv	a5,a0
    4634:	0e050663          	beqz	a0,4720 <__floatsisf+0x100>
    4638:	41f55713          	sra	a4,a0,0x1f
    463c:	00a74433          	xor	s0,a4,a0
    4640:	40e40433          	sub	s0,s0,a4
    4644:	01f55493          	srl	s1,a0,0x1f
    4648:	00040513          	mv	a0,s0
    464c:	64c000ef          	jal	4c98 <__clzsi2>
    4650:	09e00793          	li	a5,158
    4654:	40a787b3          	sub	a5,a5,a0
    4658:	09600713          	li	a4,150
    465c:	04f74063          	blt	a4,a5,469c <__floatsisf+0x7c>
    4660:	00800713          	li	a4,8
    4664:	0ce50463          	beq	a0,a4,472c <__floatsisf+0x10c>
    4668:	ff850513          	add	a0,a0,-8 # 7ffffff8 <_stack_top+0x5feffff8>
    466c:	00a41433          	sll	s0,s0,a0
    4670:	00941413          	sll	s0,s0,0x9
    4674:	00945413          	srl	s0,s0,0x9
    4678:	01779793          	sll	a5,a5,0x17
    467c:	00c12083          	lw	ra,12(sp)
    4680:	0087e7b3          	or	a5,a5,s0
    4684:	00812403          	lw	s0,8(sp)
    4688:	01f49513          	sll	a0,s1,0x1f
    468c:	00a7e533          	or	a0,a5,a0
    4690:	00412483          	lw	s1,4(sp)
    4694:	01010113          	add	sp,sp,16
    4698:	00008067          	ret
    469c:	09900713          	li	a4,153
    46a0:	06f75663          	bge	a4,a5,470c <__floatsisf+0xec>
    46a4:	00500713          	li	a4,5
    46a8:	40a70733          	sub	a4,a4,a0
    46ac:	01b50693          	add	a3,a0,27
    46b0:	00e45733          	srl	a4,s0,a4
    46b4:	00d41433          	sll	s0,s0,a3
    46b8:	00803433          	snez	s0,s0
    46bc:	00876433          	or	s0,a4,s0
    46c0:	fc000737          	lui	a4,0xfc000
    46c4:	fff70713          	add	a4,a4,-1 # fbffffff <_stack_top+0xdbefffff>
    46c8:	00747693          	and	a3,s0,7
    46cc:	00e47733          	and	a4,s0,a4
    46d0:	00068a63          	beqz	a3,46e4 <__floatsisf+0xc4>
    46d4:	00f47413          	and	s0,s0,15
    46d8:	00400693          	li	a3,4
    46dc:	00d40463          	beq	s0,a3,46e4 <__floatsisf+0xc4>
    46e0:	00470713          	add	a4,a4,4
    46e4:	040006b7          	lui	a3,0x4000
    46e8:	00d776b3          	and	a3,a4,a3
    46ec:	00068c63          	beqz	a3,4704 <__floatsisf+0xe4>
    46f0:	fc0007b7          	lui	a5,0xfc000
    46f4:	fff78793          	add	a5,a5,-1 # fbffffff <_stack_top+0xdbefffff>
    46f8:	00f77733          	and	a4,a4,a5
    46fc:	09f00793          	li	a5,159
    4700:	40a787b3          	sub	a5,a5,a0
    4704:	00375413          	srl	s0,a4,0x3
    4708:	f69ff06f          	j	4670 <__floatsisf+0x50>
    470c:	00500693          	li	a3,5
    4710:	ffb50713          	add	a4,a0,-5
    4714:	fad506e3          	beq	a0,a3,46c0 <__floatsisf+0xa0>
    4718:	00e41433          	sll	s0,s0,a4
    471c:	fa5ff06f          	j	46c0 <__floatsisf+0xa0>
    4720:	00000493          	li	s1,0
    4724:	00000413          	li	s0,0
    4728:	f49ff06f          	j	4670 <__floatsisf+0x50>
    472c:	09600793          	li	a5,150
    4730:	f41ff06f          	j	4670 <__floatsisf+0x50>

00004734 <__extenddftf2>:
    4734:	01465713          	srl	a4,a2,0x14
    4738:	00c61793          	sll	a5,a2,0xc
    473c:	7ff77713          	and	a4,a4,2047
    4740:	fd010113          	add	sp,sp,-48
    4744:	00c7d793          	srl	a5,a5,0xc
    4748:	00170693          	add	a3,a4,1
    474c:	02812423          	sw	s0,40(sp)
    4750:	02912223          	sw	s1,36(sp)
    4754:	03212023          	sw	s2,32(sp)
    4758:	02112623          	sw	ra,44(sp)
    475c:	00b12823          	sw	a1,16(sp)
    4760:	00f12a23          	sw	a5,20(sp)
    4764:	00012e23          	sw	zero,28(sp)
    4768:	00012c23          	sw	zero,24(sp)
    476c:	7fe6f693          	and	a3,a3,2046
    4770:	00050913          	mv	s2,a0
    4774:	00058413          	mv	s0,a1
    4778:	01f65493          	srl	s1,a2,0x1f
    477c:	08068263          	beqz	a3,4800 <__extenddftf2+0xcc>
    4780:	000046b7          	lui	a3,0x4
    4784:	c0068693          	add	a3,a3,-1024 # 3c00 <__subtf3+0x13b0>
    4788:	00d70733          	add	a4,a4,a3
    478c:	0047d693          	srl	a3,a5,0x4
    4790:	00d12e23          	sw	a3,28(sp)
    4794:	01c79793          	sll	a5,a5,0x1c
    4798:	0045d693          	srl	a3,a1,0x4
    479c:	00d7e7b3          	or	a5,a5,a3
    47a0:	01c59413          	sll	s0,a1,0x1c
    47a4:	00f12c23          	sw	a5,24(sp)
    47a8:	00812a23          	sw	s0,20(sp)
    47ac:	00012823          	sw	zero,16(sp)
    47b0:	01c12783          	lw	a5,28(sp)
    47b4:	00f49493          	sll	s1,s1,0xf
    47b8:	00e4e4b3          	or	s1,s1,a4
    47bc:	00f11623          	sh	a5,12(sp)
    47c0:	01012783          	lw	a5,16(sp)
    47c4:	00911723          	sh	s1,14(sp)
    47c8:	02c12083          	lw	ra,44(sp)
    47cc:	00f92023          	sw	a5,0(s2)
    47d0:	01412783          	lw	a5,20(sp)
    47d4:	02812403          	lw	s0,40(sp)
    47d8:	02412483          	lw	s1,36(sp)
    47dc:	00f92223          	sw	a5,4(s2)
    47e0:	01812783          	lw	a5,24(sp)
    47e4:	00090513          	mv	a0,s2
    47e8:	00f92423          	sw	a5,8(s2)
    47ec:	00c12783          	lw	a5,12(sp)
    47f0:	00f92623          	sw	a5,12(s2)
    47f4:	02012903          	lw	s2,32(sp)
    47f8:	03010113          	add	sp,sp,48
    47fc:	00008067          	ret
    4800:	00b7e533          	or	a0,a5,a1
    4804:	10071063          	bnez	a4,4904 <__extenddftf2+0x1d0>
    4808:	fa0504e3          	beqz	a0,47b0 <__extenddftf2+0x7c>
    480c:	04078e63          	beqz	a5,4868 <__extenddftf2+0x134>
    4810:	00078513          	mv	a0,a5
    4814:	484000ef          	jal	4c98 <__clzsi2>
    4818:	03150693          	add	a3,a0,49
    481c:	4056d793          	sra	a5,a3,0x5
    4820:	01f6f693          	and	a3,a3,31
    4824:	04068863          	beqz	a3,4874 <__extenddftf2+0x140>
    4828:	ffc00613          	li	a2,-4
    482c:	02c78633          	mul	a2,a5,a2
    4830:	02000813          	li	a6,32
    4834:	01010313          	add	t1,sp,16
    4838:	40d80833          	sub	a6,a6,a3
    483c:	00c60713          	add	a4,a2,12
    4840:	00e30733          	add	a4,t1,a4
    4844:	40c00633          	neg	a2,a2
    4848:	08e31c63          	bne	t1,a4,48e0 <__extenddftf2+0x1ac>
    484c:	fff78713          	add	a4,a5,-1
    4850:	00279793          	sll	a5,a5,0x2
    4854:	02078793          	add	a5,a5,32
    4858:	002787b3          	add	a5,a5,sp
    485c:	00d416b3          	sll	a3,s0,a3
    4860:	fed7a823          	sw	a3,-16(a5)
    4864:	03c0006f          	j	48a0 <__extenddftf2+0x16c>
    4868:	430000ef          	jal	4c98 <__clzsi2>
    486c:	02050513          	add	a0,a0,32
    4870:	fa9ff06f          	j	4818 <__extenddftf2+0xe4>
    4874:	ffc00613          	li	a2,-4
    4878:	02c78633          	mul	a2,a5,a2
    487c:	01c10713          	add	a4,sp,28
    4880:	00300693          	li	a3,3
    4884:	00c705b3          	add	a1,a4,a2
    4888:	0005a583          	lw	a1,0(a1) # 10000 <_svfprintf_r+0x2268>
    488c:	fff68693          	add	a3,a3,-1
    4890:	ffc70713          	add	a4,a4,-4
    4894:	00b72223          	sw	a1,4(a4)
    4898:	fef6d6e3          	bge	a3,a5,4884 <__extenddftf2+0x150>
    489c:	fff78713          	add	a4,a5,-1
    48a0:	00170793          	add	a5,a4,1
    48a4:	00279793          	sll	a5,a5,0x2
    48a8:	00800693          	li	a3,8
    48ac:	01010713          	add	a4,sp,16
    48b0:	00d7ea63          	bltu	a5,a3,48c4 <__extenddftf2+0x190>
    48b4:	00012823          	sw	zero,16(sp)
    48b8:	00072223          	sw	zero,4(a4)
    48bc:	ff878793          	add	a5,a5,-8
    48c0:	01810713          	add	a4,sp,24
    48c4:	00400693          	li	a3,4
    48c8:	00d7e463          	bltu	a5,a3,48d0 <__extenddftf2+0x19c>
    48cc:	00072023          	sw	zero,0(a4)
    48d0:	00004737          	lui	a4,0x4
    48d4:	c0c70713          	add	a4,a4,-1012 # 3c0c <__subtf3+0x13bc>
    48d8:	40a70733          	sub	a4,a4,a0
    48dc:	ed5ff06f          	j	47b0 <__extenddftf2+0x7c>
    48e0:	00072583          	lw	a1,0(a4)
    48e4:	ffc72883          	lw	a7,-4(a4)
    48e8:	00c70e33          	add	t3,a4,a2
    48ec:	00d595b3          	sll	a1,a1,a3
    48f0:	0108d8b3          	srl	a7,a7,a6
    48f4:	0115e5b3          	or	a1,a1,a7
    48f8:	00be2023          	sw	a1,0(t3)
    48fc:	ffc70713          	add	a4,a4,-4
    4900:	f49ff06f          	j	4848 <__extenddftf2+0x114>
    4904:	02050863          	beqz	a0,4934 <__extenddftf2+0x200>
    4908:	01c79713          	sll	a4,a5,0x1c
    490c:	0045d693          	srl	a3,a1,0x4
    4910:	00d76733          	or	a4,a4,a3
    4914:	00e12c23          	sw	a4,24(sp)
    4918:	0047d793          	srl	a5,a5,0x4
    491c:	00008737          	lui	a4,0x8
    4920:	01c59413          	sll	s0,a1,0x1c
    4924:	00e7e7b3          	or	a5,a5,a4
    4928:	00812a23          	sw	s0,20(sp)
    492c:	00012823          	sw	zero,16(sp)
    4930:	00f12e23          	sw	a5,28(sp)
    4934:	00008737          	lui	a4,0x8
    4938:	fff70713          	add	a4,a4,-1 # 7fff <_vfprintf_r+0x236f>
    493c:	e75ff06f          	j	47b0 <__extenddftf2+0x7c>

00004940 <__trunctfdf2>:
    4940:	00c52583          	lw	a1,12(a0)
    4944:	00852783          	lw	a5,8(a0)
    4948:	00052683          	lw	a3,0(a0)
    494c:	fe010113          	add	sp,sp,-32
    4950:	00452703          	lw	a4,4(a0)
    4954:	00f12423          	sw	a5,8(sp)
    4958:	00f12c23          	sw	a5,24(sp)
    495c:	01059793          	sll	a5,a1,0x10
    4960:	0107d793          	srl	a5,a5,0x10
    4964:	00d12023          	sw	a3,0(sp)
    4968:	00d12823          	sw	a3,16(sp)
    496c:	01010613          	add	a2,sp,16
    4970:	00159693          	sll	a3,a1,0x1
    4974:	00b12623          	sw	a1,12(sp)
    4978:	00f12e23          	sw	a5,28(sp)
    497c:	00e12223          	sw	a4,4(sp)
    4980:	00e12a23          	sw	a4,20(sp)
    4984:	0116d693          	srl	a3,a3,0x11
    4988:	01f5d593          	srl	a1,a1,0x1f
    498c:	01c10793          	add	a5,sp,28
    4990:	00060893          	mv	a7,a2
    4994:	0007a703          	lw	a4,0(a5)
    4998:	ffc7a503          	lw	a0,-4(a5)
    499c:	ffc78793          	add	a5,a5,-4
    49a0:	00371713          	sll	a4,a4,0x3
    49a4:	01d55513          	srl	a0,a0,0x1d
    49a8:	00a76733          	or	a4,a4,a0
    49ac:	00e7a223          	sw	a4,4(a5)
    49b0:	fef612e3          	bne	a2,a5,4994 <__trunctfdf2+0x54>
    49b4:	01012503          	lw	a0,16(sp)
    49b8:	00008737          	lui	a4,0x8
    49bc:	00168793          	add	a5,a3,1
    49c0:	00351513          	sll	a0,a0,0x3
    49c4:	ffe70713          	add	a4,a4,-2 # 7ffe <_vfprintf_r+0x236e>
    49c8:	00a12823          	sw	a0,16(sp)
    49cc:	00e7f7b3          	and	a5,a5,a4
    49d0:	22078063          	beqz	a5,4bf0 <__trunctfdf2+0x2b0>
    49d4:	ffffc7b7          	lui	a5,0xffffc
    49d8:	40078793          	add	a5,a5,1024 # ffffc400 <_stack_top+0xdfefc400>
    49dc:	00f686b3          	add	a3,a3,a5
    49e0:	7fe00793          	li	a5,2046
    49e4:	28d7cc63          	blt	a5,a3,4c7c <__trunctfdf2+0x33c>
    49e8:	0cd05863          	blez	a3,4ab8 <__trunctfdf2+0x178>
    49ec:	01812603          	lw	a2,24(sp)
    49f0:	01c12783          	lw	a5,28(sp)
    49f4:	01412703          	lw	a4,20(sp)
    49f8:	01c65813          	srl	a6,a2,0x1c
    49fc:	00479793          	sll	a5,a5,0x4
    4a00:	0107e7b3          	or	a5,a5,a6
    4a04:	00f12a23          	sw	a5,20(sp)
    4a08:	00471793          	sll	a5,a4,0x4
    4a0c:	00a7e7b3          	or	a5,a5,a0
    4a10:	01c75713          	srl	a4,a4,0x1c
    4a14:	00461613          	sll	a2,a2,0x4
    4a18:	00f037b3          	snez	a5,a5
    4a1c:	00c76733          	or	a4,a4,a2
    4a20:	00e7e7b3          	or	a5,a5,a4
    4a24:	01412703          	lw	a4,20(sp)
    4a28:	0077f613          	and	a2,a5,7
    4a2c:	02060063          	beqz	a2,4a4c <__trunctfdf2+0x10c>
    4a30:	00f7f613          	and	a2,a5,15
    4a34:	00400513          	li	a0,4
    4a38:	00a60a63          	beq	a2,a0,4a4c <__trunctfdf2+0x10c>
    4a3c:	00478613          	add	a2,a5,4
    4a40:	00f63533          	sltu	a0,a2,a5
    4a44:	00a70733          	add	a4,a4,a0
    4a48:	00060793          	mv	a5,a2
    4a4c:	00800637          	lui	a2,0x800
    4a50:	00c77633          	and	a2,a4,a2
    4a54:	1e060a63          	beqz	a2,4c48 <__trunctfdf2+0x308>
    4a58:	ff800537          	lui	a0,0xff800
    4a5c:	fff50513          	add	a0,a0,-1 # ff7fffff <_stack_top+0xdf6fffff>
    4a60:	00168693          	add	a3,a3,1
    4a64:	7ff00813          	li	a6,2047
    4a68:	00a77533          	and	a0,a4,a0
    4a6c:	00000613          	li	a2,0
    4a70:	00000713          	li	a4,0
    4a74:	01068a63          	beq	a3,a6,4a88 <__trunctfdf2+0x148>
    4a78:	0037d793          	srl	a5,a5,0x3
    4a7c:	01d51613          	sll	a2,a0,0x1d
    4a80:	00f66633          	or	a2,a2,a5
    4a84:	00355713          	srl	a4,a0,0x3
    4a88:	7ff007b7          	lui	a5,0x7ff00
    4a8c:	01469693          	sll	a3,a3,0x14
    4a90:	00c71713          	sll	a4,a4,0xc
    4a94:	00f6f6b3          	and	a3,a3,a5
    4a98:	00c75713          	srl	a4,a4,0xc
    4a9c:	01f59593          	sll	a1,a1,0x1f
    4aa0:	00e6e6b3          	or	a3,a3,a4
    4aa4:	00b6e7b3          	or	a5,a3,a1
    4aa8:	00060513          	mv	a0,a2
    4aac:	00078593          	mv	a1,a5
    4ab0:	02010113          	add	sp,sp,32
    4ab4:	00008067          	ret
    4ab8:	fcc00793          	li	a5,-52
    4abc:	18f6c063          	blt	a3,a5,4c3c <__trunctfdf2+0x2fc>
    4ac0:	01c12783          	lw	a5,28(sp)
    4ac4:	00080737          	lui	a4,0x80
    4ac8:	00060813          	mv	a6,a2
    4acc:	00f76eb3          	or	t4,a4,a5
    4ad0:	03d00793          	li	a5,61
    4ad4:	40d787b3          	sub	a5,a5,a3
    4ad8:	4057d693          	sra	a3,a5,0x5
    4adc:	01f7f713          	and	a4,a5,31
    4ae0:	01d12e23          	sw	t4,28(sp)
    4ae4:	00000513          	li	a0,0
    4ae8:	00000793          	li	a5,0
    4aec:	00082303          	lw	t1,0(a6)
    4af0:	00150513          	add	a0,a0,1
    4af4:	00480813          	add	a6,a6,4
    4af8:	0067e7b3          	or	a5,a5,t1
    4afc:	fea698e3          	bne	a3,a0,4aec <__trunctfdf2+0x1ac>
    4b00:	00300513          	li	a0,3
    4b04:	40d50533          	sub	a0,a0,a3
    4b08:	00269813          	sll	a6,a3,0x2
    4b0c:	02071463          	bnez	a4,4b34 <__trunctfdf2+0x1f4>
    4b10:	01088333          	add	t1,a7,a6
    4b14:	00032303          	lw	t1,0(t1)
    4b18:	00170713          	add	a4,a4,1 # 80001 <_sidata+0x6a071>
    4b1c:	00488893          	add	a7,a7,4
    4b20:	fe68ae23          	sw	t1,-4(a7)
    4b24:	fee556e3          	bge	a0,a4,4b10 <__trunctfdf2+0x1d0>
    4b28:	00400713          	li	a4,4
    4b2c:	40d706b3          	sub	a3,a4,a3
    4b30:	04c0006f          	j	4b7c <__trunctfdf2+0x23c>
    4b34:	02080893          	add	a7,a6,32
    4b38:	002888b3          	add	a7,a7,sp
    4b3c:	ff08a883          	lw	a7,-16(a7)
    4b40:	02000e13          	li	t3,32
    4b44:	40ee0e33          	sub	t3,t3,a4
    4b48:	01c898b3          	sll	a7,a7,t3
    4b4c:	0117e7b3          	or	a5,a5,a7
    4b50:	00000f13          	li	t5,0
    4b54:	010608b3          	add	a7,a2,a6
    4b58:	41000833          	neg	a6,a6
    4b5c:	06af4663          	blt	t5,a0,4bc8 <__trunctfdf2+0x288>
    4b60:	00251513          	sll	a0,a0,0x2
    4b64:	02050513          	add	a0,a0,32
    4b68:	00400813          	li	a6,4
    4b6c:	00250533          	add	a0,a0,sp
    4b70:	00eed733          	srl	a4,t4,a4
    4b74:	40d806b3          	sub	a3,a6,a3
    4b78:	fee52823          	sw	a4,-16(a0)
    4b7c:	00400513          	li	a0,4
    4b80:	40d50533          	sub	a0,a0,a3
    4b84:	00269693          	sll	a3,a3,0x2
    4b88:	00d60733          	add	a4,a2,a3
    4b8c:	00251693          	sll	a3,a0,0x2
    4b90:	00800613          	li	a2,8
    4b94:	00c6ea63          	bltu	a3,a2,4ba8 <__trunctfdf2+0x268>
    4b98:	00072023          	sw	zero,0(a4)
    4b9c:	00072223          	sw	zero,4(a4)
    4ba0:	ff868693          	add	a3,a3,-8
    4ba4:	00870713          	add	a4,a4,8
    4ba8:	00400613          	li	a2,4
    4bac:	00c6e463          	bltu	a3,a2,4bb4 <__trunctfdf2+0x274>
    4bb0:	00072023          	sw	zero,0(a4)
    4bb4:	01012703          	lw	a4,16(sp)
    4bb8:	00f037b3          	snez	a5,a5
    4bbc:	00000693          	li	a3,0
    4bc0:	00e7e7b3          	or	a5,a5,a4
    4bc4:	e61ff06f          	j	4a24 <__trunctfdf2+0xe4>
    4bc8:	0008a303          	lw	t1,0(a7)
    4bcc:	0048af83          	lw	t6,4(a7)
    4bd0:	010882b3          	add	t0,a7,a6
    4bd4:	00e35333          	srl	t1,t1,a4
    4bd8:	01cf9fb3          	sll	t6,t6,t3
    4bdc:	01f36333          	or	t1,t1,t6
    4be0:	0062a023          	sw	t1,0(t0) # 770 <memset+0xb4>
    4be4:	001f0f13          	add	t5,t5,1
    4be8:	00488893          	add	a7,a7,4
    4bec:	f71ff06f          	j	4b5c <__trunctfdf2+0x21c>
    4bf0:	08068863          	beqz	a3,4c80 <__trunctfdf2+0x340>
    4bf4:	01412783          	lw	a5,20(sp)
    4bf8:	01812703          	lw	a4,24(sp)
    4bfc:	01c12683          	lw	a3,28(sp)
    4c00:	00f76633          	or	a2,a4,a5
    4c04:	00d66633          	or	a2,a2,a3
    4c08:	00a66633          	or	a2,a2,a0
    4c0c:	08060063          	beqz	a2,4c8c <__trunctfdf2+0x34c>
    4c10:	00471613          	sll	a2,a4,0x4
    4c14:	00469693          	sll	a3,a3,0x4
    4c18:	01c7d793          	srl	a5,a5,0x1c
    4c1c:	01c75713          	srl	a4,a4,0x1c
    4c20:	00d76733          	or	a4,a4,a3
    4c24:	00c7e7b3          	or	a5,a5,a2
    4c28:	004006b7          	lui	a3,0x400
    4c2c:	00d76733          	or	a4,a4,a3
    4c30:	ff87f793          	and	a5,a5,-8
    4c34:	7ff00693          	li	a3,2047
    4c38:	df1ff06f          	j	4a28 <__trunctfdf2+0xe8>
    4c3c:	00000693          	li	a3,0
    4c40:	00500793          	li	a5,5
    4c44:	00000713          	li	a4,0
    4c48:	0037d793          	srl	a5,a5,0x3
    4c4c:	01d71613          	sll	a2,a4,0x1d
    4c50:	00f66633          	or	a2,a2,a5
    4c54:	7ff00793          	li	a5,2047
    4c58:	00375713          	srl	a4,a4,0x3
    4c5c:	e2f696e3          	bne	a3,a5,4a88 <__trunctfdf2+0x148>
    4c60:	00e66633          	or	a2,a2,a4
    4c64:	00000713          	li	a4,0
    4c68:	e20600e3          	beqz	a2,4a88 <__trunctfdf2+0x148>
    4c6c:	00080737          	lui	a4,0x80
    4c70:	00000613          	li	a2,0
    4c74:	00000593          	li	a1,0
    4c78:	e11ff06f          	j	4a88 <__trunctfdf2+0x148>
    4c7c:	7ff00693          	li	a3,2047
    4c80:	00000713          	li	a4,0
    4c84:	00000613          	li	a2,0
    4c88:	e01ff06f          	j	4a88 <__trunctfdf2+0x148>
    4c8c:	00000713          	li	a4,0
    4c90:	7ff00693          	li	a3,2047
    4c94:	df5ff06f          	j	4a88 <__trunctfdf2+0x148>

00004c98 <__clzsi2>:
    4c98:	000107b7          	lui	a5,0x10
    4c9c:	02f57a63          	bgeu	a0,a5,4cd0 <__clzsi2+0x38>
    4ca0:	10053793          	sltiu	a5,a0,256
    4ca4:	0017c793          	xor	a5,a5,1
    4ca8:	00379793          	sll	a5,a5,0x3
    4cac:	00015737          	lui	a4,0x15
    4cb0:	02000693          	li	a3,32
    4cb4:	40f686b3          	sub	a3,a3,a5
    4cb8:	00f55533          	srl	a0,a0,a5
    4cbc:	b7c70793          	add	a5,a4,-1156 # 14b7c <__clz_tab>
    4cc0:	00a787b3          	add	a5,a5,a0
    4cc4:	0007c503          	lbu	a0,0(a5) # 10000 <_svfprintf_r+0x2268>
    4cc8:	40a68533          	sub	a0,a3,a0
    4ccc:	00008067          	ret
    4cd0:	01000737          	lui	a4,0x1000
    4cd4:	01000793          	li	a5,16
    4cd8:	fce56ae3          	bltu	a0,a4,4cac <__clzsi2+0x14>
    4cdc:	01800793          	li	a5,24
    4ce0:	fcdff06f          	j	4cac <__clzsi2+0x14>

00004ce4 <main>:
    4ce4:	f7010113          	add	sp,sp,-144
    4ce8:	03000513          	li	a0,48
    4cec:	08112623          	sw	ra,140(sp)
    4cf0:	08812423          	sw	s0,136(sp)
    4cf4:	07712623          	sw	s7,108(sp)
    4cf8:	07a12023          	sw	s10,96(sp)
    4cfc:	08912223          	sw	s1,132(sp)
    4d00:	09212023          	sw	s2,128(sp)
    4d04:	07312e23          	sw	s3,124(sp)
    4d08:	07412c23          	sw	s4,120(sp)
    4d0c:	07512a23          	sw	s5,116(sp)
    4d10:	07612823          	sw	s6,112(sp)
    4d14:	07812423          	sw	s8,104(sp)
    4d18:	07912223          	sw	s9,100(sp)
    4d1c:	05b12e23          	sw	s11,92(sp)
    4d20:	620000ef          	jal	5340 <malloc>
    4d24:	00050793          	mv	a5,a0
    4d28:	20003437          	lui	s0,0x20003
    4d2c:	03000513          	li	a0,48
    4d30:	1cf42623          	sw	a5,460(s0) # 200031cc <Next_Ptr_Glob>
    4d34:	60c000ef          	jal	5340 <malloc>
    4d38:	1cc42783          	lw	a5,460(s0)
    4d3c:	20003bb7          	lui	s7,0x20003
    4d40:	1caba823          	sw	a0,464(s7) # 200031d0 <Ptr_Glob>
    4d44:	00f52023          	sw	a5,0(a0)
    4d48:	00200793          	li	a5,2
    4d4c:	00f52423          	sw	a5,8(a0)
    4d50:	000155b7          	lui	a1,0x15
    4d54:	02800793          	li	a5,40
    4d58:	00f52623          	sw	a5,12(a0)
    4d5c:	c7c58593          	add	a1,a1,-900 # 14c7c <__clz_tab+0x100>
    4d60:	00052223          	sw	zero,4(a0)
    4d64:	01050513          	add	a0,a0,16
    4d68:	679000ef          	jal	5be0 <strcpy>
    4d6c:	000155b7          	lui	a1,0x15
    4d70:	c9c58593          	add	a1,a1,-868 # 14c9c <__clz_tab+0x120>
    4d74:	01010513          	add	a0,sp,16
    4d78:	669000ef          	jal	5be0 <strcpy>
    4d7c:	00015437          	lui	s0,0x15
    4d80:	20001d37          	lui	s10,0x20001
    4d84:	00a00793          	li	a5,10
    4d88:	a70d0713          	add	a4,s10,-1424 # 20000a70 <Arr_2_Glob>
    4d8c:	f0840513          	add	a0,s0,-248 # 14f08 <__clz_tab+0x38c>
    4d90:	64f72e23          	sw	a5,1628(a4) # 100065c <_sidata+0xfea6cc>
    4d94:	5a1000ef          	jal	5b34 <printf>
    4d98:	00015537          	lui	a0,0x15
    4d9c:	cbc50513          	add	a0,a0,-836 # 14cbc <__clz_tab+0x140>
    4da0:	595000ef          	jal	5b34 <printf>
    4da4:	f0840513          	add	a0,s0,-248
    4da8:	58d000ef          	jal	5b34 <printf>
    4dac:	200037b7          	lui	a5,0x20003
    4db0:	1bc7a783          	lw	a5,444(a5) # 200031bc <Reg>
    4db4:	54078663          	beqz	a5,5300 <main+0x61c>
    4db8:	00015537          	lui	a0,0x15
    4dbc:	cec50513          	add	a0,a0,-788 # 14cec <__clz_tab+0x170>
    4dc0:	575000ef          	jal	5b34 <printf>
    4dc4:	f0840513          	add	a0,s0,-248
    4dc8:	56d000ef          	jal	5b34 <printf>
    4dcc:	00015537          	lui	a0,0x15
    4dd0:	01400593          	li	a1,20
    4dd4:	d4850513          	add	a0,a0,-696 # 14d48 <__clz_tab+0x1cc>
    4dd8:	55d000ef          	jal	5b34 <printf>
    4ddc:	00000513          	li	a0,0
    4de0:	f10fb0ef          	jal	4f0 <time>
    4de4:	200037b7          	lui	a5,0x20003
    4de8:	1aa7ac23          	sw	a0,440(a5) # 200031b8 <Begin_Time>
    4dec:	00100493          	li	s1,1
    4df0:	00015db7          	lui	s11,0x15
    4df4:	20003cb7          	lui	s9,0x20003
    4df8:	20003437          	lui	s0,0x20003
    4dfc:	20003ab7          	lui	s5,0x20003
    4e00:	00015b37          	lui	s6,0x15
    4e04:	c48fb0ef          	jal	24c <Proc_5>
    4e08:	c14fb0ef          	jal	21c <Proc_4>
    4e0c:	d78d8593          	add	a1,s11,-648 # 14d78 <__clz_tab+0x1fc>
    4e10:	03010513          	add	a0,sp,48
    4e14:	5cd000ef          	jal	5be0 <strcpy>
    4e18:	00100793          	li	a5,1
    4e1c:	03010593          	add	a1,sp,48
    4e20:	01010513          	add	a0,sp,16
    4e24:	00f12623          	sw	a5,12(sp)
    4e28:	cd8fb0ef          	jal	300 <Func_2>
    4e2c:	00153793          	seqz	a5,a0
    4e30:	00810613          	add	a2,sp,8
    4e34:	00300593          	li	a1,3
    4e38:	1cfca223          	sw	a5,452(s9) # 200031c4 <Bool_Glob>
    4e3c:	00200513          	li	a0,2
    4e40:	00700793          	li	a5,7
    4e44:	00f12423          	sw	a5,8(sp)
    4e48:	c1cfb0ef          	jal	264 <Proc_7>
    4e4c:	00812683          	lw	a3,8(sp)
    4e50:	00300793          	li	a5,3
    4e54:	00300613          	li	a2,3
    4e58:	a70d0593          	add	a1,s10,-1424
    4e5c:	1a818513          	add	a0,gp,424 # 200009a8 <Arr_1_Glob>
    4e60:	00f12223          	sw	a5,4(sp)
    4e64:	c10fb0ef          	jal	274 <Proc_8>
    4e68:	1d0ba503          	lw	a0,464(s7)
    4e6c:	a50fb0ef          	jal	bc <Proc_1>
    4e70:	1c044783          	lbu	a5,448(s0) # 200031c0 <Ch_2_Glob>
    4e74:	04000713          	li	a4,64
    4e78:	48f77063          	bgeu	a4,a5,52f8 <main+0x614>
    4e7c:	04100913          	li	s2,65
    4e80:	00300993          	li	s3,3
    4e84:	00090513          	mv	a0,s2
    4e88:	04300593          	li	a1,67
    4e8c:	c50fb0ef          	jal	2dc <Func_1>
    4e90:	00c12783          	lw	a5,12(sp)
    4e94:	00190713          	add	a4,s2,1
    4e98:	42f50663          	beq	a0,a5,52c4 <main+0x5e0>
    4e9c:	1c044783          	lbu	a5,448(s0)
    4ea0:	0ff77913          	zext.b	s2,a4
    4ea4:	ff27f0e3          	bgeu	a5,s2,4e84 <main+0x1a0>
    4ea8:	00199913          	sll	s2,s3,0x1
    4eac:	01390933          	add	s2,s2,s3
    4eb0:	00812a03          	lw	s4,8(sp)
    4eb4:	00410513          	add	a0,sp,4
    4eb8:	00148493          	add	s1,s1,1
    4ebc:	034949b3          	div	s3,s2,s4
    4ec0:	01312223          	sw	s3,4(sp)
    4ec4:	99cfb0ef          	jal	60 <Proc_2>
    4ec8:	01500793          	li	a5,21
    4ecc:	f2f49ce3          	bne	s1,a5,4e04 <main+0x120>
    4ed0:	00000513          	li	a0,0
    4ed4:	e1cfb0ef          	jal	4f0 <time>
    4ed8:	00050793          	mv	a5,a0
    4edc:	00015537          	lui	a0,0x15
    4ee0:	20003d37          	lui	s10,0x20003
    4ee4:	db850513          	add	a0,a0,-584 # 14db8 <__clz_tab+0x23c>
    4ee8:	1afd2a23          	sw	a5,436(s10) # 200031b4 <End_Time>
    4eec:	000154b7          	lui	s1,0x15
    4ef0:	445000ef          	jal	5b34 <printf>
    4ef4:	f0848513          	add	a0,s1,-248 # 14f08 <__clz_tab+0x38c>
    4ef8:	43d000ef          	jal	5b34 <printf>
    4efc:	00015537          	lui	a0,0x15
    4f00:	dc850513          	add	a0,a0,-568 # 14dc8 <__clz_tab+0x24c>
    4f04:	431000ef          	jal	5b34 <printf>
    4f08:	f0848513          	add	a0,s1,-248
    4f0c:	429000ef          	jal	5b34 <printf>
    4f10:	1c8aa583          	lw	a1,456(s5) # 200031c8 <Int_Glob>
    4f14:	00015537          	lui	a0,0x15
    4f18:	e0050513          	add	a0,a0,-512 # 14e00 <__clz_tab+0x284>
    4f1c:	000154b7          	lui	s1,0x15
    4f20:	415000ef          	jal	5b34 <printf>
    4f24:	00500593          	li	a1,5
    4f28:	e1c48513          	add	a0,s1,-484 # 14e1c <__clz_tab+0x2a0>
    4f2c:	409000ef          	jal	5b34 <printf>
    4f30:	1c4ca583          	lw	a1,452(s9)
    4f34:	00015537          	lui	a0,0x15
    4f38:	e3850513          	add	a0,a0,-456 # 14e38 <__clz_tab+0x2bc>
    4f3c:	3f9000ef          	jal	5b34 <printf>
    4f40:	00100593          	li	a1,1
    4f44:	e1c48513          	add	a0,s1,-484
    4f48:	3ed000ef          	jal	5b34 <printf>
    4f4c:	200037b7          	lui	a5,0x20003
    4f50:	1c17c583          	lbu	a1,449(a5) # 200031c1 <Ch_1_Glob>
    4f54:	00015537          	lui	a0,0x15
    4f58:	e5450513          	add	a0,a0,-428 # 14e54 <__clz_tab+0x2d8>
    4f5c:	3d9000ef          	jal	5b34 <printf>
    4f60:	00015ab7          	lui	s5,0x15
    4f64:	04100593          	li	a1,65
    4f68:	e70a8513          	add	a0,s5,-400 # 14e70 <__clz_tab+0x2f4>
    4f6c:	3c9000ef          	jal	5b34 <printf>
    4f70:	1c044583          	lbu	a1,448(s0)
    4f74:	00015537          	lui	a0,0x15
    4f78:	e8c50513          	add	a0,a0,-372 # 14e8c <__clz_tab+0x310>
    4f7c:	3b9000ef          	jal	5b34 <printf>
    4f80:	04200593          	li	a1,66
    4f84:	e70a8513          	add	a0,s5,-400
    4f88:	3ad000ef          	jal	5b34 <printf>
    4f8c:	1a818c13          	add	s8,gp,424 # 200009a8 <Arr_1_Glob>
    4f90:	020c2583          	lw	a1,32(s8)
    4f94:	00015537          	lui	a0,0x15
    4f98:	ea850513          	add	a0,a0,-344 # 14ea8 <__clz_tab+0x32c>
    4f9c:	399000ef          	jal	5b34 <printf>
    4fa0:	00700593          	li	a1,7
    4fa4:	e1c48513          	add	a0,s1,-484
    4fa8:	38d000ef          	jal	5b34 <printf>
    4fac:	200017b7          	lui	a5,0x20001
    4fb0:	a7078793          	add	a5,a5,-1424 # 20000a70 <Arr_2_Glob>
    4fb4:	65c7a583          	lw	a1,1628(a5)
    4fb8:	00015537          	lui	a0,0x15
    4fbc:	ec450513          	add	a0,a0,-316 # 14ec4 <__clz_tab+0x348>
    4fc0:	375000ef          	jal	5b34 <printf>
    4fc4:	00015537          	lui	a0,0x15
    4fc8:	ee050513          	add	a0,a0,-288 # 14ee0 <__clz_tab+0x364>
    4fcc:	369000ef          	jal	5b34 <printf>
    4fd0:	00015537          	lui	a0,0x15
    4fd4:	f0c50513          	add	a0,a0,-244 # 14f0c <__clz_tab+0x390>
    4fd8:	35d000ef          	jal	5b34 <printf>
    4fdc:	1d0ba783          	lw	a5,464(s7)
    4fe0:	00015db7          	lui	s11,0x15
    4fe4:	f18d8513          	add	a0,s11,-232 # 14f18 <__clz_tab+0x39c>
    4fe8:	0007a583          	lw	a1,0(a5)
    4fec:	00015cb7          	lui	s9,0x15
    4ff0:	00015c37          	lui	s8,0x15
    4ff4:	341000ef          	jal	5b34 <printf>
    4ff8:	00015537          	lui	a0,0x15
    4ffc:	f3450513          	add	a0,a0,-204 # 14f34 <__clz_tab+0x3b8>
    5000:	335000ef          	jal	5b34 <printf>
    5004:	1d0ba783          	lw	a5,464(s7)
    5008:	f68c8513          	add	a0,s9,-152 # 14f68 <__clz_tab+0x3ec>
    500c:	00015b37          	lui	s6,0x15
    5010:	0047a583          	lw	a1,4(a5)
    5014:	00015ab7          	lui	s5,0x15
    5018:	00015437          	lui	s0,0x15
    501c:	319000ef          	jal	5b34 <printf>
    5020:	00000593          	li	a1,0
    5024:	e1c48513          	add	a0,s1,-484
    5028:	30d000ef          	jal	5b34 <printf>
    502c:	1d0ba783          	lw	a5,464(s7)
    5030:	f84c0513          	add	a0,s8,-124 # 14f84 <__clz_tab+0x408>
    5034:	41490933          	sub	s2,s2,s4
    5038:	0087a583          	lw	a1,8(a5)
    503c:	2f9000ef          	jal	5b34 <printf>
    5040:	00200593          	li	a1,2
    5044:	e1c48513          	add	a0,s1,-484
    5048:	2ed000ef          	jal	5b34 <printf>
    504c:	1d0ba783          	lw	a5,464(s7)
    5050:	fa0b0513          	add	a0,s6,-96 # 14fa0 <__clz_tab+0x424>
    5054:	00c7a583          	lw	a1,12(a5)
    5058:	2dd000ef          	jal	5b34 <printf>
    505c:	01100593          	li	a1,17
    5060:	e1c48513          	add	a0,s1,-484
    5064:	2d1000ef          	jal	5b34 <printf>
    5068:	1d0ba583          	lw	a1,464(s7)
    506c:	fbca8513          	add	a0,s5,-68 # 14fbc <__clz_tab+0x440>
    5070:	20003bb7          	lui	s7,0x20003
    5074:	01058593          	add	a1,a1,16
    5078:	2bd000ef          	jal	5b34 <printf>
    507c:	fd840513          	add	a0,s0,-40 # 14fd8 <__clz_tab+0x45c>
    5080:	2b5000ef          	jal	5b34 <printf>
    5084:	00015537          	lui	a0,0x15
    5088:	01050513          	add	a0,a0,16 # 15010 <__clz_tab+0x494>
    508c:	2a9000ef          	jal	5b34 <printf>
    5090:	1ccba783          	lw	a5,460(s7) # 200031cc <Next_Ptr_Glob>
    5094:	f18d8513          	add	a0,s11,-232
    5098:	0007a583          	lw	a1,0(a5)
    509c:	299000ef          	jal	5b34 <printf>
    50a0:	00015537          	lui	a0,0x15
    50a4:	02450513          	add	a0,a0,36 # 15024 <__clz_tab+0x4a8>
    50a8:	28d000ef          	jal	5b34 <printf>
    50ac:	1ccba783          	lw	a5,460(s7)
    50b0:	f68c8513          	add	a0,s9,-152
    50b4:	0047a583          	lw	a1,4(a5)
    50b8:	27d000ef          	jal	5b34 <printf>
    50bc:	00000593          	li	a1,0
    50c0:	e1c48513          	add	a0,s1,-484
    50c4:	271000ef          	jal	5b34 <printf>
    50c8:	1ccba783          	lw	a5,460(s7)
    50cc:	f84c0513          	add	a0,s8,-124
    50d0:	0087a583          	lw	a1,8(a5)
    50d4:	261000ef          	jal	5b34 <printf>
    50d8:	00100593          	li	a1,1
    50dc:	e1c48513          	add	a0,s1,-484
    50e0:	255000ef          	jal	5b34 <printf>
    50e4:	1ccba783          	lw	a5,460(s7)
    50e8:	fa0b0513          	add	a0,s6,-96
    50ec:	00c7a583          	lw	a1,12(a5)
    50f0:	245000ef          	jal	5b34 <printf>
    50f4:	01200593          	li	a1,18
    50f8:	e1c48513          	add	a0,s1,-484
    50fc:	239000ef          	jal	5b34 <printf>
    5100:	1ccba583          	lw	a1,460(s7)
    5104:	fbca8513          	add	a0,s5,-68
    5108:	01058593          	add	a1,a1,16
    510c:	229000ef          	jal	5b34 <printf>
    5110:	fd840513          	add	a0,s0,-40
    5114:	221000ef          	jal	5b34 <printf>
    5118:	00412583          	lw	a1,4(sp)
    511c:	00015537          	lui	a0,0x15
    5120:	06450513          	add	a0,a0,100 # 15064 <__clz_tab+0x4e8>
    5124:	211000ef          	jal	5b34 <printf>
    5128:	00500593          	li	a1,5
    512c:	e1c48513          	add	a0,s1,-484
    5130:	205000ef          	jal	5b34 <printf>
    5134:	00391593          	sll	a1,s2,0x3
    5138:	412585b3          	sub	a1,a1,s2
    513c:	00015537          	lui	a0,0x15
    5140:	413585b3          	sub	a1,a1,s3
    5144:	08050513          	add	a0,a0,128 # 15080 <__clz_tab+0x504>
    5148:	1ed000ef          	jal	5b34 <printf>
    514c:	00d00593          	li	a1,13
    5150:	e1c48513          	add	a0,s1,-484
    5154:	1e1000ef          	jal	5b34 <printf>
    5158:	00812583          	lw	a1,8(sp)
    515c:	00015537          	lui	a0,0x15
    5160:	09c50513          	add	a0,a0,156 # 1509c <__clz_tab+0x520>
    5164:	1d1000ef          	jal	5b34 <printf>
    5168:	00700593          	li	a1,7
    516c:	e1c48513          	add	a0,s1,-484
    5170:	1c5000ef          	jal	5b34 <printf>
    5174:	00c12583          	lw	a1,12(sp)
    5178:	00015537          	lui	a0,0x15
    517c:	0b850513          	add	a0,a0,184 # 150b8 <__clz_tab+0x53c>
    5180:	1b5000ef          	jal	5b34 <printf>
    5184:	00100593          	li	a1,1
    5188:	e1c48513          	add	a0,s1,-484
    518c:	1a9000ef          	jal	5b34 <printf>
    5190:	00015537          	lui	a0,0x15
    5194:	01010593          	add	a1,sp,16
    5198:	0d450513          	add	a0,a0,212 # 150d4 <__clz_tab+0x558>
    519c:	199000ef          	jal	5b34 <printf>
    51a0:	00015537          	lui	a0,0x15
    51a4:	0f050513          	add	a0,a0,240 # 150f0 <__clz_tab+0x574>
    51a8:	18d000ef          	jal	5b34 <printf>
    51ac:	00015537          	lui	a0,0x15
    51b0:	03010593          	add	a1,sp,48
    51b4:	12850513          	add	a0,a0,296 # 15128 <__clz_tab+0x5ac>
    51b8:	17d000ef          	jal	5b34 <printf>
    51bc:	00015537          	lui	a0,0x15
    51c0:	14450513          	add	a0,a0,324 # 15144 <__clz_tab+0x5c8>
    51c4:	171000ef          	jal	5b34 <printf>
    51c8:	00015437          	lui	s0,0x15
    51cc:	f0840513          	add	a0,s0,-248 # 14f08 <__clz_tab+0x38c>
    51d0:	165000ef          	jal	5b34 <printf>
    51d4:	200037b7          	lui	a5,0x20003
    51d8:	1b87a703          	lw	a4,440(a5) # 200031b8 <Begin_Time>
    51dc:	1b4d2503          	lw	a0,436(s10)
    51e0:	00100793          	li	a5,1
    51e4:	40e50533          	sub	a0,a0,a4
    51e8:	20003737          	lui	a4,0x20003
    51ec:	1aa72823          	sw	a0,432(a4) # 200031b0 <User_Time>
    51f0:	12a7d663          	bge	a5,a0,531c <main+0x638>
    51f4:	c2cff0ef          	jal	4620 <__floatsisf>
    51f8:	000167b7          	lui	a5,0x16
    51fc:	f687a583          	lw	a1,-152(a5) # 15f68 <blanks.1+0x10>
    5200:	00050413          	mv	s0,a0
    5204:	000169b7          	lui	s3,0x16
    5208:	874ff0ef          	jal	427c <__mulsf3>
    520c:	f6c9a583          	lw	a1,-148(s3) # 15f6c <blanks.1+0x14>
    5210:	20003937          	lui	s2,0x20003
    5214:	200034b7          	lui	s1,0x20003
    5218:	d35fe0ef          	jal	3f4c <__divsf3>
    521c:	00050793          	mv	a5,a0
    5220:	f6c9a503          	lw	a0,-148(s3)
    5224:	00040593          	mv	a1,s0
    5228:	1af92623          	sw	a5,428(s2) # 200031ac <Microseconds>
    522c:	d21fe0ef          	jal	3f4c <__divsf3>
    5230:	00050793          	mv	a5,a0
    5234:	00015537          	lui	a0,0x15
    5238:	1d450513          	add	a0,a0,468 # 151d4 <__clz_tab+0x658>
    523c:	1af4a423          	sw	a5,424(s1) # 200031a8 <Dhrystones_Per_Second>
    5240:	0f5000ef          	jal	5b34 <printf>
    5244:	1ac92503          	lw	a0,428(s2)
    5248:	00015437          	lui	s0,0x15
    524c:	b64ff0ef          	jal	45b0 <__fixsfsi>
    5250:	00050593          	mv	a1,a0
    5254:	20440513          	add	a0,s0,516 # 15204 <__clz_tab+0x688>
    5258:	0dd000ef          	jal	5b34 <printf>
    525c:	00015537          	lui	a0,0x15
    5260:	20c50513          	add	a0,a0,524 # 1520c <__clz_tab+0x690>
    5264:	0d1000ef          	jal	5b34 <printf>
    5268:	1a84a503          	lw	a0,424(s1)
    526c:	b44ff0ef          	jal	45b0 <__fixsfsi>
    5270:	00050593          	mv	a1,a0
    5274:	20440513          	add	a0,s0,516
    5278:	0bd000ef          	jal	5b34 <printf>
    527c:	000157b7          	lui	a5,0x15
    5280:	f0878513          	add	a0,a5,-248 # 14f08 <__clz_tab+0x38c>
    5284:	0b1000ef          	jal	5b34 <printf>
    5288:	08c12083          	lw	ra,140(sp)
    528c:	08812403          	lw	s0,136(sp)
    5290:	08412483          	lw	s1,132(sp)
    5294:	08012903          	lw	s2,128(sp)
    5298:	07c12983          	lw	s3,124(sp)
    529c:	07812a03          	lw	s4,120(sp)
    52a0:	07412a83          	lw	s5,116(sp)
    52a4:	07012b03          	lw	s6,112(sp)
    52a8:	06c12b83          	lw	s7,108(sp)
    52ac:	06812c03          	lw	s8,104(sp)
    52b0:	06412c83          	lw	s9,100(sp)
    52b4:	06012d03          	lw	s10,96(sp)
    52b8:	05c12d83          	lw	s11,92(sp)
    52bc:	09010113          	add	sp,sp,144
    52c0:	00008067          	ret
    52c4:	00c10593          	add	a1,sp,12
    52c8:	00000513          	li	a0,0
    52cc:	8a4fb0ef          	jal	370 <Proc_6>
    52d0:	d98b0593          	add	a1,s6,-616
    52d4:	03010513          	add	a0,sp,48
    52d8:	109000ef          	jal	5be0 <strcpy>
    52dc:	1c044783          	lbu	a5,448(s0)
    52e0:	00190913          	add	s2,s2,1
    52e4:	1c9aa423          	sw	s1,456(s5)
    52e8:	0ff97913          	zext.b	s2,s2
    52ec:	00048993          	mv	s3,s1
    52f0:	b927fae3          	bgeu	a5,s2,4e84 <main+0x1a0>
    52f4:	bb5ff06f          	j	4ea8 <main+0x1c4>
    52f8:	00900913          	li	s2,9
    52fc:	bb5ff06f          	j	4eb0 <main+0x1cc>
    5300:	00015537          	lui	a0,0x15
    5304:	d1850513          	add	a0,a0,-744 # 14d18 <__clz_tab+0x19c>
    5308:	02d000ef          	jal	5b34 <printf>
    530c:	000157b7          	lui	a5,0x15
    5310:	f0878513          	add	a0,a5,-248 # 14f08 <__clz_tab+0x38c>
    5314:	021000ef          	jal	5b34 <printf>
    5318:	ab5ff06f          	j	4dcc <main+0xe8>
    531c:	00015537          	lui	a0,0x15
    5320:	17c50513          	add	a0,a0,380 # 1517c <__clz_tab+0x600>
    5324:	011000ef          	jal	5b34 <printf>
    5328:	00015537          	lui	a0,0x15
    532c:	1b450513          	add	a0,a0,436 # 151b4 <__clz_tab+0x638>
    5330:	005000ef          	jal	5b34 <printf>
    5334:	f0840513          	add	a0,s0,-248
    5338:	7fc000ef          	jal	5b34 <printf>
    533c:	f4dff06f          	j	5288 <main+0x5a4>

00005340 <malloc>:
    5340:	00050593          	mv	a1,a0
    5344:	1a41a503          	lw	a0,420(gp) # 200009a4 <_impure_ptr>
    5348:	0100006f          	j	5358 <_malloc_r>

0000534c <free>:
    534c:	00050593          	mv	a1,a0
    5350:	1a41a503          	lw	a0,420(gp) # 200009a4 <_impure_ptr>
    5354:	4d50306f          	j	9028 <_free_r>

00005358 <_malloc_r>:
    5358:	fd010113          	add	sp,sp,-48
    535c:	01312e23          	sw	s3,28(sp)
    5360:	02112623          	sw	ra,44(sp)
    5364:	02812423          	sw	s0,40(sp)
    5368:	02912223          	sw	s1,36(sp)
    536c:	03212023          	sw	s2,32(sp)
    5370:	01412c23          	sw	s4,24(sp)
    5374:	01512a23          	sw	s5,20(sp)
    5378:	01612823          	sw	s6,16(sp)
    537c:	01712623          	sw	s7,12(sp)
    5380:	01812423          	sw	s8,8(sp)
    5384:	01912223          	sw	s9,4(sp)
    5388:	00b58793          	add	a5,a1,11
    538c:	01600713          	li	a4,22
    5390:	00050993          	mv	s3,a0
    5394:	08f76e63          	bltu	a4,a5,5430 <_malloc_r+0xd8>
    5398:	01000793          	li	a5,16
    539c:	22b7e063          	bltu	a5,a1,55bc <_malloc_r+0x264>
    53a0:	74c000ef          	jal	5aec <__malloc_lock>
    53a4:	01000493          	li	s1,16
    53a8:	01800793          	li	a5,24
    53ac:	00200593          	li	a1,2
    53b0:	20000937          	lui	s2,0x20000
    53b4:	00090913          	mv	s2,s2
    53b8:	00f907b3          	add	a5,s2,a5
    53bc:	0047a403          	lw	s0,4(a5)
    53c0:	ff878713          	add	a4,a5,-8
    53c4:	30e40c63          	beq	s0,a4,56dc <_malloc_r+0x384>
    53c8:	00442783          	lw	a5,4(s0)
    53cc:	00c42683          	lw	a3,12(s0)
    53d0:	00842603          	lw	a2,8(s0)
    53d4:	ffc7f793          	and	a5,a5,-4
    53d8:	00f407b3          	add	a5,s0,a5
    53dc:	0047a703          	lw	a4,4(a5)
    53e0:	00d62623          	sw	a3,12(a2) # 80000c <_sidata+0x7ea07c>
    53e4:	00c6a423          	sw	a2,8(a3) # 400008 <_sidata+0x3ea078>
    53e8:	00176713          	or	a4,a4,1
    53ec:	00098513          	mv	a0,s3
    53f0:	00e7a223          	sw	a4,4(a5)
    53f4:	6fc000ef          	jal	5af0 <__malloc_unlock>
    53f8:	00840513          	add	a0,s0,8
    53fc:	02c12083          	lw	ra,44(sp)
    5400:	02812403          	lw	s0,40(sp)
    5404:	02412483          	lw	s1,36(sp)
    5408:	02012903          	lw	s2,32(sp)
    540c:	01c12983          	lw	s3,28(sp)
    5410:	01812a03          	lw	s4,24(sp)
    5414:	01412a83          	lw	s5,20(sp)
    5418:	01012b03          	lw	s6,16(sp)
    541c:	00c12b83          	lw	s7,12(sp)
    5420:	00812c03          	lw	s8,8(sp)
    5424:	00412c83          	lw	s9,4(sp)
    5428:	03010113          	add	sp,sp,48
    542c:	00008067          	ret
    5430:	ff87f493          	and	s1,a5,-8
    5434:	1807c463          	bltz	a5,55bc <_malloc_r+0x264>
    5438:	18b4e263          	bltu	s1,a1,55bc <_malloc_r+0x264>
    543c:	6b0000ef          	jal	5aec <__malloc_lock>
    5440:	1f700793          	li	a5,503
    5444:	3a97f663          	bgeu	a5,s1,57f0 <_malloc_r+0x498>
    5448:	0094d793          	srl	a5,s1,0x9
    544c:	18078063          	beqz	a5,55cc <_malloc_r+0x274>
    5450:	00400713          	li	a4,4
    5454:	2ef76c63          	bltu	a4,a5,574c <_malloc_r+0x3f4>
    5458:	0064d793          	srl	a5,s1,0x6
    545c:	03978593          	add	a1,a5,57
    5460:	03878513          	add	a0,a5,56
    5464:	00359693          	sll	a3,a1,0x3
    5468:	20000937          	lui	s2,0x20000
    546c:	00090913          	mv	s2,s2
    5470:	00d906b3          	add	a3,s2,a3
    5474:	0046a403          	lw	s0,4(a3)
    5478:	ff868693          	add	a3,a3,-8
    547c:	02868663          	beq	a3,s0,54a8 <_malloc_r+0x150>
    5480:	00f00613          	li	a2,15
    5484:	0100006f          	j	5494 <_malloc_r+0x13c>
    5488:	24075463          	bgez	a4,56d0 <_malloc_r+0x378>
    548c:	00c42403          	lw	s0,12(s0)
    5490:	00868c63          	beq	a3,s0,54a8 <_malloc_r+0x150>
    5494:	00442783          	lw	a5,4(s0)
    5498:	ffc7f793          	and	a5,a5,-4
    549c:	40978733          	sub	a4,a5,s1
    54a0:	fee654e3          	bge	a2,a4,5488 <_malloc_r+0x130>
    54a4:	00050593          	mv	a1,a0
    54a8:	01092403          	lw	s0,16(s2) # 20000010 <__malloc_av_+0x10>
    54ac:	20000837          	lui	a6,0x20000
    54b0:	00880813          	add	a6,a6,8 # 20000008 <__malloc_av_+0x8>
    54b4:	1f040663          	beq	s0,a6,56a0 <_malloc_r+0x348>
    54b8:	00442783          	lw	a5,4(s0)
    54bc:	00f00693          	li	a3,15
    54c0:	ffc7f793          	and	a5,a5,-4
    54c4:	40978733          	sub	a4,a5,s1
    54c8:	32e6ca63          	blt	a3,a4,57fc <_malloc_r+0x4a4>
    54cc:	01092a23          	sw	a6,20(s2)
    54d0:	01092823          	sw	a6,16(s2)
    54d4:	2e075e63          	bgez	a4,57d0 <_malloc_r+0x478>
    54d8:	1ff00713          	li	a4,511
    54dc:	00492503          	lw	a0,4(s2)
    54e0:	20f76663          	bltu	a4,a5,56ec <_malloc_r+0x394>
    54e4:	ff87f713          	and	a4,a5,-8
    54e8:	00870713          	add	a4,a4,8
    54ec:	00e90733          	add	a4,s2,a4
    54f0:	00072683          	lw	a3,0(a4)
    54f4:	0057d613          	srl	a2,a5,0x5
    54f8:	00100793          	li	a5,1
    54fc:	00c797b3          	sll	a5,a5,a2
    5500:	00f56533          	or	a0,a0,a5
    5504:	ff870793          	add	a5,a4,-8
    5508:	00f42623          	sw	a5,12(s0)
    550c:	00d42423          	sw	a3,8(s0)
    5510:	00a92223          	sw	a0,4(s2)
    5514:	00872023          	sw	s0,0(a4)
    5518:	0086a623          	sw	s0,12(a3)
    551c:	4025d793          	sra	a5,a1,0x2
    5520:	00100613          	li	a2,1
    5524:	00f61633          	sll	a2,a2,a5
    5528:	0ac56a63          	bltu	a0,a2,55dc <_malloc_r+0x284>
    552c:	00a677b3          	and	a5,a2,a0
    5530:	02079463          	bnez	a5,5558 <_malloc_r+0x200>
    5534:	00161613          	sll	a2,a2,0x1
    5538:	ffc5f593          	and	a1,a1,-4
    553c:	00a677b3          	and	a5,a2,a0
    5540:	00458593          	add	a1,a1,4
    5544:	00079a63          	bnez	a5,5558 <_malloc_r+0x200>
    5548:	00161613          	sll	a2,a2,0x1
    554c:	00a677b3          	and	a5,a2,a0
    5550:	00458593          	add	a1,a1,4
    5554:	fe078ae3          	beqz	a5,5548 <_malloc_r+0x1f0>
    5558:	00f00893          	li	a7,15
    555c:	00359313          	sll	t1,a1,0x3
    5560:	00690333          	add	t1,s2,t1
    5564:	00030513          	mv	a0,t1
    5568:	00c52783          	lw	a5,12(a0)
    556c:	00058e13          	mv	t3,a1
    5570:	20f50063          	beq	a0,a5,5770 <_malloc_r+0x418>
    5574:	0047a703          	lw	a4,4(a5)
    5578:	00078413          	mv	s0,a5
    557c:	00c7a783          	lw	a5,12(a5)
    5580:	ffc77713          	and	a4,a4,-4
    5584:	409706b3          	sub	a3,a4,s1
    5588:	20d8c063          	blt	a7,a3,5788 <_malloc_r+0x430>
    558c:	fe06c2e3          	bltz	a3,5570 <_malloc_r+0x218>
    5590:	00e40733          	add	a4,s0,a4
    5594:	00472683          	lw	a3,4(a4)
    5598:	00842603          	lw	a2,8(s0)
    559c:	00098513          	mv	a0,s3
    55a0:	0016e693          	or	a3,a3,1
    55a4:	00d72223          	sw	a3,4(a4)
    55a8:	00f62623          	sw	a5,12(a2)
    55ac:	00c7a423          	sw	a2,8(a5)
    55b0:	540000ef          	jal	5af0 <__malloc_unlock>
    55b4:	00840513          	add	a0,s0,8
    55b8:	e45ff06f          	j	53fc <_malloc_r+0xa4>
    55bc:	00c00793          	li	a5,12
    55c0:	00f9a023          	sw	a5,0(s3)
    55c4:	00000513          	li	a0,0
    55c8:	e35ff06f          	j	53fc <_malloc_r+0xa4>
    55cc:	20000693          	li	a3,512
    55d0:	04000593          	li	a1,64
    55d4:	03f00513          	li	a0,63
    55d8:	e91ff06f          	j	5468 <_malloc_r+0x110>
    55dc:	00892403          	lw	s0,8(s2)
    55e0:	00442783          	lw	a5,4(s0)
    55e4:	ffc7fb13          	and	s6,a5,-4
    55e8:	009b6863          	bltu	s6,s1,55f8 <_malloc_r+0x2a0>
    55ec:	409b0733          	sub	a4,s6,s1
    55f0:	00f00793          	li	a5,15
    55f4:	0ae7ca63          	blt	a5,a4,56a8 <_malloc_r+0x350>
    55f8:	200037b7          	lui	a5,0x20003
    55fc:	1e07aa83          	lw	s5,480(a5) # 200031e0 <__malloc_top_pad>
    5600:	19c1a703          	lw	a4,412(gp) # 2000099c <__malloc_sbrk_base>
    5604:	fff00793          	li	a5,-1
    5608:	01640a33          	add	s4,s0,s6
    560c:	01548ab3          	add	s5,s1,s5
    5610:	3af70c63          	beq	a4,a5,59c8 <_malloc_r+0x670>
    5614:	000017b7          	lui	a5,0x1
    5618:	00f78793          	add	a5,a5,15 # 100f <__muldf3+0x1af>
    561c:	00fa8ab3          	add	s5,s5,a5
    5620:	fffff7b7          	lui	a5,0xfffff
    5624:	00fafab3          	and	s5,s5,a5
    5628:	000a8593          	mv	a1,s5
    562c:	00098513          	mv	a0,s3
    5630:	550000ef          	jal	5b80 <_sbrk_r>
    5634:	fff00793          	li	a5,-1
    5638:	00050b93          	mv	s7,a0
    563c:	20f50a63          	beq	a0,a5,5850 <_malloc_r+0x4f8>
    5640:	21456663          	bltu	a0,s4,584c <_malloc_r+0x4f4>
    5644:	20003c37          	lui	s8,0x20003
    5648:	180c0c13          	add	s8,s8,384 # 20003180 <__malloc_current_mallinfo>
    564c:	000c2583          	lw	a1,0(s8)
    5650:	00ba85b3          	add	a1,s5,a1
    5654:	00bc2023          	sw	a1,0(s8)
    5658:	00058713          	mv	a4,a1
    565c:	28aa1c63          	bne	s4,a0,58f4 <_malloc_r+0x59c>
    5660:	01451793          	sll	a5,a0,0x14
    5664:	28079863          	bnez	a5,58f4 <_malloc_r+0x59c>
    5668:	00892b83          	lw	s7,8(s2)
    566c:	015b07b3          	add	a5,s6,s5
    5670:	0017e793          	or	a5,a5,1
    5674:	00fba223          	sw	a5,4(s7)
    5678:	20003737          	lui	a4,0x20003
    567c:	1dc72683          	lw	a3,476(a4) # 200031dc <__malloc_max_sbrked_mem>
    5680:	00b6f463          	bgeu	a3,a1,5688 <_malloc_r+0x330>
    5684:	1cb72e23          	sw	a1,476(a4)
    5688:	20003737          	lui	a4,0x20003
    568c:	1d872683          	lw	a3,472(a4) # 200031d8 <__malloc_max_total_mem>
    5690:	00b6f463          	bgeu	a3,a1,5698 <_malloc_r+0x340>
    5694:	1cb72c23          	sw	a1,472(a4)
    5698:	000b8413          	mv	s0,s7
    569c:	1bc0006f          	j	5858 <_malloc_r+0x500>
    56a0:	00492503          	lw	a0,4(s2)
    56a4:	e79ff06f          	j	551c <_malloc_r+0x1c4>
    56a8:	0014e793          	or	a5,s1,1
    56ac:	00f42223          	sw	a5,4(s0)
    56b0:	009404b3          	add	s1,s0,s1
    56b4:	00992423          	sw	s1,8(s2)
    56b8:	00176713          	or	a4,a4,1
    56bc:	00098513          	mv	a0,s3
    56c0:	00e4a223          	sw	a4,4(s1)
    56c4:	42c000ef          	jal	5af0 <__malloc_unlock>
    56c8:	00840513          	add	a0,s0,8
    56cc:	d31ff06f          	j	53fc <_malloc_r+0xa4>
    56d0:	00c42683          	lw	a3,12(s0)
    56d4:	00842603          	lw	a2,8(s0)
    56d8:	d01ff06f          	j	53d8 <_malloc_r+0x80>
    56dc:	00c7a403          	lw	s0,12(a5) # fffff00c <_stack_top+0xdfeff00c>
    56e0:	00258593          	add	a1,a1,2
    56e4:	dc8782e3          	beq	a5,s0,54a8 <_malloc_r+0x150>
    56e8:	ce1ff06f          	j	53c8 <_malloc_r+0x70>
    56ec:	0097d713          	srl	a4,a5,0x9
    56f0:	00400693          	li	a3,4
    56f4:	14e6f263          	bgeu	a3,a4,5838 <_malloc_r+0x4e0>
    56f8:	01400693          	li	a3,20
    56fc:	30e6ec63          	bltu	a3,a4,5a14 <_malloc_r+0x6bc>
    5700:	05c70613          	add	a2,a4,92
    5704:	05b70693          	add	a3,a4,91
    5708:	00361613          	sll	a2,a2,0x3
    570c:	00c90633          	add	a2,s2,a2
    5710:	00062703          	lw	a4,0(a2)
    5714:	ff860613          	add	a2,a2,-8
    5718:	00e61863          	bne	a2,a4,5728 <_malloc_r+0x3d0>
    571c:	2b40006f          	j	59d0 <_malloc_r+0x678>
    5720:	00872703          	lw	a4,8(a4)
    5724:	00e60863          	beq	a2,a4,5734 <_malloc_r+0x3dc>
    5728:	00472683          	lw	a3,4(a4)
    572c:	ffc6f693          	and	a3,a3,-4
    5730:	fed7e8e3          	bltu	a5,a3,5720 <_malloc_r+0x3c8>
    5734:	00c72603          	lw	a2,12(a4)
    5738:	00c42623          	sw	a2,12(s0)
    573c:	00e42423          	sw	a4,8(s0)
    5740:	00862423          	sw	s0,8(a2)
    5744:	00872623          	sw	s0,12(a4)
    5748:	dd5ff06f          	j	551c <_malloc_r+0x1c4>
    574c:	01400713          	li	a4,20
    5750:	12f77663          	bgeu	a4,a5,587c <_malloc_r+0x524>
    5754:	05400713          	li	a4,84
    5758:	2cf76c63          	bltu	a4,a5,5a30 <_malloc_r+0x6d8>
    575c:	00c4d793          	srl	a5,s1,0xc
    5760:	06f78593          	add	a1,a5,111
    5764:	06e78513          	add	a0,a5,110
    5768:	00359693          	sll	a3,a1,0x3
    576c:	cfdff06f          	j	5468 <_malloc_r+0x110>
    5770:	001e0e13          	add	t3,t3,1
    5774:	003e7793          	and	a5,t3,3
    5778:	00850513          	add	a0,a0,8
    577c:	10078e63          	beqz	a5,5898 <_malloc_r+0x540>
    5780:	00c52783          	lw	a5,12(a0)
    5784:	dedff06f          	j	5570 <_malloc_r+0x218>
    5788:	00842603          	lw	a2,8(s0)
    578c:	0014e593          	or	a1,s1,1
    5790:	00b42223          	sw	a1,4(s0)
    5794:	00f62623          	sw	a5,12(a2)
    5798:	00c7a423          	sw	a2,8(a5)
    579c:	009404b3          	add	s1,s0,s1
    57a0:	00992a23          	sw	s1,20(s2)
    57a4:	00992823          	sw	s1,16(s2)
    57a8:	0016e793          	or	a5,a3,1
    57ac:	0104a623          	sw	a6,12(s1)
    57b0:	0104a423          	sw	a6,8(s1)
    57b4:	00f4a223          	sw	a5,4(s1)
    57b8:	00e40733          	add	a4,s0,a4
    57bc:	00098513          	mv	a0,s3
    57c0:	00d72023          	sw	a3,0(a4)
    57c4:	32c000ef          	jal	5af0 <__malloc_unlock>
    57c8:	00840513          	add	a0,s0,8
    57cc:	c31ff06f          	j	53fc <_malloc_r+0xa4>
    57d0:	00f407b3          	add	a5,s0,a5
    57d4:	0047a703          	lw	a4,4(a5)
    57d8:	00098513          	mv	a0,s3
    57dc:	00176713          	or	a4,a4,1
    57e0:	00e7a223          	sw	a4,4(a5)
    57e4:	30c000ef          	jal	5af0 <__malloc_unlock>
    57e8:	00840513          	add	a0,s0,8
    57ec:	c11ff06f          	j	53fc <_malloc_r+0xa4>
    57f0:	0034d593          	srl	a1,s1,0x3
    57f4:	00848793          	add	a5,s1,8
    57f8:	bb9ff06f          	j	53b0 <_malloc_r+0x58>
    57fc:	0014e693          	or	a3,s1,1
    5800:	00d42223          	sw	a3,4(s0)
    5804:	009404b3          	add	s1,s0,s1
    5808:	00992a23          	sw	s1,20(s2)
    580c:	00992823          	sw	s1,16(s2)
    5810:	00176693          	or	a3,a4,1
    5814:	0104a623          	sw	a6,12(s1)
    5818:	0104a423          	sw	a6,8(s1)
    581c:	00d4a223          	sw	a3,4(s1)
    5820:	00f407b3          	add	a5,s0,a5
    5824:	00098513          	mv	a0,s3
    5828:	00e7a023          	sw	a4,0(a5)
    582c:	2c4000ef          	jal	5af0 <__malloc_unlock>
    5830:	00840513          	add	a0,s0,8
    5834:	bc9ff06f          	j	53fc <_malloc_r+0xa4>
    5838:	0067d713          	srl	a4,a5,0x6
    583c:	03970613          	add	a2,a4,57
    5840:	03870693          	add	a3,a4,56
    5844:	00361613          	sll	a2,a2,0x3
    5848:	ec5ff06f          	j	570c <_malloc_r+0x3b4>
    584c:	09240a63          	beq	s0,s2,58e0 <_malloc_r+0x588>
    5850:	00892403          	lw	s0,8(s2)
    5854:	00442783          	lw	a5,4(s0)
    5858:	ffc7f793          	and	a5,a5,-4
    585c:	40978733          	sub	a4,a5,s1
    5860:	0097e663          	bltu	a5,s1,586c <_malloc_r+0x514>
    5864:	00f00793          	li	a5,15
    5868:	e4e7c0e3          	blt	a5,a4,56a8 <_malloc_r+0x350>
    586c:	00098513          	mv	a0,s3
    5870:	280000ef          	jal	5af0 <__malloc_unlock>
    5874:	00000513          	li	a0,0
    5878:	b85ff06f          	j	53fc <_malloc_r+0xa4>
    587c:	05c78593          	add	a1,a5,92
    5880:	05b78513          	add	a0,a5,91
    5884:	00359693          	sll	a3,a1,0x3
    5888:	be1ff06f          	j	5468 <_malloc_r+0x110>
    588c:	00832783          	lw	a5,8(t1)
    5890:	fff58593          	add	a1,a1,-1
    5894:	24679863          	bne	a5,t1,5ae4 <_malloc_r+0x78c>
    5898:	0035f793          	and	a5,a1,3
    589c:	ff830313          	add	t1,t1,-8
    58a0:	fe0796e3          	bnez	a5,588c <_malloc_r+0x534>
    58a4:	00492703          	lw	a4,4(s2)
    58a8:	fff64793          	not	a5,a2
    58ac:	00e7f7b3          	and	a5,a5,a4
    58b0:	00f92223          	sw	a5,4(s2)
    58b4:	00161613          	sll	a2,a2,0x1
    58b8:	d2c7e2e3          	bltu	a5,a2,55dc <_malloc_r+0x284>
    58bc:	d20600e3          	beqz	a2,55dc <_malloc_r+0x284>
    58c0:	00f67733          	and	a4,a2,a5
    58c4:	00071a63          	bnez	a4,58d8 <_malloc_r+0x580>
    58c8:	00161613          	sll	a2,a2,0x1
    58cc:	00f67733          	and	a4,a2,a5
    58d0:	004e0e13          	add	t3,t3,4
    58d4:	fe070ae3          	beqz	a4,58c8 <_malloc_r+0x570>
    58d8:	000e0593          	mv	a1,t3
    58dc:	c81ff06f          	j	555c <_malloc_r+0x204>
    58e0:	20003c37          	lui	s8,0x20003
    58e4:	180c0c13          	add	s8,s8,384 # 20003180 <__malloc_current_mallinfo>
    58e8:	000c2703          	lw	a4,0(s8)
    58ec:	00ea8733          	add	a4,s5,a4
    58f0:	00ec2023          	sw	a4,0(s8)
    58f4:	19c1a683          	lw	a3,412(gp) # 2000099c <__malloc_sbrk_base>
    58f8:	fff00793          	li	a5,-1
    58fc:	14f68863          	beq	a3,a5,5a4c <_malloc_r+0x6f4>
    5900:	414b87b3          	sub	a5,s7,s4
    5904:	00e787b3          	add	a5,a5,a4
    5908:	00fc2023          	sw	a5,0(s8)
    590c:	007bfc93          	and	s9,s7,7
    5910:	0c0c8c63          	beqz	s9,59e8 <_malloc_r+0x690>
    5914:	00001737          	lui	a4,0x1
    5918:	419b8bb3          	sub	s7,s7,s9
    591c:	00870593          	add	a1,a4,8 # 1008 <__muldf3+0x1a8>
    5920:	008b8b93          	add	s7,s7,8
    5924:	419585b3          	sub	a1,a1,s9
    5928:	015b8ab3          	add	s5,s7,s5
    592c:	415585b3          	sub	a1,a1,s5
    5930:	fff70713          	add	a4,a4,-1
    5934:	00e5fa33          	and	s4,a1,a4
    5938:	000a0593          	mv	a1,s4
    593c:	00098513          	mv	a0,s3
    5940:	240000ef          	jal	5b80 <_sbrk_r>
    5944:	fff00793          	li	a5,-1
    5948:	14f50863          	beq	a0,a5,5a98 <_malloc_r+0x740>
    594c:	41750533          	sub	a0,a0,s7
    5950:	01450ab3          	add	s5,a0,s4
    5954:	000c2703          	lw	a4,0(s8)
    5958:	01792423          	sw	s7,8(s2)
    595c:	001ae793          	or	a5,s5,1
    5960:	00ea05b3          	add	a1,s4,a4
    5964:	00bc2023          	sw	a1,0(s8)
    5968:	00fba223          	sw	a5,4(s7)
    596c:	d12406e3          	beq	s0,s2,5678 <_malloc_r+0x320>
    5970:	00f00693          	li	a3,15
    5974:	0f66f063          	bgeu	a3,s6,5a54 <_malloc_r+0x6fc>
    5978:	00442703          	lw	a4,4(s0)
    597c:	ff4b0793          	add	a5,s6,-12
    5980:	ff87f793          	and	a5,a5,-8
    5984:	00177713          	and	a4,a4,1
    5988:	00f76733          	or	a4,a4,a5
    598c:	00e42223          	sw	a4,4(s0)
    5990:	00500613          	li	a2,5
    5994:	00f40733          	add	a4,s0,a5
    5998:	00c72223          	sw	a2,4(a4)
    599c:	00c72423          	sw	a2,8(a4)
    59a0:	00f6e663          	bltu	a3,a5,59ac <_malloc_r+0x654>
    59a4:	004ba783          	lw	a5,4(s7)
    59a8:	cd1ff06f          	j	5678 <_malloc_r+0x320>
    59ac:	00840593          	add	a1,s0,8
    59b0:	00098513          	mv	a0,s3
    59b4:	674030ef          	jal	9028 <_free_r>
    59b8:	00892b83          	lw	s7,8(s2)
    59bc:	000c2583          	lw	a1,0(s8)
    59c0:	004ba783          	lw	a5,4(s7)
    59c4:	cb5ff06f          	j	5678 <_malloc_r+0x320>
    59c8:	010a8a93          	add	s5,s5,16
    59cc:	c5dff06f          	j	5628 <_malloc_r+0x2d0>
    59d0:	4026d693          	sra	a3,a3,0x2
    59d4:	00100793          	li	a5,1
    59d8:	00d797b3          	sll	a5,a5,a3
    59dc:	00f56533          	or	a0,a0,a5
    59e0:	00a92223          	sw	a0,4(s2)
    59e4:	d55ff06f          	j	5738 <_malloc_r+0x3e0>
    59e8:	015b85b3          	add	a1,s7,s5
    59ec:	40b005b3          	neg	a1,a1
    59f0:	01459593          	sll	a1,a1,0x14
    59f4:	0145da13          	srl	s4,a1,0x14
    59f8:	000a0593          	mv	a1,s4
    59fc:	00098513          	mv	a0,s3
    5a00:	180000ef          	jal	5b80 <_sbrk_r>
    5a04:	fff00793          	li	a5,-1
    5a08:	f4f512e3          	bne	a0,a5,594c <_malloc_r+0x5f4>
    5a0c:	00000a13          	li	s4,0
    5a10:	f45ff06f          	j	5954 <_malloc_r+0x5fc>
    5a14:	05400693          	li	a3,84
    5a18:	04e6e463          	bltu	a3,a4,5a60 <_malloc_r+0x708>
    5a1c:	00c7d713          	srl	a4,a5,0xc
    5a20:	06f70613          	add	a2,a4,111
    5a24:	06e70693          	add	a3,a4,110
    5a28:	00361613          	sll	a2,a2,0x3
    5a2c:	ce1ff06f          	j	570c <_malloc_r+0x3b4>
    5a30:	15400713          	li	a4,340
    5a34:	04f76463          	bltu	a4,a5,5a7c <_malloc_r+0x724>
    5a38:	00f4d793          	srl	a5,s1,0xf
    5a3c:	07878593          	add	a1,a5,120
    5a40:	07778513          	add	a0,a5,119
    5a44:	00359693          	sll	a3,a1,0x3
    5a48:	a21ff06f          	j	5468 <_malloc_r+0x110>
    5a4c:	1971ae23          	sw	s7,412(gp) # 2000099c <__malloc_sbrk_base>
    5a50:	ebdff06f          	j	590c <_malloc_r+0x5b4>
    5a54:	00100793          	li	a5,1
    5a58:	00fba223          	sw	a5,4(s7)
    5a5c:	e11ff06f          	j	586c <_malloc_r+0x514>
    5a60:	15400693          	li	a3,340
    5a64:	04e6e463          	bltu	a3,a4,5aac <_malloc_r+0x754>
    5a68:	00f7d713          	srl	a4,a5,0xf
    5a6c:	07870613          	add	a2,a4,120
    5a70:	07770693          	add	a3,a4,119
    5a74:	00361613          	sll	a2,a2,0x3
    5a78:	c95ff06f          	j	570c <_malloc_r+0x3b4>
    5a7c:	55400713          	li	a4,1364
    5a80:	04f76463          	bltu	a4,a5,5ac8 <_malloc_r+0x770>
    5a84:	0124d793          	srl	a5,s1,0x12
    5a88:	07d78593          	add	a1,a5,125
    5a8c:	07c78513          	add	a0,a5,124
    5a90:	00359693          	sll	a3,a1,0x3
    5a94:	9d5ff06f          	j	5468 <_malloc_r+0x110>
    5a98:	ff8c8c93          	add	s9,s9,-8
    5a9c:	019a8ab3          	add	s5,s5,s9
    5aa0:	417a8ab3          	sub	s5,s5,s7
    5aa4:	00000a13          	li	s4,0
    5aa8:	eadff06f          	j	5954 <_malloc_r+0x5fc>
    5aac:	55400693          	li	a3,1364
    5ab0:	02e6e463          	bltu	a3,a4,5ad8 <_malloc_r+0x780>
    5ab4:	0127d713          	srl	a4,a5,0x12
    5ab8:	07d70613          	add	a2,a4,125
    5abc:	07c70693          	add	a3,a4,124
    5ac0:	00361613          	sll	a2,a2,0x3
    5ac4:	c49ff06f          	j	570c <_malloc_r+0x3b4>
    5ac8:	3f800693          	li	a3,1016
    5acc:	07f00593          	li	a1,127
    5ad0:	07e00513          	li	a0,126
    5ad4:	995ff06f          	j	5468 <_malloc_r+0x110>
    5ad8:	3f800613          	li	a2,1016
    5adc:	07e00693          	li	a3,126
    5ae0:	c2dff06f          	j	570c <_malloc_r+0x3b4>
    5ae4:	00492783          	lw	a5,4(s2)
    5ae8:	dcdff06f          	j	58b4 <_malloc_r+0x55c>

00005aec <__malloc_lock>:
    5aec:	00008067          	ret

00005af0 <__malloc_unlock>:
    5af0:	00008067          	ret

00005af4 <_printf_r>:
    5af4:	fc010113          	add	sp,sp,-64
    5af8:	02c12423          	sw	a2,40(sp)
    5afc:	02d12623          	sw	a3,44(sp)
    5b00:	02e12823          	sw	a4,48(sp)
    5b04:	02f12a23          	sw	a5,52(sp)
    5b08:	03012c23          	sw	a6,56(sp)
    5b0c:	03112e23          	sw	a7,60(sp)
    5b10:	00058613          	mv	a2,a1
    5b14:	00852583          	lw	a1,8(a0)
    5b18:	02810693          	add	a3,sp,40
    5b1c:	00112e23          	sw	ra,28(sp)
    5b20:	00d12623          	sw	a3,12(sp)
    5b24:	16c000ef          	jal	5c90 <_vfprintf_r>
    5b28:	01c12083          	lw	ra,28(sp)
    5b2c:	04010113          	add	sp,sp,64
    5b30:	00008067          	ret

00005b34 <printf>:
    5b34:	1a41a303          	lw	t1,420(gp) # 200009a4 <_impure_ptr>
    5b38:	fc010113          	add	sp,sp,-64
    5b3c:	02c12423          	sw	a2,40(sp)
    5b40:	02d12623          	sw	a3,44(sp)
    5b44:	02b12223          	sw	a1,36(sp)
    5b48:	02e12823          	sw	a4,48(sp)
    5b4c:	02f12a23          	sw	a5,52(sp)
    5b50:	03012c23          	sw	a6,56(sp)
    5b54:	03112e23          	sw	a7,60(sp)
    5b58:	00832583          	lw	a1,8(t1)
    5b5c:	02410693          	add	a3,sp,36
    5b60:	00050613          	mv	a2,a0
    5b64:	00030513          	mv	a0,t1
    5b68:	00112e23          	sw	ra,28(sp)
    5b6c:	00d12623          	sw	a3,12(sp)
    5b70:	120000ef          	jal	5c90 <_vfprintf_r>
    5b74:	01c12083          	lw	ra,28(sp)
    5b78:	04010113          	add	sp,sp,64
    5b7c:	00008067          	ret

00005b80 <_sbrk_r>:
    5b80:	ff010113          	add	sp,sp,-16
    5b84:	00812423          	sw	s0,8(sp)
    5b88:	00912223          	sw	s1,4(sp)
    5b8c:	00050413          	mv	s0,a0
    5b90:	200034b7          	lui	s1,0x20003
    5b94:	00058513          	mv	a0,a1
    5b98:	00112623          	sw	ra,12(sp)
    5b9c:	1e04a423          	sw	zero,488(s1) # 200031e8 <errno>
    5ba0:	96dfa0ef          	jal	50c <_sbrk>
    5ba4:	fff00793          	li	a5,-1
    5ba8:	00f50c63          	beq	a0,a5,5bc0 <_sbrk_r+0x40>
    5bac:	00c12083          	lw	ra,12(sp)
    5bb0:	00812403          	lw	s0,8(sp)
    5bb4:	00412483          	lw	s1,4(sp)
    5bb8:	01010113          	add	sp,sp,16
    5bbc:	00008067          	ret
    5bc0:	1e84a783          	lw	a5,488(s1)
    5bc4:	fe0784e3          	beqz	a5,5bac <_sbrk_r+0x2c>
    5bc8:	00c12083          	lw	ra,12(sp)
    5bcc:	00f42023          	sw	a5,0(s0)
    5bd0:	00812403          	lw	s0,8(sp)
    5bd4:	00412483          	lw	s1,4(sp)
    5bd8:	01010113          	add	sp,sp,16
    5bdc:	00008067          	ret

00005be0 <strcpy>:
    5be0:	00b567b3          	or	a5,a0,a1
    5be4:	0037f793          	and	a5,a5,3
    5be8:	08079263          	bnez	a5,5c6c <strcpy+0x8c>
    5bec:	0005a703          	lw	a4,0(a1)
    5bf0:	7f7f86b7          	lui	a3,0x7f7f8
    5bf4:	f7f68693          	add	a3,a3,-129 # 7f7f7f7f <_stack_top+0x5f6f7f7f>
    5bf8:	00d777b3          	and	a5,a4,a3
    5bfc:	00d787b3          	add	a5,a5,a3
    5c00:	00e7e7b3          	or	a5,a5,a4
    5c04:	00d7e7b3          	or	a5,a5,a3
    5c08:	fff00613          	li	a2,-1
    5c0c:	06c79e63          	bne	a5,a2,5c88 <strcpy+0xa8>
    5c10:	00050613          	mv	a2,a0
    5c14:	fff00813          	li	a6,-1
    5c18:	00e62023          	sw	a4,0(a2)
    5c1c:	0045a703          	lw	a4,4(a1)
    5c20:	00458593          	add	a1,a1,4
    5c24:	00460613          	add	a2,a2,4
    5c28:	00d777b3          	and	a5,a4,a3
    5c2c:	00d787b3          	add	a5,a5,a3
    5c30:	00e7e7b3          	or	a5,a5,a4
    5c34:	00d7e7b3          	or	a5,a5,a3
    5c38:	ff0780e3          	beq	a5,a6,5c18 <strcpy+0x38>
    5c3c:	0005c783          	lbu	a5,0(a1)
    5c40:	0015c703          	lbu	a4,1(a1)
    5c44:	0025c683          	lbu	a3,2(a1)
    5c48:	00f60023          	sb	a5,0(a2)
    5c4c:	00078a63          	beqz	a5,5c60 <strcpy+0x80>
    5c50:	00e600a3          	sb	a4,1(a2)
    5c54:	00070663          	beqz	a4,5c60 <strcpy+0x80>
    5c58:	00d60123          	sb	a3,2(a2)
    5c5c:	00069463          	bnez	a3,5c64 <strcpy+0x84>
    5c60:	00008067          	ret
    5c64:	000601a3          	sb	zero,3(a2)
    5c68:	00008067          	ret
    5c6c:	00050793          	mv	a5,a0
    5c70:	0005c703          	lbu	a4,0(a1)
    5c74:	00178793          	add	a5,a5,1
    5c78:	00158593          	add	a1,a1,1
    5c7c:	fee78fa3          	sb	a4,-1(a5)
    5c80:	fe0718e3          	bnez	a4,5c70 <strcpy+0x90>
    5c84:	00008067          	ret
    5c88:	00050613          	mv	a2,a0
    5c8c:	fb1ff06f          	j	5c3c <strcpy+0x5c>

00005c90 <_vfprintf_r>:
    5c90:	e1010113          	add	sp,sp,-496
    5c94:	1e112623          	sw	ra,492(sp)
    5c98:	1e812423          	sw	s0,488(sp)
    5c9c:	00b12423          	sw	a1,8(sp)
    5ca0:	00c12623          	sw	a2,12(sp)
    5ca4:	00d12c23          	sw	a3,24(sp)
    5ca8:	1e912223          	sw	s1,484(sp)
    5cac:	1f212023          	sw	s2,480(sp)
    5cb0:	1d312e23          	sw	s3,476(sp)
    5cb4:	1d412c23          	sw	s4,472(sp)
    5cb8:	1d512a23          	sw	s5,468(sp)
    5cbc:	1d612823          	sw	s6,464(sp)
    5cc0:	1d712623          	sw	s7,460(sp)
    5cc4:	1d812423          	sw	s8,456(sp)
    5cc8:	1d912223          	sw	s9,452(sp)
    5ccc:	1da12023          	sw	s10,448(sp)
    5cd0:	1bb12e23          	sw	s11,444(sp)
    5cd4:	00050413          	mv	s0,a0
    5cd8:	02a12823          	sw	a0,48(sp)
    5cdc:	428060ef          	jal	c104 <_localeconv_r>
    5ce0:	00052703          	lw	a4,0(a0)
    5ce4:	00070513          	mv	a0,a4
    5ce8:	02e12c23          	sw	a4,56(sp)
    5cec:	775070ef          	jal	dc60 <strlen>
    5cf0:	02a12a23          	sw	a0,52(sp)
    5cf4:	0e012823          	sw	zero,240(sp)
    5cf8:	0e012a23          	sw	zero,244(sp)
    5cfc:	0e012c23          	sw	zero,248(sp)
    5d00:	0e012e23          	sw	zero,252(sp)
    5d04:	00c12283          	lw	t0,12(sp)
    5d08:	00040663          	beqz	s0,5d14 <_vfprintf_r+0x84>
    5d0c:	03842783          	lw	a5,56(s0)
    5d10:	040788e3          	beqz	a5,6560 <_vfprintf_r+0x8d0>
    5d14:	00812603          	lw	a2,8(sp)
    5d18:	00c61783          	lh	a5,12(a2)
    5d1c:	01279713          	sll	a4,a5,0x12
    5d20:	02074663          	bltz	a4,5d4c <_vfprintf_r+0xbc>
    5d24:	06462703          	lw	a4,100(a2)
    5d28:	000026b7          	lui	a3,0x2
    5d2c:	00d7e7b3          	or	a5,a5,a3
    5d30:	ffffe6b7          	lui	a3,0xffffe
    5d34:	01079793          	sll	a5,a5,0x10
    5d38:	fff68693          	add	a3,a3,-1 # ffffdfff <_stack_top+0xdfefdfff>
    5d3c:	4107d793          	sra	a5,a5,0x10
    5d40:	00d77733          	and	a4,a4,a3
    5d44:	00f61623          	sh	a5,12(a2)
    5d48:	06e62223          	sw	a4,100(a2)
    5d4c:	0087f713          	and	a4,a5,8
    5d50:	2e070c63          	beqz	a4,6048 <_vfprintf_r+0x3b8>
    5d54:	00812703          	lw	a4,8(sp)
    5d58:	01072703          	lw	a4,16(a4)
    5d5c:	2e070663          	beqz	a4,6048 <_vfprintf_r+0x3b8>
    5d60:	01a7f793          	and	a5,a5,26
    5d64:	00a00713          	li	a4,10
    5d68:	30e78863          	beq	a5,a4,6078 <_vfprintf_r+0x3e8>
    5d6c:	000157b7          	lui	a5,0x15
    5d70:	28078793          	add	a5,a5,640 # 15280 <__clz_tab+0x704>
    5d74:	00f12e23          	sw	a5,28(sp)
    5d78:	000157b7          	lui	a5,0x15
    5d7c:	48478793          	add	a5,a5,1156 # 15484 <zeroes.0>
    5d80:	00028c13          	mv	s8,t0
    5d84:	00f12623          	sw	a5,12(sp)
    5d88:	000c4783          	lbu	a5,0(s8)
    5d8c:	10c10b13          	add	s6,sp,268
    5d90:	0f612223          	sw	s6,228(sp)
    5d94:	0e012623          	sw	zero,236(sp)
    5d98:	0e012423          	sw	zero,232(sp)
    5d9c:	02012223          	sw	zero,36(sp)
    5da0:	02012e23          	sw	zero,60(sp)
    5da4:	04012223          	sw	zero,68(sp)
    5da8:	04012023          	sw	zero,64(sp)
    5dac:	04012623          	sw	zero,76(sp)
    5db0:	04012423          	sw	zero,72(sp)
    5db4:	00012823          	sw	zero,16(sp)
    5db8:	03012983          	lw	s3,48(sp)
    5dbc:	000b0413          	mv	s0,s6
    5dc0:	22078463          	beqz	a5,5fe8 <_vfprintf_r+0x358>
    5dc4:	000c0493          	mv	s1,s8
    5dc8:	02500713          	li	a4,37
    5dcc:	40e78c63          	beq	a5,a4,61e4 <_vfprintf_r+0x554>
    5dd0:	0014c783          	lbu	a5,1(s1)
    5dd4:	00148493          	add	s1,s1,1
    5dd8:	fe079ae3          	bnez	a5,5dcc <_vfprintf_r+0x13c>
    5ddc:	41848933          	sub	s2,s1,s8
    5de0:	21848463          	beq	s1,s8,5fe8 <_vfprintf_r+0x358>
    5de4:	0ec12703          	lw	a4,236(sp)
    5de8:	0e812783          	lw	a5,232(sp)
    5dec:	01842023          	sw	s8,0(s0)
    5df0:	01270733          	add	a4,a4,s2
    5df4:	00178793          	add	a5,a5,1
    5df8:	01242223          	sw	s2,4(s0)
    5dfc:	0ee12623          	sw	a4,236(sp)
    5e00:	0ef12423          	sw	a5,232(sp)
    5e04:	00700713          	li	a4,7
    5e08:	00840413          	add	s0,s0,8
    5e0c:	3ef74463          	blt	a4,a5,61f4 <_vfprintf_r+0x564>
    5e10:	01012703          	lw	a4,16(sp)
    5e14:	0004c783          	lbu	a5,0(s1)
    5e18:	01270733          	add	a4,a4,s2
    5e1c:	00e12823          	sw	a4,16(sp)
    5e20:	1c078463          	beqz	a5,5fe8 <_vfprintf_r+0x358>
    5e24:	0014c883          	lbu	a7,1(s1)
    5e28:	0c0103a3          	sb	zero,199(sp)
    5e2c:	00148493          	add	s1,s1,1
    5e30:	fff00913          	li	s2,-1
    5e34:	00000a13          	li	s4,0
    5e38:	00000b93          	li	s7,0
    5e3c:	05a00c93          	li	s9,90
    5e40:	00148493          	add	s1,s1,1
    5e44:	fe088793          	add	a5,a7,-32
    5e48:	04fce663          	bltu	s9,a5,5e94 <_vfprintf_r+0x204>
    5e4c:	01c12703          	lw	a4,28(sp)
    5e50:	00279793          	sll	a5,a5,0x2
    5e54:	00e787b3          	add	a5,a5,a4
    5e58:	0007a783          	lw	a5,0(a5)
    5e5c:	00078067          	jr	a5
    5e60:	00000a13          	li	s4,0
    5e64:	fd088793          	add	a5,a7,-48
    5e68:	00900693          	li	a3,9
    5e6c:	0004c883          	lbu	a7,0(s1)
    5e70:	002a1713          	sll	a4,s4,0x2
    5e74:	01470a33          	add	s4,a4,s4
    5e78:	001a1a13          	sll	s4,s4,0x1
    5e7c:	01478a33          	add	s4,a5,s4
    5e80:	fd088793          	add	a5,a7,-48
    5e84:	00148493          	add	s1,s1,1
    5e88:	fef6f2e3          	bgeu	a3,a5,5e6c <_vfprintf_r+0x1dc>
    5e8c:	fe088793          	add	a5,a7,-32
    5e90:	fafcfee3          	bgeu	s9,a5,5e4c <_vfprintf_r+0x1bc>
    5e94:	14088a63          	beqz	a7,5fe8 <_vfprintf_r+0x358>
    5e98:	15110623          	sb	a7,332(sp)
    5e9c:	0c0103a3          	sb	zero,199(sp)
    5ea0:	00100c93          	li	s9,1
    5ea4:	00100d13          	li	s10,1
    5ea8:	14c10c13          	add	s8,sp,332
    5eac:	00012a23          	sw	zero,20(sp)
    5eb0:	00000913          	li	s2,0
    5eb4:	02012623          	sw	zero,44(sp)
    5eb8:	02012423          	sw	zero,40(sp)
    5ebc:	02012023          	sw	zero,32(sp)
    5ec0:	002bff93          	and	t6,s7,2
    5ec4:	000f8463          	beqz	t6,5ecc <_vfprintf_r+0x23c>
    5ec8:	002c8c93          	add	s9,s9,2
    5ecc:	084bfd93          	and	s11,s7,132
    5ed0:	000d9663          	bnez	s11,5edc <_vfprintf_r+0x24c>
    5ed4:	419a0733          	sub	a4,s4,s9
    5ed8:	46e04ee3          	bgtz	a4,6b54 <_vfprintf_r+0xec4>
    5edc:	0c714703          	lbu	a4,199(sp)
    5ee0:	02070c63          	beqz	a4,5f18 <_vfprintf_r+0x288>
    5ee4:	0ec12603          	lw	a2,236(sp)
    5ee8:	0e812703          	lw	a4,232(sp)
    5eec:	0c710593          	add	a1,sp,199
    5ef0:	00160613          	add	a2,a2,1
    5ef4:	00b42023          	sw	a1,0(s0)
    5ef8:	00170713          	add	a4,a4,1
    5efc:	00100593          	li	a1,1
    5f00:	00b42223          	sw	a1,4(s0)
    5f04:	0ec12623          	sw	a2,236(sp)
    5f08:	0ee12423          	sw	a4,232(sp)
    5f0c:	00700613          	li	a2,7
    5f10:	00840413          	add	s0,s0,8
    5f14:	40e64263          	blt	a2,a4,6318 <_vfprintf_r+0x688>
    5f18:	020f8c63          	beqz	t6,5f50 <_vfprintf_r+0x2c0>
    5f1c:	0ec12603          	lw	a2,236(sp)
    5f20:	0e812703          	lw	a4,232(sp)
    5f24:	0c810793          	add	a5,sp,200
    5f28:	00260613          	add	a2,a2,2
    5f2c:	00170713          	add	a4,a4,1
    5f30:	00200593          	li	a1,2
    5f34:	00f42023          	sw	a5,0(s0)
    5f38:	00b42223          	sw	a1,4(s0)
    5f3c:	0ec12623          	sw	a2,236(sp)
    5f40:	0ee12423          	sw	a4,232(sp)
    5f44:	00700613          	li	a2,7
    5f48:	00840413          	add	s0,s0,8
    5f4c:	50e646e3          	blt	a2,a4,6c58 <_vfprintf_r+0xfc8>
    5f50:	08000713          	li	a4,128
    5f54:	20ed80e3          	beq	s11,a4,6954 <_vfprintf_r+0xcc4>
    5f58:	41a90933          	sub	s2,s2,s10
    5f5c:	2f2042e3          	bgtz	s2,6a40 <_vfprintf_r+0xdb0>
    5f60:	100bf713          	and	a4,s7,256
    5f64:	04071ee3          	bnez	a4,67c0 <_vfprintf_r+0xb30>
    5f68:	0ec12703          	lw	a4,236(sp)
    5f6c:	0e812603          	lw	a2,232(sp)
    5f70:	01842023          	sw	s8,0(s0)
    5f74:	00ed0733          	add	a4,s10,a4
    5f78:	00160613          	add	a2,a2,1
    5f7c:	01a42223          	sw	s10,4(s0)
    5f80:	0ee12623          	sw	a4,236(sp)
    5f84:	0ec12423          	sw	a2,232(sp)
    5f88:	00700593          	li	a1,7
    5f8c:	4ac5ce63          	blt	a1,a2,6448 <_vfprintf_r+0x7b8>
    5f90:	00840413          	add	s0,s0,8
    5f94:	004bf793          	and	a5,s7,4
    5f98:	00078663          	beqz	a5,5fa4 <_vfprintf_r+0x314>
    5f9c:	419a0933          	sub	s2,s4,s9
    5fa0:	4d204ee3          	bgtz	s2,6c7c <_vfprintf_r+0xfec>
    5fa4:	000a0313          	mv	t1,s4
    5fa8:	019a5463          	bge	s4,s9,5fb0 <_vfprintf_r+0x320>
    5fac:	000c8313          	mv	t1,s9
    5fb0:	01012783          	lw	a5,16(sp)
    5fb4:	006787b3          	add	a5,a5,t1
    5fb8:	00f12823          	sw	a5,16(sp)
    5fbc:	360712e3          	bnez	a4,6b20 <_vfprintf_r+0xe90>
    5fc0:	01412783          	lw	a5,20(sp)
    5fc4:	0e012423          	sw	zero,232(sp)
    5fc8:	00078863          	beqz	a5,5fd8 <_vfprintf_r+0x348>
    5fcc:	01412583          	lw	a1,20(sp)
    5fd0:	00098513          	mv	a0,s3
    5fd4:	054030ef          	jal	9028 <_free_r>
    5fd8:	000b0413          	mv	s0,s6
    5fdc:	00048c13          	mv	s8,s1
    5fe0:	000c4783          	lbu	a5,0(s8)
    5fe4:	de0790e3          	bnez	a5,5dc4 <_vfprintf_r+0x134>
    5fe8:	0ec12783          	lw	a5,236(sp)
    5fec:	00078463          	beqz	a5,5ff4 <_vfprintf_r+0x364>
    5ff0:	3a10106f          	j	7b90 <_vfprintf_r+0x1f00>
    5ff4:	00812783          	lw	a5,8(sp)
    5ff8:	00c7d783          	lhu	a5,12(a5)
    5ffc:	0407f793          	and	a5,a5,64
    6000:	00078463          	beqz	a5,6008 <_vfprintf_r+0x378>
    6004:	3280206f          	j	832c <_vfprintf_r+0x269c>
    6008:	1ec12083          	lw	ra,492(sp)
    600c:	1e812403          	lw	s0,488(sp)
    6010:	01012503          	lw	a0,16(sp)
    6014:	1e412483          	lw	s1,484(sp)
    6018:	1e012903          	lw	s2,480(sp)
    601c:	1dc12983          	lw	s3,476(sp)
    6020:	1d812a03          	lw	s4,472(sp)
    6024:	1d412a83          	lw	s5,468(sp)
    6028:	1d012b03          	lw	s6,464(sp)
    602c:	1cc12b83          	lw	s7,460(sp)
    6030:	1c812c03          	lw	s8,456(sp)
    6034:	1c412c83          	lw	s9,452(sp)
    6038:	1c012d03          	lw	s10,448(sp)
    603c:	1bc12d83          	lw	s11,444(sp)
    6040:	1f010113          	add	sp,sp,496
    6044:	00008067          	ret
    6048:	00812583          	lw	a1,8(sp)
    604c:	03012503          	lw	a0,48(sp)
    6050:	00512623          	sw	t0,12(sp)
    6054:	69c020ef          	jal	86f0 <__swsetup_r>
    6058:	00c12283          	lw	t0,12(sp)
    605c:	00050463          	beqz	a0,6064 <_vfprintf_r+0x3d4>
    6060:	2cc0206f          	j	832c <_vfprintf_r+0x269c>
    6064:	00812783          	lw	a5,8(sp)
    6068:	00a00713          	li	a4,10
    606c:	00c79783          	lh	a5,12(a5)
    6070:	01a7f793          	and	a5,a5,26
    6074:	cee79ce3          	bne	a5,a4,5d6c <_vfprintf_r+0xdc>
    6078:	00812783          	lw	a5,8(sp)
    607c:	00e79783          	lh	a5,14(a5)
    6080:	ce07c6e3          	bltz	a5,5d6c <_vfprintf_r+0xdc>
    6084:	01812683          	lw	a3,24(sp)
    6088:	00812583          	lw	a1,8(sp)
    608c:	03012503          	lw	a0,48(sp)
    6090:	00028613          	mv	a2,t0
    6094:	590020ef          	jal	8624 <__sbprintf>
    6098:	00a12823          	sw	a0,16(sp)
    609c:	f6dff06f          	j	6008 <_vfprintf_r+0x378>
    60a0:	00098513          	mv	a0,s3
    60a4:	060060ef          	jal	c104 <_localeconv_r>
    60a8:	00452783          	lw	a5,4(a0)
    60ac:	00078513          	mv	a0,a5
    60b0:	04f12423          	sw	a5,72(sp)
    60b4:	3ad070ef          	jal	dc60 <strlen>
    60b8:	00050793          	mv	a5,a0
    60bc:	00098513          	mv	a0,s3
    60c0:	00078a93          	mv	s5,a5
    60c4:	04f12623          	sw	a5,76(sp)
    60c8:	03c060ef          	jal	c104 <_localeconv_r>
    60cc:	00852703          	lw	a4,8(a0)
    60d0:	04e12023          	sw	a4,64(sp)
    60d4:	000a8463          	beqz	s5,60dc <_vfprintf_r+0x44c>
    60d8:	7a50006f          	j	707c <_vfprintf_r+0x13ec>
    60dc:	0004c883          	lbu	a7,0(s1)
    60e0:	d61ff06f          	j	5e40 <_vfprintf_r+0x1b0>
    60e4:	0004c883          	lbu	a7,0(s1)
    60e8:	020beb93          	or	s7,s7,32
    60ec:	d55ff06f          	j	5e40 <_vfprintf_r+0x1b0>
    60f0:	010beb93          	or	s7,s7,16
    60f4:	020bf713          	and	a4,s7,32
    60f8:	3a070063          	beqz	a4,6498 <_vfprintf_r+0x808>
    60fc:	01812783          	lw	a5,24(sp)
    6100:	00778a93          	add	s5,a5,7
    6104:	ff8afa93          	and	s5,s5,-8
    6108:	004aa703          	lw	a4,4(s5)
    610c:	000aac83          	lw	s9,0(s5)
    6110:	008a8793          	add	a5,s5,8
    6114:	00f12c23          	sw	a5,24(sp)
    6118:	00070d13          	mv	s10,a4
    611c:	3a074863          	bltz	a4,64cc <_vfprintf_r+0x83c>
    6120:	fff00713          	li	a4,-1
    6124:	000b8d93          	mv	s11,s7
    6128:	4ee90663          	beq	s2,a4,6614 <_vfprintf_r+0x984>
    612c:	01ace733          	or	a4,s9,s10
    6130:	f7fbfd93          	and	s11,s7,-129
    6134:	4e071063          	bnez	a4,6614 <_vfprintf_r+0x984>
    6138:	4e091463          	bnez	s2,6620 <_vfprintf_r+0x990>
    613c:	00000d13          	li	s10,0
    6140:	000d8b93          	mv	s7,s11
    6144:	1b010c13          	add	s8,sp,432
    6148:	0c714703          	lbu	a4,199(sp)
    614c:	000d0c93          	mv	s9,s10
    6150:	012d5463          	bge	s10,s2,6158 <_vfprintf_r+0x4c8>
    6154:	00090c93          	mv	s9,s2
    6158:	00012a23          	sw	zero,20(sp)
    615c:	02012623          	sw	zero,44(sp)
    6160:	02012423          	sw	zero,40(sp)
    6164:	02012023          	sw	zero,32(sp)
    6168:	d4070ce3          	beqz	a4,5ec0 <_vfprintf_r+0x230>
    616c:	001c8c93          	add	s9,s9,1
    6170:	d51ff06f          	j	5ec0 <_vfprintf_r+0x230>
    6174:	010beb93          	or	s7,s7,16
    6178:	020bf713          	and	a4,s7,32
    617c:	2e070663          	beqz	a4,6468 <_vfprintf_r+0x7d8>
    6180:	01812783          	lw	a5,24(sp)
    6184:	00778a93          	add	s5,a5,7
    6188:	ff8afa93          	and	s5,s5,-8
    618c:	000aac83          	lw	s9,0(s5)
    6190:	004aad03          	lw	s10,4(s5)
    6194:	008a8793          	add	a5,s5,8
    6198:	00f12c23          	sw	a5,24(sp)
    619c:	bffbfd93          	and	s11,s7,-1025
    61a0:	00000693          	li	a3,0
    61a4:	00000793          	li	a5,0
    61a8:	0cf103a3          	sb	a5,199(sp)
    61ac:	fff00793          	li	a5,-1
    61b0:	34f90263          	beq	s2,a5,64f4 <_vfprintf_r+0x864>
    61b4:	01ace733          	or	a4,s9,s10
    61b8:	f7fdfb93          	and	s7,s11,-129
    61bc:	180718e3          	bnez	a4,6b4c <_vfprintf_r+0xebc>
    61c0:	72091c63          	bnez	s2,68f8 <_vfprintf_r+0xc68>
    61c4:	600692e3          	bnez	a3,6fc8 <_vfprintf_r+0x1338>
    61c8:	001dfd13          	and	s10,s11,1
    61cc:	1b010c13          	add	s8,sp,432
    61d0:	f60d0ce3          	beqz	s10,6148 <_vfprintf_r+0x4b8>
    61d4:	03000713          	li	a4,48
    61d8:	1ae107a3          	sb	a4,431(sp)
    61dc:	1af10c13          	add	s8,sp,431
    61e0:	f69ff06f          	j	6148 <_vfprintf_r+0x4b8>
    61e4:	41848933          	sub	s2,s1,s8
    61e8:	bf849ee3          	bne	s1,s8,5de4 <_vfprintf_r+0x154>
    61ec:	0004c783          	lbu	a5,0(s1)
    61f0:	c31ff06f          	j	5e20 <_vfprintf_r+0x190>
    61f4:	00812583          	lw	a1,8(sp)
    61f8:	0e410613          	add	a2,sp,228
    61fc:	00098513          	mv	a0,s3
    6200:	59c0a0ef          	jal	1079c <__sprint_r>
    6204:	de0518e3          	bnez	a0,5ff4 <_vfprintf_r+0x364>
    6208:	000b0413          	mv	s0,s6
    620c:	c05ff06f          	j	5e10 <_vfprintf_r+0x180>
    6210:	008bf713          	and	a4,s7,8
    6214:	60071ce3          	bnez	a4,702c <_vfprintf_r+0x139c>
    6218:	01812783          	lw	a5,24(sp)
    621c:	0b010513          	add	a0,sp,176
    6220:	01112a23          	sw	a7,20(sp)
    6224:	00778a93          	add	s5,a5,7
    6228:	ff8afa93          	and	s5,s5,-8
    622c:	000aa583          	lw	a1,0(s5)
    6230:	004aa603          	lw	a2,4(s5)
    6234:	008a8793          	add	a5,s5,8
    6238:	00f12c23          	sw	a5,24(sp)
    623c:	cf8fe0ef          	jal	4734 <__extenddftf2>
    6240:	0b012583          	lw	a1,176(sp)
    6244:	0b412603          	lw	a2,180(sp)
    6248:	0b812683          	lw	a3,184(sp)
    624c:	0bc12703          	lw	a4,188(sp)
    6250:	01412883          	lw	a7,20(sp)
    6254:	0f010513          	add	a0,sp,240
    6258:	01112a23          	sw	a7,20(sp)
    625c:	0ee12e23          	sw	a4,252(sp)
    6260:	0eb12823          	sw	a1,240(sp)
    6264:	0ec12a23          	sw	a2,244(sp)
    6268:	0ed12c23          	sw	a3,248(sp)
    626c:	619050ef          	jal	c084 <_ldcheck>
    6270:	0ca12623          	sw	a0,204(sp)
    6274:	00200713          	li	a4,2
    6278:	01412883          	lw	a7,20(sp)
    627c:	00e51463          	bne	a0,a4,6284 <_vfprintf_r+0x5f4>
    6280:	1d40106f          	j	7454 <_vfprintf_r+0x17c4>
    6284:	00100713          	li	a4,1
    6288:	00e51463          	bne	a0,a4,6290 <_vfprintf_r+0x600>
    628c:	3280106f          	j	75b4 <_vfprintf_r+0x1924>
    6290:	06100713          	li	a4,97
    6294:	00e89463          	bne	a7,a4,629c <_vfprintf_r+0x60c>
    6298:	7410106f          	j	81d8 <_vfprintf_r+0x2548>
    629c:	04100713          	li	a4,65
    62a0:	00e89463          	bne	a7,a4,62a8 <_vfprintf_r+0x618>
    62a4:	12d0106f          	j	7bd0 <_vfprintf_r+0x1f40>
    62a8:	fff00713          	li	a4,-1
    62ac:	00e91463          	bne	s2,a4,62b4 <_vfprintf_r+0x624>
    62b0:	1d80206f          	j	8488 <_vfprintf_r+0x27f8>
    62b4:	fdf8f713          	and	a4,a7,-33
    62b8:	04700693          	li	a3,71
    62bc:	00d71463          	bne	a4,a3,62c4 <_vfprintf_r+0x634>
    62c0:	1b80206f          	j	8478 <_vfprintf_r+0x27e8>
    62c4:	0fc12d83          	lw	s11,252(sp)
    62c8:	100be793          	or	a5,s7,256
    62cc:	04f12e23          	sw	a5,92(sp)
    62d0:	03712623          	sw	s7,44(sp)
    62d4:	0f012f03          	lw	t5,240(sp)
    62d8:	0f412e83          	lw	t4,244(sp)
    62dc:	0f812e03          	lw	t3,248(sp)
    62e0:	000dd463          	bgez	s11,62e8 <_vfprintf_r+0x658>
    62e4:	6a50106f          	j	8188 <_vfprintf_r+0x24f8>
    62e8:	06012023          	sw	zero,96(sp)
    62ec:	00012a23          	sw	zero,20(sp)
    62f0:	fbf88793          	add	a5,a7,-65
    62f4:	02500713          	li	a4,37
    62f8:	00f77463          	bgeu	a4,a5,6300 <_vfprintf_r+0x670>
    62fc:	5dc0106f          	j	78d8 <_vfprintf_r+0x1c48>
    6300:	00015737          	lui	a4,0x15
    6304:	00279793          	sll	a5,a5,0x2
    6308:	3ec70713          	add	a4,a4,1004 # 153ec <__clz_tab+0x870>
    630c:	00e787b3          	add	a5,a5,a4
    6310:	0007a783          	lw	a5,0(a5)
    6314:	00078067          	jr	a5
    6318:	00812583          	lw	a1,8(sp)
    631c:	0e410613          	add	a2,sp,228
    6320:	00098513          	mv	a0,s3
    6324:	05112a23          	sw	a7,84(sp)
    6328:	05f12823          	sw	t6,80(sp)
    632c:	4700a0ef          	jal	1079c <__sprint_r>
    6330:	000512e3          	bnez	a0,6b34 <_vfprintf_r+0xea4>
    6334:	05412883          	lw	a7,84(sp)
    6338:	05012f83          	lw	t6,80(sp)
    633c:	000b0413          	mv	s0,s6
    6340:	bd9ff06f          	j	5f18 <_vfprintf_r+0x288>
    6344:	02412783          	lw	a5,36(sp)
    6348:	00100593          	li	a1,1
    634c:	00840d13          	add	s10,s0,8
    6350:	36f5d4e3          	bge	a1,a5,6eb8 <_vfprintf_r+0x1228>
    6354:	0ec12703          	lw	a4,236(sp)
    6358:	0e812603          	lw	a2,232(sp)
    635c:	00100593          	li	a1,1
    6360:	00170713          	add	a4,a4,1
    6364:	00160613          	add	a2,a2,1
    6368:	00b42223          	sw	a1,4(s0)
    636c:	01842023          	sw	s8,0(s0)
    6370:	0ee12623          	sw	a4,236(sp)
    6374:	0ec12423          	sw	a2,232(sp)
    6378:	00700593          	li	a1,7
    637c:	6ac5c6e3          	blt	a1,a2,7228 <_vfprintf_r+0x1598>
    6380:	03412783          	lw	a5,52(sp)
    6384:	00160913          	add	s2,a2,1
    6388:	0f212423          	sw	s2,232(sp)
    638c:	00e78db3          	add	s11,a5,a4
    6390:	03812703          	lw	a4,56(sp)
    6394:	00fd2223          	sw	a5,4(s10)
    6398:	0fb12623          	sw	s11,236(sp)
    639c:	00ed2023          	sw	a4,0(s10)
    63a0:	00700713          	li	a4,7
    63a4:	008d0d13          	add	s10,s10,8
    63a8:	6b2742e3          	blt	a4,s2,724c <_vfprintf_r+0x15bc>
    63ac:	0f012703          	lw	a4,240(sp)
    63b0:	0a010593          	add	a1,sp,160
    63b4:	0b010513          	add	a0,sp,176
    63b8:	0ae12823          	sw	a4,176(sp)
    63bc:	0f412703          	lw	a4,244(sp)
    63c0:	0a012023          	sw	zero,160(sp)
    63c4:	0a012223          	sw	zero,164(sp)
    63c8:	0ae12a23          	sw	a4,180(sp)
    63cc:	0f812703          	lw	a4,248(sp)
    63d0:	0a012423          	sw	zero,168(sp)
    63d4:	0a012623          	sw	zero,172(sp)
    63d8:	0ae12c23          	sw	a4,184(sp)
    63dc:	0fc12703          	lw	a4,252(sp)
    63e0:	0ae12e23          	sw	a4,188(sp)
    63e4:	878fb0ef          	jal	145c <__eqtf2>
    63e8:	02412783          	lw	a5,36(sp)
    63ec:	fff78413          	add	s0,a5,-1
    63f0:	30050ee3          	beqz	a0,6f0c <_vfprintf_r+0x127c>
    63f4:	001c0293          	add	t0,s8,1
    63f8:	00190913          	add	s2,s2,1
    63fc:	008d8db3          	add	s11,s11,s0
    6400:	005d2023          	sw	t0,0(s10)
    6404:	008d2223          	sw	s0,4(s10)
    6408:	0fb12623          	sw	s11,236(sp)
    640c:	0f212423          	sw	s2,232(sp)
    6410:	00700713          	li	a4,7
    6414:	008d0d13          	add	s10,s10,8
    6418:	2d2748e3          	blt	a4,s2,6ee8 <_vfprintf_r+0x1258>
    641c:	04412783          	lw	a5,68(sp)
    6420:	0d410593          	add	a1,sp,212
    6424:	00190613          	add	a2,s2,1
    6428:	01b78733          	add	a4,a5,s11
    642c:	00bd2023          	sw	a1,0(s10)
    6430:	00fd2223          	sw	a5,4(s10)
    6434:	0ee12623          	sw	a4,236(sp)
    6438:	0ec12423          	sw	a2,232(sp)
    643c:	00700593          	li	a1,7
    6440:	008d0413          	add	s0,s10,8
    6444:	b4c5d8e3          	bge	a1,a2,5f94 <_vfprintf_r+0x304>
    6448:	00812583          	lw	a1,8(sp)
    644c:	0e410613          	add	a2,sp,228
    6450:	00098513          	mv	a0,s3
    6454:	3480a0ef          	jal	1079c <__sprint_r>
    6458:	6c051e63          	bnez	a0,6b34 <_vfprintf_r+0xea4>
    645c:	0ec12703          	lw	a4,236(sp)
    6460:	000b0413          	mv	s0,s6
    6464:	b31ff06f          	j	5f94 <_vfprintf_r+0x304>
    6468:	01812783          	lw	a5,24(sp)
    646c:	010bf713          	and	a4,s7,16
    6470:	0007ac83          	lw	s9,0(a5)
    6474:	00478793          	add	a5,a5,4
    6478:	00f12c23          	sw	a5,24(sp)
    647c:	38071ae3          	bnez	a4,7010 <_vfprintf_r+0x1380>
    6480:	040bf713          	and	a4,s7,64
    6484:	380702e3          	beqz	a4,7008 <_vfprintf_r+0x1378>
    6488:	010c9c93          	sll	s9,s9,0x10
    648c:	010cdc93          	srl	s9,s9,0x10
    6490:	00000d13          	li	s10,0
    6494:	d09ff06f          	j	619c <_vfprintf_r+0x50c>
    6498:	01812783          	lw	a5,24(sp)
    649c:	010bf713          	and	a4,s7,16
    64a0:	0007ac83          	lw	s9,0(a5)
    64a4:	00478793          	add	a5,a5,4
    64a8:	00f12c23          	sw	a5,24(sp)
    64ac:	36071ae3          	bnez	a4,7020 <_vfprintf_r+0x1390>
    64b0:	040bf713          	and	a4,s7,64
    64b4:	360702e3          	beqz	a4,7018 <_vfprintf_r+0x1388>
    64b8:	010c9c93          	sll	s9,s9,0x10
    64bc:	410cdc93          	sra	s9,s9,0x10
    64c0:	41fcdd13          	sra	s10,s9,0x1f
    64c4:	000d0713          	mv	a4,s10
    64c8:	c4075ce3          	bgez	a4,6120 <_vfprintf_r+0x490>
    64cc:	02d00793          	li	a5,45
    64d0:	01903733          	snez	a4,s9
    64d4:	41a00d33          	neg	s10,s10
    64d8:	0cf103a3          	sb	a5,199(sp)
    64dc:	fff00793          	li	a5,-1
    64e0:	40ed0d33          	sub	s10,s10,a4
    64e4:	41900cb3          	neg	s9,s9
    64e8:	000b8d93          	mv	s11,s7
    64ec:	00100693          	li	a3,1
    64f0:	ccf912e3          	bne	s2,a5,61b4 <_vfprintf_r+0x524>
    64f4:	00100793          	li	a5,1
    64f8:	10f68e63          	beq	a3,a5,6614 <_vfprintf_r+0x984>
    64fc:	00200793          	li	a5,2
    6500:	40f68863          	beq	a3,a5,6910 <_vfprintf_r+0xc80>
    6504:	1b010c13          	add	s8,sp,432
    6508:	01dd1713          	sll	a4,s10,0x1d
    650c:	007cf793          	and	a5,s9,7
    6510:	003cdc93          	srl	s9,s9,0x3
    6514:	03078793          	add	a5,a5,48
    6518:	01976cb3          	or	s9,a4,s9
    651c:	003d5d13          	srl	s10,s10,0x3
    6520:	fefc0fa3          	sb	a5,-1(s8)
    6524:	01ace733          	or	a4,s9,s10
    6528:	000c0693          	mv	a3,s8
    652c:	fffc0c13          	add	s8,s8,-1
    6530:	fc071ce3          	bnez	a4,6508 <_vfprintf_r+0x878>
    6534:	001df713          	and	a4,s11,1
    6538:	40070663          	beqz	a4,6944 <_vfprintf_r+0xcb4>
    653c:	03000713          	li	a4,48
    6540:	40e78263          	beq	a5,a4,6944 <_vfprintf_r+0xcb4>
    6544:	ffe68693          	add	a3,a3,-2
    6548:	1b010793          	add	a5,sp,432
    654c:	feec0fa3          	sb	a4,-1(s8)
    6550:	40d78d33          	sub	s10,a5,a3
    6554:	000d8b93          	mv	s7,s11
    6558:	00068c13          	mv	s8,a3
    655c:	bedff06f          	j	6148 <_vfprintf_r+0x4b8>
    6560:	03012503          	lw	a0,48(sp)
    6564:	149020ef          	jal	8eac <__sinit>
    6568:	00c12283          	lw	t0,12(sp)
    656c:	fa8ff06f          	j	5d14 <_vfprintf_r+0x84>
    6570:	01812783          	lw	a5,24(sp)
    6574:	0c0103a3          	sb	zero,199(sp)
    6578:	00100c93          	li	s9,1
    657c:	0007a703          	lw	a4,0(a5)
    6580:	00478793          	add	a5,a5,4
    6584:	00f12c23          	sw	a5,24(sp)
    6588:	14e10623          	sb	a4,332(sp)
    658c:	00100d13          	li	s10,1
    6590:	14c10c13          	add	s8,sp,332
    6594:	919ff06f          	j	5eac <_vfprintf_r+0x21c>
    6598:	01812783          	lw	a5,24(sp)
    659c:	0c0103a3          	sb	zero,199(sp)
    65a0:	0007ac03          	lw	s8,0(a5)
    65a4:	00478a93          	add	s5,a5,4
    65a8:	3a0c0ee3          	beqz	s8,7164 <_vfprintf_r+0x14d4>
    65ac:	fff00713          	li	a4,-1
    65b0:	00e91463          	bne	s2,a4,65b8 <_vfprintf_r+0x928>
    65b4:	7b90006f          	j	756c <_vfprintf_r+0x18dc>
    65b8:	00090613          	mv	a2,s2
    65bc:	00000593          	li	a1,0
    65c0:	000c0513          	mv	a0,s8
    65c4:	01112c23          	sw	a7,24(sp)
    65c8:	725050ef          	jal	c4ec <memchr>
    65cc:	00a12a23          	sw	a0,20(sp)
    65d0:	01812883          	lw	a7,24(sp)
    65d4:	00051463          	bnez	a0,65dc <_vfprintf_r+0x94c>
    65d8:	43d0106f          	j	8214 <_vfprintf_r+0x2584>
    65dc:	01412783          	lw	a5,20(sp)
    65e0:	0c714703          	lbu	a4,199(sp)
    65e4:	01512c23          	sw	s5,24(sp)
    65e8:	41878d33          	sub	s10,a5,s8
    65ec:	fffd4693          	not	a3,s10
    65f0:	41f6d693          	sra	a3,a3,0x1f
    65f4:	00012a23          	sw	zero,20(sp)
    65f8:	02012623          	sw	zero,44(sp)
    65fc:	02012423          	sw	zero,40(sp)
    6600:	02012023          	sw	zero,32(sp)
    6604:	00dd7cb3          	and	s9,s10,a3
    6608:	00000913          	li	s2,0
    660c:	b60710e3          	bnez	a4,616c <_vfprintf_r+0x4dc>
    6610:	8b1ff06f          	j	5ec0 <_vfprintf_r+0x230>
    6614:	460d16e3          	bnez	s10,7280 <_vfprintf_r+0x15f0>
    6618:	00900793          	li	a5,9
    661c:	4797e2e3          	bltu	a5,s9,7280 <_vfprintf_r+0x15f0>
    6620:	030c8c93          	add	s9,s9,48
    6624:	1b9107a3          	sb	s9,431(sp)
    6628:	000d8b93          	mv	s7,s11
    662c:	00100d13          	li	s10,1
    6630:	1af10c13          	add	s8,sp,431
    6634:	b15ff06f          	j	6148 <_vfprintf_r+0x4b8>
    6638:	01812783          	lw	a5,24(sp)
    663c:	0007aa03          	lw	s4,0(a5)
    6640:	00478793          	add	a5,a5,4
    6644:	1a0a50e3          	bgez	s4,6fe4 <_vfprintf_r+0x1354>
    6648:	41400a33          	neg	s4,s4
    664c:	00f12c23          	sw	a5,24(sp)
    6650:	0004c883          	lbu	a7,0(s1)
    6654:	004beb93          	or	s7,s7,4
    6658:	fe8ff06f          	j	5e40 <_vfprintf_r+0x1b0>
    665c:	02b00793          	li	a5,43
    6660:	0004c883          	lbu	a7,0(s1)
    6664:	0cf103a3          	sb	a5,199(sp)
    6668:	fd8ff06f          	j	5e40 <_vfprintf_r+0x1b0>
    666c:	0004c883          	lbu	a7,0(s1)
    6670:	080beb93          	or	s7,s7,128
    6674:	fccff06f          	j	5e40 <_vfprintf_r+0x1b0>
    6678:	0004c883          	lbu	a7,0(s1)
    667c:	02a00793          	li	a5,42
    6680:	00148713          	add	a4,s1,1
    6684:	00f89463          	bne	a7,a5,668c <_vfprintf_r+0x9fc>
    6688:	7410106f          	j	85c8 <_vfprintf_r+0x2938>
    668c:	fd088793          	add	a5,a7,-48
    6690:	00900613          	li	a2,9
    6694:	00070493          	mv	s1,a4
    6698:	00000913          	li	s2,0
    669c:	00900693          	li	a3,9
    66a0:	faf66263          	bltu	a2,a5,5e44 <_vfprintf_r+0x1b4>
    66a4:	0004c883          	lbu	a7,0(s1)
    66a8:	00291713          	sll	a4,s2,0x2
    66ac:	01270933          	add	s2,a4,s2
    66b0:	00191913          	sll	s2,s2,0x1
    66b4:	00f90933          	add	s2,s2,a5
    66b8:	fd088793          	add	a5,a7,-48
    66bc:	00148493          	add	s1,s1,1
    66c0:	fef6f2e3          	bgeu	a3,a5,66a4 <_vfprintf_r+0xa14>
    66c4:	f80ff06f          	j	5e44 <_vfprintf_r+0x1b4>
    66c8:	0004c883          	lbu	a7,0(s1)
    66cc:	001beb93          	or	s7,s7,1
    66d0:	f70ff06f          	j	5e40 <_vfprintf_r+0x1b0>
    66d4:	0c714783          	lbu	a5,199(sp)
    66d8:	0004c883          	lbu	a7,0(s1)
    66dc:	f6079263          	bnez	a5,5e40 <_vfprintf_r+0x1b0>
    66e0:	02000793          	li	a5,32
    66e4:	0cf103a3          	sb	a5,199(sp)
    66e8:	f58ff06f          	j	5e40 <_vfprintf_r+0x1b0>
    66ec:	0004c883          	lbu	a7,0(s1)
    66f0:	008beb93          	or	s7,s7,8
    66f4:	f4cff06f          	j	5e40 <_vfprintf_r+0x1b0>
    66f8:	010bed93          	or	s11,s7,16
    66fc:	020df793          	and	a5,s11,32
    6700:	08078ae3          	beqz	a5,6f94 <_vfprintf_r+0x1304>
    6704:	01812783          	lw	a5,24(sp)
    6708:	00100693          	li	a3,1
    670c:	00778a93          	add	s5,a5,7
    6710:	ff8afa93          	and	s5,s5,-8
    6714:	008a8793          	add	a5,s5,8
    6718:	000aac83          	lw	s9,0(s5)
    671c:	004aad03          	lw	s10,4(s5)
    6720:	00f12c23          	sw	a5,24(sp)
    6724:	a81ff06f          	j	61a4 <_vfprintf_r+0x514>
    6728:	01812703          	lw	a4,24(sp)
    672c:	ffff87b7          	lui	a5,0xffff8
    6730:	8307c793          	xor	a5,a5,-2000
    6734:	0cf11423          	sh	a5,200(sp)
    6738:	00470793          	add	a5,a4,4
    673c:	00f12c23          	sw	a5,24(sp)
    6740:	000157b7          	lui	a5,0x15
    6744:	24c78793          	add	a5,a5,588 # 1524c <__clz_tab+0x6d0>
    6748:	00072c83          	lw	s9,0(a4)
    674c:	00000d13          	li	s10,0
    6750:	002bed93          	or	s11,s7,2
    6754:	02f12e23          	sw	a5,60(sp)
    6758:	00200693          	li	a3,2
    675c:	07800893          	li	a7,120
    6760:	a45ff06f          	j	61a4 <_vfprintf_r+0x514>
    6764:	0004c883          	lbu	a7,0(s1)
    6768:	06c00793          	li	a5,108
    676c:	1ef884e3          	beq	a7,a5,7154 <_vfprintf_r+0x14c4>
    6770:	010beb93          	or	s7,s7,16
    6774:	eccff06f          	j	5e40 <_vfprintf_r+0x1b0>
    6778:	0004c883          	lbu	a7,0(s1)
    677c:	06800793          	li	a5,104
    6780:	18f88ae3          	beq	a7,a5,7114 <_vfprintf_r+0x1484>
    6784:	040beb93          	or	s7,s7,64
    6788:	eb8ff06f          	j	5e40 <_vfprintf_r+0x1b0>
    678c:	020bf713          	and	a4,s7,32
    6790:	0c0700e3          	beqz	a4,7050 <_vfprintf_r+0x13c0>
    6794:	01812783          	lw	a5,24(sp)
    6798:	01012683          	lw	a3,16(sp)
    679c:	0007a783          	lw	a5,0(a5)
    67a0:	41f6d713          	sra	a4,a3,0x1f
    67a4:	00d7a023          	sw	a3,0(a5)
    67a8:	00e7a223          	sw	a4,4(a5)
    67ac:	01812783          	lw	a5,24(sp)
    67b0:	00048c13          	mv	s8,s1
    67b4:	00478793          	add	a5,a5,4
    67b8:	00f12c23          	sw	a5,24(sp)
    67bc:	825ff06f          	j	5fe0 <_vfprintf_r+0x350>
    67c0:	06500713          	li	a4,101
    67c4:	b91750e3          	bge	a4,a7,6344 <_vfprintf_r+0x6b4>
    67c8:	0f012703          	lw	a4,240(sp)
    67cc:	0a010593          	add	a1,sp,160
    67d0:	0b010513          	add	a0,sp,176
    67d4:	0ae12823          	sw	a4,176(sp)
    67d8:	0f412703          	lw	a4,244(sp)
    67dc:	0a012023          	sw	zero,160(sp)
    67e0:	0a012223          	sw	zero,164(sp)
    67e4:	0ae12a23          	sw	a4,180(sp)
    67e8:	0f812703          	lw	a4,248(sp)
    67ec:	0a012423          	sw	zero,168(sp)
    67f0:	0a012623          	sw	zero,172(sp)
    67f4:	0ae12c23          	sw	a4,184(sp)
    67f8:	0fc12703          	lw	a4,252(sp)
    67fc:	0ae12e23          	sw	a4,188(sp)
    6800:	c5dfa0ef          	jal	145c <__eqtf2>
    6804:	52051463          	bnez	a0,6d2c <_vfprintf_r+0x109c>
    6808:	0ec12703          	lw	a4,236(sp)
    680c:	0e812603          	lw	a2,232(sp)
    6810:	000155b7          	lui	a1,0x15
    6814:	27c58593          	add	a1,a1,636 # 1527c <__clz_tab+0x700>
    6818:	00b42023          	sw	a1,0(s0)
    681c:	00170713          	add	a4,a4,1
    6820:	00100593          	li	a1,1
    6824:	00160613          	add	a2,a2,1
    6828:	00b42223          	sw	a1,4(s0)
    682c:	0ee12623          	sw	a4,236(sp)
    6830:	0ec12423          	sw	a2,232(sp)
    6834:	00700593          	li	a1,7
    6838:	00840413          	add	s0,s0,8
    683c:	3cc5c8e3          	blt	a1,a2,740c <_vfprintf_r+0x177c>
    6840:	0cc12603          	lw	a2,204(sp)
    6844:	02412783          	lw	a5,36(sp)
    6848:	78f65663          	bge	a2,a5,6fd4 <_vfprintf_r+0x1344>
    684c:	03412783          	lw	a5,52(sp)
    6850:	0e812603          	lw	a2,232(sp)
    6854:	03812683          	lw	a3,56(sp)
    6858:	00e78733          	add	a4,a5,a4
    685c:	00160613          	add	a2,a2,1
    6860:	00d42023          	sw	a3,0(s0)
    6864:	00f42223          	sw	a5,4(s0)
    6868:	0ee12623          	sw	a4,236(sp)
    686c:	0ec12423          	sw	a2,232(sp)
    6870:	00700593          	li	a1,7
    6874:	00840413          	add	s0,s0,8
    6878:	0ac5cee3          	blt	a1,a2,7134 <_vfprintf_r+0x14a4>
    687c:	02412783          	lw	a5,36(sp)
    6880:	fff78913          	add	s2,a5,-1
    6884:	f1205863          	blez	s2,5f94 <_vfprintf_r+0x304>
    6888:	00015837          	lui	a6,0x15
    688c:	01000593          	li	a1,16
    6890:	0e812603          	lw	a2,232(sp)
    6894:	48480a93          	add	s5,a6,1156 # 15484 <zeroes.0>
    6898:	3925dae3          	bge	a1,s2,742c <_vfprintf_r+0x179c>
    689c:	00812c03          	lw	s8,8(sp)
    68a0:	01000d13          	li	s10,16
    68a4:	00700d93          	li	s11,7
    68a8:	00c0006f          	j	68b4 <_vfprintf_r+0xc24>
    68ac:	ff090913          	add	s2,s2,-16
    68b0:	372d5ee3          	bge	s10,s2,742c <_vfprintf_r+0x179c>
    68b4:	01070713          	add	a4,a4,16
    68b8:	00160613          	add	a2,a2,1
    68bc:	01542023          	sw	s5,0(s0)
    68c0:	01a42223          	sw	s10,4(s0)
    68c4:	0ee12623          	sw	a4,236(sp)
    68c8:	0ec12423          	sw	a2,232(sp)
    68cc:	00840413          	add	s0,s0,8
    68d0:	fccddee3          	bge	s11,a2,68ac <_vfprintf_r+0xc1c>
    68d4:	0e410613          	add	a2,sp,228
    68d8:	000c0593          	mv	a1,s8
    68dc:	00098513          	mv	a0,s3
    68e0:	6bd090ef          	jal	1079c <__sprint_r>
    68e4:	24051863          	bnez	a0,6b34 <_vfprintf_r+0xea4>
    68e8:	0ec12703          	lw	a4,236(sp)
    68ec:	0e812603          	lw	a2,232(sp)
    68f0:	000b0413          	mv	s0,s6
    68f4:	fb9ff06f          	j	68ac <_vfprintf_r+0xc1c>
    68f8:	00100713          	li	a4,1
    68fc:	00e69463          	bne	a3,a4,6904 <_vfprintf_r+0xc74>
    6900:	17d0106f          	j	827c <_vfprintf_r+0x25ec>
    6904:	00200713          	li	a4,2
    6908:	000b8d93          	mv	s11,s7
    690c:	bee69ce3          	bne	a3,a4,6504 <_vfprintf_r+0x874>
    6910:	03c12683          	lw	a3,60(sp)
    6914:	1b010c13          	add	s8,sp,432
    6918:	00fcf793          	and	a5,s9,15
    691c:	00f687b3          	add	a5,a3,a5
    6920:	0007c703          	lbu	a4,0(a5)
    6924:	004cdc93          	srl	s9,s9,0x4
    6928:	01cd1793          	sll	a5,s10,0x1c
    692c:	0197ecb3          	or	s9,a5,s9
    6930:	004d5d13          	srl	s10,s10,0x4
    6934:	feec0fa3          	sb	a4,-1(s8)
    6938:	01ace7b3          	or	a5,s9,s10
    693c:	fffc0c13          	add	s8,s8,-1
    6940:	fc079ce3          	bnez	a5,6918 <_vfprintf_r+0xc88>
    6944:	1b010793          	add	a5,sp,432
    6948:	41878d33          	sub	s10,a5,s8
    694c:	000d8b93          	mv	s7,s11
    6950:	ff8ff06f          	j	6148 <_vfprintf_r+0x4b8>
    6954:	419a0db3          	sub	s11,s4,s9
    6958:	e1b05063          	blez	s11,5f58 <_vfprintf_r+0x2c8>
    695c:	00015837          	lui	a6,0x15
    6960:	01000513          	li	a0,16
    6964:	0ec12583          	lw	a1,236(sp)
    6968:	0e812603          	lw	a2,232(sp)
    696c:	48480a93          	add	s5,a6,1156 # 15484 <zeroes.0>
    6970:	09b55463          	bge	a0,s11,69f8 <_vfprintf_r+0xd68>
    6974:	00040793          	mv	a5,s0
    6978:	01000e93          	li	t4,16
    697c:	000a8413          	mv	s0,s5
    6980:	00700f13          	li	t5,7
    6984:	00090a93          	mv	s5,s2
    6988:	00088913          	mv	s2,a7
    698c:	00c0006f          	j	6998 <_vfprintf_r+0xd08>
    6990:	ff0d8d93          	add	s11,s11,-16
    6994:	05beda63          	bge	t4,s11,69e8 <_vfprintf_r+0xd58>
    6998:	01058593          	add	a1,a1,16
    699c:	00160613          	add	a2,a2,1
    69a0:	0087a023          	sw	s0,0(a5)
    69a4:	01d7a223          	sw	t4,4(a5)
    69a8:	0eb12623          	sw	a1,236(sp)
    69ac:	0ec12423          	sw	a2,232(sp)
    69b0:	00878793          	add	a5,a5,8
    69b4:	fccf5ee3          	bge	t5,a2,6990 <_vfprintf_r+0xd00>
    69b8:	00812583          	lw	a1,8(sp)
    69bc:	0e410613          	add	a2,sp,228
    69c0:	00098513          	mv	a0,s3
    69c4:	5d9090ef          	jal	1079c <__sprint_r>
    69c8:	16051663          	bnez	a0,6b34 <_vfprintf_r+0xea4>
    69cc:	01000e93          	li	t4,16
    69d0:	ff0d8d93          	add	s11,s11,-16
    69d4:	0ec12583          	lw	a1,236(sp)
    69d8:	0e812603          	lw	a2,232(sp)
    69dc:	000b0793          	mv	a5,s6
    69e0:	00700f13          	li	t5,7
    69e4:	fbbecae3          	blt	t4,s11,6998 <_vfprintf_r+0xd08>
    69e8:	00090893          	mv	a7,s2
    69ec:	000a8913          	mv	s2,s5
    69f0:	00040a93          	mv	s5,s0
    69f4:	00078413          	mv	s0,a5
    69f8:	00bd85b3          	add	a1,s11,a1
    69fc:	00160613          	add	a2,a2,1
    6a00:	01542023          	sw	s5,0(s0)
    6a04:	01b42223          	sw	s11,4(s0)
    6a08:	0eb12623          	sw	a1,236(sp)
    6a0c:	0ec12423          	sw	a2,232(sp)
    6a10:	00700713          	li	a4,7
    6a14:	00840413          	add	s0,s0,8
    6a18:	d4c75063          	bge	a4,a2,5f58 <_vfprintf_r+0x2c8>
    6a1c:	00812583          	lw	a1,8(sp)
    6a20:	0e410613          	add	a2,sp,228
    6a24:	00098513          	mv	a0,s3
    6a28:	05112823          	sw	a7,80(sp)
    6a2c:	571090ef          	jal	1079c <__sprint_r>
    6a30:	10051263          	bnez	a0,6b34 <_vfprintf_r+0xea4>
    6a34:	05012883          	lw	a7,80(sp)
    6a38:	000b0413          	mv	s0,s6
    6a3c:	d1cff06f          	j	5f58 <_vfprintf_r+0x2c8>
    6a40:	00015837          	lui	a6,0x15
    6a44:	01000713          	li	a4,16
    6a48:	0ec12583          	lw	a1,236(sp)
    6a4c:	0e812603          	lw	a2,232(sp)
    6a50:	48480a93          	add	s5,a6,1156 # 15484 <zeroes.0>
    6a54:	09275263          	bge	a4,s2,6ad8 <_vfprintf_r+0xe48>
    6a58:	00040793          	mv	a5,s0
    6a5c:	00c12a83          	lw	s5,12(sp)
    6a60:	00090413          	mv	s0,s2
    6a64:	01000713          	li	a4,16
    6a68:	00700d93          	li	s11,7
    6a6c:	00088913          	mv	s2,a7
    6a70:	00c0006f          	j	6a7c <_vfprintf_r+0xdec>
    6a74:	ff040413          	add	s0,s0,-16
    6a78:	04875a63          	bge	a4,s0,6acc <_vfprintf_r+0xe3c>
    6a7c:	00c12683          	lw	a3,12(sp)
    6a80:	01058593          	add	a1,a1,16
    6a84:	00160613          	add	a2,a2,1
    6a88:	00d7a023          	sw	a3,0(a5)
    6a8c:	00e7a223          	sw	a4,4(a5)
    6a90:	0eb12623          	sw	a1,236(sp)
    6a94:	0ec12423          	sw	a2,232(sp)
    6a98:	00878793          	add	a5,a5,8
    6a9c:	fccddce3          	bge	s11,a2,6a74 <_vfprintf_r+0xde4>
    6aa0:	00812583          	lw	a1,8(sp)
    6aa4:	0e410613          	add	a2,sp,228
    6aa8:	00098513          	mv	a0,s3
    6aac:	4f1090ef          	jal	1079c <__sprint_r>
    6ab0:	08051263          	bnez	a0,6b34 <_vfprintf_r+0xea4>
    6ab4:	01000713          	li	a4,16
    6ab8:	ff040413          	add	s0,s0,-16
    6abc:	0ec12583          	lw	a1,236(sp)
    6ac0:	0e812603          	lw	a2,232(sp)
    6ac4:	000b0793          	mv	a5,s6
    6ac8:	fa874ae3          	blt	a4,s0,6a7c <_vfprintf_r+0xdec>
    6acc:	00090893          	mv	a7,s2
    6ad0:	00040913          	mv	s2,s0
    6ad4:	00078413          	mv	s0,a5
    6ad8:	00b905b3          	add	a1,s2,a1
    6adc:	00160613          	add	a2,a2,1
    6ae0:	01542023          	sw	s5,0(s0)
    6ae4:	01242223          	sw	s2,4(s0)
    6ae8:	0eb12623          	sw	a1,236(sp)
    6aec:	0ec12423          	sw	a2,232(sp)
    6af0:	00700713          	li	a4,7
    6af4:	00840413          	add	s0,s0,8
    6af8:	c6c75463          	bge	a4,a2,5f60 <_vfprintf_r+0x2d0>
    6afc:	00812583          	lw	a1,8(sp)
    6b00:	0e410613          	add	a2,sp,228
    6b04:	00098513          	mv	a0,s3
    6b08:	05112823          	sw	a7,80(sp)
    6b0c:	491090ef          	jal	1079c <__sprint_r>
    6b10:	02051263          	bnez	a0,6b34 <_vfprintf_r+0xea4>
    6b14:	05012883          	lw	a7,80(sp)
    6b18:	000b0413          	mv	s0,s6
    6b1c:	c44ff06f          	j	5f60 <_vfprintf_r+0x2d0>
    6b20:	00812583          	lw	a1,8(sp)
    6b24:	0e410613          	add	a2,sp,228
    6b28:	00098513          	mv	a0,s3
    6b2c:	471090ef          	jal	1079c <__sprint_r>
    6b30:	c8050863          	beqz	a0,5fc0 <_vfprintf_r+0x330>
    6b34:	01412f03          	lw	t5,20(sp)
    6b38:	ca0f0e63          	beqz	t5,5ff4 <_vfprintf_r+0x364>
    6b3c:	03012503          	lw	a0,48(sp)
    6b40:	000f0593          	mv	a1,t5
    6b44:	4e4020ef          	jal	9028 <_free_r>
    6b48:	cacff06f          	j	5ff4 <_vfprintf_r+0x364>
    6b4c:	000b8d93          	mv	s11,s7
    6b50:	9a5ff06f          	j	64f4 <_vfprintf_r+0x864>
    6b54:	00015837          	lui	a6,0x15
    6b58:	01000513          	li	a0,16
    6b5c:	0ec12583          	lw	a1,236(sp)
    6b60:	0e812603          	lw	a2,232(sp)
    6b64:	49480a93          	add	s5,a6,1172 # 15494 <blanks.1>
    6b68:	0ae55063          	bge	a0,a4,6c08 <_vfprintf_r+0xf78>
    6b6c:	04912a23          	sw	s1,84(sp)
    6b70:	00040793          	mv	a5,s0
    6b74:	000a8493          	mv	s1,s5
    6b78:	01000e93          	li	t4,16
    6b7c:	00090a93          	mv	s5,s2
    6b80:	00700393          	li	t2,7
    6b84:	05f12823          	sw	t6,80(sp)
    6b88:	00070413          	mv	s0,a4
    6b8c:	00088913          	mv	s2,a7
    6b90:	00c0006f          	j	6b9c <_vfprintf_r+0xf0c>
    6b94:	ff040413          	add	s0,s0,-16
    6b98:	048eda63          	bge	t4,s0,6bec <_vfprintf_r+0xf5c>
    6b9c:	01058593          	add	a1,a1,16
    6ba0:	00160613          	add	a2,a2,1
    6ba4:	0097a023          	sw	s1,0(a5)
    6ba8:	01d7a223          	sw	t4,4(a5)
    6bac:	0eb12623          	sw	a1,236(sp)
    6bb0:	0ec12423          	sw	a2,232(sp)
    6bb4:	00878793          	add	a5,a5,8
    6bb8:	fcc3dee3          	bge	t2,a2,6b94 <_vfprintf_r+0xf04>
    6bbc:	00812583          	lw	a1,8(sp)
    6bc0:	0e410613          	add	a2,sp,228
    6bc4:	00098513          	mv	a0,s3
    6bc8:	3d5090ef          	jal	1079c <__sprint_r>
    6bcc:	f60514e3          	bnez	a0,6b34 <_vfprintf_r+0xea4>
    6bd0:	01000e93          	li	t4,16
    6bd4:	ff040413          	add	s0,s0,-16
    6bd8:	0ec12583          	lw	a1,236(sp)
    6bdc:	0e812603          	lw	a2,232(sp)
    6be0:	000b0793          	mv	a5,s6
    6be4:	00700393          	li	t2,7
    6be8:	fa8ecae3          	blt	t4,s0,6b9c <_vfprintf_r+0xf0c>
    6bec:	00090893          	mv	a7,s2
    6bf0:	05012f83          	lw	t6,80(sp)
    6bf4:	000a8913          	mv	s2,s5
    6bf8:	00048a93          	mv	s5,s1
    6bfc:	05412483          	lw	s1,84(sp)
    6c00:	00040713          	mv	a4,s0
    6c04:	00078413          	mv	s0,a5
    6c08:	00b705b3          	add	a1,a4,a1
    6c0c:	00160613          	add	a2,a2,1
    6c10:	00e42223          	sw	a4,4(s0)
    6c14:	01542023          	sw	s5,0(s0)
    6c18:	0eb12623          	sw	a1,236(sp)
    6c1c:	0ec12423          	sw	a2,232(sp)
    6c20:	00700713          	li	a4,7
    6c24:	00840413          	add	s0,s0,8
    6c28:	aac75a63          	bge	a4,a2,5edc <_vfprintf_r+0x24c>
    6c2c:	00812583          	lw	a1,8(sp)
    6c30:	0e410613          	add	a2,sp,228
    6c34:	00098513          	mv	a0,s3
    6c38:	05112a23          	sw	a7,84(sp)
    6c3c:	05f12823          	sw	t6,80(sp)
    6c40:	35d090ef          	jal	1079c <__sprint_r>
    6c44:	ee0518e3          	bnez	a0,6b34 <_vfprintf_r+0xea4>
    6c48:	05412883          	lw	a7,84(sp)
    6c4c:	05012f83          	lw	t6,80(sp)
    6c50:	000b0413          	mv	s0,s6
    6c54:	a88ff06f          	j	5edc <_vfprintf_r+0x24c>
    6c58:	00812583          	lw	a1,8(sp)
    6c5c:	0e410613          	add	a2,sp,228
    6c60:	00098513          	mv	a0,s3
    6c64:	05112823          	sw	a7,80(sp)
    6c68:	335090ef          	jal	1079c <__sprint_r>
    6c6c:	ec0514e3          	bnez	a0,6b34 <_vfprintf_r+0xea4>
    6c70:	05012883          	lw	a7,80(sp)
    6c74:	000b0413          	mv	s0,s6
    6c78:	ad8ff06f          	j	5f50 <_vfprintf_r+0x2c0>
    6c7c:	00015837          	lui	a6,0x15
    6c80:	01000613          	li	a2,16
    6c84:	0e812783          	lw	a5,232(sp)
    6c88:	49480a93          	add	s5,a6,1172 # 15494 <blanks.1>
    6c8c:	07265263          	bge	a2,s2,6cf0 <_vfprintf_r+0x1060>
    6c90:	00812b83          	lw	s7,8(sp)
    6c94:	01000d13          	li	s10,16
    6c98:	00700d93          	li	s11,7
    6c9c:	00c0006f          	j	6ca8 <_vfprintf_r+0x1018>
    6ca0:	ff090913          	add	s2,s2,-16
    6ca4:	052d5663          	bge	s10,s2,6cf0 <_vfprintf_r+0x1060>
    6ca8:	01070713          	add	a4,a4,16
    6cac:	00178793          	add	a5,a5,1
    6cb0:	01542023          	sw	s5,0(s0)
    6cb4:	01a42223          	sw	s10,4(s0)
    6cb8:	0ee12623          	sw	a4,236(sp)
    6cbc:	0ef12423          	sw	a5,232(sp)
    6cc0:	00840413          	add	s0,s0,8
    6cc4:	fcfddee3          	bge	s11,a5,6ca0 <_vfprintf_r+0x1010>
    6cc8:	0e410613          	add	a2,sp,228
    6ccc:	000b8593          	mv	a1,s7
    6cd0:	00098513          	mv	a0,s3
    6cd4:	2c9090ef          	jal	1079c <__sprint_r>
    6cd8:	e4051ee3          	bnez	a0,6b34 <_vfprintf_r+0xea4>
    6cdc:	ff090913          	add	s2,s2,-16
    6ce0:	0ec12703          	lw	a4,236(sp)
    6ce4:	0e812783          	lw	a5,232(sp)
    6ce8:	000b0413          	mv	s0,s6
    6cec:	fb2d4ee3          	blt	s10,s2,6ca8 <_vfprintf_r+0x1018>
    6cf0:	01270733          	add	a4,a4,s2
    6cf4:	00178793          	add	a5,a5,1
    6cf8:	01542023          	sw	s5,0(s0)
    6cfc:	01242223          	sw	s2,4(s0)
    6d00:	0ee12623          	sw	a4,236(sp)
    6d04:	0ef12423          	sw	a5,232(sp)
    6d08:	00700613          	li	a2,7
    6d0c:	a8f65c63          	bge	a2,a5,5fa4 <_vfprintf_r+0x314>
    6d10:	00812583          	lw	a1,8(sp)
    6d14:	0e410613          	add	a2,sp,228
    6d18:	00098513          	mv	a0,s3
    6d1c:	281090ef          	jal	1079c <__sprint_r>
    6d20:	e0051ae3          	bnez	a0,6b34 <_vfprintf_r+0xea4>
    6d24:	0ec12703          	lw	a4,236(sp)
    6d28:	a7cff06f          	j	5fa4 <_vfprintf_r+0x314>
    6d2c:	0cc12503          	lw	a0,204(sp)
    6d30:	64a05c63          	blez	a0,7388 <_vfprintf_r+0x16f8>
    6d34:	02412783          	lw	a5,36(sp)
    6d38:	00fc0733          	add	a4,s8,a5
    6d3c:	04e12823          	sw	a4,80(sp)
    6d40:	02012703          	lw	a4,32(sp)
    6d44:	00070913          	mv	s2,a4
    6d48:	34e7cc63          	blt	a5,a4,70a0 <_vfprintf_r+0x1410>
    6d4c:	0ec12703          	lw	a4,236(sp)
    6d50:	03205663          	blez	s2,6d7c <_vfprintf_r+0x10ec>
    6d54:	0e812603          	lw	a2,232(sp)
    6d58:	01270733          	add	a4,a4,s2
    6d5c:	01842023          	sw	s8,0(s0)
    6d60:	00160613          	add	a2,a2,1
    6d64:	01242223          	sw	s2,4(s0)
    6d68:	0ee12623          	sw	a4,236(sp)
    6d6c:	0ec12423          	sw	a2,232(sp)
    6d70:	00700593          	li	a1,7
    6d74:	00840413          	add	s0,s0,8
    6d78:	58c5c4e3          	blt	a1,a2,7b00 <_vfprintf_r+0x1e70>
    6d7c:	fff94613          	not	a2,s2
    6d80:	02012783          	lw	a5,32(sp)
    6d84:	41f65613          	sra	a2,a2,0x1f
    6d88:	00c97833          	and	a6,s2,a2
    6d8c:	41078933          	sub	s2,a5,a6
    6d90:	3f204a63          	bgtz	s2,7184 <_vfprintf_r+0x14f4>
    6d94:	02012783          	lw	a5,32(sp)
    6d98:	400bf613          	and	a2,s7,1024
    6d9c:	00fc0c33          	add	s8,s8,a5
    6da0:	06061ce3          	bnez	a2,7618 <_vfprintf_r+0x1988>
    6da4:	0cc12603          	lw	a2,204(sp)
    6da8:	02412783          	lw	a5,36(sp)
    6dac:	00f64663          	blt	a2,a5,6db8 <_vfprintf_r+0x1128>
    6db0:	001bf593          	and	a1,s7,1
    6db4:	56058ce3          	beqz	a1,7b2c <_vfprintf_r+0x1e9c>
    6db8:	03412783          	lw	a5,52(sp)
    6dbc:	0e812583          	lw	a1,232(sp)
    6dc0:	03812683          	lw	a3,56(sp)
    6dc4:	00e78733          	add	a4,a5,a4
    6dc8:	00158593          	add	a1,a1,1
    6dcc:	00d42023          	sw	a3,0(s0)
    6dd0:	00f42223          	sw	a5,4(s0)
    6dd4:	0ee12623          	sw	a4,236(sp)
    6dd8:	0eb12423          	sw	a1,232(sp)
    6ddc:	00700513          	li	a0,7
    6de0:	00840413          	add	s0,s0,8
    6de4:	00b55463          	bge	a0,a1,6dec <_vfprintf_r+0x115c>
    6de8:	4040106f          	j	81ec <_vfprintf_r+0x255c>
    6dec:	02412783          	lw	a5,36(sp)
    6df0:	40c78633          	sub	a2,a5,a2
    6df4:	05012783          	lw	a5,80(sp)
    6df8:	41878933          	sub	s2,a5,s8
    6dfc:	01265463          	bge	a2,s2,6e04 <_vfprintf_r+0x1174>
    6e00:	00060913          	mv	s2,a2
    6e04:	03205863          	blez	s2,6e34 <_vfprintf_r+0x11a4>
    6e08:	0e812583          	lw	a1,232(sp)
    6e0c:	01270733          	add	a4,a4,s2
    6e10:	01842023          	sw	s8,0(s0)
    6e14:	00158593          	add	a1,a1,1
    6e18:	01242223          	sw	s2,4(s0)
    6e1c:	0ee12623          	sw	a4,236(sp)
    6e20:	0eb12423          	sw	a1,232(sp)
    6e24:	00700513          	li	a0,7
    6e28:	00840413          	add	s0,s0,8
    6e2c:	00b55463          	bge	a0,a1,6e34 <_vfprintf_r+0x11a4>
    6e30:	41c0106f          	j	824c <_vfprintf_r+0x25bc>
    6e34:	fff94593          	not	a1,s2
    6e38:	41f5d593          	sra	a1,a1,0x1f
    6e3c:	00b97d33          	and	s10,s2,a1
    6e40:	41a60933          	sub	s2,a2,s10
    6e44:	95205863          	blez	s2,5f94 <_vfprintf_r+0x304>
    6e48:	00015837          	lui	a6,0x15
    6e4c:	01000593          	li	a1,16
    6e50:	0e812603          	lw	a2,232(sp)
    6e54:	48480a93          	add	s5,a6,1156 # 15484 <zeroes.0>
    6e58:	5d25da63          	bge	a1,s2,742c <_vfprintf_r+0x179c>
    6e5c:	00812c03          	lw	s8,8(sp)
    6e60:	01000d13          	li	s10,16
    6e64:	00700d93          	li	s11,7
    6e68:	00c0006f          	j	6e74 <_vfprintf_r+0x11e4>
    6e6c:	ff090913          	add	s2,s2,-16
    6e70:	5b2d5e63          	bge	s10,s2,742c <_vfprintf_r+0x179c>
    6e74:	01070713          	add	a4,a4,16
    6e78:	00160613          	add	a2,a2,1
    6e7c:	01542023          	sw	s5,0(s0)
    6e80:	01a42223          	sw	s10,4(s0)
    6e84:	0ee12623          	sw	a4,236(sp)
    6e88:	0ec12423          	sw	a2,232(sp)
    6e8c:	00840413          	add	s0,s0,8
    6e90:	fccddee3          	bge	s11,a2,6e6c <_vfprintf_r+0x11dc>
    6e94:	0e410613          	add	a2,sp,228
    6e98:	000c0593          	mv	a1,s8
    6e9c:	00098513          	mv	a0,s3
    6ea0:	0fd090ef          	jal	1079c <__sprint_r>
    6ea4:	c80518e3          	bnez	a0,6b34 <_vfprintf_r+0xea4>
    6ea8:	0ec12703          	lw	a4,236(sp)
    6eac:	0e812603          	lw	a2,232(sp)
    6eb0:	000b0413          	mv	s0,s6
    6eb4:	fb9ff06f          	j	6e6c <_vfprintf_r+0x11dc>
    6eb8:	001bf713          	and	a4,s7,1
    6ebc:	c8071c63          	bnez	a4,6354 <_vfprintf_r+0x6c4>
    6ec0:	0ec12703          	lw	a4,236(sp)
    6ec4:	0e812603          	lw	a2,232(sp)
    6ec8:	01842023          	sw	s8,0(s0)
    6ecc:	00170d93          	add	s11,a4,1
    6ed0:	00160913          	add	s2,a2,1
    6ed4:	00b42223          	sw	a1,4(s0)
    6ed8:	0fb12623          	sw	s11,236(sp)
    6edc:	0f212423          	sw	s2,232(sp)
    6ee0:	00700713          	li	a4,7
    6ee4:	d3275c63          	bge	a4,s2,641c <_vfprintf_r+0x78c>
    6ee8:	00812583          	lw	a1,8(sp)
    6eec:	0e410613          	add	a2,sp,228
    6ef0:	00098513          	mv	a0,s3
    6ef4:	0a9090ef          	jal	1079c <__sprint_r>
    6ef8:	c2051ee3          	bnez	a0,6b34 <_vfprintf_r+0xea4>
    6efc:	0ec12d83          	lw	s11,236(sp)
    6f00:	0e812903          	lw	s2,232(sp)
    6f04:	000b0d13          	mv	s10,s6
    6f08:	d14ff06f          	j	641c <_vfprintf_r+0x78c>
    6f0c:	02412783          	lw	a5,36(sp)
    6f10:	00100713          	li	a4,1
    6f14:	d0f75463          	bge	a4,a5,641c <_vfprintf_r+0x78c>
    6f18:	00015837          	lui	a6,0x15
    6f1c:	01100713          	li	a4,17
    6f20:	48480a93          	add	s5,a6,1156 # 15484 <zeroes.0>
    6f24:	5cf75c63          	bge	a4,a5,74fc <_vfprintf_r+0x186c>
    6f28:	000a8793          	mv	a5,s5
    6f2c:	01000713          	li	a4,16
    6f30:	000a0a93          	mv	s5,s4
    6f34:	00700c13          	li	s8,7
    6f38:	00048a13          	mv	s4,s1
    6f3c:	00078493          	mv	s1,a5
    6f40:	00c0006f          	j	6f4c <_vfprintf_r+0x12bc>
    6f44:	ff040413          	add	s0,s0,-16
    6f48:	5a875263          	bge	a4,s0,74ec <_vfprintf_r+0x185c>
    6f4c:	010d8d93          	add	s11,s11,16
    6f50:	00190913          	add	s2,s2,1
    6f54:	009d2023          	sw	s1,0(s10)
    6f58:	00ed2223          	sw	a4,4(s10)
    6f5c:	0fb12623          	sw	s11,236(sp)
    6f60:	0f212423          	sw	s2,232(sp)
    6f64:	008d0d13          	add	s10,s10,8
    6f68:	fd2c5ee3          	bge	s8,s2,6f44 <_vfprintf_r+0x12b4>
    6f6c:	00812583          	lw	a1,8(sp)
    6f70:	0e410613          	add	a2,sp,228
    6f74:	00098513          	mv	a0,s3
    6f78:	025090ef          	jal	1079c <__sprint_r>
    6f7c:	ba051ce3          	bnez	a0,6b34 <_vfprintf_r+0xea4>
    6f80:	0ec12d83          	lw	s11,236(sp)
    6f84:	0e812903          	lw	s2,232(sp)
    6f88:	000b0d13          	mv	s10,s6
    6f8c:	01000713          	li	a4,16
    6f90:	fb5ff06f          	j	6f44 <_vfprintf_r+0x12b4>
    6f94:	01812703          	lw	a4,24(sp)
    6f98:	010df793          	and	a5,s11,16
    6f9c:	00072c83          	lw	s9,0(a4)
    6fa0:	00470713          	add	a4,a4,4
    6fa4:	00e12c23          	sw	a4,24(sp)
    6fa8:	04079a63          	bnez	a5,6ffc <_vfprintf_r+0x136c>
    6fac:	040df793          	and	a5,s11,64
    6fb0:	04078063          	beqz	a5,6ff0 <_vfprintf_r+0x1360>
    6fb4:	010c9c93          	sll	s9,s9,0x10
    6fb8:	010cdc93          	srl	s9,s9,0x10
    6fbc:	00000d13          	li	s10,0
    6fc0:	00100693          	li	a3,1
    6fc4:	9e0ff06f          	j	61a4 <_vfprintf_r+0x514>
    6fc8:	00000d13          	li	s10,0
    6fcc:	1b010c13          	add	s8,sp,432
    6fd0:	978ff06f          	j	6148 <_vfprintf_r+0x4b8>
    6fd4:	001bf613          	and	a2,s7,1
    6fd8:	00061463          	bnez	a2,6fe0 <_vfprintf_r+0x1350>
    6fdc:	fb9fe06f          	j	5f94 <_vfprintf_r+0x304>
    6fe0:	86dff06f          	j	684c <_vfprintf_r+0xbbc>
    6fe4:	0004c883          	lbu	a7,0(s1)
    6fe8:	00f12c23          	sw	a5,24(sp)
    6fec:	e55fe06f          	j	5e40 <_vfprintf_r+0x1b0>
    6ff0:	200df793          	and	a5,s11,512
    6ff4:	00078463          	beqz	a5,6ffc <_vfprintf_r+0x136c>
    6ff8:	0ffcfc93          	zext.b	s9,s9
    6ffc:	00000d13          	li	s10,0
    7000:	00100693          	li	a3,1
    7004:	9a0ff06f          	j	61a4 <_vfprintf_r+0x514>
    7008:	200bf713          	and	a4,s7,512
    700c:	360716e3          	bnez	a4,7b78 <_vfprintf_r+0x1ee8>
    7010:	00000d13          	li	s10,0
    7014:	988ff06f          	j	619c <_vfprintf_r+0x50c>
    7018:	200bf713          	and	a4,s7,512
    701c:	340714e3          	bnez	a4,7b64 <_vfprintf_r+0x1ed4>
    7020:	41fcdd13          	sra	s10,s9,0x1f
    7024:	000d0713          	mv	a4,s10
    7028:	8f4ff06f          	j	611c <_vfprintf_r+0x48c>
    702c:	01812783          	lw	a5,24(sp)
    7030:	0007a703          	lw	a4,0(a5)
    7034:	00478793          	add	a5,a5,4
    7038:	00f12c23          	sw	a5,24(sp)
    703c:	00072583          	lw	a1,0(a4)
    7040:	00472603          	lw	a2,4(a4)
    7044:	00872683          	lw	a3,8(a4)
    7048:	00c72703          	lw	a4,12(a4)
    704c:	a08ff06f          	j	6254 <_vfprintf_r+0x5c4>
    7050:	010bf713          	and	a4,s7,16
    7054:	48071263          	bnez	a4,74d8 <_vfprintf_r+0x1848>
    7058:	040bf713          	and	a4,s7,64
    705c:	2e0714e3          	bnez	a4,7b44 <_vfprintf_r+0x1eb4>
    7060:	200bf793          	and	a5,s7,512
    7064:	46078a63          	beqz	a5,74d8 <_vfprintf_r+0x1848>
    7068:	01812783          	lw	a5,24(sp)
    706c:	01012703          	lw	a4,16(sp)
    7070:	0007a783          	lw	a5,0(a5)
    7074:	00e78023          	sb	a4,0(a5)
    7078:	f34ff06f          	j	67ac <_vfprintf_r+0xb1c>
    707c:	04012783          	lw	a5,64(sp)
    7080:	0004c883          	lbu	a7,0(s1)
    7084:	00079463          	bnez	a5,708c <_vfprintf_r+0x13fc>
    7088:	db9fe06f          	j	5e40 <_vfprintf_r+0x1b0>
    708c:	0007c783          	lbu	a5,0(a5)
    7090:	00079463          	bnez	a5,7098 <_vfprintf_r+0x1408>
    7094:	dadfe06f          	j	5e40 <_vfprintf_r+0x1b0>
    7098:	400beb93          	or	s7,s7,1024
    709c:	da5fe06f          	j	5e40 <_vfprintf_r+0x1b0>
    70a0:	00078913          	mv	s2,a5
    70a4:	0ec12703          	lw	a4,236(sp)
    70a8:	cb2046e3          	bgtz	s2,6d54 <_vfprintf_r+0x10c4>
    70ac:	cd1ff06f          	j	6d7c <_vfprintf_r+0x10ec>
    70b0:	000b8d93          	mv	s11,s7
    70b4:	e48ff06f          	j	66fc <_vfprintf_r+0xa6c>
    70b8:	00015737          	lui	a4,0x15
    70bc:	26070793          	add	a5,a4,608 # 15260 <__clz_tab+0x6e4>
    70c0:	02f12e23          	sw	a5,60(sp)
    70c4:	020bf713          	and	a4,s7,32
    70c8:	12070863          	beqz	a4,71f8 <_vfprintf_r+0x1568>
    70cc:	01812783          	lw	a5,24(sp)
    70d0:	00778a93          	add	s5,a5,7
    70d4:	ff8afa93          	and	s5,s5,-8
    70d8:	000aac83          	lw	s9,0(s5)
    70dc:	004aad03          	lw	s10,4(s5)
    70e0:	008a8793          	add	a5,s5,8
    70e4:	00f12c23          	sw	a5,24(sp)
    70e8:	001bf713          	and	a4,s7,1
    70ec:	00070e63          	beqz	a4,7108 <_vfprintf_r+0x1478>
    70f0:	01ace733          	or	a4,s9,s10
    70f4:	00070a63          	beqz	a4,7108 <_vfprintf_r+0x1478>
    70f8:	03000713          	li	a4,48
    70fc:	0ce10423          	sb	a4,200(sp)
    7100:	0d1104a3          	sb	a7,201(sp)
    7104:	002beb93          	or	s7,s7,2
    7108:	bffbfd93          	and	s11,s7,-1025
    710c:	00200693          	li	a3,2
    7110:	894ff06f          	j	61a4 <_vfprintf_r+0x514>
    7114:	0014c883          	lbu	a7,1(s1)
    7118:	200beb93          	or	s7,s7,512
    711c:	00148493          	add	s1,s1,1
    7120:	d21fe06f          	j	5e40 <_vfprintf_r+0x1b0>
    7124:	00015737          	lui	a4,0x15
    7128:	24c70793          	add	a5,a4,588 # 1524c <__clz_tab+0x6d0>
    712c:	02f12e23          	sw	a5,60(sp)
    7130:	f95ff06f          	j	70c4 <_vfprintf_r+0x1434>
    7134:	00812583          	lw	a1,8(sp)
    7138:	0e410613          	add	a2,sp,228
    713c:	00098513          	mv	a0,s3
    7140:	65c090ef          	jal	1079c <__sprint_r>
    7144:	9e0518e3          	bnez	a0,6b34 <_vfprintf_r+0xea4>
    7148:	0ec12703          	lw	a4,236(sp)
    714c:	000b0413          	mv	s0,s6
    7150:	f2cff06f          	j	687c <_vfprintf_r+0xbec>
    7154:	0014c883          	lbu	a7,1(s1)
    7158:	020beb93          	or	s7,s7,32
    715c:	00148493          	add	s1,s1,1
    7160:	ce1fe06f          	j	5e40 <_vfprintf_r+0x1b0>
    7164:	00600713          	li	a4,6
    7168:	00090d13          	mv	s10,s2
    716c:	1b276ce3          	bltu	a4,s2,7b24 <_vfprintf_r+0x1e94>
    7170:	000152b7          	lui	t0,0x15
    7174:	000d0c93          	mv	s9,s10
    7178:	01512c23          	sw	s5,24(sp)
    717c:	27428c13          	add	s8,t0,628 # 15274 <__clz_tab+0x6f8>
    7180:	d2dfe06f          	j	5eac <_vfprintf_r+0x21c>
    7184:	00015837          	lui	a6,0x15
    7188:	01000593          	li	a1,16
    718c:	0e812603          	lw	a2,232(sp)
    7190:	48480a93          	add	s5,a6,1156 # 15484 <zeroes.0>
    7194:	4525d063          	bge	a1,s2,75d4 <_vfprintf_r+0x1944>
    7198:	00812d83          	lw	s11,8(sp)
    719c:	01000e13          	li	t3,16
    71a0:	00700d13          	li	s10,7
    71a4:	00c0006f          	j	71b0 <_vfprintf_r+0x1520>
    71a8:	ff090913          	add	s2,s2,-16
    71ac:	432e5463          	bge	t3,s2,75d4 <_vfprintf_r+0x1944>
    71b0:	01070713          	add	a4,a4,16
    71b4:	00160613          	add	a2,a2,1
    71b8:	01542023          	sw	s5,0(s0)
    71bc:	01c42223          	sw	t3,4(s0)
    71c0:	0ee12623          	sw	a4,236(sp)
    71c4:	0ec12423          	sw	a2,232(sp)
    71c8:	00840413          	add	s0,s0,8
    71cc:	fccd5ee3          	bge	s10,a2,71a8 <_vfprintf_r+0x1518>
    71d0:	0e410613          	add	a2,sp,228
    71d4:	000d8593          	mv	a1,s11
    71d8:	00098513          	mv	a0,s3
    71dc:	5c0090ef          	jal	1079c <__sprint_r>
    71e0:	94051ae3          	bnez	a0,6b34 <_vfprintf_r+0xea4>
    71e4:	0ec12703          	lw	a4,236(sp)
    71e8:	0e812603          	lw	a2,232(sp)
    71ec:	000b0413          	mv	s0,s6
    71f0:	01000e13          	li	t3,16
    71f4:	fb5ff06f          	j	71a8 <_vfprintf_r+0x1518>
    71f8:	01812783          	lw	a5,24(sp)
    71fc:	010bf713          	and	a4,s7,16
    7200:	0007ac83          	lw	s9,0(a5)
    7204:	00478793          	add	a5,a5,4
    7208:	00f12c23          	sw	a5,24(sp)
    720c:	06071663          	bnez	a4,7278 <_vfprintf_r+0x15e8>
    7210:	040bf713          	and	a4,s7,64
    7214:	04070e63          	beqz	a4,7270 <_vfprintf_r+0x15e0>
    7218:	010c9c93          	sll	s9,s9,0x10
    721c:	010cdc93          	srl	s9,s9,0x10
    7220:	00000d13          	li	s10,0
    7224:	ec5ff06f          	j	70e8 <_vfprintf_r+0x1458>
    7228:	00812583          	lw	a1,8(sp)
    722c:	0e410613          	add	a2,sp,228
    7230:	00098513          	mv	a0,s3
    7234:	568090ef          	jal	1079c <__sprint_r>
    7238:	8e051ee3          	bnez	a0,6b34 <_vfprintf_r+0xea4>
    723c:	0ec12703          	lw	a4,236(sp)
    7240:	0e812603          	lw	a2,232(sp)
    7244:	000b0d13          	mv	s10,s6
    7248:	938ff06f          	j	6380 <_vfprintf_r+0x6f0>
    724c:	00812583          	lw	a1,8(sp)
    7250:	0e410613          	add	a2,sp,228
    7254:	00098513          	mv	a0,s3
    7258:	544090ef          	jal	1079c <__sprint_r>
    725c:	8c051ce3          	bnez	a0,6b34 <_vfprintf_r+0xea4>
    7260:	0ec12d83          	lw	s11,236(sp)
    7264:	0e812903          	lw	s2,232(sp)
    7268:	000b0d13          	mv	s10,s6
    726c:	940ff06f          	j	63ac <_vfprintf_r+0x71c>
    7270:	200bf713          	and	a4,s7,512
    7274:	0e0712e3          	bnez	a4,7b58 <_vfprintf_r+0x1ec8>
    7278:	00000d13          	li	s10,0
    727c:	e6dff06f          	j	70e8 <_vfprintf_r+0x1458>
    7280:	ccccde37          	lui	t3,0xccccd
    7284:	04012703          	lw	a4,64(sp)
    7288:	400dfe93          	and	t4,s11,1024
    728c:	00000593          	li	a1,0
    7290:	1b010613          	add	a2,sp,432
    7294:	00500813          	li	a6,5
    7298:	ccde0693          	add	a3,t3,-819 # cccccccd <_stack_top+0xacbccccd>
    729c:	ccce0b93          	add	s7,t3,-820
    72a0:	0ff00a93          	li	s5,255
    72a4:	0540006f          	j	72f8 <_vfprintf_r+0x1668>
    72a8:	019c37b3          	sltu	a5,s8,s9
    72ac:	00fc07b3          	add	a5,s8,a5
    72b0:	0307f7b3          	remu	a5,a5,a6
    72b4:	40fc87b3          	sub	a5,s9,a5
    72b8:	00fcb633          	sltu	a2,s9,a5
    72bc:	40cd0633          	sub	a2,s10,a2
    72c0:	03778e33          	mul	t3,a5,s7
    72c4:	02d60633          	mul	a2,a2,a3
    72c8:	02d7b533          	mulhu	a0,a5,a3
    72cc:	01c60633          	add	a2,a2,t3
    72d0:	02d787b3          	mul	a5,a5,a3
    72d4:	00a60633          	add	a2,a2,a0
    72d8:	01f61513          	sll	a0,a2,0x1f
    72dc:	00165613          	srl	a2,a2,0x1
    72e0:	0017d793          	srl	a5,a5,0x1
    72e4:	00f567b3          	or	a5,a0,a5
    72e8:	6e0d02e3          	beqz	s10,81cc <_vfprintf_r+0x253c>
    72ec:	00060d13          	mv	s10,a2
    72f0:	00078c93          	mv	s9,a5
    72f4:	00030613          	mv	a2,t1
    72f8:	01ac8c33          	add	s8,s9,s10
    72fc:	019c37b3          	sltu	a5,s8,s9
    7300:	00fc07b3          	add	a5,s8,a5
    7304:	0307f7b3          	remu	a5,a5,a6
    7308:	fff60313          	add	t1,a2,-1
    730c:	00158593          	add	a1,a1,1
    7310:	40fc87b3          	sub	a5,s9,a5
    7314:	00fcb533          	sltu	a0,s9,a5
    7318:	40ad0533          	sub	a0,s10,a0
    731c:	02d7be33          	mulhu	t3,a5,a3
    7320:	02d50533          	mul	a0,a0,a3
    7324:	02d787b3          	mul	a5,a5,a3
    7328:	01c50533          	add	a0,a0,t3
    732c:	01f51513          	sll	a0,a0,0x1f
    7330:	0017d793          	srl	a5,a5,0x1
    7334:	00f567b3          	or	a5,a0,a5
    7338:	00279513          	sll	a0,a5,0x2
    733c:	00f507b3          	add	a5,a0,a5
    7340:	00179793          	sll	a5,a5,0x1
    7344:	40fc87b3          	sub	a5,s9,a5
    7348:	03078793          	add	a5,a5,48
    734c:	fef60fa3          	sb	a5,-1(a2)
    7350:	f40e8ce3          	beqz	t4,72a8 <_vfprintf_r+0x1618>
    7354:	00074783          	lbu	a5,0(a4)
    7358:	f4f598e3          	bne	a1,a5,72a8 <_vfprintf_r+0x1618>
    735c:	f55586e3          	beq	a1,s5,72a8 <_vfprintf_r+0x1618>
    7360:	4a0d1263          	bnez	s10,7804 <_vfprintf_r+0x1b74>
    7364:	00900793          	li	a5,9
    7368:	4997ee63          	bltu	a5,s9,7804 <_vfprintf_r+0x1b74>
    736c:	00030c13          	mv	s8,t1
    7370:	1b010793          	add	a5,sp,432
    7374:	02b12223          	sw	a1,36(sp)
    7378:	04e12023          	sw	a4,64(sp)
    737c:	41878d33          	sub	s10,a5,s8
    7380:	000d8b93          	mv	s7,s11
    7384:	dc5fe06f          	j	6148 <_vfprintf_r+0x4b8>
    7388:	0ec12703          	lw	a4,236(sp)
    738c:	0e812603          	lw	a2,232(sp)
    7390:	000155b7          	lui	a1,0x15
    7394:	27c58593          	add	a1,a1,636 # 1527c <__clz_tab+0x700>
    7398:	00b42023          	sw	a1,0(s0)
    739c:	00170713          	add	a4,a4,1
    73a0:	00100593          	li	a1,1
    73a4:	00160613          	add	a2,a2,1
    73a8:	00b42223          	sw	a1,4(s0)
    73ac:	0ee12623          	sw	a4,236(sp)
    73b0:	0ec12423          	sw	a2,232(sp)
    73b4:	00700593          	li	a1,7
    73b8:	00840413          	add	s0,s0,8
    73bc:	4ec5c663          	blt	a1,a2,78a8 <_vfprintf_r+0x1c18>
    73c0:	14051663          	bnez	a0,750c <_vfprintf_r+0x187c>
    73c4:	02412783          	lw	a5,36(sp)
    73c8:	001bf613          	and	a2,s7,1
    73cc:	00f66633          	or	a2,a2,a5
    73d0:	00061463          	bnez	a2,73d8 <_vfprintf_r+0x1748>
    73d4:	bc1fe06f          	j	5f94 <_vfprintf_r+0x304>
    73d8:	03412783          	lw	a5,52(sp)
    73dc:	0e812603          	lw	a2,232(sp)
    73e0:	03812683          	lw	a3,56(sp)
    73e4:	00e78733          	add	a4,a5,a4
    73e8:	00160613          	add	a2,a2,1
    73ec:	00d42023          	sw	a3,0(s0)
    73f0:	00f42223          	sw	a5,4(s0)
    73f4:	0ee12623          	sw	a4,236(sp)
    73f8:	0ec12423          	sw	a2,232(sp)
    73fc:	00700593          	li	a1,7
    7400:	7ac5c263          	blt	a1,a2,7ba4 <_vfprintf_r+0x1f14>
    7404:	00840413          	add	s0,s0,8
    7408:	1380006f          	j	7540 <_vfprintf_r+0x18b0>
    740c:	00812583          	lw	a1,8(sp)
    7410:	0e410613          	add	a2,sp,228
    7414:	00098513          	mv	a0,s3
    7418:	384090ef          	jal	1079c <__sprint_r>
    741c:	f0051c63          	bnez	a0,6b34 <_vfprintf_r+0xea4>
    7420:	0ec12703          	lw	a4,236(sp)
    7424:	000b0413          	mv	s0,s6
    7428:	c18ff06f          	j	6840 <_vfprintf_r+0xbb0>
    742c:	01542023          	sw	s5,0(s0)
    7430:	01242223          	sw	s2,4(s0)
    7434:	01270733          	add	a4,a4,s2
    7438:	00160613          	add	a2,a2,1
    743c:	0ee12623          	sw	a4,236(sp)
    7440:	0ec12423          	sw	a2,232(sp)
    7444:	00700593          	li	a1,7
    7448:	00c5c463          	blt	a1,a2,7450 <_vfprintf_r+0x17c0>
    744c:	b45fe06f          	j	5f90 <_vfprintf_r+0x300>
    7450:	ff9fe06f          	j	6448 <_vfprintf_r+0x7b8>
    7454:	0f012703          	lw	a4,240(sp)
    7458:	0a010593          	add	a1,sp,160
    745c:	0b010513          	add	a0,sp,176
    7460:	0ae12823          	sw	a4,176(sp)
    7464:	0f412703          	lw	a4,244(sp)
    7468:	0a012023          	sw	zero,160(sp)
    746c:	0a012223          	sw	zero,164(sp)
    7470:	0ae12a23          	sw	a4,180(sp)
    7474:	0f812703          	lw	a4,248(sp)
    7478:	0a012423          	sw	zero,168(sp)
    747c:	0a012623          	sw	zero,172(sp)
    7480:	0ae12c23          	sw	a4,184(sp)
    7484:	0fc12703          	lw	a4,252(sp)
    7488:	0ae12e23          	sw	a4,188(sp)
    748c:	a08fa0ef          	jal	1694 <__letf2>
    7490:	01412883          	lw	a7,20(sp)
    7494:	540546e3          	bltz	a0,81e0 <_vfprintf_r+0x2550>
    7498:	0c714703          	lbu	a4,199(sp)
    749c:	04700693          	li	a3,71
    74a0:	4316d663          	bge	a3,a7,78cc <_vfprintf_r+0x1c3c>
    74a4:	000152b7          	lui	t0,0x15
    74a8:	24028c13          	add	s8,t0,576 # 15240 <__clz_tab+0x6c4>
    74ac:	00012a23          	sw	zero,20(sp)
    74b0:	02012623          	sw	zero,44(sp)
    74b4:	02012423          	sw	zero,40(sp)
    74b8:	02012023          	sw	zero,32(sp)
    74bc:	f7fbfb93          	and	s7,s7,-129
    74c0:	00300c93          	li	s9,3
    74c4:	00300d13          	li	s10,3
    74c8:	00000913          	li	s2,0
    74cc:	00070463          	beqz	a4,74d4 <_vfprintf_r+0x1844>
    74d0:	c9dfe06f          	j	616c <_vfprintf_r+0x4dc>
    74d4:	9edfe06f          	j	5ec0 <_vfprintf_r+0x230>
    74d8:	01812783          	lw	a5,24(sp)
    74dc:	01012703          	lw	a4,16(sp)
    74e0:	0007a783          	lw	a5,0(a5)
    74e4:	00e7a023          	sw	a4,0(a5)
    74e8:	ac4ff06f          	j	67ac <_vfprintf_r+0xb1c>
    74ec:	00048793          	mv	a5,s1
    74f0:	000a0493          	mv	s1,s4
    74f4:	000a8a13          	mv	s4,s5
    74f8:	00078a93          	mv	s5,a5
    74fc:	008d8db3          	add	s11,s11,s0
    7500:	00190913          	add	s2,s2,1
    7504:	015d2023          	sw	s5,0(s10)
    7508:	efdfe06f          	j	6404 <_vfprintf_r+0x774>
    750c:	03412783          	lw	a5,52(sp)
    7510:	0e812603          	lw	a2,232(sp)
    7514:	03812683          	lw	a3,56(sp)
    7518:	00e78733          	add	a4,a5,a4
    751c:	00160613          	add	a2,a2,1
    7520:	00d42023          	sw	a3,0(s0)
    7524:	00f42223          	sw	a5,4(s0)
    7528:	0ee12623          	sw	a4,236(sp)
    752c:	0ec12423          	sw	a2,232(sp)
    7530:	00700593          	li	a1,7
    7534:	00840413          	add	s0,s0,8
    7538:	66c5c663          	blt	a1,a2,7ba4 <_vfprintf_r+0x1f14>
    753c:	580540e3          	bltz	a0,82bc <_vfprintf_r+0x262c>
    7540:	02412783          	lw	a5,36(sp)
    7544:	00160613          	add	a2,a2,1
    7548:	01842023          	sw	s8,0(s0)
    754c:	00e78733          	add	a4,a5,a4
    7550:	00f42223          	sw	a5,4(s0)
    7554:	0ee12623          	sw	a4,236(sp)
    7558:	0ec12423          	sw	a2,232(sp)
    755c:	00700593          	li	a1,7
    7560:	00c5c463          	blt	a1,a2,7568 <_vfprintf_r+0x18d8>
    7564:	a2dfe06f          	j	5f90 <_vfprintf_r+0x300>
    7568:	ee1fe06f          	j	6448 <_vfprintf_r+0x7b8>
    756c:	000c0513          	mv	a0,s8
    7570:	05112823          	sw	a7,80(sp)
    7574:	6ec060ef          	jal	dc60 <strlen>
    7578:	0c714703          	lbu	a4,199(sp)
    757c:	fff54693          	not	a3,a0
    7580:	41f6d693          	sra	a3,a3,0x1f
    7584:	01512c23          	sw	s5,24(sp)
    7588:	00012a23          	sw	zero,20(sp)
    758c:	02012623          	sw	zero,44(sp)
    7590:	02012423          	sw	zero,40(sp)
    7594:	02012023          	sw	zero,32(sp)
    7598:	05012883          	lw	a7,80(sp)
    759c:	00050d13          	mv	s10,a0
    75a0:	00d57cb3          	and	s9,a0,a3
    75a4:	00000913          	li	s2,0
    75a8:	00070463          	beqz	a4,75b0 <_vfprintf_r+0x1920>
    75ac:	bc1fe06f          	j	616c <_vfprintf_r+0x4dc>
    75b0:	911fe06f          	j	5ec0 <_vfprintf_r+0x230>
    75b4:	0fc12703          	lw	a4,252(sp)
    75b8:	5c074663          	bltz	a4,7b84 <_vfprintf_r+0x1ef4>
    75bc:	0c714703          	lbu	a4,199(sp)
    75c0:	04700693          	li	a3,71
    75c4:	4716dee3          	bge	a3,a7,8240 <_vfprintf_r+0x25b0>
    75c8:	000152b7          	lui	t0,0x15
    75cc:	24828c13          	add	s8,t0,584 # 15248 <__clz_tab+0x6cc>
    75d0:	eddff06f          	j	74ac <_vfprintf_r+0x181c>
    75d4:	00e90733          	add	a4,s2,a4
    75d8:	00160613          	add	a2,a2,1
    75dc:	01542023          	sw	s5,0(s0)
    75e0:	01242223          	sw	s2,4(s0)
    75e4:	0ee12623          	sw	a4,236(sp)
    75e8:	0ec12423          	sw	a2,232(sp)
    75ec:	00700593          	li	a1,7
    75f0:	00840413          	add	s0,s0,8
    75f4:	fac5d063          	bge	a1,a2,6d94 <_vfprintf_r+0x1104>
    75f8:	00812583          	lw	a1,8(sp)
    75fc:	0e410613          	add	a2,sp,228
    7600:	00098513          	mv	a0,s3
    7604:	198090ef          	jal	1079c <__sprint_r>
    7608:	d2051663          	bnez	a0,6b34 <_vfprintf_r+0xea4>
    760c:	0ec12703          	lw	a4,236(sp)
    7610:	000b0413          	mv	s0,s6
    7614:	f80ff06f          	j	6d94 <_vfprintf_r+0x1104>
    7618:	02812d03          	lw	s10,40(sp)
    761c:	00015e37          	lui	t3,0x15
    7620:	04912a23          	sw	s1,84(sp)
    7624:	05712c23          	sw	s7,88(sp)
    7628:	03912423          	sw	s9,40(sp)
    762c:	05412e23          	sw	s4,92(sp)
    7630:	00040613          	mv	a2,s0
    7634:	04012b83          	lw	s7,64(sp)
    7638:	02c12403          	lw	s0,44(sp)
    763c:	04c12c83          	lw	s9,76(sp)
    7640:	00812483          	lw	s1,8(sp)
    7644:	00700913          	li	s2,7
    7648:	01000d93          	li	s11,16
    764c:	484e0a93          	add	s5,t3,1156 # 15484 <zeroes.0>
    7650:	080d0863          	beqz	s10,76e0 <_vfprintf_r+0x1a50>
    7654:	16040063          	beqz	s0,77b4 <_vfprintf_r+0x1b24>
    7658:	fff40413          	add	s0,s0,-1
    765c:	04812783          	lw	a5,72(sp)
    7660:	01970733          	add	a4,a4,s9
    7664:	01962223          	sw	s9,4(a2)
    7668:	00f62023          	sw	a5,0(a2)
    766c:	0e812783          	lw	a5,232(sp)
    7670:	0ee12623          	sw	a4,236(sp)
    7674:	00860613          	add	a2,a2,8
    7678:	00178793          	add	a5,a5,1
    767c:	0ef12423          	sw	a5,232(sp)
    7680:	14f94063          	blt	s2,a5,77c0 <_vfprintf_r+0x1b30>
    7684:	05012783          	lw	a5,80(sp)
    7688:	000bc683          	lbu	a3,0(s7)
    768c:	41878a33          	sub	s4,a5,s8
    7690:	0146d463          	bge	a3,s4,7698 <_vfprintf_r+0x1a08>
    7694:	00068a13          	mv	s4,a3
    7698:	03405663          	blez	s4,76c4 <_vfprintf_r+0x1a34>
    769c:	0e812683          	lw	a3,232(sp)
    76a0:	01470733          	add	a4,a4,s4
    76a4:	01862023          	sw	s8,0(a2)
    76a8:	00168693          	add	a3,a3,1
    76ac:	01462223          	sw	s4,4(a2)
    76b0:	0ee12623          	sw	a4,236(sp)
    76b4:	0ed12423          	sw	a3,232(sp)
    76b8:	12d94463          	blt	s2,a3,77e0 <_vfprintf_r+0x1b50>
    76bc:	000bc683          	lbu	a3,0(s7)
    76c0:	00860613          	add	a2,a2,8
    76c4:	fffa4593          	not	a1,s4
    76c8:	41f5d593          	sra	a1,a1,0x1f
    76cc:	00ba77b3          	and	a5,s4,a1
    76d0:	40f68a33          	sub	s4,a3,a5
    76d4:	03404c63          	bgtz	s4,770c <_vfprintf_r+0x1a7c>
    76d8:	00dc0c33          	add	s8,s8,a3
    76dc:	f60d1ce3          	bnez	s10,7654 <_vfprintf_r+0x19c4>
    76e0:	f6041ce3          	bnez	s0,7658 <_vfprintf_r+0x19c8>
    76e4:	05012783          	lw	a5,80(sp)
    76e8:	05712023          	sw	s7,64(sp)
    76ec:	05412483          	lw	s1,84(sp)
    76f0:	05812b83          	lw	s7,88(sp)
    76f4:	05c12a03          	lw	s4,92(sp)
    76f8:	02812c83          	lw	s9,40(sp)
    76fc:	00060413          	mv	s0,a2
    7700:	eb87f263          	bgeu	a5,s8,6da4 <_vfprintf_r+0x1114>
    7704:	00078c13          	mv	s8,a5
    7708:	e9cff06f          	j	6da4 <_vfprintf_r+0x1114>
    770c:	000155b7          	lui	a1,0x15
    7710:	0e812683          	lw	a3,232(sp)
    7714:	48458593          	add	a1,a1,1156 # 15484 <zeroes.0>
    7718:	074dd863          	bge	s11,s4,7788 <_vfprintf_r+0x1af8>
    771c:	02812023          	sw	s0,32(sp)
    7720:	000a0413          	mv	s0,s4
    7724:	000a8a13          	mv	s4,s5
    7728:	00c0006f          	j	7734 <_vfprintf_r+0x1aa4>
    772c:	ff040413          	add	s0,s0,-16
    7730:	048dd663          	bge	s11,s0,777c <_vfprintf_r+0x1aec>
    7734:	01070713          	add	a4,a4,16
    7738:	00168693          	add	a3,a3,1
    773c:	01562023          	sw	s5,0(a2)
    7740:	01b62223          	sw	s11,4(a2)
    7744:	0ee12623          	sw	a4,236(sp)
    7748:	0ed12423          	sw	a3,232(sp)
    774c:	00860613          	add	a2,a2,8
    7750:	fcd95ee3          	bge	s2,a3,772c <_vfprintf_r+0x1a9c>
    7754:	0e410613          	add	a2,sp,228
    7758:	00048593          	mv	a1,s1
    775c:	00098513          	mv	a0,s3
    7760:	03c090ef          	jal	1079c <__sprint_r>
    7764:	bc051863          	bnez	a0,6b34 <_vfprintf_r+0xea4>
    7768:	ff040413          	add	s0,s0,-16
    776c:	0ec12703          	lw	a4,236(sp)
    7770:	0e812683          	lw	a3,232(sp)
    7774:	000b0613          	mv	a2,s6
    7778:	fa8dcee3          	blt	s11,s0,7734 <_vfprintf_r+0x1aa4>
    777c:	000a0593          	mv	a1,s4
    7780:	00040a13          	mv	s4,s0
    7784:	02012403          	lw	s0,32(sp)
    7788:	00ea0733          	add	a4,s4,a4
    778c:	00168693          	add	a3,a3,1
    7790:	00b62023          	sw	a1,0(a2)
    7794:	01462223          	sw	s4,4(a2)
    7798:	0ee12623          	sw	a4,236(sp)
    779c:	0ed12423          	sw	a3,232(sp)
    77a0:	20d940e3          	blt	s2,a3,81a0 <_vfprintf_r+0x2510>
    77a4:	000bc683          	lbu	a3,0(s7)
    77a8:	00860613          	add	a2,a2,8
    77ac:	00dc0c33          	add	s8,s8,a3
    77b0:	f2dff06f          	j	76dc <_vfprintf_r+0x1a4c>
    77b4:	fffb8b93          	add	s7,s7,-1
    77b8:	fffd0d13          	add	s10,s10,-1
    77bc:	ea1ff06f          	j	765c <_vfprintf_r+0x19cc>
    77c0:	0e410613          	add	a2,sp,228
    77c4:	00048593          	mv	a1,s1
    77c8:	00098513          	mv	a0,s3
    77cc:	7d1080ef          	jal	1079c <__sprint_r>
    77d0:	b6051263          	bnez	a0,6b34 <_vfprintf_r+0xea4>
    77d4:	0ec12703          	lw	a4,236(sp)
    77d8:	000b0613          	mv	a2,s6
    77dc:	ea9ff06f          	j	7684 <_vfprintf_r+0x19f4>
    77e0:	0e410613          	add	a2,sp,228
    77e4:	00048593          	mv	a1,s1
    77e8:	00098513          	mv	a0,s3
    77ec:	7b1080ef          	jal	1079c <__sprint_r>
    77f0:	b4051263          	bnez	a0,6b34 <_vfprintf_r+0xea4>
    77f4:	000bc683          	lbu	a3,0(s7)
    77f8:	0ec12703          	lw	a4,236(sp)
    77fc:	000b0613          	mv	a2,s6
    7800:	ec5ff06f          	j	76c4 <_vfprintf_r+0x1a34>
    7804:	04c12783          	lw	a5,76(sp)
    7808:	04812583          	lw	a1,72(sp)
    780c:	03d12423          	sw	t4,40(sp)
    7810:	40f30333          	sub	t1,t1,a5
    7814:	00078613          	mv	a2,a5
    7818:	00030513          	mv	a0,t1
    781c:	03112223          	sw	a7,36(sp)
    7820:	02e12023          	sw	a4,32(sp)
    7824:	00612a23          	sw	t1,20(sp)
    7828:	4c4060ef          	jal	dcec <strncpy>
    782c:	019c37b3          	sltu	a5,s8,s9
    7830:	00500613          	li	a2,5
    7834:	00fc07b3          	add	a5,s8,a5
    7838:	02c7f7b3          	remu	a5,a5,a2
    783c:	02012703          	lw	a4,32(sp)
    7840:	ccccd637          	lui	a2,0xccccd
    7844:	ccd60e13          	add	t3,a2,-819 # cccccccd <_stack_top+0xacbccccd>
    7848:	ccc60513          	add	a0,a2,-820
    784c:	00174603          	lbu	a2,1(a4)
    7850:	01412303          	lw	t1,20(sp)
    7854:	02412883          	lw	a7,36(sp)
    7858:	00c03633          	snez	a2,a2
    785c:	00c70733          	add	a4,a4,a2
    7860:	02812e83          	lw	t4,40(sp)
    7864:	00000593          	li	a1,0
    7868:	00500813          	li	a6,5
    786c:	000e0693          	mv	a3,t3
    7870:	40fc87b3          	sub	a5,s9,a5
    7874:	00fcb633          	sltu	a2,s9,a5
    7878:	40cd0633          	sub	a2,s10,a2
    787c:	02a78533          	mul	a0,a5,a0
    7880:	03c60633          	mul	a2,a2,t3
    7884:	03c7bf33          	mulhu	t5,a5,t3
    7888:	00a60633          	add	a2,a2,a0
    788c:	03c78533          	mul	a0,a5,t3
    7890:	01e60633          	add	a2,a2,t5
    7894:	01f61793          	sll	a5,a2,0x1f
    7898:	00165613          	srl	a2,a2,0x1
    789c:	00155513          	srl	a0,a0,0x1
    78a0:	00a7e7b3          	or	a5,a5,a0
    78a4:	a49ff06f          	j	72ec <_vfprintf_r+0x165c>
    78a8:	00812583          	lw	a1,8(sp)
    78ac:	0e410613          	add	a2,sp,228
    78b0:	00098513          	mv	a0,s3
    78b4:	6e9080ef          	jal	1079c <__sprint_r>
    78b8:	a6051e63          	bnez	a0,6b34 <_vfprintf_r+0xea4>
    78bc:	0cc12503          	lw	a0,204(sp)
    78c0:	0ec12703          	lw	a4,236(sp)
    78c4:	000b0413          	mv	s0,s6
    78c8:	af9ff06f          	j	73c0 <_vfprintf_r+0x1730>
    78cc:	000152b7          	lui	t0,0x15
    78d0:	23c28c13          	add	s8,t0,572 # 1523c <__clz_tab+0x6c0>
    78d4:	bd9ff06f          	j	74ac <_vfprintf_r+0x181c>
    78d8:	00090693          	mv	a3,s2
    78dc:	00200613          	li	a2,2
    78e0:	0b010b93          	add	s7,sp,176
    78e4:	0d010793          	add	a5,sp,208
    78e8:	0dc10813          	add	a6,sp,220
    78ec:	0cc10713          	add	a4,sp,204
    78f0:	000b8593          	mv	a1,s7
    78f4:	00098513          	mv	a0,s3
    78f8:	05112a23          	sw	a7,84(sp)
    78fc:	04d12823          	sw	a3,80(sp)
    7900:	0be12823          	sw	t5,176(sp)
    7904:	03e12423          	sw	t5,40(sp)
    7908:	0bd12a23          	sw	t4,180(sp)
    790c:	03d12223          	sw	t4,36(sp)
    7910:	0bc12c23          	sw	t3,184(sp)
    7914:	03c12023          	sw	t3,32(sp)
    7918:	0bb12e23          	sw	s11,188(sp)
    791c:	440030ef          	jal	ad5c <_ldtoa_r>
    7920:	05412883          	lw	a7,84(sp)
    7924:	06700793          	li	a5,103
    7928:	02012e03          	lw	t3,32(sp)
    792c:	02412e83          	lw	t4,36(sp)
    7930:	02812f03          	lw	t5,40(sp)
    7934:	05012683          	lw	a3,80(sp)
    7938:	00050c13          	mv	s8,a0
    793c:	7af88263          	beq	a7,a5,80e0 <_vfprintf_r+0x2450>
    7940:	04700793          	li	a5,71
    7944:	78f88e63          	beq	a7,a5,80e0 <_vfprintf_r+0x2450>
    7948:	fdf8fa93          	and	s5,a7,-33
    794c:	04600613          	li	a2,70
    7950:	00d50cb3          	add	s9,a0,a3
    7954:	0a010d13          	add	s10,sp,160
    7958:	00ca9c63          	bne	s5,a2,7970 <_vfprintf_r+0x1ce0>
    795c:	00054583          	lbu	a1,0(a0)
    7960:	03000613          	li	a2,48
    7964:	5ec58863          	beq	a1,a2,7f54 <_vfprintf_r+0x22c4>
    7968:	0cc12683          	lw	a3,204(sp)
    796c:	00dc8cb3          	add	s9,s9,a3
    7970:	000b8513          	mv	a0,s7
    7974:	000d0593          	mv	a1,s10
    7978:	03112023          	sw	a7,32(sp)
    797c:	0be12823          	sw	t5,176(sp)
    7980:	0bd12a23          	sw	t4,180(sp)
    7984:	0bc12c23          	sw	t3,184(sp)
    7988:	0bb12e23          	sw	s11,188(sp)
    798c:	0a012023          	sw	zero,160(sp)
    7990:	0a012223          	sw	zero,164(sp)
    7994:	0a012423          	sw	zero,168(sp)
    7998:	0a012623          	sw	zero,172(sp)
    799c:	ac1f90ef          	jal	145c <__eqtf2>
    79a0:	02012883          	lw	a7,32(sp)
    79a4:	000c8b93          	mv	s7,s9
    79a8:	02050263          	beqz	a0,79cc <_vfprintf_r+0x1d3c>
    79ac:	0dc12b83          	lw	s7,220(sp)
    79b0:	019bfe63          	bgeu	s7,s9,79cc <_vfprintf_r+0x1d3c>
    79b4:	03000613          	li	a2,48
    79b8:	001b8793          	add	a5,s7,1
    79bc:	0cf12e23          	sw	a5,220(sp)
    79c0:	00cb8023          	sb	a2,0(s7)
    79c4:	0dc12b83          	lw	s7,220(sp)
    79c8:	ff9be8e3          	bltu	s7,s9,79b8 <_vfprintf_r+0x1d28>
    79cc:	418b87b3          	sub	a5,s7,s8
    79d0:	02f12223          	sw	a5,36(sp)
    79d4:	0cc12683          	lw	a3,204(sp)
    79d8:	04700793          	li	a5,71
    79dc:	02d12023          	sw	a3,32(sp)
    79e0:	70fa8e63          	beq	s5,a5,80fc <_vfprintf_r+0x246c>
    79e4:	04600793          	li	a5,70
    79e8:	14fa88e3          	beq	s5,a5,8338 <_vfprintf_r+0x26a8>
    79ec:	fff68793          	add	a5,a3,-1
    79f0:	0cf12623          	sw	a5,204(sp)
    79f4:	06100713          	li	a4,97
    79f8:	38e880e3          	beq	a7,a4,8578 <_vfprintf_r+0x28e8>
    79fc:	04100613          	li	a2,65
    7a00:	05000713          	li	a4,80
    7a04:	70c89a63          	bne	a7,a2,8118 <_vfprintf_r+0x2488>
    7a08:	00100613          	li	a2,1
    7a0c:	0ce10a23          	sb	a4,212(sp)
    7a10:	02b00713          	li	a4,43
    7a14:	0007d863          	bgez	a5,7a24 <_vfprintf_r+0x1d94>
    7a18:	00100793          	li	a5,1
    7a1c:	40d787b3          	sub	a5,a5,a3
    7a20:	02d00713          	li	a4,45
    7a24:	0ce10aa3          	sb	a4,213(sp)
    7a28:	00900713          	li	a4,9
    7a2c:	18f756e3          	bge	a4,a5,83b8 <_vfprintf_r+0x2728>
    7a30:	0e310813          	add	a6,sp,227
    7a34:	00080613          	mv	a2,a6
    7a38:	00a00593          	li	a1,10
    7a3c:	06300e13          	li	t3,99
    7a40:	02b7e733          	rem	a4,a5,a1
    7a44:	00060693          	mv	a3,a2
    7a48:	00078513          	mv	a0,a5
    7a4c:	fff60613          	add	a2,a2,-1
    7a50:	03070713          	add	a4,a4,48
    7a54:	fee68fa3          	sb	a4,-1(a3)
    7a58:	02b7c7b3          	div	a5,a5,a1
    7a5c:	feae42e3          	blt	t3,a0,7a40 <_vfprintf_r+0x1db0>
    7a60:	03078793          	add	a5,a5,48
    7a64:	ffe68713          	add	a4,a3,-2
    7a68:	fef60fa3          	sb	a5,-1(a2)
    7a6c:	31077ae3          	bgeu	a4,a6,8580 <_vfprintf_r+0x28f0>
    7a70:	0d610793          	add	a5,sp,214
    7a74:	00074603          	lbu	a2,0(a4)
    7a78:	00170713          	add	a4,a4,1
    7a7c:	00178793          	add	a5,a5,1
    7a80:	fec78fa3          	sb	a2,-1(a5)
    7a84:	ff0718e3          	bne	a4,a6,7a74 <_vfprintf_r+0x1de4>
    7a88:	0e510793          	add	a5,sp,229
    7a8c:	0d610713          	add	a4,sp,214
    7a90:	40d787b3          	sub	a5,a5,a3
    7a94:	00f707b3          	add	a5,a4,a5
    7a98:	0d410713          	add	a4,sp,212
    7a9c:	40e787b3          	sub	a5,a5,a4
    7aa0:	04f12223          	sw	a5,68(sp)
    7aa4:	04412683          	lw	a3,68(sp)
    7aa8:	02412703          	lw	a4,36(sp)
    7aac:	00100793          	li	a5,1
    7ab0:	00e68d33          	add	s10,a3,a4
    7ab4:	1ae7dae3          	bge	a5,a4,8468 <_vfprintf_r+0x27d8>
    7ab8:	03412783          	lw	a5,52(sp)
    7abc:	00fd0d33          	add	s10,s10,a5
    7ac0:	02c12783          	lw	a5,44(sp)
    7ac4:	fffd4693          	not	a3,s10
    7ac8:	41f6d693          	sra	a3,a3,0x1f
    7acc:	bff7f793          	and	a5,a5,-1025
    7ad0:	1007eb93          	or	s7,a5,256
    7ad4:	00dd7cb3          	and	s9,s10,a3
    7ad8:	02012623          	sw	zero,44(sp)
    7adc:	02012423          	sw	zero,40(sp)
    7ae0:	02012023          	sw	zero,32(sp)
    7ae4:	06012783          	lw	a5,96(sp)
    7ae8:	62078e63          	beqz	a5,8124 <_vfprintf_r+0x2494>
    7aec:	02d00713          	li	a4,45
    7af0:	0ce103a3          	sb	a4,199(sp)
    7af4:	00000913          	li	s2,0
    7af8:	001c8c93          	add	s9,s9,1
    7afc:	bc4fe06f          	j	5ec0 <_vfprintf_r+0x230>
    7b00:	00812583          	lw	a1,8(sp)
    7b04:	0e410613          	add	a2,sp,228
    7b08:	00098513          	mv	a0,s3
    7b0c:	491080ef          	jal	1079c <__sprint_r>
    7b10:	00050463          	beqz	a0,7b18 <_vfprintf_r+0x1e88>
    7b14:	820ff06f          	j	6b34 <_vfprintf_r+0xea4>
    7b18:	0ec12703          	lw	a4,236(sp)
    7b1c:	000b0413          	mv	s0,s6
    7b20:	a5cff06f          	j	6d7c <_vfprintf_r+0x10ec>
    7b24:	00600d13          	li	s10,6
    7b28:	e48ff06f          	j	7170 <_vfprintf_r+0x14e0>
    7b2c:	40c78633          	sub	a2,a5,a2
    7b30:	05012783          	lw	a5,80(sp)
    7b34:	41878933          	sub	s2,a5,s8
    7b38:	af265e63          	bge	a2,s2,6e34 <_vfprintf_r+0x11a4>
    7b3c:	00060913          	mv	s2,a2
    7b40:	af4ff06f          	j	6e34 <_vfprintf_r+0x11a4>
    7b44:	01812783          	lw	a5,24(sp)
    7b48:	01012703          	lw	a4,16(sp)
    7b4c:	0007a783          	lw	a5,0(a5)
    7b50:	00e79023          	sh	a4,0(a5)
    7b54:	c59fe06f          	j	67ac <_vfprintf_r+0xb1c>
    7b58:	0ffcfc93          	zext.b	s9,s9
    7b5c:	00000d13          	li	s10,0
    7b60:	d88ff06f          	j	70e8 <_vfprintf_r+0x1458>
    7b64:	018c9c93          	sll	s9,s9,0x18
    7b68:	418cdc93          	sra	s9,s9,0x18
    7b6c:	41fcdd13          	sra	s10,s9,0x1f
    7b70:	000d0713          	mv	a4,s10
    7b74:	da8fe06f          	j	611c <_vfprintf_r+0x48c>
    7b78:	0ffcfc93          	zext.b	s9,s9
    7b7c:	00000d13          	li	s10,0
    7b80:	e1cfe06f          	j	619c <_vfprintf_r+0x50c>
    7b84:	02d00713          	li	a4,45
    7b88:	0ce103a3          	sb	a4,199(sp)
    7b8c:	a35ff06f          	j	75c0 <_vfprintf_r+0x1930>
    7b90:	00812583          	lw	a1,8(sp)
    7b94:	03012503          	lw	a0,48(sp)
    7b98:	0e410613          	add	a2,sp,228
    7b9c:	401080ef          	jal	1079c <__sprint_r>
    7ba0:	c54fe06f          	j	5ff4 <_vfprintf_r+0x364>
    7ba4:	00812583          	lw	a1,8(sp)
    7ba8:	0e410613          	add	a2,sp,228
    7bac:	00098513          	mv	a0,s3
    7bb0:	3ed080ef          	jal	1079c <__sprint_r>
    7bb4:	00050463          	beqz	a0,7bbc <_vfprintf_r+0x1f2c>
    7bb8:	f7dfe06f          	j	6b34 <_vfprintf_r+0xea4>
    7bbc:	0cc12503          	lw	a0,204(sp)
    7bc0:	0ec12703          	lw	a4,236(sp)
    7bc4:	0e812603          	lw	a2,232(sp)
    7bc8:	000b0413          	mv	s0,s6
    7bcc:	971ff06f          	j	753c <_vfprintf_r+0x18ac>
    7bd0:	05800713          	li	a4,88
    7bd4:	03000693          	li	a3,48
    7bd8:	002be793          	or	a5,s7,2
    7bdc:	0ce104a3          	sb	a4,201(sp)
    7be0:	0cd10423          	sb	a3,200(sp)
    7be4:	06300713          	li	a4,99
    7be8:	02f12623          	sw	a5,44(sp)
    7bec:	00012a23          	sw	zero,20(sp)
    7bf0:	14c10c13          	add	s8,sp,332
    7bf4:	052748e3          	blt	a4,s2,8444 <_vfprintf_r+0x27b4>
    7bf8:	0fc12d83          	lw	s11,252(sp)
    7bfc:	102be793          	or	a5,s7,258
    7c00:	04f12e23          	sw	a5,92(sp)
    7c04:	06012023          	sw	zero,96(sp)
    7c08:	0f012f03          	lw	t5,240(sp)
    7c0c:	0f412e83          	lw	t4,244(sp)
    7c10:	0f812e03          	lw	t3,248(sp)
    7c14:	560dcc63          	bltz	s11,818c <_vfprintf_r+0x24fc>
    7c18:	06100793          	li	a5,97
    7c1c:	00f88463          	beq	a7,a5,7c24 <_vfprintf_r+0x1f94>
    7c20:	ed0fe06f          	j	62f0 <_vfprintf_r+0x660>
    7c24:	0b010b93          	add	s7,sp,176
    7c28:	000b8513          	mv	a0,s7
    7c2c:	07112223          	sw	a7,100(sp)
    7c30:	0be12823          	sw	t5,176(sp)
    7c34:	0bd12a23          	sw	t4,180(sp)
    7c38:	0bc12c23          	sw	t3,184(sp)
    7c3c:	0bb12e23          	sw	s11,188(sp)
    7c40:	d01fc0ef          	jal	4940 <__trunctfdf2>
    7c44:	0cc10613          	add	a2,sp,204
    7c48:	51d050ef          	jal	d964 <frexp>
    7c4c:	00058613          	mv	a2,a1
    7c50:	00050593          	mv	a1,a0
    7c54:	000b8513          	mv	a0,s7
    7c58:	addfc0ef          	jal	4734 <__extenddftf2>
    7c5c:	09010793          	add	a5,sp,144
    7c60:	00078593          	mv	a1,a5
    7c64:	02f12023          	sw	a5,32(sp)
    7c68:	0b012783          	lw	a5,176(sp)
    7c6c:	0a010d13          	add	s10,sp,160
    7c70:	08010613          	add	a2,sp,128
    7c74:	08f12823          	sw	a5,144(sp)
    7c78:	0b412783          	lw	a5,180(sp)
    7c7c:	000d0513          	mv	a0,s10
    7c80:	04c12a23          	sw	a2,84(sp)
    7c84:	08f12a23          	sw	a5,148(sp)
    7c88:	0b812783          	lw	a5,184(sp)
    7c8c:	08012023          	sw	zero,128(sp)
    7c90:	08012223          	sw	zero,132(sp)
    7c94:	08f12c23          	sw	a5,152(sp)
    7c98:	0bc12783          	lw	a5,188(sp)
    7c9c:	08012423          	sw	zero,136(sp)
    7ca0:	08f12e23          	sw	a5,156(sp)
    7ca4:	3ffc07b7          	lui	a5,0x3ffc0
    7ca8:	08f12623          	sw	a5,140(sp)
    7cac:	b4df90ef          	jal	17f8 <__multf3>
    7cb0:	0a012703          	lw	a4,160(sp)
    7cb4:	0a412683          	lw	a3,164(sp)
    7cb8:	0a812803          	lw	a6,168(sp)
    7cbc:	0ac12e03          	lw	t3,172(sp)
    7cc0:	000d0593          	mv	a1,s10
    7cc4:	000b8513          	mv	a0,s7
    7cc8:	0ae12823          	sw	a4,176(sp)
    7ccc:	04e12c23          	sw	a4,88(sp)
    7cd0:	0ad12a23          	sw	a3,180(sp)
    7cd4:	04d12823          	sw	a3,80(sp)
    7cd8:	0b012c23          	sw	a6,184(sp)
    7cdc:	03012423          	sw	a6,40(sp)
    7ce0:	0bc12e23          	sw	t3,188(sp)
    7ce4:	03c12223          	sw	t3,36(sp)
    7ce8:	0a012023          	sw	zero,160(sp)
    7cec:	0a012223          	sw	zero,164(sp)
    7cf0:	0a012423          	sw	zero,168(sp)
    7cf4:	0a012623          	sw	zero,172(sp)
    7cf8:	f64f90ef          	jal	145c <__eqtf2>
    7cfc:	02412e03          	lw	t3,36(sp)
    7d00:	02812803          	lw	a6,40(sp)
    7d04:	05012683          	lw	a3,80(sp)
    7d08:	05812703          	lw	a4,88(sp)
    7d0c:	06412883          	lw	a7,100(sp)
    7d10:	3a050a63          	beqz	a0,80c4 <_vfprintf_r+0x2434>
    7d14:	000157b7          	lui	a5,0x15
    7d18:	24c78393          	add	t2,a5,588 # 1524c <__clz_tab+0x6d0>
    7d1c:	fff90c93          	add	s9,s2,-1
    7d20:	07212823          	sw	s2,112(sp)
    7d24:	06812a23          	sw	s0,116(sp)
    7d28:	000c0913          	mv	s2,s8
    7d2c:	07312c23          	sw	s3,120(sp)
    7d30:	07812e23          	sw	s8,124(sp)
    7d34:	06912223          	sw	s1,100(sp)
    7d38:	07112423          	sw	a7,104(sp)
    7d3c:	07412623          	sw	s4,108(sp)
    7d40:	04712823          	sw	t2,80(sp)
    7d44:	00070993          	mv	s3,a4
    7d48:	00068a93          	mv	s5,a3
    7d4c:	00080c13          	mv	s8,a6
    7d50:	000e0413          	mv	s0,t3
    7d54:	04c0006f          	j	7da0 <_vfprintf_r+0x2110>
    7d58:	000d0593          	mv	a1,s10
    7d5c:	000b8513          	mv	a0,s7
    7d60:	02f12423          	sw	a5,40(sp)
    7d64:	02c12223          	sw	a2,36(sp)
    7d68:	0ac12c23          	sw	a2,184(sp)
    7d6c:	0af12e23          	sw	a5,188(sp)
    7d70:	0a912823          	sw	s1,176(sp)
    7d74:	0b412a23          	sw	s4,180(sp)
    7d78:	0a012023          	sw	zero,160(sp)
    7d7c:	0a012223          	sw	zero,164(sp)
    7d80:	0a012423          	sw	zero,168(sp)
    7d84:	0a012623          	sw	zero,172(sp)
    7d88:	ed4f90ef          	jal	145c <__eqtf2>
    7d8c:	fffc8593          	add	a1,s9,-1
    7d90:	000c0613          	mv	a2,s8
    7d94:	00040793          	mv	a5,s0
    7d98:	6e050c63          	beqz	a0,8490 <_vfprintf_r+0x2800>
    7d9c:	00058c93          	mv	s9,a1
    7da0:	02012603          	lw	a2,32(sp)
    7da4:	400307b7          	lui	a5,0x40030
    7da8:	000d0593          	mv	a1,s10
    7dac:	000b8513          	mv	a0,s7
    7db0:	08f12e23          	sw	a5,156(sp)
    7db4:	0b312023          	sw	s3,160(sp)
    7db8:	0b512223          	sw	s5,164(sp)
    7dbc:	0b812423          	sw	s8,168(sp)
    7dc0:	0a812623          	sw	s0,172(sp)
    7dc4:	08012823          	sw	zero,144(sp)
    7dc8:	08012a23          	sw	zero,148(sp)
    7dcc:	08012c23          	sw	zero,152(sp)
    7dd0:	a29f90ef          	jal	17f8 <__multf3>
    7dd4:	000b8513          	mv	a0,s7
    7dd8:	f2dfb0ef          	jal	3d04 <__fixtfsi>
    7ddc:	00050593          	mv	a1,a0
    7de0:	00050d93          	mv	s11,a0
    7de4:	000b8513          	mv	a0,s7
    7de8:	0b012a03          	lw	s4,176(sp)
    7dec:	0b412983          	lw	s3,180(sp)
    7df0:	0b812483          	lw	s1,184(sp)
    7df4:	0bc12403          	lw	s0,188(sp)
    7df8:	800fc0ef          	jal	3df8 <__floatsitf>
    7dfc:	0b012783          	lw	a5,176(sp)
    7e00:	05412603          	lw	a2,84(sp)
    7e04:	02012583          	lw	a1,32(sp)
    7e08:	08f12023          	sw	a5,128(sp)
    7e0c:	0b412783          	lw	a5,180(sp)
    7e10:	000d0513          	mv	a0,s10
    7e14:	09412823          	sw	s4,144(sp)
    7e18:	08f12223          	sw	a5,132(sp)
    7e1c:	0b812783          	lw	a5,184(sp)
    7e20:	09312a23          	sw	s3,148(sp)
    7e24:	08912c23          	sw	s1,152(sp)
    7e28:	08f12423          	sw	a5,136(sp)
    7e2c:	0bc12783          	lw	a5,188(sp)
    7e30:	08812e23          	sw	s0,156(sp)
    7e34:	08f12623          	sw	a5,140(sp)
    7e38:	a19fa0ef          	jal	2850 <__subtf3>
    7e3c:	05012783          	lw	a5,80(sp)
    7e40:	0a012483          	lw	s1,160(sp)
    7e44:	0a412a03          	lw	s4,164(sp)
    7e48:	01b787b3          	add	a5,a5,s11
    7e4c:	0007c703          	lbu	a4,0(a5) # 40030000 <_stack_top+0x1ff30000>
    7e50:	0a812603          	lw	a2,168(sp)
    7e54:	0ac12783          	lw	a5,172(sp)
    7e58:	05212c23          	sw	s2,88(sp)
    7e5c:	00e90023          	sb	a4,0(s2)
    7e60:	fff00713          	li	a4,-1
    7e64:	00190913          	add	s2,s2,1
    7e68:	00048993          	mv	s3,s1
    7e6c:	000a0a93          	mv	s5,s4
    7e70:	00060c13          	mv	s8,a2
    7e74:	00078413          	mv	s0,a5
    7e78:	eeec90e3          	bne	s9,a4,7d58 <_vfprintf_r+0x20c8>
    7e7c:	00090a93          	mv	s5,s2
    7e80:	00048f13          	mv	t5,s1
    7e84:	000a0e93          	mv	t4,s4
    7e88:	06812883          	lw	a7,104(sp)
    7e8c:	07412403          	lw	s0,116(sp)
    7e90:	07012903          	lw	s2,112(sp)
    7e94:	05012383          	lw	t2,80(sp)
    7e98:	07812983          	lw	s3,120(sp)
    7e9c:	07c12c03          	lw	s8,124(sp)
    7ea0:	06412483          	lw	s1,100(sp)
    7ea4:	06c12a03          	lw	s4,108(sp)
    7ea8:	fff00713          	li	a4,-1
    7eac:	3ffe06b7          	lui	a3,0x3ffe0
    7eb0:	000d0593          	mv	a1,s10
    7eb4:	000b8513          	mv	a0,s7
    7eb8:	02712223          	sw	t2,36(sp)
    7ebc:	03112023          	sw	a7,32(sp)
    7ec0:	06e12423          	sw	a4,104(sp)
    7ec4:	0be12823          	sw	t5,176(sp)
    7ec8:	07e12223          	sw	t5,100(sp)
    7ecc:	0bd12a23          	sw	t4,180(sp)
    7ed0:	05d12a23          	sw	t4,84(sp)
    7ed4:	0ac12c23          	sw	a2,184(sp)
    7ed8:	04c12823          	sw	a2,80(sp)
    7edc:	0af12e23          	sw	a5,188(sp)
    7ee0:	02f12423          	sw	a5,40(sp)
    7ee4:	0a012023          	sw	zero,160(sp)
    7ee8:	0a012223          	sw	zero,164(sp)
    7eec:	0a012423          	sw	zero,168(sp)
    7ef0:	0ad12623          	sw	a3,172(sp)
    7ef4:	e3cf90ef          	jal	1530 <__getf2>
    7ef8:	02012883          	lw	a7,32(sp)
    7efc:	02412383          	lw	t2,36(sp)
    7f00:	4ea04463          	bgtz	a0,83e8 <_vfprintf_r+0x2758>
    7f04:	000d0593          	mv	a1,s10
    7f08:	000b8513          	mv	a0,s7
    7f0c:	d50f90ef          	jal	145c <__eqtf2>
    7f10:	02012883          	lw	a7,32(sp)
    7f14:	02412383          	lw	t2,36(sp)
    7f18:	06812703          	lw	a4,104(sp)
    7f1c:	00051663          	bnez	a0,7f28 <_vfprintf_r+0x2298>
    7f20:	001dfd93          	and	s11,s11,1
    7f24:	4c0d9263          	bnez	s11,83e8 <_vfprintf_r+0x2758>
    7f28:	00170b93          	add	s7,a4,1
    7f2c:	017a8bb3          	add	s7,s5,s7
    7f30:	03000693          	li	a3,48
    7f34:	4e074e63          	bltz	a4,8430 <_vfprintf_r+0x27a0>
    7f38:	001a8a93          	add	s5,s5,1
    7f3c:	feda8fa3          	sb	a3,-1(s5)
    7f40:	ff5b9ce3          	bne	s7,s5,7f38 <_vfprintf_r+0x22a8>
    7f44:	418b87b3          	sub	a5,s7,s8
    7f48:	02f12223          	sw	a5,36(sp)
    7f4c:	fdf8fa93          	and	s5,a7,-33
    7f50:	a85ff06f          	j	79d4 <_vfprintf_r+0x1d44>
    7f54:	000d0593          	mv	a1,s10
    7f58:	000b8513          	mv	a0,s7
    7f5c:	05112823          	sw	a7,80(sp)
    7f60:	0be12823          	sw	t5,176(sp)
    7f64:	03e12423          	sw	t5,40(sp)
    7f68:	0bd12a23          	sw	t4,180(sp)
    7f6c:	03d12223          	sw	t4,36(sp)
    7f70:	0bc12c23          	sw	t3,184(sp)
    7f74:	03c12023          	sw	t3,32(sp)
    7f78:	04d12a23          	sw	a3,84(sp)
    7f7c:	0bb12e23          	sw	s11,188(sp)
    7f80:	0a012023          	sw	zero,160(sp)
    7f84:	0a012223          	sw	zero,164(sp)
    7f88:	0a012423          	sw	zero,168(sp)
    7f8c:	0a012623          	sw	zero,172(sp)
    7f90:	cccf90ef          	jal	145c <__eqtf2>
    7f94:	02012e03          	lw	t3,32(sp)
    7f98:	02412e83          	lw	t4,36(sp)
    7f9c:	02812f03          	lw	t5,40(sp)
    7fa0:	05012883          	lw	a7,80(sp)
    7fa4:	9c0502e3          	beqz	a0,7968 <_vfprintf_r+0x1cd8>
    7fa8:	05412683          	lw	a3,84(sp)
    7fac:	00100613          	li	a2,1
    7fb0:	40d606b3          	sub	a3,a2,a3
    7fb4:	0cd12623          	sw	a3,204(sp)
    7fb8:	9b5ff06f          	j	796c <_vfprintf_r+0x1cdc>
    7fbc:	00190693          	add	a3,s2,1
    7fc0:	00200613          	li	a2,2
    7fc4:	91dff06f          	j	78e0 <_vfprintf_r+0x1c50>
    7fc8:	00090693          	mv	a3,s2
    7fcc:	00300613          	li	a2,3
    7fd0:	911ff06f          	j	78e0 <_vfprintf_r+0x1c50>
    7fd4:	0b010b93          	add	s7,sp,176
    7fd8:	000b8513          	mv	a0,s7
    7fdc:	07112223          	sw	a7,100(sp)
    7fe0:	0be12823          	sw	t5,176(sp)
    7fe4:	0bd12a23          	sw	t4,180(sp)
    7fe8:	0bc12c23          	sw	t3,184(sp)
    7fec:	0bb12e23          	sw	s11,188(sp)
    7ff0:	951fc0ef          	jal	4940 <__trunctfdf2>
    7ff4:	0cc10613          	add	a2,sp,204
    7ff8:	16d050ef          	jal	d964 <frexp>
    7ffc:	00058613          	mv	a2,a1
    8000:	00050593          	mv	a1,a0
    8004:	000b8513          	mv	a0,s7
    8008:	f2cfc0ef          	jal	4734 <__extenddftf2>
    800c:	09010793          	add	a5,sp,144
    8010:	00078593          	mv	a1,a5
    8014:	02f12023          	sw	a5,32(sp)
    8018:	0b012783          	lw	a5,176(sp)
    801c:	0a010d13          	add	s10,sp,160
    8020:	08010613          	add	a2,sp,128
    8024:	08f12823          	sw	a5,144(sp)
    8028:	0b412783          	lw	a5,180(sp)
    802c:	000d0513          	mv	a0,s10
    8030:	04c12a23          	sw	a2,84(sp)
    8034:	08f12a23          	sw	a5,148(sp)
    8038:	0b812783          	lw	a5,184(sp)
    803c:	08012023          	sw	zero,128(sp)
    8040:	08012223          	sw	zero,132(sp)
    8044:	08f12c23          	sw	a5,152(sp)
    8048:	0bc12783          	lw	a5,188(sp)
    804c:	08012423          	sw	zero,136(sp)
    8050:	08f12e23          	sw	a5,156(sp)
    8054:	3ffc07b7          	lui	a5,0x3ffc0
    8058:	08f12623          	sw	a5,140(sp)
    805c:	f9cf90ef          	jal	17f8 <__multf3>
    8060:	0a012703          	lw	a4,160(sp)
    8064:	0a412683          	lw	a3,164(sp)
    8068:	0a812803          	lw	a6,168(sp)
    806c:	0ac12e03          	lw	t3,172(sp)
    8070:	000d0593          	mv	a1,s10
    8074:	000b8513          	mv	a0,s7
    8078:	0ae12823          	sw	a4,176(sp)
    807c:	04e12c23          	sw	a4,88(sp)
    8080:	0ad12a23          	sw	a3,180(sp)
    8084:	04d12823          	sw	a3,80(sp)
    8088:	0b012c23          	sw	a6,184(sp)
    808c:	03012423          	sw	a6,40(sp)
    8090:	0bc12e23          	sw	t3,188(sp)
    8094:	03c12223          	sw	t3,36(sp)
    8098:	0a012023          	sw	zero,160(sp)
    809c:	0a012223          	sw	zero,164(sp)
    80a0:	0a012423          	sw	zero,168(sp)
    80a4:	0a012623          	sw	zero,172(sp)
    80a8:	bb4f90ef          	jal	145c <__eqtf2>
    80ac:	02412e03          	lw	t3,36(sp)
    80b0:	02812803          	lw	a6,40(sp)
    80b4:	05012683          	lw	a3,80(sp)
    80b8:	05812703          	lw	a4,88(sp)
    80bc:	06412883          	lw	a7,100(sp)
    80c0:	00051a63          	bnez	a0,80d4 <_vfprintf_r+0x2444>
    80c4:	00100793          	li	a5,1
    80c8:	0cf12623          	sw	a5,204(sp)
    80cc:	06100793          	li	a5,97
    80d0:	c4f882e3          	beq	a7,a5,7d14 <_vfprintf_r+0x2084>
    80d4:	000157b7          	lui	a5,0x15
    80d8:	26078393          	add	t2,a5,608 # 15260 <__clz_tab+0x6e4>
    80dc:	c41ff06f          	j	7d1c <_vfprintf_r+0x208c>
    80e0:	02c12783          	lw	a5,44(sp)
    80e4:	0017f793          	and	a5,a5,1
    80e8:	2c079063          	bnez	a5,83a8 <_vfprintf_r+0x2718>
    80ec:	0dc12b83          	lw	s7,220(sp)
    80f0:	0cc12683          	lw	a3,204(sp)
    80f4:	418b87b3          	sub	a5,s7,s8
    80f8:	02f12223          	sw	a5,36(sp)
    80fc:	ffd00793          	li	a5,-3
    8100:	02d12023          	sw	a3,32(sp)
    8104:	00f6c463          	blt	a3,a5,810c <_vfprintf_r+0x247c>
    8108:	02d95863          	bge	s2,a3,8138 <_vfprintf_r+0x24a8>
    810c:	fff68793          	add	a5,a3,-1 # 3ffdffff <_stack_top+0x1fedffff>
    8110:	ffe88893          	add	a7,a7,-2
    8114:	0cf12623          	sw	a5,204(sp)
    8118:	0ff8f713          	zext.b	a4,a7
    811c:	00000613          	li	a2,0
    8120:	8edff06f          	j	7a0c <_vfprintf_r+0x1d7c>
    8124:	0c714703          	lbu	a4,199(sp)
    8128:	00000913          	li	s2,0
    812c:	00070463          	beqz	a4,8134 <_vfprintf_r+0x24a4>
    8130:	83cfe06f          	j	616c <_vfprintf_r+0x4dc>
    8134:	d8dfd06f          	j	5ec0 <_vfprintf_r+0x230>
    8138:	02412783          	lw	a5,36(sp)
    813c:	14f6c463          	blt	a3,a5,8284 <_vfprintf_r+0x25f4>
    8140:	02c12783          	lw	a5,44(sp)
    8144:	00068d13          	mv	s10,a3
    8148:	0017f793          	and	a5,a5,1
    814c:	00078663          	beqz	a5,8158 <_vfprintf_r+0x24c8>
    8150:	03412783          	lw	a5,52(sp)
    8154:	00f68d33          	add	s10,a3,a5
    8158:	02c12783          	lw	a5,44(sp)
    815c:	4007f793          	and	a5,a5,1024
    8160:	00078463          	beqz	a5,8168 <_vfprintf_r+0x24d8>
    8164:	36d04063          	bgtz	a3,84c4 <_vfprintf_r+0x2834>
    8168:	fffd4693          	not	a3,s10
    816c:	05c12b83          	lw	s7,92(sp)
    8170:	41f6d693          	sra	a3,a3,0x1f
    8174:	00dd7cb3          	and	s9,s10,a3
    8178:	06700893          	li	a7,103
    817c:	02012623          	sw	zero,44(sp)
    8180:	02012423          	sw	zero,40(sp)
    8184:	961ff06f          	j	7ae4 <_vfprintf_r+0x1e54>
    8188:	00012a23          	sw	zero,20(sp)
    818c:	800007b7          	lui	a5,0x80000
    8190:	01b7cdb3          	xor	s11,a5,s11
    8194:	02d00793          	li	a5,45
    8198:	06f12023          	sw	a5,96(sp)
    819c:	a7dff06f          	j	7c18 <_vfprintf_r+0x1f88>
    81a0:	0e410613          	add	a2,sp,228
    81a4:	00048593          	mv	a1,s1
    81a8:	00098513          	mv	a0,s3
    81ac:	5f0080ef          	jal	1079c <__sprint_r>
    81b0:	00050463          	beqz	a0,81b8 <_vfprintf_r+0x2528>
    81b4:	981fe06f          	j	6b34 <_vfprintf_r+0xea4>
    81b8:	000bc683          	lbu	a3,0(s7)
    81bc:	0ec12703          	lw	a4,236(sp)
    81c0:	000b0613          	mv	a2,s6
    81c4:	00dc0c33          	add	s8,s8,a3
    81c8:	d14ff06f          	j	76dc <_vfprintf_r+0x1a4c>
    81cc:	00900513          	li	a0,9
    81d0:	91956e63          	bltu	a0,s9,72ec <_vfprintf_r+0x165c>
    81d4:	998ff06f          	j	736c <_vfprintf_r+0x16dc>
    81d8:	07800713          	li	a4,120
    81dc:	9f9ff06f          	j	7bd4 <_vfprintf_r+0x1f44>
    81e0:	02d00713          	li	a4,45
    81e4:	0ce103a3          	sb	a4,199(sp)
    81e8:	ab4ff06f          	j	749c <_vfprintf_r+0x180c>
    81ec:	00812583          	lw	a1,8(sp)
    81f0:	0e410613          	add	a2,sp,228
    81f4:	00098513          	mv	a0,s3
    81f8:	5a4080ef          	jal	1079c <__sprint_r>
    81fc:	00050463          	beqz	a0,8204 <_vfprintf_r+0x2574>
    8200:	935fe06f          	j	6b34 <_vfprintf_r+0xea4>
    8204:	0cc12603          	lw	a2,204(sp)
    8208:	0ec12703          	lw	a4,236(sp)
    820c:	000b0413          	mv	s0,s6
    8210:	bddfe06f          	j	6dec <_vfprintf_r+0x115c>
    8214:	0c714703          	lbu	a4,199(sp)
    8218:	01512c23          	sw	s5,24(sp)
    821c:	02012623          	sw	zero,44(sp)
    8220:	02012423          	sw	zero,40(sp)
    8224:	02012023          	sw	zero,32(sp)
    8228:	00090c93          	mv	s9,s2
    822c:	00090d13          	mv	s10,s2
    8230:	00000913          	li	s2,0
    8234:	00070463          	beqz	a4,823c <_vfprintf_r+0x25ac>
    8238:	f35fd06f          	j	616c <_vfprintf_r+0x4dc>
    823c:	c85fd06f          	j	5ec0 <_vfprintf_r+0x230>
    8240:	000152b7          	lui	t0,0x15
    8244:	24428c13          	add	s8,t0,580 # 15244 <__clz_tab+0x6c8>
    8248:	a64ff06f          	j	74ac <_vfprintf_r+0x181c>
    824c:	00812583          	lw	a1,8(sp)
    8250:	0e410613          	add	a2,sp,228
    8254:	00098513          	mv	a0,s3
    8258:	544080ef          	jal	1079c <__sprint_r>
    825c:	00050463          	beqz	a0,8264 <_vfprintf_r+0x25d4>
    8260:	8d5fe06f          	j	6b34 <_vfprintf_r+0xea4>
    8264:	0cc12603          	lw	a2,204(sp)
    8268:	02412783          	lw	a5,36(sp)
    826c:	0ec12703          	lw	a4,236(sp)
    8270:	000b0413          	mv	s0,s6
    8274:	40c78633          	sub	a2,a5,a2
    8278:	bbdfe06f          	j	6e34 <_vfprintf_r+0x11a4>
    827c:	000b8d93          	mv	s11,s7
    8280:	ba0fe06f          	j	6620 <_vfprintf_r+0x990>
    8284:	02412783          	lw	a5,36(sp)
    8288:	03412703          	lw	a4,52(sp)
    828c:	06700893          	li	a7,103
    8290:	00e78d33          	add	s10,a5,a4
    8294:	02012783          	lw	a5,32(sp)
    8298:	2af05863          	blez	a5,8548 <_vfprintf_r+0x28b8>
    829c:	02c12783          	lw	a5,44(sp)
    82a0:	4007f793          	and	a5,a5,1024
    82a4:	22079263          	bnez	a5,84c8 <_vfprintf_r+0x2838>
    82a8:	fffd4693          	not	a3,s10
    82ac:	41f6d693          	sra	a3,a3,0x1f
    82b0:	05c12b83          	lw	s7,92(sp)
    82b4:	00dd7cb3          	and	s9,s10,a3
    82b8:	ec5ff06f          	j	817c <_vfprintf_r+0x24ec>
    82bc:	00015837          	lui	a6,0x15
    82c0:	ff000593          	li	a1,-16
    82c4:	40a00933          	neg	s2,a0
    82c8:	48480a93          	add	s5,a6,1156 # 15484 <zeroes.0>
    82cc:	01000d13          	li	s10,16
    82d0:	00700d93          	li	s11,7
    82d4:	00b54863          	blt	a0,a1,82e4 <_vfprintf_r+0x2654>
    82d8:	0840006f          	j	835c <_vfprintf_r+0x26cc>
    82dc:	ff090913          	add	s2,s2,-16
    82e0:	072d5e63          	bge	s10,s2,835c <_vfprintf_r+0x26cc>
    82e4:	01070713          	add	a4,a4,16
    82e8:	00160613          	add	a2,a2,1
    82ec:	01542023          	sw	s5,0(s0)
    82f0:	01a42223          	sw	s10,4(s0)
    82f4:	0ee12623          	sw	a4,236(sp)
    82f8:	0ec12423          	sw	a2,232(sp)
    82fc:	00840413          	add	s0,s0,8
    8300:	fccddee3          	bge	s11,a2,82dc <_vfprintf_r+0x264c>
    8304:	00812583          	lw	a1,8(sp)
    8308:	0e410613          	add	a2,sp,228
    830c:	00098513          	mv	a0,s3
    8310:	48c080ef          	jal	1079c <__sprint_r>
    8314:	00050463          	beqz	a0,831c <_vfprintf_r+0x268c>
    8318:	81dfe06f          	j	6b34 <_vfprintf_r+0xea4>
    831c:	0ec12703          	lw	a4,236(sp)
    8320:	0e812603          	lw	a2,232(sp)
    8324:	000b0413          	mv	s0,s6
    8328:	fb5ff06f          	j	82dc <_vfprintf_r+0x264c>
    832c:	fff00793          	li	a5,-1
    8330:	00f12823          	sw	a5,16(sp)
    8334:	cd5fd06f          	j	6008 <_vfprintf_r+0x378>
    8338:	02c12783          	lw	a5,44(sp)
    833c:	02012703          	lw	a4,32(sp)
    8340:	0017f793          	and	a5,a5,1
    8344:	0127e7b3          	or	a5,a5,s2
    8348:	24e05263          	blez	a4,858c <_vfprintf_r+0x28fc>
    834c:	20079c63          	bnez	a5,8564 <_vfprintf_r+0x28d4>
    8350:	02012d03          	lw	s10,32(sp)
    8354:	06600893          	li	a7,102
    8358:	f45ff06f          	j	829c <_vfprintf_r+0x260c>
    835c:	01270733          	add	a4,a4,s2
    8360:	00160613          	add	a2,a2,1
    8364:	01542023          	sw	s5,0(s0)
    8368:	01242223          	sw	s2,4(s0)
    836c:	0ee12623          	sw	a4,236(sp)
    8370:	0ec12423          	sw	a2,232(sp)
    8374:	00700593          	li	a1,7
    8378:	00c5c463          	blt	a1,a2,8380 <_vfprintf_r+0x26f0>
    837c:	888ff06f          	j	7404 <_vfprintf_r+0x1774>
    8380:	00812583          	lw	a1,8(sp)
    8384:	0e410613          	add	a2,sp,228
    8388:	00098513          	mv	a0,s3
    838c:	410080ef          	jal	1079c <__sprint_r>
    8390:	00050463          	beqz	a0,8398 <_vfprintf_r+0x2708>
    8394:	fa0fe06f          	j	6b34 <_vfprintf_r+0xea4>
    8398:	0ec12703          	lw	a4,236(sp)
    839c:	0e812603          	lw	a2,232(sp)
    83a0:	000b0413          	mv	s0,s6
    83a4:	99cff06f          	j	7540 <_vfprintf_r+0x18b0>
    83a8:	00dc0cb3          	add	s9,s8,a3
    83ac:	04700a93          	li	s5,71
    83b0:	0a010d13          	add	s10,sp,160
    83b4:	dbcff06f          	j	7970 <_vfprintf_r+0x1ce0>
    83b8:	0d610713          	add	a4,sp,214
    83bc:	00061863          	bnez	a2,83cc <_vfprintf_r+0x273c>
    83c0:	03000713          	li	a4,48
    83c4:	0ce10b23          	sb	a4,214(sp)
    83c8:	0d710713          	add	a4,sp,215
    83cc:	1b010693          	add	a3,sp,432
    83d0:	03078793          	add	a5,a5,48 # 80000030 <_stack_top+0x5ff00030>
    83d4:	40d706b3          	sub	a3,a4,a3
    83d8:	00f70023          	sb	a5,0(a4)
    83dc:	0dd68793          	add	a5,a3,221
    83e0:	04f12223          	sw	a5,68(sp)
    83e4:	ec0ff06f          	j	7aa4 <_vfprintf_r+0x1e14>
    83e8:	05812783          	lw	a5,88(sp)
    83ec:	00f3c603          	lbu	a2,15(t2)
    83f0:	000a8713          	mv	a4,s5
    83f4:	0cf12e23          	sw	a5,220(sp)
    83f8:	fffac683          	lbu	a3,-1(s5)
    83fc:	02c69063          	bne	a3,a2,841c <_vfprintf_r+0x278c>
    8400:	03000593          	li	a1,48
    8404:	feb70fa3          	sb	a1,-1(a4)
    8408:	0dc12703          	lw	a4,220(sp)
    840c:	fff70793          	add	a5,a4,-1
    8410:	0cf12e23          	sw	a5,220(sp)
    8414:	fff74683          	lbu	a3,-1(a4)
    8418:	fed606e3          	beq	a2,a3,8404 <_vfprintf_r+0x2774>
    841c:	00168613          	add	a2,a3,1
    8420:	03900593          	li	a1,57
    8424:	0ff67613          	zext.b	a2,a2
    8428:	00b68863          	beq	a3,a1,8438 <_vfprintf_r+0x27a8>
    842c:	fec70fa3          	sb	a2,-1(a4)
    8430:	000a8b93          	mv	s7,s5
    8434:	b11ff06f          	j	7f44 <_vfprintf_r+0x22b4>
    8438:	00a3c603          	lbu	a2,10(t2)
    843c:	fec70fa3          	sb	a2,-1(a4)
    8440:	ff1ff06f          	j	8430 <_vfprintf_r+0x27a0>
    8444:	00190593          	add	a1,s2,1
    8448:	00098513          	mv	a0,s3
    844c:	01112a23          	sw	a7,20(sp)
    8450:	f09fc0ef          	jal	5358 <_malloc_r>
    8454:	01412883          	lw	a7,20(sp)
    8458:	00050c13          	mv	s8,a0
    845c:	18050863          	beqz	a0,85ec <_vfprintf_r+0x295c>
    8460:	00a12a23          	sw	a0,20(sp)
    8464:	f94ff06f          	j	7bf8 <_vfprintf_r+0x1f68>
    8468:	02c12783          	lw	a5,44(sp)
    846c:	0017f793          	and	a5,a5,1
    8470:	e4078863          	beqz	a5,7ac0 <_vfprintf_r+0x1e30>
    8474:	e44ff06f          	j	7ab8 <_vfprintf_r+0x1e28>
    8478:	00090463          	beqz	s2,8480 <_vfprintf_r+0x27f0>
    847c:	e49fd06f          	j	62c4 <_vfprintf_r+0x634>
    8480:	00100913          	li	s2,1
    8484:	e41fd06f          	j	62c4 <_vfprintf_r+0x634>
    8488:	00600913          	li	s2,6
    848c:	e39fd06f          	j	62c4 <_vfprintf_r+0x634>
    8490:	00090a93          	mv	s5,s2
    8494:	00048f13          	mv	t5,s1
    8498:	000a0e93          	mv	t4,s4
    849c:	06812883          	lw	a7,104(sp)
    84a0:	07412403          	lw	s0,116(sp)
    84a4:	07012903          	lw	s2,112(sp)
    84a8:	05012383          	lw	t2,80(sp)
    84ac:	07812983          	lw	s3,120(sp)
    84b0:	07c12c03          	lw	s8,124(sp)
    84b4:	06412483          	lw	s1,100(sp)
    84b8:	06c12a03          	lw	s4,108(sp)
    84bc:	000c8713          	mv	a4,s9
    84c0:	9edff06f          	j	7eac <_vfprintf_r+0x221c>
    84c4:	06700893          	li	a7,103
    84c8:	04012603          	lw	a2,64(sp)
    84cc:	0ff00713          	li	a4,255
    84d0:	00064783          	lbu	a5,0(a2)
    84d4:	12e78663          	beq	a5,a4,8600 <_vfprintf_r+0x2970>
    84d8:	02012683          	lw	a3,32(sp)
    84dc:	00000513          	li	a0,0
    84e0:	00000593          	li	a1,0
    84e4:	00d7de63          	bge	a5,a3,8500 <_vfprintf_r+0x2870>
    84e8:	40f686b3          	sub	a3,a3,a5
    84ec:	00164783          	lbu	a5,1(a2)
    84f0:	04078663          	beqz	a5,853c <_vfprintf_r+0x28ac>
    84f4:	00158593          	add	a1,a1,1
    84f8:	00160613          	add	a2,a2,1
    84fc:	fee794e3          	bne	a5,a4,84e4 <_vfprintf_r+0x2854>
    8500:	04c12023          	sw	a2,64(sp)
    8504:	02d12023          	sw	a3,32(sp)
    8508:	02b12423          	sw	a1,40(sp)
    850c:	02a12623          	sw	a0,44(sp)
    8510:	02c12783          	lw	a5,44(sp)
    8514:	02812703          	lw	a4,40(sp)
    8518:	05c12b83          	lw	s7,92(sp)
    851c:	00e78733          	add	a4,a5,a4
    8520:	04c12783          	lw	a5,76(sp)
    8524:	02f70733          	mul	a4,a4,a5
    8528:	01a70d33          	add	s10,a4,s10
    852c:	fffd4693          	not	a3,s10
    8530:	41f6d693          	sra	a3,a3,0x1f
    8534:	00dd7cb3          	and	s9,s10,a3
    8538:	dacff06f          	j	7ae4 <_vfprintf_r+0x1e54>
    853c:	00064783          	lbu	a5,0(a2)
    8540:	00150513          	add	a0,a0,1
    8544:	fb9ff06f          	j	84fc <_vfprintf_r+0x286c>
    8548:	40fd0e33          	sub	t3,s10,a5
    854c:	001e0d13          	add	s10,t3,1
    8550:	fffd4693          	not	a3,s10
    8554:	41f6d693          	sra	a3,a3,0x1f
    8558:	05c12b83          	lw	s7,92(sp)
    855c:	00dd7cb3          	and	s9,s10,a3
    8560:	c1dff06f          	j	817c <_vfprintf_r+0x24ec>
    8564:	03412783          	lw	a5,52(sp)
    8568:	06600893          	li	a7,102
    856c:	00f70e33          	add	t3,a4,a5
    8570:	012e0d33          	add	s10,t3,s2
    8574:	d29ff06f          	j	829c <_vfprintf_r+0x260c>
    8578:	07000713          	li	a4,112
    857c:	c8cff06f          	j	7a08 <_vfprintf_r+0x1d78>
    8580:	00200793          	li	a5,2
    8584:	04f12223          	sw	a5,68(sp)
    8588:	d1cff06f          	j	7aa4 <_vfprintf_r+0x1e14>
    858c:	00079c63          	bnez	a5,85a4 <_vfprintf_r+0x2914>
    8590:	05c12b83          	lw	s7,92(sp)
    8594:	00100c93          	li	s9,1
    8598:	06600893          	li	a7,102
    859c:	00100d13          	li	s10,1
    85a0:	bddff06f          	j	817c <_vfprintf_r+0x24ec>
    85a4:	03412783          	lw	a5,52(sp)
    85a8:	05c12b83          	lw	s7,92(sp)
    85ac:	06600893          	li	a7,102
    85b0:	00178e13          	add	t3,a5,1
    85b4:	012e0d33          	add	s10,t3,s2
    85b8:	fffd4693          	not	a3,s10
    85bc:	41f6d693          	sra	a3,a3,0x1f
    85c0:	00dd7cb3          	and	s9,s10,a3
    85c4:	bb9ff06f          	j	817c <_vfprintf_r+0x24ec>
    85c8:	01812783          	lw	a5,24(sp)
    85cc:	0007a903          	lw	s2,0(a5)
    85d0:	00478793          	add	a5,a5,4
    85d4:	00095463          	bgez	s2,85dc <_vfprintf_r+0x294c>
    85d8:	fff00913          	li	s2,-1
    85dc:	0014c883          	lbu	a7,1(s1)
    85e0:	00f12c23          	sw	a5,24(sp)
    85e4:	00070493          	mv	s1,a4
    85e8:	859fd06f          	j	5e40 <_vfprintf_r+0x1b0>
    85ec:	00812703          	lw	a4,8(sp)
    85f0:	00c75783          	lhu	a5,12(a4)
    85f4:	0407e793          	or	a5,a5,64
    85f8:	00f71623          	sh	a5,12(a4)
    85fc:	9f9fd06f          	j	5ff4 <_vfprintf_r+0x364>
    8600:	02012623          	sw	zero,44(sp)
    8604:	02012423          	sw	zero,40(sp)
    8608:	f09ff06f          	j	8510 <_vfprintf_r+0x2880>

0000860c <vfprintf>:
    860c:	00050793          	mv	a5,a0
    8610:	1a41a503          	lw	a0,420(gp) # 200009a4 <_impure_ptr>
    8614:	00060693          	mv	a3,a2
    8618:	00058613          	mv	a2,a1
    861c:	00078593          	mv	a1,a5
    8620:	e70fd06f          	j	5c90 <_vfprintf_r>

00008624 <__sbprintf>:
    8624:	00c59783          	lh	a5,12(a1)
    8628:	00e5d703          	lhu	a4,14(a1)
    862c:	0645a303          	lw	t1,100(a1)
    8630:	ffd7f793          	and	a5,a5,-3
    8634:	01079793          	sll	a5,a5,0x10
    8638:	01c5a883          	lw	a7,28(a1)
    863c:	0245a803          	lw	a6,36(a1)
    8640:	01071713          	sll	a4,a4,0x10
    8644:	0107d793          	srl	a5,a5,0x10
    8648:	b8010113          	add	sp,sp,-1152
    864c:	00e7e7b3          	or	a5,a5,a4
    8650:	46812c23          	sw	s0,1144(sp)
    8654:	40000713          	li	a4,1024
    8658:	00f12a23          	sw	a5,20(sp)
    865c:	00058413          	mv	s0,a1
    8660:	07010793          	add	a5,sp,112
    8664:	00810593          	add	a1,sp,8
    8668:	46912a23          	sw	s1,1140(sp)
    866c:	47212823          	sw	s2,1136(sp)
    8670:	46112e23          	sw	ra,1148(sp)
    8674:	00050913          	mv	s2,a0
    8678:	06612623          	sw	t1,108(sp)
    867c:	03112223          	sw	a7,36(sp)
    8680:	03012623          	sw	a6,44(sp)
    8684:	00f12423          	sw	a5,8(sp)
    8688:	00f12c23          	sw	a5,24(sp)
    868c:	00e12823          	sw	a4,16(sp)
    8690:	00e12e23          	sw	a4,28(sp)
    8694:	02012023          	sw	zero,32(sp)
    8698:	df8fd0ef          	jal	5c90 <_vfprintf_r>
    869c:	00050493          	mv	s1,a0
    86a0:	02055c63          	bgez	a0,86d8 <__sbprintf+0xb4>
    86a4:	01415783          	lhu	a5,20(sp)
    86a8:	0407f793          	and	a5,a5,64
    86ac:	00078863          	beqz	a5,86bc <__sbprintf+0x98>
    86b0:	00c45783          	lhu	a5,12(s0)
    86b4:	0407e793          	or	a5,a5,64
    86b8:	00f41623          	sh	a5,12(s0)
    86bc:	47c12083          	lw	ra,1148(sp)
    86c0:	47812403          	lw	s0,1144(sp)
    86c4:	47012903          	lw	s2,1136(sp)
    86c8:	00048513          	mv	a0,s1
    86cc:	47412483          	lw	s1,1140(sp)
    86d0:	48010113          	add	sp,sp,1152
    86d4:	00008067          	ret
    86d8:	00810593          	add	a1,sp,8
    86dc:	00090513          	mv	a0,s2
    86e0:	39c000ef          	jal	8a7c <_fflush_r>
    86e4:	fc0500e3          	beqz	a0,86a4 <__sbprintf+0x80>
    86e8:	fff00493          	li	s1,-1
    86ec:	fb9ff06f          	j	86a4 <__sbprintf+0x80>

000086f0 <__swsetup_r>:
    86f0:	1a41a783          	lw	a5,420(gp) # 200009a4 <_impure_ptr>
    86f4:	ff010113          	add	sp,sp,-16
    86f8:	00812423          	sw	s0,8(sp)
    86fc:	00912223          	sw	s1,4(sp)
    8700:	00112623          	sw	ra,12(sp)
    8704:	00050493          	mv	s1,a0
    8708:	00058413          	mv	s0,a1
    870c:	00078663          	beqz	a5,8718 <__swsetup_r+0x28>
    8710:	0387a703          	lw	a4,56(a5)
    8714:	08070063          	beqz	a4,8794 <__swsetup_r+0xa4>
    8718:	00c41783          	lh	a5,12(s0)
    871c:	0087f713          	and	a4,a5,8
    8720:	08070463          	beqz	a4,87a8 <__swsetup_r+0xb8>
    8724:	01042703          	lw	a4,16(s0)
    8728:	0a070063          	beqz	a4,87c8 <__swsetup_r+0xd8>
    872c:	0017f693          	and	a3,a5,1
    8730:	02068863          	beqz	a3,8760 <__swsetup_r+0x70>
    8734:	01442683          	lw	a3,20(s0)
    8738:	00042423          	sw	zero,8(s0)
    873c:	00000513          	li	a0,0
    8740:	40d006b3          	neg	a3,a3
    8744:	00d42c23          	sw	a3,24(s0)
    8748:	02070a63          	beqz	a4,877c <__swsetup_r+0x8c>
    874c:	00c12083          	lw	ra,12(sp)
    8750:	00812403          	lw	s0,8(sp)
    8754:	00412483          	lw	s1,4(sp)
    8758:	01010113          	add	sp,sp,16
    875c:	00008067          	ret
    8760:	0027f693          	and	a3,a5,2
    8764:	00000613          	li	a2,0
    8768:	00069463          	bnez	a3,8770 <__swsetup_r+0x80>
    876c:	01442603          	lw	a2,20(s0)
    8770:	00c42423          	sw	a2,8(s0)
    8774:	00000513          	li	a0,0
    8778:	fc071ae3          	bnez	a4,874c <__swsetup_r+0x5c>
    877c:	0807f713          	and	a4,a5,128
    8780:	fc0706e3          	beqz	a4,874c <__swsetup_r+0x5c>
    8784:	0407e793          	or	a5,a5,64
    8788:	00f41623          	sh	a5,12(s0)
    878c:	fff00513          	li	a0,-1
    8790:	fbdff06f          	j	874c <__swsetup_r+0x5c>
    8794:	00078513          	mv	a0,a5
    8798:	714000ef          	jal	8eac <__sinit>
    879c:	00c41783          	lh	a5,12(s0)
    87a0:	0087f713          	and	a4,a5,8
    87a4:	f80710e3          	bnez	a4,8724 <__swsetup_r+0x34>
    87a8:	0107f713          	and	a4,a5,16
    87ac:	06070a63          	beqz	a4,8820 <__swsetup_r+0x130>
    87b0:	0047f713          	and	a4,a5,4
    87b4:	02071c63          	bnez	a4,87ec <__swsetup_r+0xfc>
    87b8:	01042703          	lw	a4,16(s0)
    87bc:	0087e793          	or	a5,a5,8
    87c0:	00f41623          	sh	a5,12(s0)
    87c4:	f60714e3          	bnez	a4,872c <__swsetup_r+0x3c>
    87c8:	2807f693          	and	a3,a5,640
    87cc:	20000613          	li	a2,512
    87d0:	f4c68ee3          	beq	a3,a2,872c <__swsetup_r+0x3c>
    87d4:	00040593          	mv	a1,s0
    87d8:	00048513          	mv	a0,s1
    87dc:	239030ef          	jal	c214 <__smakebuf_r>
    87e0:	00c41783          	lh	a5,12(s0)
    87e4:	01042703          	lw	a4,16(s0)
    87e8:	f45ff06f          	j	872c <__swsetup_r+0x3c>
    87ec:	03042583          	lw	a1,48(s0)
    87f0:	00058e63          	beqz	a1,880c <__swsetup_r+0x11c>
    87f4:	04040713          	add	a4,s0,64
    87f8:	00e58863          	beq	a1,a4,8808 <__swsetup_r+0x118>
    87fc:	00048513          	mv	a0,s1
    8800:	029000ef          	jal	9028 <_free_r>
    8804:	00c41783          	lh	a5,12(s0)
    8808:	02042823          	sw	zero,48(s0)
    880c:	01042703          	lw	a4,16(s0)
    8810:	fdb7f793          	and	a5,a5,-37
    8814:	00042223          	sw	zero,4(s0)
    8818:	00e42023          	sw	a4,0(s0)
    881c:	fa1ff06f          	j	87bc <__swsetup_r+0xcc>
    8820:	00900713          	li	a4,9
    8824:	00e4a023          	sw	a4,0(s1)
    8828:	0407e793          	or	a5,a5,64
    882c:	f5dff06f          	j	8788 <__swsetup_r+0x98>

00008830 <__sflush_r>:
    8830:	00c59783          	lh	a5,12(a1)
    8834:	fe010113          	add	sp,sp,-32
    8838:	00812c23          	sw	s0,24(sp)
    883c:	01312623          	sw	s3,12(sp)
    8840:	00112e23          	sw	ra,28(sp)
    8844:	00912a23          	sw	s1,20(sp)
    8848:	01212823          	sw	s2,16(sp)
    884c:	0087f713          	and	a4,a5,8
    8850:	00058413          	mv	s0,a1
    8854:	00050993          	mv	s3,a0
    8858:	12071263          	bnez	a4,897c <__sflush_r+0x14c>
    885c:	00001737          	lui	a4,0x1
    8860:	80070713          	add	a4,a4,-2048 # 800 <__divdf3+0x68>
    8864:	0045a683          	lw	a3,4(a1)
    8868:	00e7e733          	or	a4,a5,a4
    886c:	00e59623          	sh	a4,12(a1)
    8870:	18d05863          	blez	a3,8a00 <__sflush_r+0x1d0>
    8874:	02842803          	lw	a6,40(s0)
    8878:	0e080263          	beqz	a6,895c <__sflush_r+0x12c>
    887c:	00c7d793          	srl	a5,a5,0xc
    8880:	0009a483          	lw	s1,0(s3)
    8884:	0017f793          	and	a5,a5,1
    8888:	0009a023          	sw	zero,0(s3)
    888c:	01c42583          	lw	a1,28(s0)
    8890:	18079063          	bnez	a5,8a10 <__sflush_r+0x1e0>
    8894:	00000613          	li	a2,0
    8898:	00100693          	li	a3,1
    889c:	00098513          	mv	a0,s3
    88a0:	000800e7          	jalr	a6
    88a4:	fff00793          	li	a5,-1
    88a8:	00050613          	mv	a2,a0
    88ac:	1af50063          	beq	a0,a5,8a4c <__sflush_r+0x21c>
    88b0:	00c41703          	lh	a4,12(s0)
    88b4:	02842803          	lw	a6,40(s0)
    88b8:	01c42583          	lw	a1,28(s0)
    88bc:	00477713          	and	a4,a4,4
    88c0:	00070e63          	beqz	a4,88dc <__sflush_r+0xac>
    88c4:	00442703          	lw	a4,4(s0)
    88c8:	03042783          	lw	a5,48(s0)
    88cc:	40e60633          	sub	a2,a2,a4
    88d0:	00078663          	beqz	a5,88dc <__sflush_r+0xac>
    88d4:	03c42783          	lw	a5,60(s0)
    88d8:	40f60633          	sub	a2,a2,a5
    88dc:	00000693          	li	a3,0
    88e0:	00098513          	mv	a0,s3
    88e4:	000800e7          	jalr	a6
    88e8:	fff00793          	li	a5,-1
    88ec:	12f51663          	bne	a0,a5,8a18 <__sflush_r+0x1e8>
    88f0:	0009a683          	lw	a3,0(s3)
    88f4:	01d00793          	li	a5,29
    88f8:	0cd7ee63          	bltu	a5,a3,89d4 <__sflush_r+0x1a4>
    88fc:	dfc00737          	lui	a4,0xdfc00
    8900:	ffe70713          	add	a4,a4,-2 # dfbffffe <_stack_top+0xbfaffffe>
    8904:	40d75733          	sra	a4,a4,a3
    8908:	00177713          	and	a4,a4,1
    890c:	00c41783          	lh	a5,12(s0)
    8910:	0c071463          	bnez	a4,89d8 <__sflush_r+0x1a8>
    8914:	01042603          	lw	a2,16(s0)
    8918:	fffff737          	lui	a4,0xfffff
    891c:	7ff70713          	add	a4,a4,2047 # fffff7ff <_stack_top+0xdfeff7ff>
    8920:	00e7f733          	and	a4,a5,a4
    8924:	00c7d793          	srl	a5,a5,0xc
    8928:	00e41623          	sh	a4,12(s0)
    892c:	00042223          	sw	zero,4(s0)
    8930:	00c42023          	sw	a2,0(s0)
    8934:	0017f793          	and	a5,a5,1
    8938:	12079c63          	bnez	a5,8a70 <__sflush_r+0x240>
    893c:	03042583          	lw	a1,48(s0)
    8940:	0099a023          	sw	s1,0(s3)
    8944:	00058c63          	beqz	a1,895c <__sflush_r+0x12c>
    8948:	04040793          	add	a5,s0,64
    894c:	00f58663          	beq	a1,a5,8958 <__sflush_r+0x128>
    8950:	00098513          	mv	a0,s3
    8954:	6d4000ef          	jal	9028 <_free_r>
    8958:	02042823          	sw	zero,48(s0)
    895c:	00000513          	li	a0,0
    8960:	01c12083          	lw	ra,28(sp)
    8964:	01812403          	lw	s0,24(sp)
    8968:	01412483          	lw	s1,20(sp)
    896c:	01012903          	lw	s2,16(sp)
    8970:	00c12983          	lw	s3,12(sp)
    8974:	02010113          	add	sp,sp,32
    8978:	00008067          	ret
    897c:	0105a903          	lw	s2,16(a1)
    8980:	fc090ee3          	beqz	s2,895c <__sflush_r+0x12c>
    8984:	0005a483          	lw	s1,0(a1)
    8988:	0037f793          	and	a5,a5,3
    898c:	0125a023          	sw	s2,0(a1)
    8990:	412484b3          	sub	s1,s1,s2
    8994:	00000713          	li	a4,0
    8998:	00079463          	bnez	a5,89a0 <__sflush_r+0x170>
    899c:	0145a703          	lw	a4,20(a1)
    89a0:	00e42423          	sw	a4,8(s0)
    89a4:	00904863          	bgtz	s1,89b4 <__sflush_r+0x184>
    89a8:	fb5ff06f          	j	895c <__sflush_r+0x12c>
    89ac:	00a90933          	add	s2,s2,a0
    89b0:	fa9056e3          	blez	s1,895c <__sflush_r+0x12c>
    89b4:	02442783          	lw	a5,36(s0)
    89b8:	01c42583          	lw	a1,28(s0)
    89bc:	00048693          	mv	a3,s1
    89c0:	00090613          	mv	a2,s2
    89c4:	00098513          	mv	a0,s3
    89c8:	000780e7          	jalr	a5
    89cc:	40a484b3          	sub	s1,s1,a0
    89d0:	fca04ee3          	bgtz	a0,89ac <__sflush_r+0x17c>
    89d4:	00c41783          	lh	a5,12(s0)
    89d8:	0407e793          	or	a5,a5,64
    89dc:	01c12083          	lw	ra,28(sp)
    89e0:	00f41623          	sh	a5,12(s0)
    89e4:	01812403          	lw	s0,24(sp)
    89e8:	01412483          	lw	s1,20(sp)
    89ec:	01012903          	lw	s2,16(sp)
    89f0:	00c12983          	lw	s3,12(sp)
    89f4:	fff00513          	li	a0,-1
    89f8:	02010113          	add	sp,sp,32
    89fc:	00008067          	ret
    8a00:	03c5a683          	lw	a3,60(a1)
    8a04:	e6d048e3          	bgtz	a3,8874 <__sflush_r+0x44>
    8a08:	00000513          	li	a0,0
    8a0c:	f55ff06f          	j	8960 <__sflush_r+0x130>
    8a10:	05042603          	lw	a2,80(s0)
    8a14:	ea9ff06f          	j	88bc <__sflush_r+0x8c>
    8a18:	00c41783          	lh	a5,12(s0)
    8a1c:	01042683          	lw	a3,16(s0)
    8a20:	fffff737          	lui	a4,0xfffff
    8a24:	7ff70713          	add	a4,a4,2047 # fffff7ff <_stack_top+0xdfeff7ff>
    8a28:	00e7f733          	and	a4,a5,a4
    8a2c:	00c7d793          	srl	a5,a5,0xc
    8a30:	00e41623          	sh	a4,12(s0)
    8a34:	00042223          	sw	zero,4(s0)
    8a38:	00d42023          	sw	a3,0(s0)
    8a3c:	0017f793          	and	a5,a5,1
    8a40:	ee078ee3          	beqz	a5,893c <__sflush_r+0x10c>
    8a44:	04a42823          	sw	a0,80(s0)
    8a48:	ef5ff06f          	j	893c <__sflush_r+0x10c>
    8a4c:	0009a783          	lw	a5,0(s3)
    8a50:	e60780e3          	beqz	a5,88b0 <__sflush_r+0x80>
    8a54:	01d00713          	li	a4,29
    8a58:	00e78663          	beq	a5,a4,8a64 <__sflush_r+0x234>
    8a5c:	01600713          	li	a4,22
    8a60:	f6e79ae3          	bne	a5,a4,89d4 <__sflush_r+0x1a4>
    8a64:	0099a023          	sw	s1,0(s3)
    8a68:	00000513          	li	a0,0
    8a6c:	ef5ff06f          	j	8960 <__sflush_r+0x130>
    8a70:	ec0696e3          	bnez	a3,893c <__sflush_r+0x10c>
    8a74:	04a42823          	sw	a0,80(s0)
    8a78:	ec5ff06f          	j	893c <__sflush_r+0x10c>

00008a7c <_fflush_r>:
    8a7c:	fe010113          	add	sp,sp,-32
    8a80:	00812c23          	sw	s0,24(sp)
    8a84:	00112e23          	sw	ra,28(sp)
    8a88:	00050413          	mv	s0,a0
    8a8c:	00050663          	beqz	a0,8a98 <_fflush_r+0x1c>
    8a90:	03852783          	lw	a5,56(a0)
    8a94:	02078063          	beqz	a5,8ab4 <_fflush_r+0x38>
    8a98:	00c59783          	lh	a5,12(a1)
    8a9c:	02079663          	bnez	a5,8ac8 <_fflush_r+0x4c>
    8aa0:	01c12083          	lw	ra,28(sp)
    8aa4:	01812403          	lw	s0,24(sp)
    8aa8:	00000513          	li	a0,0
    8aac:	02010113          	add	sp,sp,32
    8ab0:	00008067          	ret
    8ab4:	00b12623          	sw	a1,12(sp)
    8ab8:	3f4000ef          	jal	8eac <__sinit>
    8abc:	00c12583          	lw	a1,12(sp)
    8ac0:	00c59783          	lh	a5,12(a1)
    8ac4:	fc078ee3          	beqz	a5,8aa0 <_fflush_r+0x24>
    8ac8:	00040513          	mv	a0,s0
    8acc:	01812403          	lw	s0,24(sp)
    8ad0:	01c12083          	lw	ra,28(sp)
    8ad4:	02010113          	add	sp,sp,32
    8ad8:	d59ff06f          	j	8830 <__sflush_r>

00008adc <fflush>:
    8adc:	06050663          	beqz	a0,8b48 <fflush+0x6c>
    8ae0:	fe010113          	add	sp,sp,-32
    8ae4:	00812c23          	sw	s0,24(sp)
    8ae8:	00050413          	mv	s0,a0
    8aec:	1a41a503          	lw	a0,420(gp) # 200009a4 <_impure_ptr>
    8af0:	00112e23          	sw	ra,28(sp)
    8af4:	00050663          	beqz	a0,8b00 <fflush+0x24>
    8af8:	03852783          	lw	a5,56(a0)
    8afc:	02078a63          	beqz	a5,8b30 <fflush+0x54>
    8b00:	00c41783          	lh	a5,12(s0)
    8b04:	00079c63          	bnez	a5,8b1c <fflush+0x40>
    8b08:	01c12083          	lw	ra,28(sp)
    8b0c:	01812403          	lw	s0,24(sp)
    8b10:	00000513          	li	a0,0
    8b14:	02010113          	add	sp,sp,32
    8b18:	00008067          	ret
    8b1c:	00040593          	mv	a1,s0
    8b20:	01812403          	lw	s0,24(sp)
    8b24:	01c12083          	lw	ra,28(sp)
    8b28:	02010113          	add	sp,sp,32
    8b2c:	d05ff06f          	j	8830 <__sflush_r>
    8b30:	00a12623          	sw	a0,12(sp)
    8b34:	378000ef          	jal	8eac <__sinit>
    8b38:	00c41783          	lh	a5,12(s0)
    8b3c:	00c12503          	lw	a0,12(sp)
    8b40:	fc0784e3          	beqz	a5,8b08 <fflush+0x2c>
    8b44:	fd9ff06f          	j	8b1c <fflush+0x40>
    8b48:	000167b7          	lui	a5,0x16
    8b4c:	f707a503          	lw	a0,-144(a5) # 15f70 <_global_impure_ptr>
    8b50:	000095b7          	lui	a1,0x9
    8b54:	a7c58593          	add	a1,a1,-1412 # 8a7c <_fflush_r>
    8b58:	07d0006f          	j	93d4 <_fwalk_reent>

00008b5c <__fp_lock>:
    8b5c:	00000513          	li	a0,0
    8b60:	00008067          	ret

00008b64 <_cleanup_r>:
    8b64:	000125b7          	lui	a1,0x12
    8b68:	e5458593          	add	a1,a1,-428 # 11e54 <_fclose_r>
    8b6c:	0690006f          	j	93d4 <_fwalk_reent>

00008b70 <__fp_unlock>:
    8b70:	00000513          	li	a0,0
    8b74:	00008067          	ret

00008b78 <__sinit.part.0>:
    8b78:	fe010113          	add	sp,sp,-32
    8b7c:	000097b7          	lui	a5,0x9
    8b80:	00112e23          	sw	ra,28(sp)
    8b84:	00812c23          	sw	s0,24(sp)
    8b88:	00912a23          	sw	s1,20(sp)
    8b8c:	01212823          	sw	s2,16(sp)
    8b90:	01312623          	sw	s3,12(sp)
    8b94:	01412423          	sw	s4,8(sp)
    8b98:	01512223          	sw	s5,4(sp)
    8b9c:	01612023          	sw	s6,0(sp)
    8ba0:	00452403          	lw	s0,4(a0)
    8ba4:	b6478793          	add	a5,a5,-1180 # 8b64 <_cleanup_r>
    8ba8:	02f52e23          	sw	a5,60(a0)
    8bac:	2ec50713          	add	a4,a0,748
    8bb0:	00300793          	li	a5,3
    8bb4:	2ee52423          	sw	a4,744(a0)
    8bb8:	2ef52223          	sw	a5,740(a0)
    8bbc:	2e052023          	sw	zero,736(a0)
    8bc0:	00400793          	li	a5,4
    8bc4:	00050913          	mv	s2,a0
    8bc8:	00f42623          	sw	a5,12(s0)
    8bcc:	00800613          	li	a2,8
    8bd0:	00000593          	li	a1,0
    8bd4:	00042023          	sw	zero,0(s0)
    8bd8:	00042223          	sw	zero,4(s0)
    8bdc:	00042423          	sw	zero,8(s0)
    8be0:	06042223          	sw	zero,100(s0)
    8be4:	00042823          	sw	zero,16(s0)
    8be8:	00042a23          	sw	zero,20(s0)
    8bec:	00042c23          	sw	zero,24(s0)
    8bf0:	05c40513          	add	a0,s0,92
    8bf4:	ac9f70ef          	jal	6bc <memset>
    8bf8:	0000eb37          	lui	s6,0xe
    8bfc:	00892483          	lw	s1,8(s2)
    8c00:	0000eab7          	lui	s5,0xe
    8c04:	0000ea37          	lui	s4,0xe
    8c08:	0000e9b7          	lui	s3,0xe
    8c0c:	af4b0b13          	add	s6,s6,-1292 # daf4 <__sread>
    8c10:	b58a8a93          	add	s5,s5,-1192 # db58 <__swrite>
    8c14:	be0a0a13          	add	s4,s4,-1056 # dbe0 <__sseek>
    8c18:	c5898993          	add	s3,s3,-936 # dc58 <__sclose>
    8c1c:	000107b7          	lui	a5,0x10
    8c20:	03642023          	sw	s6,32(s0)
    8c24:	03542223          	sw	s5,36(s0)
    8c28:	03442423          	sw	s4,40(s0)
    8c2c:	03342623          	sw	s3,44(s0)
    8c30:	00842e23          	sw	s0,28(s0)
    8c34:	00978793          	add	a5,a5,9 # 10009 <_svfprintf_r+0x2271>
    8c38:	00f4a623          	sw	a5,12(s1)
    8c3c:	00800613          	li	a2,8
    8c40:	00000593          	li	a1,0
    8c44:	0004a023          	sw	zero,0(s1)
    8c48:	0004a223          	sw	zero,4(s1)
    8c4c:	0004a423          	sw	zero,8(s1)
    8c50:	0604a223          	sw	zero,100(s1)
    8c54:	0004a823          	sw	zero,16(s1)
    8c58:	0004aa23          	sw	zero,20(s1)
    8c5c:	0004ac23          	sw	zero,24(s1)
    8c60:	05c48513          	add	a0,s1,92
    8c64:	a59f70ef          	jal	6bc <memset>
    8c68:	00c92403          	lw	s0,12(s2)
    8c6c:	000207b7          	lui	a5,0x20
    8c70:	0364a023          	sw	s6,32(s1)
    8c74:	0354a223          	sw	s5,36(s1)
    8c78:	0344a423          	sw	s4,40(s1)
    8c7c:	0334a623          	sw	s3,44(s1)
    8c80:	0094ae23          	sw	s1,28(s1)
    8c84:	01278793          	add	a5,a5,18 # 20012 <_sidata+0xa082>
    8c88:	00f42623          	sw	a5,12(s0)
    8c8c:	00042023          	sw	zero,0(s0)
    8c90:	00042223          	sw	zero,4(s0)
    8c94:	00042423          	sw	zero,8(s0)
    8c98:	06042223          	sw	zero,100(s0)
    8c9c:	00042823          	sw	zero,16(s0)
    8ca0:	00042a23          	sw	zero,20(s0)
    8ca4:	00042c23          	sw	zero,24(s0)
    8ca8:	05c40513          	add	a0,s0,92
    8cac:	00800613          	li	a2,8
    8cb0:	00000593          	li	a1,0
    8cb4:	a09f70ef          	jal	6bc <memset>
    8cb8:	01c12083          	lw	ra,28(sp)
    8cbc:	03642023          	sw	s6,32(s0)
    8cc0:	03542223          	sw	s5,36(s0)
    8cc4:	03442423          	sw	s4,40(s0)
    8cc8:	03342623          	sw	s3,44(s0)
    8ccc:	00842e23          	sw	s0,28(s0)
    8cd0:	01812403          	lw	s0,24(sp)
    8cd4:	00100793          	li	a5,1
    8cd8:	02f92c23          	sw	a5,56(s2)
    8cdc:	01412483          	lw	s1,20(sp)
    8ce0:	01012903          	lw	s2,16(sp)
    8ce4:	00c12983          	lw	s3,12(sp)
    8ce8:	00812a03          	lw	s4,8(sp)
    8cec:	00412a83          	lw	s5,4(sp)
    8cf0:	00012b03          	lw	s6,0(sp)
    8cf4:	02010113          	add	sp,sp,32
    8cf8:	00008067          	ret

00008cfc <__sfmoreglue>:
    8cfc:	ff010113          	add	sp,sp,-16
    8d00:	00912223          	sw	s1,4(sp)
    8d04:	06800793          	li	a5,104
    8d08:	fff58493          	add	s1,a1,-1
    8d0c:	02f484b3          	mul	s1,s1,a5
    8d10:	01212023          	sw	s2,0(sp)
    8d14:	00058913          	mv	s2,a1
    8d18:	00812423          	sw	s0,8(sp)
    8d1c:	00112623          	sw	ra,12(sp)
    8d20:	07448593          	add	a1,s1,116
    8d24:	e34fc0ef          	jal	5358 <_malloc_r>
    8d28:	00050413          	mv	s0,a0
    8d2c:	02050063          	beqz	a0,8d4c <__sfmoreglue+0x50>
    8d30:	00c50513          	add	a0,a0,12
    8d34:	00042023          	sw	zero,0(s0)
    8d38:	01242223          	sw	s2,4(s0)
    8d3c:	00a42423          	sw	a0,8(s0)
    8d40:	06848613          	add	a2,s1,104
    8d44:	00000593          	li	a1,0
    8d48:	975f70ef          	jal	6bc <memset>
    8d4c:	00c12083          	lw	ra,12(sp)
    8d50:	00040513          	mv	a0,s0
    8d54:	00812403          	lw	s0,8(sp)
    8d58:	00412483          	lw	s1,4(sp)
    8d5c:	00012903          	lw	s2,0(sp)
    8d60:	01010113          	add	sp,sp,16
    8d64:	00008067          	ret

00008d68 <__sfp>:
    8d68:	fe010113          	add	sp,sp,-32
    8d6c:	000167b7          	lui	a5,0x16
    8d70:	01212823          	sw	s2,16(sp)
    8d74:	f707a903          	lw	s2,-144(a5) # 15f70 <_global_impure_ptr>
    8d78:	01312623          	sw	s3,12(sp)
    8d7c:	00112e23          	sw	ra,28(sp)
    8d80:	03892783          	lw	a5,56(s2)
    8d84:	00812c23          	sw	s0,24(sp)
    8d88:	00912a23          	sw	s1,20(sp)
    8d8c:	00050993          	mv	s3,a0
    8d90:	0a078663          	beqz	a5,8e3c <__sfp+0xd4>
    8d94:	2e090913          	add	s2,s2,736
    8d98:	fff00493          	li	s1,-1
    8d9c:	00492783          	lw	a5,4(s2)
    8da0:	00892403          	lw	s0,8(s2)
    8da4:	fff78793          	add	a5,a5,-1
    8da8:	0007d863          	bgez	a5,8db8 <__sfp+0x50>
    8dac:	0800006f          	j	8e2c <__sfp+0xc4>
    8db0:	06840413          	add	s0,s0,104
    8db4:	06978c63          	beq	a5,s1,8e2c <__sfp+0xc4>
    8db8:	00c41703          	lh	a4,12(s0)
    8dbc:	fff78793          	add	a5,a5,-1
    8dc0:	fe0718e3          	bnez	a4,8db0 <__sfp+0x48>
    8dc4:	ffff07b7          	lui	a5,0xffff0
    8dc8:	00178793          	add	a5,a5,1 # ffff0001 <_stack_top+0xdfef0001>
    8dcc:	00f42623          	sw	a5,12(s0)
    8dd0:	06042223          	sw	zero,100(s0)
    8dd4:	00042023          	sw	zero,0(s0)
    8dd8:	00042423          	sw	zero,8(s0)
    8ddc:	00042223          	sw	zero,4(s0)
    8de0:	00042823          	sw	zero,16(s0)
    8de4:	00042a23          	sw	zero,20(s0)
    8de8:	00042c23          	sw	zero,24(s0)
    8dec:	00800613          	li	a2,8
    8df0:	00000593          	li	a1,0
    8df4:	05c40513          	add	a0,s0,92
    8df8:	8c5f70ef          	jal	6bc <memset>
    8dfc:	02042823          	sw	zero,48(s0)
    8e00:	02042a23          	sw	zero,52(s0)
    8e04:	04042223          	sw	zero,68(s0)
    8e08:	04042423          	sw	zero,72(s0)
    8e0c:	01c12083          	lw	ra,28(sp)
    8e10:	00040513          	mv	a0,s0
    8e14:	01812403          	lw	s0,24(sp)
    8e18:	01412483          	lw	s1,20(sp)
    8e1c:	01012903          	lw	s2,16(sp)
    8e20:	00c12983          	lw	s3,12(sp)
    8e24:	02010113          	add	sp,sp,32
    8e28:	00008067          	ret
    8e2c:	00092403          	lw	s0,0(s2)
    8e30:	00040c63          	beqz	s0,8e48 <__sfp+0xe0>
    8e34:	00040913          	mv	s2,s0
    8e38:	f65ff06f          	j	8d9c <__sfp+0x34>
    8e3c:	00090513          	mv	a0,s2
    8e40:	d39ff0ef          	jal	8b78 <__sinit.part.0>
    8e44:	f51ff06f          	j	8d94 <__sfp+0x2c>
    8e48:	1ac00593          	li	a1,428
    8e4c:	00098513          	mv	a0,s3
    8e50:	d08fc0ef          	jal	5358 <_malloc_r>
    8e54:	00050413          	mv	s0,a0
    8e58:	02050863          	beqz	a0,8e88 <__sfp+0x120>
    8e5c:	00c50513          	add	a0,a0,12
    8e60:	00400793          	li	a5,4
    8e64:	00042023          	sw	zero,0(s0)
    8e68:	00f42223          	sw	a5,4(s0)
    8e6c:	00a42423          	sw	a0,8(s0)
    8e70:	1a000613          	li	a2,416
    8e74:	00000593          	li	a1,0
    8e78:	845f70ef          	jal	6bc <memset>
    8e7c:	00892023          	sw	s0,0(s2)
    8e80:	00040913          	mv	s2,s0
    8e84:	f19ff06f          	j	8d9c <__sfp+0x34>
    8e88:	00092023          	sw	zero,0(s2)
    8e8c:	00c00793          	li	a5,12
    8e90:	00f9a023          	sw	a5,0(s3)
    8e94:	f79ff06f          	j	8e0c <__sfp+0xa4>

00008e98 <_cleanup>:
    8e98:	000167b7          	lui	a5,0x16
    8e9c:	f707a503          	lw	a0,-144(a5) # 15f70 <_global_impure_ptr>
    8ea0:	000125b7          	lui	a1,0x12
    8ea4:	e5458593          	add	a1,a1,-428 # 11e54 <_fclose_r>
    8ea8:	52c0006f          	j	93d4 <_fwalk_reent>

00008eac <__sinit>:
    8eac:	03852783          	lw	a5,56(a0)
    8eb0:	00078463          	beqz	a5,8eb8 <__sinit+0xc>
    8eb4:	00008067          	ret
    8eb8:	cc1ff06f          	j	8b78 <__sinit.part.0>

00008ebc <__sfp_lock_acquire>:
    8ebc:	00008067          	ret

00008ec0 <__sfp_lock_release>:
    8ec0:	00008067          	ret

00008ec4 <__sinit_lock_acquire>:
    8ec4:	00008067          	ret

00008ec8 <__sinit_lock_release>:
    8ec8:	00008067          	ret

00008ecc <__fp_lock_all>:
    8ecc:	1a41a503          	lw	a0,420(gp) # 200009a4 <_impure_ptr>
    8ed0:	000095b7          	lui	a1,0x9
    8ed4:	b5c58593          	add	a1,a1,-1188 # 8b5c <__fp_lock>
    8ed8:	4580006f          	j	9330 <_fwalk>

00008edc <__fp_unlock_all>:
    8edc:	1a41a503          	lw	a0,420(gp) # 200009a4 <_impure_ptr>
    8ee0:	000095b7          	lui	a1,0x9
    8ee4:	b7058593          	add	a1,a1,-1168 # 8b70 <__fp_unlock>
    8ee8:	4480006f          	j	9330 <_fwalk>

00008eec <_malloc_trim_r>:
    8eec:	fe010113          	add	sp,sp,-32
    8ef0:	01312623          	sw	s3,12(sp)
    8ef4:	200009b7          	lui	s3,0x20000
    8ef8:	00812c23          	sw	s0,24(sp)
    8efc:	00912a23          	sw	s1,20(sp)
    8f00:	01212823          	sw	s2,16(sp)
    8f04:	01412423          	sw	s4,8(sp)
    8f08:	00112e23          	sw	ra,28(sp)
    8f0c:	00058a13          	mv	s4,a1
    8f10:	00050913          	mv	s2,a0
    8f14:	00098993          	mv	s3,s3
    8f18:	bd5fc0ef          	jal	5aec <__malloc_lock>
    8f1c:	0089a703          	lw	a4,8(s3) # 20000008 <__malloc_av_+0x8>
    8f20:	000017b7          	lui	a5,0x1
    8f24:	fef78413          	add	s0,a5,-17 # fef <__muldf3+0x18f>
    8f28:	00472483          	lw	s1,4(a4)
    8f2c:	ffc4f493          	and	s1,s1,-4
    8f30:	00848433          	add	s0,s1,s0
    8f34:	41440433          	sub	s0,s0,s4
    8f38:	00c45413          	srl	s0,s0,0xc
    8f3c:	fff40413          	add	s0,s0,-1
    8f40:	00c41413          	sll	s0,s0,0xc
    8f44:	00f44e63          	blt	s0,a5,8f60 <_malloc_trim_r+0x74>
    8f48:	00000593          	li	a1,0
    8f4c:	00090513          	mv	a0,s2
    8f50:	c31fc0ef          	jal	5b80 <_sbrk_r>
    8f54:	0089a783          	lw	a5,8(s3)
    8f58:	009787b3          	add	a5,a5,s1
    8f5c:	02f50863          	beq	a0,a5,8f8c <_malloc_trim_r+0xa0>
    8f60:	00090513          	mv	a0,s2
    8f64:	b8dfc0ef          	jal	5af0 <__malloc_unlock>
    8f68:	01c12083          	lw	ra,28(sp)
    8f6c:	01812403          	lw	s0,24(sp)
    8f70:	01412483          	lw	s1,20(sp)
    8f74:	01012903          	lw	s2,16(sp)
    8f78:	00c12983          	lw	s3,12(sp)
    8f7c:	00812a03          	lw	s4,8(sp)
    8f80:	00000513          	li	a0,0
    8f84:	02010113          	add	sp,sp,32
    8f88:	00008067          	ret
    8f8c:	408005b3          	neg	a1,s0
    8f90:	00090513          	mv	a0,s2
    8f94:	bedfc0ef          	jal	5b80 <_sbrk_r>
    8f98:	fff00793          	li	a5,-1
    8f9c:	04f50a63          	beq	a0,a5,8ff0 <_malloc_trim_r+0x104>
    8fa0:	200037b7          	lui	a5,0x20003
    8fa4:	18078793          	add	a5,a5,384 # 20003180 <__malloc_current_mallinfo>
    8fa8:	0007a703          	lw	a4,0(a5)
    8fac:	0089a683          	lw	a3,8(s3)
    8fb0:	408484b3          	sub	s1,s1,s0
    8fb4:	0014e493          	or	s1,s1,1
    8fb8:	40870733          	sub	a4,a4,s0
    8fbc:	00090513          	mv	a0,s2
    8fc0:	0096a223          	sw	s1,4(a3)
    8fc4:	00e7a023          	sw	a4,0(a5)
    8fc8:	b29fc0ef          	jal	5af0 <__malloc_unlock>
    8fcc:	01c12083          	lw	ra,28(sp)
    8fd0:	01812403          	lw	s0,24(sp)
    8fd4:	01412483          	lw	s1,20(sp)
    8fd8:	01012903          	lw	s2,16(sp)
    8fdc:	00c12983          	lw	s3,12(sp)
    8fe0:	00812a03          	lw	s4,8(sp)
    8fe4:	00100513          	li	a0,1
    8fe8:	02010113          	add	sp,sp,32
    8fec:	00008067          	ret
    8ff0:	00000593          	li	a1,0
    8ff4:	00090513          	mv	a0,s2
    8ff8:	b89fc0ef          	jal	5b80 <_sbrk_r>
    8ffc:	0089a703          	lw	a4,8(s3)
    9000:	00f00693          	li	a3,15
    9004:	40e507b3          	sub	a5,a0,a4
    9008:	f4f6dce3          	bge	a3,a5,8f60 <_malloc_trim_r+0x74>
    900c:	19c1a683          	lw	a3,412(gp) # 2000099c <__malloc_sbrk_base>
    9010:	0017e793          	or	a5,a5,1
    9014:	00f72223          	sw	a5,4(a4)
    9018:	40d50533          	sub	a0,a0,a3
    901c:	200036b7          	lui	a3,0x20003
    9020:	18a6a023          	sw	a0,384(a3) # 20003180 <__malloc_current_mallinfo>
    9024:	f3dff06f          	j	8f60 <_malloc_trim_r+0x74>

00009028 <_free_r>:
    9028:	18058263          	beqz	a1,91ac <_free_r+0x184>
    902c:	ff010113          	add	sp,sp,-16
    9030:	00812423          	sw	s0,8(sp)
    9034:	00912223          	sw	s1,4(sp)
    9038:	00058413          	mv	s0,a1
    903c:	00050493          	mv	s1,a0
    9040:	00112623          	sw	ra,12(sp)
    9044:	aa9fc0ef          	jal	5aec <__malloc_lock>
    9048:	ffc42503          	lw	a0,-4(s0)
    904c:	ff840713          	add	a4,s0,-8
    9050:	200005b7          	lui	a1,0x20000
    9054:	ffe57793          	and	a5,a0,-2
    9058:	00f70633          	add	a2,a4,a5
    905c:	00058593          	mv	a1,a1
    9060:	00462683          	lw	a3,4(a2)
    9064:	0085a803          	lw	a6,8(a1) # 20000008 <__malloc_av_+0x8>
    9068:	ffc6f693          	and	a3,a3,-4
    906c:	1ac80263          	beq	a6,a2,9210 <_free_r+0x1e8>
    9070:	00d62223          	sw	a3,4(a2)
    9074:	00157513          	and	a0,a0,1
    9078:	00d60833          	add	a6,a2,a3
    907c:	0a051063          	bnez	a0,911c <_free_r+0xf4>
    9080:	ff842303          	lw	t1,-8(s0)
    9084:	00482803          	lw	a6,4(a6)
    9088:	20000537          	lui	a0,0x20000
    908c:	40670733          	sub	a4,a4,t1
    9090:	00872883          	lw	a7,8(a4)
    9094:	00850513          	add	a0,a0,8 # 20000008 <__malloc_av_+0x8>
    9098:	006787b3          	add	a5,a5,t1
    909c:	00187813          	and	a6,a6,1
    90a0:	14a88263          	beq	a7,a0,91e4 <_free_r+0x1bc>
    90a4:	00c72303          	lw	t1,12(a4)
    90a8:	0068a623          	sw	t1,12(a7)
    90ac:	01132423          	sw	a7,8(t1)
    90b0:	1a080863          	beqz	a6,9260 <_free_r+0x238>
    90b4:	0017e693          	or	a3,a5,1
    90b8:	00d72223          	sw	a3,4(a4)
    90bc:	00f62023          	sw	a5,0(a2)
    90c0:	1ff00693          	li	a3,511
    90c4:	06f6ec63          	bltu	a3,a5,913c <_free_r+0x114>
    90c8:	ff87f693          	and	a3,a5,-8
    90cc:	00868693          	add	a3,a3,8
    90d0:	0045a503          	lw	a0,4(a1)
    90d4:	00d586b3          	add	a3,a1,a3
    90d8:	0006a603          	lw	a2,0(a3)
    90dc:	0057d813          	srl	a6,a5,0x5
    90e0:	00100793          	li	a5,1
    90e4:	010797b3          	sll	a5,a5,a6
    90e8:	00a7e7b3          	or	a5,a5,a0
    90ec:	ff868513          	add	a0,a3,-8
    90f0:	00a72623          	sw	a0,12(a4)
    90f4:	00c72423          	sw	a2,8(a4)
    90f8:	00f5a223          	sw	a5,4(a1)
    90fc:	00e6a023          	sw	a4,0(a3)
    9100:	00e62623          	sw	a4,12(a2)
    9104:	00812403          	lw	s0,8(sp)
    9108:	00c12083          	lw	ra,12(sp)
    910c:	00048513          	mv	a0,s1
    9110:	00412483          	lw	s1,4(sp)
    9114:	01010113          	add	sp,sp,16
    9118:	9d9fc06f          	j	5af0 <__malloc_unlock>
    911c:	00482503          	lw	a0,4(a6)
    9120:	00157513          	and	a0,a0,1
    9124:	08050663          	beqz	a0,91b0 <_free_r+0x188>
    9128:	0017e693          	or	a3,a5,1
    912c:	fed42e23          	sw	a3,-4(s0)
    9130:	00f62023          	sw	a5,0(a2)
    9134:	1ff00693          	li	a3,511
    9138:	f8f6f8e3          	bgeu	a3,a5,90c8 <_free_r+0xa0>
    913c:	0097d693          	srl	a3,a5,0x9
    9140:	00400613          	li	a2,4
    9144:	12d66263          	bltu	a2,a3,9268 <_free_r+0x240>
    9148:	0067d693          	srl	a3,a5,0x6
    914c:	03968513          	add	a0,a3,57
    9150:	03868613          	add	a2,a3,56
    9154:	00351513          	sll	a0,a0,0x3
    9158:	00a58533          	add	a0,a1,a0
    915c:	00052683          	lw	a3,0(a0)
    9160:	ff850513          	add	a0,a0,-8
    9164:	00d51863          	bne	a0,a3,9174 <_free_r+0x14c>
    9168:	1580006f          	j	92c0 <_free_r+0x298>
    916c:	0086a683          	lw	a3,8(a3)
    9170:	00d50863          	beq	a0,a3,9180 <_free_r+0x158>
    9174:	0046a603          	lw	a2,4(a3)
    9178:	ffc67613          	and	a2,a2,-4
    917c:	fec7e8e3          	bltu	a5,a2,916c <_free_r+0x144>
    9180:	00c6a503          	lw	a0,12(a3)
    9184:	00a72623          	sw	a0,12(a4)
    9188:	00d72423          	sw	a3,8(a4)
    918c:	00812403          	lw	s0,8(sp)
    9190:	00e52423          	sw	a4,8(a0)
    9194:	00c12083          	lw	ra,12(sp)
    9198:	00048513          	mv	a0,s1
    919c:	00412483          	lw	s1,4(sp)
    91a0:	00e6a623          	sw	a4,12(a3)
    91a4:	01010113          	add	sp,sp,16
    91a8:	949fc06f          	j	5af0 <__malloc_unlock>
    91ac:	00008067          	ret
    91b0:	20000537          	lui	a0,0x20000
    91b4:	00d787b3          	add	a5,a5,a3
    91b8:	00850513          	add	a0,a0,8 # 20000008 <__malloc_av_+0x8>
    91bc:	00862683          	lw	a3,8(a2)
    91c0:	0ca68e63          	beq	a3,a0,929c <_free_r+0x274>
    91c4:	00c62803          	lw	a6,12(a2)
    91c8:	0017e513          	or	a0,a5,1
    91cc:	00f70633          	add	a2,a4,a5
    91d0:	0106a623          	sw	a6,12(a3)
    91d4:	00d82423          	sw	a3,8(a6)
    91d8:	00a72223          	sw	a0,4(a4)
    91dc:	00f62023          	sw	a5,0(a2)
    91e0:	ee1ff06f          	j	90c0 <_free_r+0x98>
    91e4:	12081e63          	bnez	a6,9320 <_free_r+0x2f8>
    91e8:	00862583          	lw	a1,8(a2)
    91ec:	00c62603          	lw	a2,12(a2)
    91f0:	00f686b3          	add	a3,a3,a5
    91f4:	0016e793          	or	a5,a3,1
    91f8:	00c5a623          	sw	a2,12(a1)
    91fc:	00b62423          	sw	a1,8(a2)
    9200:	00f72223          	sw	a5,4(a4)
    9204:	00d70733          	add	a4,a4,a3
    9208:	00d72023          	sw	a3,0(a4)
    920c:	ef9ff06f          	j	9104 <_free_r+0xdc>
    9210:	00157513          	and	a0,a0,1
    9214:	00d786b3          	add	a3,a5,a3
    9218:	02051063          	bnez	a0,9238 <_free_r+0x210>
    921c:	ff842503          	lw	a0,-8(s0)
    9220:	40a70733          	sub	a4,a4,a0
    9224:	00c72783          	lw	a5,12(a4)
    9228:	00872603          	lw	a2,8(a4)
    922c:	00a686b3          	add	a3,a3,a0
    9230:	00f62623          	sw	a5,12(a2)
    9234:	00c7a423          	sw	a2,8(a5)
    9238:	0016e613          	or	a2,a3,1
    923c:	1a01a783          	lw	a5,416(gp) # 200009a0 <__malloc_trim_threshold>
    9240:	00c72223          	sw	a2,4(a4)
    9244:	00e5a423          	sw	a4,8(a1)
    9248:	eaf6eee3          	bltu	a3,a5,9104 <_free_r+0xdc>
    924c:	200037b7          	lui	a5,0x20003
    9250:	1e07a583          	lw	a1,480(a5) # 200031e0 <__malloc_top_pad>
    9254:	00048513          	mv	a0,s1
    9258:	c95ff0ef          	jal	8eec <_malloc_trim_r>
    925c:	ea9ff06f          	j	9104 <_free_r+0xdc>
    9260:	00d787b3          	add	a5,a5,a3
    9264:	f59ff06f          	j	91bc <_free_r+0x194>
    9268:	01400613          	li	a2,20
    926c:	02d67063          	bgeu	a2,a3,928c <_free_r+0x264>
    9270:	05400613          	li	a2,84
    9274:	06d66463          	bltu	a2,a3,92dc <_free_r+0x2b4>
    9278:	00c7d693          	srl	a3,a5,0xc
    927c:	06f68513          	add	a0,a3,111
    9280:	06e68613          	add	a2,a3,110
    9284:	00351513          	sll	a0,a0,0x3
    9288:	ed1ff06f          	j	9158 <_free_r+0x130>
    928c:	05c68513          	add	a0,a3,92
    9290:	05b68613          	add	a2,a3,91
    9294:	00351513          	sll	a0,a0,0x3
    9298:	ec1ff06f          	j	9158 <_free_r+0x130>
    929c:	00e5aa23          	sw	a4,20(a1)
    92a0:	00e5a823          	sw	a4,16(a1)
    92a4:	0017e693          	or	a3,a5,1
    92a8:	00a72623          	sw	a0,12(a4)
    92ac:	00a72423          	sw	a0,8(a4)
    92b0:	00d72223          	sw	a3,4(a4)
    92b4:	00f70733          	add	a4,a4,a5
    92b8:	00f72023          	sw	a5,0(a4)
    92bc:	e49ff06f          	j	9104 <_free_r+0xdc>
    92c0:	0045a803          	lw	a6,4(a1)
    92c4:	40265613          	sra	a2,a2,0x2
    92c8:	00100793          	li	a5,1
    92cc:	00c797b3          	sll	a5,a5,a2
    92d0:	0107e7b3          	or	a5,a5,a6
    92d4:	00f5a223          	sw	a5,4(a1)
    92d8:	eadff06f          	j	9184 <_free_r+0x15c>
    92dc:	15400613          	li	a2,340
    92e0:	00d66c63          	bltu	a2,a3,92f8 <_free_r+0x2d0>
    92e4:	00f7d693          	srl	a3,a5,0xf
    92e8:	07868513          	add	a0,a3,120
    92ec:	07768613          	add	a2,a3,119
    92f0:	00351513          	sll	a0,a0,0x3
    92f4:	e65ff06f          	j	9158 <_free_r+0x130>
    92f8:	55400613          	li	a2,1364
    92fc:	00d66c63          	bltu	a2,a3,9314 <_free_r+0x2ec>
    9300:	0127d693          	srl	a3,a5,0x12
    9304:	07d68513          	add	a0,a3,125
    9308:	07c68613          	add	a2,a3,124
    930c:	00351513          	sll	a0,a0,0x3
    9310:	e49ff06f          	j	9158 <_free_r+0x130>
    9314:	3f800513          	li	a0,1016
    9318:	07e00613          	li	a2,126
    931c:	e3dff06f          	j	9158 <_free_r+0x130>
    9320:	0017e693          	or	a3,a5,1
    9324:	00d72223          	sw	a3,4(a4)
    9328:	00f62023          	sw	a5,0(a2)
    932c:	dd9ff06f          	j	9104 <_free_r+0xdc>

00009330 <_fwalk>:
    9330:	fe010113          	add	sp,sp,-32
    9334:	01212823          	sw	s2,16(sp)
    9338:	01312623          	sw	s3,12(sp)
    933c:	01412423          	sw	s4,8(sp)
    9340:	01512223          	sw	s5,4(sp)
    9344:	01612023          	sw	s6,0(sp)
    9348:	00112e23          	sw	ra,28(sp)
    934c:	00812c23          	sw	s0,24(sp)
    9350:	00912a23          	sw	s1,20(sp)
    9354:	00058b13          	mv	s6,a1
    9358:	2e050a93          	add	s5,a0,736
    935c:	00000a13          	li	s4,0
    9360:	00100993          	li	s3,1
    9364:	fff00913          	li	s2,-1
    9368:	004aa483          	lw	s1,4(s5)
    936c:	008aa403          	lw	s0,8(s5)
    9370:	fff48493          	add	s1,s1,-1
    9374:	0204c663          	bltz	s1,93a0 <_fwalk+0x70>
    9378:	00c45783          	lhu	a5,12(s0)
    937c:	fff48493          	add	s1,s1,-1
    9380:	00f9fc63          	bgeu	s3,a5,9398 <_fwalk+0x68>
    9384:	00e41783          	lh	a5,14(s0)
    9388:	00040513          	mv	a0,s0
    938c:	01278663          	beq	a5,s2,9398 <_fwalk+0x68>
    9390:	000b00e7          	jalr	s6
    9394:	00aa6a33          	or	s4,s4,a0
    9398:	06840413          	add	s0,s0,104
    939c:	fd249ee3          	bne	s1,s2,9378 <_fwalk+0x48>
    93a0:	000aaa83          	lw	s5,0(s5)
    93a4:	fc0a92e3          	bnez	s5,9368 <_fwalk+0x38>
    93a8:	01c12083          	lw	ra,28(sp)
    93ac:	01812403          	lw	s0,24(sp)
    93b0:	01412483          	lw	s1,20(sp)
    93b4:	01012903          	lw	s2,16(sp)
    93b8:	00c12983          	lw	s3,12(sp)
    93bc:	00412a83          	lw	s5,4(sp)
    93c0:	00012b03          	lw	s6,0(sp)
    93c4:	000a0513          	mv	a0,s4
    93c8:	00812a03          	lw	s4,8(sp)
    93cc:	02010113          	add	sp,sp,32
    93d0:	00008067          	ret

000093d4 <_fwalk_reent>:
    93d4:	fd010113          	add	sp,sp,-48
    93d8:	03212023          	sw	s2,32(sp)
    93dc:	01312e23          	sw	s3,28(sp)
    93e0:	01412c23          	sw	s4,24(sp)
    93e4:	01512a23          	sw	s5,20(sp)
    93e8:	01612823          	sw	s6,16(sp)
    93ec:	01712623          	sw	s7,12(sp)
    93f0:	02112623          	sw	ra,44(sp)
    93f4:	02812423          	sw	s0,40(sp)
    93f8:	02912223          	sw	s1,36(sp)
    93fc:	00050a93          	mv	s5,a0
    9400:	00058b93          	mv	s7,a1
    9404:	2e050b13          	add	s6,a0,736
    9408:	00000a13          	li	s4,0
    940c:	00100993          	li	s3,1
    9410:	fff00913          	li	s2,-1
    9414:	004b2483          	lw	s1,4(s6)
    9418:	008b2403          	lw	s0,8(s6)
    941c:	fff48493          	add	s1,s1,-1
    9420:	0204c863          	bltz	s1,9450 <_fwalk_reent+0x7c>
    9424:	00c45783          	lhu	a5,12(s0)
    9428:	fff48493          	add	s1,s1,-1
    942c:	00f9fe63          	bgeu	s3,a5,9448 <_fwalk_reent+0x74>
    9430:	00e41783          	lh	a5,14(s0)
    9434:	00040593          	mv	a1,s0
    9438:	000a8513          	mv	a0,s5
    943c:	01278663          	beq	a5,s2,9448 <_fwalk_reent+0x74>
    9440:	000b80e7          	jalr	s7
    9444:	00aa6a33          	or	s4,s4,a0
    9448:	06840413          	add	s0,s0,104
    944c:	fd249ce3          	bne	s1,s2,9424 <_fwalk_reent+0x50>
    9450:	000b2b03          	lw	s6,0(s6)
    9454:	fc0b10e3          	bnez	s6,9414 <_fwalk_reent+0x40>
    9458:	02c12083          	lw	ra,44(sp)
    945c:	02812403          	lw	s0,40(sp)
    9460:	02412483          	lw	s1,36(sp)
    9464:	02012903          	lw	s2,32(sp)
    9468:	01c12983          	lw	s3,28(sp)
    946c:	01412a83          	lw	s5,20(sp)
    9470:	01012b03          	lw	s6,16(sp)
    9474:	00c12b83          	lw	s7,12(sp)
    9478:	000a0513          	mv	a0,s4
    947c:	01812a03          	lw	s4,24(sp)
    9480:	03010113          	add	sp,sp,48
    9484:	00008067          	ret

00009488 <eshdn1>:
    9488:	00450693          	add	a3,a0,4
    948c:	00000713          	li	a4,0
    9490:	01a50513          	add	a0,a0,26
    9494:	ffff8837          	lui	a6,0xffff8
    9498:	0006d783          	lhu	a5,0(a3)
    949c:	0017f613          	and	a2,a5,1
    94a0:	00060463          	beqz	a2,94a8 <eshdn1+0x20>
    94a4:	00176713          	or	a4,a4,1
    94a8:	00277613          	and	a2,a4,2
    94ac:	0017d793          	srl	a5,a5,0x1
    94b0:	00171713          	sll	a4,a4,0x1
    94b4:	0107e5b3          	or	a1,a5,a6
    94b8:	00060663          	beqz	a2,94c4 <eshdn1+0x3c>
    94bc:	01059793          	sll	a5,a1,0x10
    94c0:	0107d793          	srl	a5,a5,0x10
    94c4:	00f69023          	sh	a5,0(a3)
    94c8:	01071713          	sll	a4,a4,0x10
    94cc:	00268693          	add	a3,a3,2
    94d0:	01075713          	srl	a4,a4,0x10
    94d4:	fcd512e3          	bne	a0,a3,9498 <eshdn1+0x10>
    94d8:	00008067          	ret

000094dc <eshup1>:
    94dc:	01850693          	add	a3,a0,24
    94e0:	00000713          	li	a4,0
    94e4:	00250513          	add	a0,a0,2
    94e8:	0006d783          	lhu	a5,0(a3)
    94ec:	01079613          	sll	a2,a5,0x10
    94f0:	41065613          	sra	a2,a2,0x10
    94f4:	00179793          	sll	a5,a5,0x1
    94f8:	00065463          	bgez	a2,9500 <eshup1+0x24>
    94fc:	00176713          	or	a4,a4,1
    9500:	00277613          	and	a2,a4,2
    9504:	01079793          	sll	a5,a5,0x10
    9508:	00171713          	sll	a4,a4,0x1
    950c:	0107d793          	srl	a5,a5,0x10
    9510:	00060463          	beqz	a2,9518 <eshup1+0x3c>
    9514:	0017e793          	or	a5,a5,1
    9518:	00f69023          	sh	a5,0(a3)
    951c:	01071713          	sll	a4,a4,0x10
    9520:	ffe68693          	add	a3,a3,-2
    9524:	01075713          	srl	a4,a4,0x10
    9528:	fcd510e3          	bne	a0,a3,94e8 <eshup1+0xc>
    952c:	00008067          	ret

00009530 <m16m>:
    9530:	fe010113          	add	sp,sp,-32
    9534:	00010e37          	lui	t3,0x10
    9538:	00011d23          	sh	zero,26(sp)
    953c:	00011e23          	sh	zero,28(sp)
    9540:	01858593          	add	a1,a1,24
    9544:	01c10793          	add	a5,sp,28
    9548:	00810813          	add	a6,sp,8
    954c:	fffe0e13          	add	t3,t3,-1 # ffff <_svfprintf_r+0x2267>
    9550:	0005d703          	lhu	a4,0(a1)
    9554:	ffe78793          	add	a5,a5,-2
    9558:	ffe58593          	add	a1,a1,-2
    955c:	02070a63          	beqz	a4,9590 <m16m+0x60>
    9560:	02a70733          	mul	a4,a4,a0
    9564:	0027d883          	lhu	a7,2(a5)
    9568:	0007d303          	lhu	t1,0(a5)
    956c:	01c776b3          	and	a3,a4,t3
    9570:	011686b3          	add	a3,a3,a7
    9574:	01075713          	srl	a4,a4,0x10
    9578:	0106d893          	srl	a7,a3,0x10
    957c:	00670733          	add	a4,a4,t1
    9580:	01170733          	add	a4,a4,a7
    9584:	00e79023          	sh	a4,0(a5)
    9588:	00d79123          	sh	a3,2(a5)
    958c:	01075713          	srl	a4,a4,0x10
    9590:	fee79f23          	sh	a4,-2(a5)
    9594:	fb079ee3          	bne	a5,a6,9550 <m16m+0x20>
    9598:	00460613          	add	a2,a2,4
    959c:	01e10693          	add	a3,sp,30
    95a0:	0007d703          	lhu	a4,0(a5)
    95a4:	00278793          	add	a5,a5,2
    95a8:	00260613          	add	a2,a2,2
    95ac:	fee61f23          	sh	a4,-2(a2)
    95b0:	fed798e3          	bne	a5,a3,95a0 <m16m+0x70>
    95b4:	02010113          	add	sp,sp,32
    95b8:	00008067          	ret

000095bc <emovo.constprop.0>:
    95bc:	00055703          	lhu	a4,0(a0)
    95c0:	00255783          	lhu	a5,2(a0)
    95c4:	00070663          	beqz	a4,95d0 <emovo.constprop.0+0x14>
    95c8:	00008737          	lui	a4,0x8
    95cc:	00e7e7b3          	or	a5,a5,a4
    95d0:	00f59923          	sh	a5,18(a1)
    95d4:	00255703          	lhu	a4,2(a0)
    95d8:	000087b7          	lui	a5,0x8
    95dc:	fff78793          	add	a5,a5,-1 # 7fff <_vfprintf_r+0x236f>
    95e0:	02f70463          	beq	a4,a5,9608 <emovo.constprop.0+0x4c>
    95e4:	00650793          	add	a5,a0,6
    95e8:	01058593          	add	a1,a1,16
    95ec:	01850513          	add	a0,a0,24
    95f0:	0007d703          	lhu	a4,0(a5)
    95f4:	00278793          	add	a5,a5,2
    95f8:	ffe58593          	add	a1,a1,-2
    95fc:	00e59123          	sh	a4,2(a1)
    9600:	fea798e3          	bne	a5,a0,95f0 <emovo.constprop.0+0x34>
    9604:	00008067          	ret
    9608:	00650793          	add	a5,a0,6
    960c:	01a50513          	add	a0,a0,26
    9610:	0007d703          	lhu	a4,0(a5)
    9614:	00278793          	add	a5,a5,2
    9618:	02071a63          	bnez	a4,964c <emovo.constprop.0+0x90>
    961c:	fef51ae3          	bne	a0,a5,9610 <emovo.constprop.0+0x54>
    9620:	01258713          	add	a4,a1,18
    9624:	00058793          	mv	a5,a1
    9628:	00278793          	add	a5,a5,2
    962c:	fe079f23          	sh	zero,-2(a5)
    9630:	fee79ce3          	bne	a5,a4,9628 <emovo.constprop.0+0x6c>
    9634:	0125d783          	lhu	a5,18(a1)
    9638:	00008737          	lui	a4,0x8
    963c:	fff70713          	add	a4,a4,-1 # 7fff <_vfprintf_r+0x236f>
    9640:	00e7e7b3          	or	a5,a5,a4
    9644:	00f59923          	sh	a5,18(a1)
    9648:	00008067          	ret
    964c:	01058713          	add	a4,a1,16
    9650:	00058793          	mv	a5,a1
    9654:	00278793          	add	a5,a5,2
    9658:	fe079f23          	sh	zero,-2(a5)
    965c:	fee79ce3          	bne	a5,a4,9654 <emovo.constprop.0+0x98>
    9660:	ffffc7b7          	lui	a5,0xffffc
    9664:	00f59823          	sh	a5,16(a1)
    9668:	ffff87b7          	lui	a5,0xffff8
    966c:	fff7c793          	not	a5,a5
    9670:	00f59923          	sh	a5,18(a1)
    9674:	00008067          	ret

00009678 <enormlz>:
    9678:	00455783          	lhu	a5,4(a0)
    967c:	ff010113          	add	sp,sp,-16
    9680:	00912223          	sw	s1,4(sp)
    9684:	00112623          	sw	ra,12(sp)
    9688:	00812423          	sw	s0,8(sp)
    968c:	01212023          	sw	s2,0(sp)
    9690:	00050493          	mv	s1,a0
    9694:	0c079a63          	bnez	a5,9768 <enormlz+0xf0>
    9698:	00655783          	lhu	a5,6(a0)
    969c:	00000413          	li	s0,0
    96a0:	01079713          	sll	a4,a5,0x10
    96a4:	41075713          	sra	a4,a4,0x10
    96a8:	0a074263          	bltz	a4,974c <enormlz+0xd4>
    96ac:	01850693          	add	a3,a0,24
    96b0:	0a000613          	li	a2,160
    96b4:	02079663          	bnez	a5,96e0 <enormlz+0x68>
    96b8:	00448793          	add	a5,s1,4
    96bc:	0027d703          	lhu	a4,2(a5) # ffff8002 <_stack_top+0xdfef8002>
    96c0:	00278793          	add	a5,a5,2
    96c4:	fee79f23          	sh	a4,-2(a5)
    96c8:	fed79ae3          	bne	a5,a3,96bc <enormlz+0x44>
    96cc:	00049c23          	sh	zero,24(s1)
    96d0:	01040413          	add	s0,s0,16
    96d4:	06c40c63          	beq	s0,a2,974c <enormlz+0xd4>
    96d8:	0064d783          	lhu	a5,6(s1)
    96dc:	fc078ee3          	beqz	a5,96b8 <enormlz+0x40>
    96e0:	0ff00713          	li	a4,255
    96e4:	04f76063          	bltu	a4,a5,9724 <enormlz+0xac>
    96e8:	01848813          	add	a6,s1,24
    96ec:	00248593          	add	a1,s1,2
    96f0:	0ff00513          	li	a0,255
    96f4:	00000793          	li	a5,0
    96f8:	00080713          	mv	a4,a6
    96fc:	00075683          	lhu	a3,0(a4)
    9700:	ffe70713          	add	a4,a4,-2
    9704:	00869613          	sll	a2,a3,0x8
    9708:	00c7e7b3          	or	a5,a5,a2
    970c:	00f71123          	sh	a5,2(a4)
    9710:	0086d793          	srl	a5,a3,0x8
    9714:	feb714e3          	bne	a4,a1,96fc <enormlz+0x84>
    9718:	0064d783          	lhu	a5,6(s1)
    971c:	00840413          	add	s0,s0,8
    9720:	fcf57ae3          	bgeu	a0,a5,96f4 <enormlz+0x7c>
    9724:	0a000913          	li	s2,160
    9728:	0140006f          	j	973c <enormlz+0xc4>
    972c:	00140413          	add	s0,s0,1
    9730:	dadff0ef          	jal	94dc <eshup1>
    9734:	00894c63          	blt	s2,s0,974c <enormlz+0xd4>
    9738:	0064d783          	lhu	a5,6(s1)
    973c:	01079793          	sll	a5,a5,0x10
    9740:	4107d793          	sra	a5,a5,0x10
    9744:	00048513          	mv	a0,s1
    9748:	fe07d2e3          	bgez	a5,972c <enormlz+0xb4>
    974c:	00c12083          	lw	ra,12(sp)
    9750:	00040513          	mv	a0,s0
    9754:	00812403          	lw	s0,8(sp)
    9758:	00412483          	lw	s1,4(sp)
    975c:	00012903          	lw	s2,0(sp)
    9760:	01010113          	add	sp,sp,16
    9764:	00008067          	ret
    9768:	0ff00713          	li	a4,255
    976c:	00000413          	li	s0,0
    9770:	04f76063          	bltu	a4,a5,97b0 <enormlz+0x138>
    9774:	f6f00913          	li	s2,-145
    9778:	0140006f          	j	978c <enormlz+0x114>
    977c:	fff40413          	add	s0,s0,-1
    9780:	d09ff0ef          	jal	9488 <eshdn1>
    9784:	fd2404e3          	beq	s0,s2,974c <enormlz+0xd4>
    9788:	0044d783          	lhu	a5,4(s1)
    978c:	00048513          	mv	a0,s1
    9790:	fe0796e3          	bnez	a5,977c <enormlz+0x104>
    9794:	00c12083          	lw	ra,12(sp)
    9798:	00040513          	mv	a0,s0
    979c:	00812403          	lw	s0,8(sp)
    97a0:	00412483          	lw	s1,4(sp)
    97a4:	00012903          	lw	s2,0(sp)
    97a8:	01010113          	add	sp,sp,16
    97ac:	00008067          	ret
    97b0:	00450713          	add	a4,a0,4
    97b4:	01a50593          	add	a1,a0,26
    97b8:	00000793          	li	a5,0
    97bc:	00075683          	lhu	a3,0(a4)
    97c0:	00270713          	add	a4,a4,2
    97c4:	0086d613          	srl	a2,a3,0x8
    97c8:	00c7e7b3          	or	a5,a5,a2
    97cc:	00869693          	sll	a3,a3,0x8
    97d0:	fef71f23          	sh	a5,-2(a4)
    97d4:	01069793          	sll	a5,a3,0x10
    97d8:	0107d793          	srl	a5,a5,0x10
    97dc:	feb710e3          	bne	a4,a1,97bc <enormlz+0x144>
    97e0:	0044d783          	lhu	a5,4(s1)
    97e4:	ff800413          	li	s0,-8
    97e8:	f8dff06f          	j	9774 <enormlz+0xfc>

000097ec <eshift.part.0>:
    97ec:	fe010113          	add	sp,sp,-32
    97f0:	00812c23          	sw	s0,24(sp)
    97f4:	00912a23          	sw	s1,20(sp)
    97f8:	00112e23          	sw	ra,28(sp)
    97fc:	01212823          	sw	s2,16(sp)
    9800:	01312623          	sw	s3,12(sp)
    9804:	00058493          	mv	s1,a1
    9808:	00050413          	mv	s0,a0
    980c:	0a05c463          	bltz	a1,98b4 <eshift.part.0+0xc8>
    9810:	00f00793          	li	a5,15
    9814:	00058613          	mv	a2,a1
    9818:	00450513          	add	a0,a0,4
    981c:	01840693          	add	a3,s0,24
    9820:	00f00593          	li	a1,15
    9824:	0297d463          	bge	a5,s1,984c <eshift.part.0+0x60>
    9828:	00050793          	mv	a5,a0
    982c:	0027d703          	lhu	a4,2(a5)
    9830:	00278793          	add	a5,a5,2
    9834:	fee79f23          	sh	a4,-2(a5)
    9838:	fef69ae3          	bne	a3,a5,982c <eshift.part.0+0x40>
    983c:	00041c23          	sh	zero,24(s0)
    9840:	ff060613          	add	a2,a2,-16
    9844:	fec5c2e3          	blt	a1,a2,9828 <eshift.part.0+0x3c>
    9848:	00f4f493          	and	s1,s1,15
    984c:	00700793          	li	a5,7
    9850:	0297d863          	bge	a5,s1,9880 <eshift.part.0+0x94>
    9854:	01840713          	add	a4,s0,24
    9858:	00240593          	add	a1,s0,2
    985c:	00000793          	li	a5,0
    9860:	00075683          	lhu	a3,0(a4)
    9864:	ffe70713          	add	a4,a4,-2
    9868:	00869613          	sll	a2,a3,0x8
    986c:	00c7e7b3          	or	a5,a5,a2
    9870:	00f71123          	sh	a5,2(a4)
    9874:	0086d793          	srl	a5,a3,0x8
    9878:	feb714e3          	bne	a4,a1,9860 <eshift.part.0+0x74>
    987c:	ff848493          	add	s1,s1,-8
    9880:	00048a63          	beqz	s1,9894 <eshift.part.0+0xa8>
    9884:	fff48493          	add	s1,s1,-1
    9888:	00040513          	mv	a0,s0
    988c:	c51ff0ef          	jal	94dc <eshup1>
    9890:	fe049ae3          	bnez	s1,9884 <eshift.part.0+0x98>
    9894:	01c12083          	lw	ra,28(sp)
    9898:	01812403          	lw	s0,24(sp)
    989c:	01412483          	lw	s1,20(sp)
    98a0:	01012903          	lw	s2,16(sp)
    98a4:	00c12983          	lw	s3,12(sp)
    98a8:	00000513          	li	a0,0
    98ac:	02010113          	add	sp,sp,32
    98b0:	00008067          	ret
    98b4:	ff100793          	li	a5,-15
    98b8:	40b00933          	neg	s2,a1
    98bc:	00000993          	li	s3,0
    98c0:	01850593          	add	a1,a0,24
    98c4:	00450693          	add	a3,a0,4
    98c8:	00f00613          	li	a2,15
    98cc:	0cf4d863          	bge	s1,a5,999c <eshift.part.0+0x1b0>
    98d0:	01845703          	lhu	a4,24(s0)
    98d4:	00058793          	mv	a5,a1
    98d8:	00e9e9b3          	or	s3,s3,a4
    98dc:	ffe7d703          	lhu	a4,-2(a5)
    98e0:	ffe78793          	add	a5,a5,-2
    98e4:	00e79123          	sh	a4,2(a5)
    98e8:	fed79ae3          	bne	a5,a3,98dc <eshift.part.0+0xf0>
    98ec:	00041223          	sh	zero,4(s0)
    98f0:	ff090913          	add	s2,s2,-16
    98f4:	fd264ee3          	blt	a2,s2,98d0 <eshift.part.0+0xe4>
    98f8:	ff000913          	li	s2,-16
    98fc:	ff100713          	li	a4,-15
    9900:	40990933          	sub	s2,s2,s1
    9904:	00000793          	li	a5,0
    9908:	08e4c463          	blt	s1,a4,9990 <eshift.part.0+0x1a4>
    990c:	00f90933          	add	s2,s2,a5
    9910:	00700793          	li	a5,7
    9914:	0327de63          	bge	a5,s2,9950 <eshift.part.0+0x164>
    9918:	01844783          	lbu	a5,24(s0)
    991c:	01a40593          	add	a1,s0,26
    9920:	00f9e9b3          	or	s3,s3,a5
    9924:	00000793          	li	a5,0
    9928:	0006d703          	lhu	a4,0(a3)
    992c:	00268693          	add	a3,a3,2
    9930:	00875613          	srl	a2,a4,0x8
    9934:	00c7e7b3          	or	a5,a5,a2
    9938:	00871713          	sll	a4,a4,0x8
    993c:	fef69f23          	sh	a5,-2(a3)
    9940:	01071793          	sll	a5,a4,0x10
    9944:	0107d793          	srl	a5,a5,0x10
    9948:	feb690e3          	bne	a3,a1,9928 <eshift.part.0+0x13c>
    994c:	ff890913          	add	s2,s2,-8
    9950:	02090063          	beqz	s2,9970 <eshift.part.0+0x184>
    9954:	01845783          	lhu	a5,24(s0)
    9958:	fff90913          	add	s2,s2,-1
    995c:	00040513          	mv	a0,s0
    9960:	0017f793          	and	a5,a5,1
    9964:	00f9e9b3          	or	s3,s3,a5
    9968:	b21ff0ef          	jal	9488 <eshdn1>
    996c:	fe0914e3          	bnez	s2,9954 <eshift.part.0+0x168>
    9970:	01c12083          	lw	ra,28(sp)
    9974:	01812403          	lw	s0,24(sp)
    9978:	01412483          	lw	s1,20(sp)
    997c:	01012903          	lw	s2,16(sp)
    9980:	01303533          	snez	a0,s3
    9984:	00c12983          	lw	s3,12(sp)
    9988:	02010113          	add	sp,sp,32
    998c:	00008067          	ret
    9990:	ff097793          	and	a5,s2,-16
    9994:	40f007b3          	neg	a5,a5
    9998:	f75ff06f          	j	990c <eshift.part.0+0x120>
    999c:	ff900793          	li	a5,-7
    99a0:	f6f4cce3          	blt	s1,a5,9918 <eshift.part.0+0x12c>
    99a4:	fb1ff06f          	j	9954 <eshift.part.0+0x168>

000099a8 <emovi>:
    99a8:	01255783          	lhu	a5,18(a0)
    99ac:	000086b7          	lui	a3,0x8
    99b0:	fff68693          	add	a3,a3,-1 # 7fff <_vfprintf_r+0x236f>
    99b4:	00f7d793          	srl	a5,a5,0xf
    99b8:	40f007b3          	neg	a5,a5
    99bc:	00f59023          	sh	a5,0(a1)
    99c0:	01255703          	lhu	a4,18(a0)
    99c4:	01050793          	add	a5,a0,16
    99c8:	00d77733          	and	a4,a4,a3
    99cc:	00e59123          	sh	a4,2(a1)
    99d0:	02d70663          	beq	a4,a3,99fc <emovi+0x54>
    99d4:	00658713          	add	a4,a1,6
    99d8:	00059223          	sh	zero,4(a1)
    99dc:	ffe50513          	add	a0,a0,-2
    99e0:	0007d683          	lhu	a3,0(a5)
    99e4:	ffe78793          	add	a5,a5,-2
    99e8:	00270713          	add	a4,a4,2
    99ec:	fed71f23          	sh	a3,-2(a4)
    99f0:	fea798e3          	bne	a5,a0,99e0 <emovi+0x38>
    99f4:	00059c23          	sh	zero,24(a1)
    99f8:	00008067          	ret
    99fc:	01255683          	lhu	a3,18(a0)
    9a00:	00e6f6b3          	and	a3,a3,a4
    9a04:	00e69e63          	bne	a3,a4,9a20 <emovi+0x78>
    9a08:	01250613          	add	a2,a0,18
    9a0c:	00050713          	mv	a4,a0
    9a10:	00075683          	lhu	a3,0(a4)
    9a14:	00270713          	add	a4,a4,2
    9a18:	02069063          	bnez	a3,9a38 <emovi+0x90>
    9a1c:	fec71ae3          	bne	a4,a2,9a10 <emovi+0x68>
    9a20:	00458793          	add	a5,a1,4
    9a24:	01a58593          	add	a1,a1,26
    9a28:	00278793          	add	a5,a5,2
    9a2c:	fe079f23          	sh	zero,-2(a5)
    9a30:	feb79ce3          	bne	a5,a1,9a28 <emovi+0x80>
    9a34:	00008067          	ret
    9a38:	00658713          	add	a4,a1,6
    9a3c:	00059223          	sh	zero,4(a1)
    9a40:	ffc50513          	add	a0,a0,-4
    9a44:	0007d683          	lhu	a3,0(a5)
    9a48:	ffe78793          	add	a5,a5,-2
    9a4c:	00270713          	add	a4,a4,2
    9a50:	fed71f23          	sh	a3,-2(a4)
    9a54:	fef518e3          	bne	a0,a5,9a44 <emovi+0x9c>
    9a58:	00008067          	ret

00009a5c <ecmp>:
    9a5c:	01255783          	lhu	a5,18(a0)
    9a60:	fb010113          	add	sp,sp,-80
    9a64:	04812423          	sw	s0,72(sp)
    9a68:	fff7c793          	not	a5,a5
    9a6c:	04112623          	sw	ra,76(sp)
    9a70:	01179713          	sll	a4,a5,0x11
    9a74:	00058413          	mv	s0,a1
    9a78:	00071e63          	bnez	a4,9a94 <ecmp+0x38>
    9a7c:	01250693          	add	a3,a0,18
    9a80:	00050793          	mv	a5,a0
    9a84:	0007d703          	lhu	a4,0(a5)
    9a88:	00278793          	add	a5,a5,2
    9a8c:	08071c63          	bnez	a4,9b24 <ecmp+0xc8>
    9a90:	fed79ae3          	bne	a5,a3,9a84 <ecmp+0x28>
    9a94:	01245783          	lhu	a5,18(s0)
    9a98:	fff7c793          	not	a5,a5
    9a9c:	01179713          	sll	a4,a5,0x11
    9aa0:	06070063          	beqz	a4,9b00 <ecmp+0xa4>
    9aa4:	00810593          	add	a1,sp,8
    9aa8:	f01ff0ef          	jal	99a8 <emovi>
    9aac:	02410593          	add	a1,sp,36
    9ab0:	00040513          	mv	a0,s0
    9ab4:	ef5ff0ef          	jal	99a8 <emovi>
    9ab8:	00815583          	lhu	a1,8(sp)
    9abc:	02415503          	lhu	a0,36(sp)
    9ac0:	06b50c63          	beq	a0,a1,9b38 <ecmp+0xdc>
    9ac4:	00a10793          	add	a5,sp,10
    9ac8:	02610713          	add	a4,sp,38
    9acc:	02010613          	add	a2,sp,32
    9ad0:	0007d683          	lhu	a3,0(a5)
    9ad4:	00278793          	add	a5,a5,2
    9ad8:	0a069863          	bnez	a3,9b88 <ecmp+0x12c>
    9adc:	00075683          	lhu	a3,0(a4)
    9ae0:	00270713          	add	a4,a4,2
    9ae4:	0a069263          	bnez	a3,9b88 <ecmp+0x12c>
    9ae8:	fef614e3          	bne	a2,a5,9ad0 <ecmp+0x74>
    9aec:	00000513          	li	a0,0
    9af0:	04c12083          	lw	ra,76(sp)
    9af4:	04812403          	lw	s0,72(sp)
    9af8:	05010113          	add	sp,sp,80
    9afc:	00008067          	ret
    9b00:	00040793          	mv	a5,s0
    9b04:	0007d703          	lhu	a4,0(a5)
    9b08:	01240693          	add	a3,s0,18
    9b0c:	00278793          	add	a5,a5,2
    9b10:	00071a63          	bnez	a4,9b24 <ecmp+0xc8>
    9b14:	f8d788e3          	beq	a5,a3,9aa4 <ecmp+0x48>
    9b18:	0007d703          	lhu	a4,0(a5)
    9b1c:	00278793          	add	a5,a5,2
    9b20:	fe070ae3          	beqz	a4,9b14 <ecmp+0xb8>
    9b24:	04c12083          	lw	ra,76(sp)
    9b28:	04812403          	lw	s0,72(sp)
    9b2c:	ffe00513          	li	a0,-2
    9b30:	05010113          	add	sp,sp,80
    9b34:	00008067          	ret
    9b38:	00815603          	lhu	a2,8(sp)
    9b3c:	02415683          	lhu	a3,36(sp)
    9b40:	00a03533          	snez	a0,a0
    9b44:	02410713          	add	a4,sp,36
    9b48:	00810793          	add	a5,sp,8
    9b4c:	40a00533          	neg	a0,a0
    9b50:	00156513          	or	a0,a0,1
    9b54:	02010593          	add	a1,sp,32
    9b58:	00278793          	add	a5,a5,2
    9b5c:	00270713          	add	a4,a4,2
    9b60:	00d61e63          	bne	a2,a3,9b7c <ecmp+0x120>
    9b64:	f8b784e3          	beq	a5,a1,9aec <ecmp+0x90>
    9b68:	0007d603          	lhu	a2,0(a5)
    9b6c:	00075683          	lhu	a3,0(a4)
    9b70:	00278793          	add	a5,a5,2
    9b74:	00270713          	add	a4,a4,2
    9b78:	fed606e3          	beq	a2,a3,9b64 <ecmp+0x108>
    9b7c:	f6c6eae3          	bltu	a3,a2,9af0 <ecmp+0x94>
    9b80:	40a00533          	neg	a0,a0
    9b84:	f6dff06f          	j	9af0 <ecmp+0x94>
    9b88:	00059c63          	bnez	a1,9ba0 <ecmp+0x144>
    9b8c:	04c12083          	lw	ra,76(sp)
    9b90:	04812403          	lw	s0,72(sp)
    9b94:	00100513          	li	a0,1
    9b98:	05010113          	add	sp,sp,80
    9b9c:	00008067          	ret
    9ba0:	fff00513          	li	a0,-1
    9ba4:	f4dff06f          	j	9af0 <ecmp+0x94>

00009ba8 <emdnorm>:
    9ba8:	fe010113          	add	sp,sp,-32
    9bac:	00812c23          	sw	s0,24(sp)
    9bb0:	00912a23          	sw	s1,20(sp)
    9bb4:	01212823          	sw	s2,16(sp)
    9bb8:	01312623          	sw	s3,12(sp)
    9bbc:	01412423          	sw	s4,8(sp)
    9bc0:	01512223          	sw	s5,4(sp)
    9bc4:	00068913          	mv	s2,a3
    9bc8:	00078413          	mv	s0,a5
    9bcc:	00112e23          	sw	ra,28(sp)
    9bd0:	00050493          	mv	s1,a0
    9bd4:	00058993          	mv	s3,a1
    9bd8:	00060a13          	mv	s4,a2
    9bdc:	00070a93          	mv	s5,a4
    9be0:	a99ff0ef          	jal	9678 <enormlz>
    9be4:	09000793          	li	a5,144
    9be8:	40a90933          	sub	s2,s2,a0
    9bec:	16a7da63          	bge	a5,a0,9d60 <emdnorm+0x1b8>
    9bf0:	000087b7          	lui	a5,0x8
    9bf4:	ffe78793          	add	a5,a5,-2 # 7ffe <_vfprintf_r+0x236e>
    9bf8:	2b27da63          	bge	a5,s2,9eac <emdnorm+0x304>
    9bfc:	200a8c63          	beqz	s5,9e14 <emdnorm+0x26c>
    9c00:	00442a83          	lw	s5,4(s0)
    9c04:	00042783          	lw	a5,0(s0)
    9c08:	26fa8a63          	beq	s5,a5,9e7c <emdnorm+0x2d4>
    9c0c:	01a40713          	add	a4,s0,26
    9c10:	03440793          	add	a5,s0,52
    9c14:	00270713          	add	a4,a4,2
    9c18:	fe071f23          	sh	zero,-2(a4)
    9c1c:	fee79ce3          	bne	a5,a4,9c14 <emdnorm+0x6c>
    9c20:	03800793          	li	a5,56
    9c24:	36fa8863          	beq	s5,a5,9f94 <emdnorm+0x3ec>
    9c28:	1957dc63          	bge	a5,s5,9dc0 <emdnorm+0x218>
    9c2c:	04000793          	li	a5,64
    9c30:	28fa8a63          	beq	s5,a5,9ec4 <emdnorm+0x31c>
    9c34:	07100793          	li	a5,113
    9c38:	38fa9c63          	bne	s5,a5,9fd0 <emdnorm+0x428>
    9c3c:	400087b7          	lui	a5,0x40008
    9c40:	00a00693          	li	a3,10
    9c44:	ffff8737          	lui	a4,0xffff8
    9c48:	fff78793          	add	a5,a5,-1 # 40007fff <_stack_top+0x1ff07fff>
    9c4c:	00d42423          	sw	a3,8(s0)
    9c50:	00f42a23          	sw	a5,20(s0)
    9c54:	00e41c23          	sh	a4,24(s0)
    9c58:	00d42623          	sw	a3,12(s0)
    9c5c:	02e41723          	sh	a4,46(s0)
    9c60:	01542023          	sw	s5,0(s0)
    9c64:	21205263          	blez	s2,9e68 <emdnorm+0x2c0>
    9c68:	0144d683          	lhu	a3,20(s1)
    9c6c:	01448613          	add	a2,s1,20
    9c70:	00b00793          	li	a5,11
    9c74:	01169693          	sll	a3,a3,0x11
    9c78:	0116d693          	srl	a3,a3,0x11
    9c7c:	00179793          	sll	a5,a5,0x1
    9c80:	00f487b3          	add	a5,s1,a5
    9c84:	01a48593          	add	a1,s1,26
    9c88:	0007d703          	lhu	a4,0(a5)
    9c8c:	00070463          	beqz	a4,9c94 <emdnorm+0xec>
    9c90:	0016e693          	or	a3,a3,1
    9c94:	00079023          	sh	zero,0(a5)
    9c98:	00278793          	add	a5,a5,2
    9c9c:	feb796e3          	bne	a5,a1,9c88 <emdnorm+0xe0>
    9ca0:	00065703          	lhu	a4,0(a2)
    9ca4:	01445583          	lhu	a1,20(s0)
    9ca8:	fff5c593          	not	a1,a1
    9cac:	00b77733          	and	a4,a4,a1
    9cb0:	00e61023          	sh	a4,0(a2)
    9cb4:	01645783          	lhu	a5,22(s0)
    9cb8:	00d7f733          	and	a4,a5,a3
    9cbc:	06070063          	beqz	a4,9d1c <emdnorm+0x174>
    9cc0:	02d79263          	bne	a5,a3,9ce4 <emdnorm+0x13c>
    9cc4:	2c099463          	bnez	s3,9f8c <emdnorm+0x3e4>
    9cc8:	00c42783          	lw	a5,12(s0)
    9ccc:	01845703          	lhu	a4,24(s0)
    9cd0:	00179793          	sll	a5,a5,0x1
    9cd4:	00f487b3          	add	a5,s1,a5
    9cd8:	0007d783          	lhu	a5,0(a5)
    9cdc:	00e7f7b3          	and	a5,a5,a4
    9ce0:	02078e63          	beqz	a5,9d1c <emdnorm+0x174>
    9ce4:	03240793          	add	a5,s0,50
    9ce8:	01848613          	add	a2,s1,24
    9cec:	00248593          	add	a1,s1,2
    9cf0:	00000513          	li	a0,0
    9cf4:	0007d703          	lhu	a4,0(a5)
    9cf8:	00065683          	lhu	a3,0(a2)
    9cfc:	ffe60613          	add	a2,a2,-2
    9d00:	ffe78793          	add	a5,a5,-2
    9d04:	00d70733          	add	a4,a4,a3
    9d08:	00a70733          	add	a4,a4,a0
    9d0c:	01075513          	srl	a0,a4,0x10
    9d10:	00e61123          	sh	a4,2(a2)
    9d14:	00157513          	and	a0,a0,1
    9d18:	fcc59ee3          	bne	a1,a2,9cf4 <emdnorm+0x14c>
    9d1c:	23205863          	blez	s2,9f4c <emdnorm+0x3a4>
    9d20:	0044d783          	lhu	a5,4(s1)
    9d24:	20079463          	bnez	a5,9f2c <emdnorm+0x384>
    9d28:	000087b7          	lui	a5,0x8
    9d2c:	00049c23          	sh	zero,24(s1)
    9d30:	ffe78793          	add	a5,a5,-2 # 7ffe <_vfprintf_r+0x236e>
    9d34:	0f27c263          	blt	a5,s2,9e18 <emdnorm+0x270>
    9d38:	01249123          	sh	s2,2(s1)
    9d3c:	01c12083          	lw	ra,28(sp)
    9d40:	01812403          	lw	s0,24(sp)
    9d44:	01412483          	lw	s1,20(sp)
    9d48:	01012903          	lw	s2,16(sp)
    9d4c:	00c12983          	lw	s3,12(sp)
    9d50:	00812a03          	lw	s4,8(sp)
    9d54:	00412a83          	lw	s5,4(sp)
    9d58:	02010113          	add	sp,sp,32
    9d5c:	00008067          	ret
    9d60:	04094063          	bltz	s2,9da0 <emdnorm+0x1f8>
    9d64:	fc0a82e3          	beqz	s5,9d28 <emdnorm+0x180>
    9d68:	00442a83          	lw	s5,4(s0)
    9d6c:	00042783          	lw	a5,0(s0)
    9d70:	e8fa9ee3          	bne	s5,a5,9c0c <emdnorm+0x64>
    9d74:	2d204063          	bgtz	s2,a034 <emdnorm+0x48c>
    9d78:	09000713          	li	a4,144
    9d7c:	2ce79063          	bne	a5,a4,a03c <emdnorm+0x494>
    9d80:	00842603          	lw	a2,8(s0)
    9d84:	01445583          	lhu	a1,20(s0)
    9d88:	09000a93          	li	s5,144
    9d8c:	00161613          	sll	a2,a2,0x1
    9d90:	00c48633          	add	a2,s1,a2
    9d94:	00065703          	lhu	a4,0(a2)
    9d98:	00b776b3          	and	a3,a4,a1
    9d9c:	f0dff06f          	j	9ca8 <emdnorm+0x100>
    9da0:	f7000793          	li	a5,-144
    9da4:	16f95063          	bge	s2,a5,9f04 <emdnorm+0x35c>
    9da8:	00248793          	add	a5,s1,2
    9dac:	01a48493          	add	s1,s1,26
    9db0:	00278793          	add	a5,a5,2
    9db4:	fe079f23          	sh	zero,-2(a5)
    9db8:	fef49ce3          	bne	s1,a5,9db0 <emdnorm+0x208>
    9dbc:	f81ff06f          	j	9d3c <emdnorm+0x194>
    9dc0:	01800793          	li	a5,24
    9dc4:	06fa8c63          	beq	s5,a5,9e3c <emdnorm+0x294>
    9dc8:	03500793          	li	a5,53
    9dcc:	20fa9263          	bne	s5,a5,9fd0 <emdnorm+0x428>
    9dd0:	000017b7          	lui	a5,0x1
    9dd4:	04000737          	lui	a4,0x4000
    9dd8:	00600693          	li	a3,6
    9ddc:	80078793          	add	a5,a5,-2048 # 800 <__divdf3+0x68>
    9de0:	7ff70713          	add	a4,a4,2047 # 40007ff <_sidata+0x3fea86f>
    9de4:	00d42423          	sw	a3,8(s0)
    9de8:	00e42a23          	sw	a4,20(s0)
    9dec:	00f41c23          	sh	a5,24(s0)
    9df0:	00d42623          	sw	a3,12(s0)
    9df4:	02f41323          	sh	a5,38(s0)
    9df8:	01542023          	sw	s5,0(s0)
    9dfc:	07205663          	blez	s2,9e68 <emdnorm+0x2c0>
    9e00:	00c4d683          	lhu	a3,12(s1)
    9e04:	00c48613          	add	a2,s1,12
    9e08:	00700793          	li	a5,7
    9e0c:	7ff6f693          	and	a3,a3,2047
    9e10:	e6dff06f          	j	9c7c <emdnorm+0xd4>
    9e14:	00049c23          	sh	zero,24(s1)
    9e18:	ffff87b7          	lui	a5,0xffff8
    9e1c:	fff7c793          	not	a5,a5
    9e20:	00f49123          	sh	a5,2(s1)
    9e24:	00448793          	add	a5,s1,4
    9e28:	01848493          	add	s1,s1,24
    9e2c:	00079023          	sh	zero,0(a5) # ffff8000 <_stack_top+0xdfef8000>
    9e30:	00278793          	add	a5,a5,2
    9e34:	fef49ce3          	bne	s1,a5,9e2c <emdnorm+0x284>
    9e38:	f05ff06f          	j	9d3c <emdnorm+0x194>
    9e3c:	008007b7          	lui	a5,0x800
    9e40:	00400693          	li	a3,4
    9e44:	10000713          	li	a4,256
    9e48:	0ff78793          	add	a5,a5,255 # 8000ff <_sidata+0x7ea16f>
    9e4c:	00d42423          	sw	a3,8(s0)
    9e50:	00f42a23          	sw	a5,20(s0)
    9e54:	00e41c23          	sh	a4,24(s0)
    9e58:	00d42623          	sw	a3,12(s0)
    9e5c:	02e41123          	sh	a4,34(s0)
    9e60:	01542023          	sw	s5,0(s0)
    9e64:	1b204a63          	bgtz	s2,a018 <emdnorm+0x470>
    9e68:	0184d783          	lhu	a5,24(s1)
    9e6c:	00048513          	mv	a0,s1
    9e70:	0017f793          	and	a5,a5,1
    9e74:	00f9e9b3          	or	s3,s3,a5
    9e78:	e10ff0ef          	jal	9488 <eshdn1>
    9e7c:	00842783          	lw	a5,8(s0)
    9e80:	01445583          	lhu	a1,20(s0)
    9e84:	08f00513          	li	a0,143
    9e88:	00179613          	sll	a2,a5,0x1
    9e8c:	00c48633          	add	a2,s1,a2
    9e90:	00065703          	lhu	a4,0(a2)
    9e94:	00b776b3          	and	a3,a4,a1
    9e98:	e15548e3          	blt	a0,s5,9ca8 <emdnorm+0x100>
    9e9c:	00178793          	add	a5,a5,1
    9ea0:	00c00513          	li	a0,12
    9ea4:	dcf55ce3          	bge	a0,a5,9c7c <emdnorm+0xd4>
    9ea8:	e01ff06f          	j	9ca8 <emdnorm+0x100>
    9eac:	00248793          	add	a5,s1,2
    9eb0:	01a48493          	add	s1,s1,26
    9eb4:	00278793          	add	a5,a5,2
    9eb8:	fe079f23          	sh	zero,-2(a5)
    9ebc:	fef49ce3          	bne	s1,a5,9eb4 <emdnorm+0x30c>
    9ec0:	e7dff06f          	j	9d3c <emdnorm+0x194>
    9ec4:	00700793          	li	a5,7
    9ec8:	00f42423          	sw	a5,8(s0)
    9ecc:	800107b7          	lui	a5,0x80010
    9ed0:	fff78793          	add	a5,a5,-1 # 8000ffff <_stack_top+0x5ff0ffff>
    9ed4:	00100713          	li	a4,1
    9ed8:	00f42a23          	sw	a5,20(s0)
    9edc:	00600793          	li	a5,6
    9ee0:	00e41c23          	sh	a4,24(s0)
    9ee4:	00f42623          	sw	a5,12(s0)
    9ee8:	02e41323          	sh	a4,38(s0)
    9eec:	01542023          	sw	s5,0(s0)
    9ef0:	f7205ce3          	blez	s2,9e68 <emdnorm+0x2c0>
    9ef4:	00e4d683          	lhu	a3,14(s1)
    9ef8:	00e48613          	add	a2,s1,14
    9efc:	00800793          	li	a5,8
    9f00:	d7dff06f          	j	9c7c <emdnorm+0xd4>
    9f04:	00090593          	mv	a1,s2
    9f08:	00048513          	mv	a0,s1
    9f0c:	8e1ff0ef          	jal	97ec <eshift.part.0>
    9f10:	0e050a63          	beqz	a0,a004 <emdnorm+0x45c>
    9f14:	100a8a63          	beqz	s5,a028 <emdnorm+0x480>
    9f18:	00442a83          	lw	s5,4(s0)
    9f1c:	00042783          	lw	a5,0(s0)
    9f20:	00100993          	li	s3,1
    9f24:	cefa94e3          	bne	s5,a5,9c0c <emdnorm+0x64>
    9f28:	e51ff06f          	j	9d78 <emdnorm+0x1d0>
    9f2c:	00048513          	mv	a0,s1
    9f30:	d58ff0ef          	jal	9488 <eshdn1>
    9f34:	000087b7          	lui	a5,0x8
    9f38:	00190913          	add	s2,s2,1
    9f3c:	00049c23          	sh	zero,24(s1)
    9f40:	ffe78793          	add	a5,a5,-2 # 7ffe <_vfprintf_r+0x236e>
    9f44:	ed27cae3          	blt	a5,s2,9e18 <emdnorm+0x270>
    9f48:	df1ff06f          	j	9d38 <emdnorm+0x190>
    9f4c:	09000793          	li	a5,144
    9f50:	02fa8263          	beq	s5,a5,9f74 <emdnorm+0x3cc>
    9f54:	00048513          	mv	a0,s1
    9f58:	d84ff0ef          	jal	94dc <eshup1>
    9f5c:	0044d783          	lhu	a5,4(s1)
    9f60:	00079e63          	bnez	a5,9f7c <emdnorm+0x3d4>
    9f64:	00049c23          	sh	zero,24(s1)
    9f68:	dc0958e3          	bgez	s2,9d38 <emdnorm+0x190>
    9f6c:	00049123          	sh	zero,2(s1)
    9f70:	dcdff06f          	j	9d3c <emdnorm+0x194>
    9f74:	0044d783          	lhu	a5,4(s1)
    9f78:	fe0786e3          	beqz	a5,9f64 <emdnorm+0x3bc>
    9f7c:	00048513          	mv	a0,s1
    9f80:	d08ff0ef          	jal	9488 <eshdn1>
    9f84:	00190913          	add	s2,s2,1
    9f88:	fddff06f          	j	9f64 <emdnorm+0x3bc>
    9f8c:	d40a0ce3          	beqz	s4,9ce4 <emdnorm+0x13c>
    9f90:	d8dff06f          	j	9d1c <emdnorm+0x174>
    9f94:	008007b7          	lui	a5,0x800
    9f98:	00600693          	li	a3,6
    9f9c:	10000713          	li	a4,256
    9fa0:	0ff78793          	add	a5,a5,255 # 8000ff <_sidata+0x7ea16f>
    9fa4:	00d42423          	sw	a3,8(s0)
    9fa8:	00f42a23          	sw	a5,20(s0)
    9fac:	00e41c23          	sh	a4,24(s0)
    9fb0:	00d42623          	sw	a3,12(s0)
    9fb4:	02e41323          	sh	a4,38(s0)
    9fb8:	01542023          	sw	s5,0(s0)
    9fbc:	eb2056e3          	blez	s2,9e68 <emdnorm+0x2c0>
    9fc0:	00c4c683          	lbu	a3,12(s1)
    9fc4:	00c48613          	add	a2,s1,12
    9fc8:	00700793          	li	a5,7
    9fcc:	cb1ff06f          	j	9c7c <emdnorm+0xd4>
    9fd0:	00c00793          	li	a5,12
    9fd4:	00f42423          	sw	a5,8(s0)
    9fd8:	800107b7          	lui	a5,0x80010
    9fdc:	fff78793          	add	a5,a5,-1 # 8000ffff <_stack_top+0x5ff0ffff>
    9fe0:	00100713          	li	a4,1
    9fe4:	00f42a23          	sw	a5,20(s0)
    9fe8:	00b00793          	li	a5,11
    9fec:	00f42623          	sw	a5,12(s0)
    9ff0:	00e41c23          	sh	a4,24(s0)
    9ff4:	02e41823          	sh	a4,48(s0)
    9ff8:	01542023          	sw	s5,0(s0)
    9ffc:	000a8793          	mv	a5,s5
    a000:	d75ff06f          	j	9d74 <emdnorm+0x1cc>
    a004:	020a8263          	beqz	s5,a028 <emdnorm+0x480>
    a008:	00442a83          	lw	s5,4(s0)
    a00c:	00042783          	lw	a5,0(s0)
    a010:	befa9ee3          	bne	s5,a5,9c0c <emdnorm+0x64>
    a014:	d65ff06f          	j	9d78 <emdnorm+0x1d0>
    a018:	0084c683          	lbu	a3,8(s1)
    a01c:	00848613          	add	a2,s1,8
    a020:	00500793          	li	a5,5
    a024:	c59ff06f          	j	9c7c <emdnorm+0xd4>
    a028:	00049c23          	sh	zero,24(s1)
    a02c:	00049123          	sh	zero,2(s1)
    a030:	d0dff06f          	j	9d3c <emdnorm+0x194>
    a034:	00078a93          	mv	s5,a5
    a038:	e45ff06f          	j	9e7c <emdnorm+0x2d4>
    a03c:	00078a93          	mv	s5,a5
    a040:	e29ff06f          	j	9e68 <emdnorm+0x2c0>

0000a044 <eiremain>:
    a044:	fd010113          	add	sp,sp,-48
    a048:	03212023          	sw	s2,32(sp)
    a04c:	01312e23          	sw	s3,28(sp)
    a050:	00058913          	mv	s2,a1
    a054:	00255983          	lhu	s3,2(a0)
    a058:	02112623          	sw	ra,44(sp)
    a05c:	02812423          	sw	s0,40(sp)
    a060:	02912223          	sw	s1,36(sp)
    a064:	01412c23          	sw	s4,24(sp)
    a068:	00060493          	mv	s1,a2
    a06c:	01712623          	sw	s7,12(sp)
    a070:	01512a23          	sw	s5,20(sp)
    a074:	01612823          	sw	s6,16(sp)
    a078:	01812423          	sw	s8,8(sp)
    a07c:	01912223          	sw	s9,4(sp)
    a080:	01a12023          	sw	s10,0(sp)
    a084:	00050b93          	mv	s7,a0
    a088:	df0ff0ef          	jal	9678 <enormlz>
    a08c:	00295403          	lhu	s0,2(s2)
    a090:	00050793          	mv	a5,a0
    a094:	00090513          	mv	a0,s2
    a098:	40f989b3          	sub	s3,s3,a5
    a09c:	03448a13          	add	s4,s1,52
    a0a0:	dd8ff0ef          	jal	9678 <enormlz>
    a0a4:	40a40433          	sub	s0,s0,a0
    a0a8:	04e48713          	add	a4,s1,78
    a0ac:	000a0793          	mv	a5,s4
    a0b0:	00278793          	add	a5,a5,2
    a0b4:	fe079f23          	sh	zero,-2(a5)
    a0b8:	fee79ce3          	bne	a5,a4,a0b0 <eiremain+0x6c>
    a0bc:	09344863          	blt	s0,s3,a14c <eiremain+0x108>
    a0c0:	004b8b13          	add	s6,s7,4
    a0c4:	00490a93          	add	s5,s2,4
    a0c8:	01ab8c13          	add	s8,s7,26
    a0cc:	00290d13          	add	s10,s2,2
    a0d0:	000a8713          	mv	a4,s5
    a0d4:	000b0793          	mv	a5,s6
    a0d8:	0007d603          	lhu	a2,0(a5)
    a0dc:	00075683          	lhu	a3,0(a4)
    a0e0:	00278793          	add	a5,a5,2
    a0e4:	00270713          	add	a4,a4,2
    a0e8:	0ad61a63          	bne	a2,a3,a19c <eiremain+0x158>
    a0ec:	fefc16e3          	bne	s8,a5,a0d8 <eiremain+0x94>
    a0f0:	018b8613          	add	a2,s7,24
    a0f4:	01890713          	add	a4,s2,24
    a0f8:	00000693          	li	a3,0
    a0fc:	00075783          	lhu	a5,0(a4)
    a100:	00065583          	lhu	a1,0(a2)
    a104:	ffe70713          	add	a4,a4,-2
    a108:	ffe60613          	add	a2,a2,-2
    a10c:	40b787b3          	sub	a5,a5,a1
    a110:	40d787b3          	sub	a5,a5,a3
    a114:	0107d693          	srl	a3,a5,0x10
    a118:	00f71123          	sh	a5,2(a4)
    a11c:	0016f693          	and	a3,a3,1
    a120:	fda71ee3          	bne	a4,s10,a0fc <eiremain+0xb8>
    a124:	00100c93          	li	s9,1
    a128:	000a0513          	mv	a0,s4
    a12c:	bb0ff0ef          	jal	94dc <eshup1>
    a130:	04c4d783          	lhu	a5,76(s1)
    a134:	fff40413          	add	s0,s0,-1
    a138:	00090513          	mv	a0,s2
    a13c:	00fce7b3          	or	a5,s9,a5
    a140:	04f49623          	sh	a5,76(s1)
    a144:	b98ff0ef          	jal	94dc <eshup1>
    a148:	f93454e3          	bge	s0,s3,a0d0 <eiremain+0x8c>
    a14c:	00040693          	mv	a3,s0
    a150:	02812403          	lw	s0,40(sp)
    a154:	02c12083          	lw	ra,44(sp)
    a158:	01c12983          	lw	s3,28(sp)
    a15c:	01812a03          	lw	s4,24(sp)
    a160:	01412a83          	lw	s5,20(sp)
    a164:	01012b03          	lw	s6,16(sp)
    a168:	00c12b83          	lw	s7,12(sp)
    a16c:	00812c03          	lw	s8,8(sp)
    a170:	00412c83          	lw	s9,4(sp)
    a174:	00012d03          	lw	s10,0(sp)
    a178:	00048793          	mv	a5,s1
    a17c:	00090513          	mv	a0,s2
    a180:	02412483          	lw	s1,36(sp)
    a184:	02012903          	lw	s2,32(sp)
    a188:	00000713          	li	a4,0
    a18c:	00000613          	li	a2,0
    a190:	00000593          	li	a1,0
    a194:	03010113          	add	sp,sp,48
    a198:	a11ff06f          	j	9ba8 <emdnorm>
    a19c:	00000c93          	li	s9,0
    a1a0:	f8c6e4e3          	bltu	a3,a2,a128 <eiremain+0xe4>
    a1a4:	f4dff06f          	j	a0f0 <eiremain+0xac>

0000a1a8 <e113toe.isra.0>:
    a1a8:	fd010113          	add	sp,sp,-48
    a1ac:	02812423          	sw	s0,40(sp)
    a1b0:	02112623          	sw	ra,44(sp)
    a1b4:	00058413          	mv	s0,a1
    a1b8:	00410793          	add	a5,sp,4
    a1bc:	01e10713          	add	a4,sp,30
    a1c0:	00278793          	add	a5,a5,2
    a1c4:	fe079f23          	sh	zero,-2(a5)
    a1c8:	fee79ce3          	bne	a5,a4,a1c0 <e113toe.isra.0+0x18>
    a1cc:	00e55603          	lhu	a2,14(a0)
    a1d0:	000087b7          	lui	a5,0x8
    a1d4:	fff78793          	add	a5,a5,-1 # 7fff <_vfprintf_r+0x236f>
    a1d8:	00f65713          	srl	a4,a2,0xf
    a1dc:	40e00733          	neg	a4,a4
    a1e0:	00e11223          	sh	a4,4(sp)
    a1e4:	00f67633          	and	a2,a2,a5
    a1e8:	06f60063          	beq	a2,a5,a248 <e113toe.isra.0+0xa0>
    a1ec:	00e50793          	add	a5,a0,14
    a1f0:	00c11323          	sh	a2,6(sp)
    a1f4:	00a10713          	add	a4,sp,10
    a1f8:	ffe7d683          	lhu	a3,-2(a5)
    a1fc:	ffe78793          	add	a5,a5,-2
    a200:	00270713          	add	a4,a4,2
    a204:	fed71f23          	sh	a3,-2(a4)
    a208:	fef518e3          	bne	a0,a5,a1f8 <e113toe.isra.0+0x50>
    a20c:	02061263          	bnez	a2,a230 <e113toe.isra.0+0x88>
    a210:	00011423          	sh	zero,8(sp)
    a214:	00040593          	mv	a1,s0
    a218:	00410513          	add	a0,sp,4
    a21c:	ba0ff0ef          	jal	95bc <emovo.constprop.0>
    a220:	02c12083          	lw	ra,44(sp)
    a224:	02812403          	lw	s0,40(sp)
    a228:	03010113          	add	sp,sp,48
    a22c:	00008067          	ret
    a230:	00100793          	li	a5,1
    a234:	fff00593          	li	a1,-1
    a238:	00410513          	add	a0,sp,4
    a23c:	00f11423          	sh	a5,8(sp)
    a240:	dacff0ef          	jal	97ec <eshift.part.0>
    a244:	fd1ff06f          	j	a214 <e113toe.isra.0+0x6c>
    a248:	00050793          	mv	a5,a0
    a24c:	00e50693          	add	a3,a0,14
    a250:	0007d703          	lhu	a4,0(a5)
    a254:	00278793          	add	a5,a5,2
    a258:	06071c63          	bnez	a4,a2d0 <e113toe.isra.0+0x128>
    a25c:	fed79ae3          	bne	a5,a3,a250 <e113toe.isra.0+0xa8>
    a260:	01440713          	add	a4,s0,20
    a264:	00040793          	mv	a5,s0
    a268:	00278793          	add	a5,a5,2
    a26c:	fe079f23          	sh	zero,-2(a5)
    a270:	fee79ce3          	bne	a5,a4,a268 <e113toe.isra.0+0xc0>
    a274:	01240713          	add	a4,s0,18
    a278:	00040793          	mv	a5,s0
    a27c:	00278793          	add	a5,a5,2
    a280:	fe079f23          	sh	zero,-2(a5)
    a284:	fee79ce3          	bne	a5,a4,a27c <e113toe.isra.0+0xd4>
    a288:	01245783          	lhu	a5,18(s0)
    a28c:	000086b7          	lui	a3,0x8
    a290:	fff68693          	add	a3,a3,-1 # 7fff <_vfprintf_r+0x236f>
    a294:	00d7e7b3          	or	a5,a5,a3
    a298:	01079793          	sll	a5,a5,0x10
    a29c:	0107d793          	srl	a5,a5,0x10
    a2a0:	00f41923          	sh	a5,18(s0)
    a2a4:	00e51683          	lh	a3,14(a0)
    a2a8:	f606dce3          	bgez	a3,a220 <e113toe.isra.0+0x78>
    a2ac:	00040693          	mv	a3,s0
    a2b0:	0006d603          	lhu	a2,0(a3)
    a2b4:	00268693          	add	a3,a3,2
    a2b8:	f60614e3          	bnez	a2,a220 <e113toe.isra.0+0x78>
    a2bc:	fee69ae3          	bne	a3,a4,a2b0 <e113toe.isra.0+0x108>
    a2c0:	ffff8737          	lui	a4,0xffff8
    a2c4:	00e7c7b3          	xor	a5,a5,a4
    a2c8:	00f41923          	sh	a5,18(s0)
    a2cc:	f55ff06f          	j	a220 <e113toe.isra.0+0x78>
    a2d0:	01040713          	add	a4,s0,16
    a2d4:	00040793          	mv	a5,s0
    a2d8:	00278793          	add	a5,a5,2
    a2dc:	fe079f23          	sh	zero,-2(a5)
    a2e0:	fee79ce3          	bne	a5,a4,a2d8 <e113toe.isra.0+0x130>
    a2e4:	ffffc7b7          	lui	a5,0xffffc
    a2e8:	00f41823          	sh	a5,16(s0)
    a2ec:	ffff87b7          	lui	a5,0xffff8
    a2f0:	fff7c793          	not	a5,a5
    a2f4:	00f41923          	sh	a5,18(s0)
    a2f8:	f29ff06f          	j	a220 <e113toe.isra.0+0x78>

0000a2fc <ediv>:
    a2fc:	01255783          	lhu	a5,18(a0)
    a300:	f5010113          	add	sp,sp,-176
    a304:	0a812423          	sw	s0,168(sp)
    a308:	fff7c793          	not	a5,a5
    a30c:	0a912223          	sw	s1,164(sp)
    a310:	0b212023          	sw	s2,160(sp)
    a314:	09312e23          	sw	s3,156(sp)
    a318:	0a112623          	sw	ra,172(sp)
    a31c:	09412c23          	sw	s4,152(sp)
    a320:	09512a23          	sw	s5,148(sp)
    a324:	09612823          	sw	s6,144(sp)
    a328:	09712623          	sw	s7,140(sp)
    a32c:	09812423          	sw	s8,136(sp)
    a330:	09912223          	sw	s9,132(sp)
    a334:	09a12023          	sw	s10,128(sp)
    a338:	07b12e23          	sw	s11,124(sp)
    a33c:	01179713          	sll	a4,a5,0x11
    a340:	00050493          	mv	s1,a0
    a344:	00058993          	mv	s3,a1
    a348:	00060413          	mv	s0,a2
    a34c:	00068913          	mv	s2,a3
    a350:	00071e63          	bnez	a4,a36c <ediv+0x70>
    a354:	01250693          	add	a3,a0,18
    a358:	00050793          	mv	a5,a0
    a35c:	0007d703          	lhu	a4,0(a5) # ffff8000 <_stack_top+0xdfef8000>
    a360:	00278793          	add	a5,a5,2
    a364:	0e071e63          	bnez	a4,a460 <ediv+0x164>
    a368:	fed79ae3          	bne	a5,a3,a35c <ediv+0x60>
    a36c:	0129d783          	lhu	a5,18(s3)
    a370:	fff7c793          	not	a5,a5
    a374:	01179713          	sll	a4,a5,0x11
    a378:	00071e63          	bnez	a4,a394 <ediv+0x98>
    a37c:	01298693          	add	a3,s3,18
    a380:	00098793          	mv	a5,s3
    a384:	0007d703          	lhu	a4,0(a5)
    a388:	00278793          	add	a5,a5,2
    a38c:	0e071863          	bnez	a4,a47c <ediv+0x180>
    a390:	fed79ae3          	bne	a5,a3,a384 <ediv+0x88>
    a394:	00015a37          	lui	s4,0x15
    a398:	760a0593          	add	a1,s4,1888 # 15760 <ezero>
    a39c:	00048513          	mv	a0,s1
    a3a0:	ebcff0ef          	jal	9a5c <ecmp>
    a3a4:	18050a63          	beqz	a0,a538 <ediv+0x23c>
    a3a8:	0124d603          	lhu	a2,18(s1)
    a3ac:	000087b7          	lui	a5,0x8
    a3b0:	fff78793          	add	a5,a5,-1 # 7fff <_vfprintf_r+0x236f>
    a3b4:	00f67533          	and	a0,a2,a5
    a3b8:	0ef51063          	bne	a0,a5,a498 <ediv+0x19c>
    a3bc:	01248693          	add	a3,s1,18
    a3c0:	00048793          	mv	a5,s1
    a3c4:	0007d703          	lhu	a4,0(a5)
    a3c8:	00278793          	add	a5,a5,2
    a3cc:	0c071663          	bnez	a4,a498 <ediv+0x19c>
    a3d0:	fed79ae3          	bne	a5,a3,a3c4 <ediv+0xc8>
    a3d4:	0129d703          	lhu	a4,18(s3)
    a3d8:	fff74793          	not	a5,a4
    a3dc:	01179693          	sll	a3,a5,0x11
    a3e0:	14069263          	bnez	a3,a524 <ediv+0x228>
    a3e4:	01298693          	add	a3,s3,18
    a3e8:	00098793          	mv	a5,s3
    a3ec:	0007d583          	lhu	a1,0(a5)
    a3f0:	00278793          	add	a5,a5,2
    a3f4:	48059863          	bnez	a1,a884 <ediv+0x588>
    a3f8:	fed79ae3          	bne	a5,a3,a3ec <ediv+0xf0>
    a3fc:	01040713          	add	a4,s0,16
    a400:	00040793          	mv	a5,s0
    a404:	00278793          	add	a5,a5,2
    a408:	fe079f23          	sh	zero,-2(a5)
    a40c:	fee79ce3          	bne	a5,a4,a404 <ediv+0x108>
    a410:	ffffc7b7          	lui	a5,0xffffc
    a414:	00f41823          	sh	a5,16(s0)
    a418:	ffff87b7          	lui	a5,0xffff8
    a41c:	fff7c793          	not	a5,a5
    a420:	00f41923          	sh	a5,18(s0)
    a424:	0ac12083          	lw	ra,172(sp)
    a428:	0a812403          	lw	s0,168(sp)
    a42c:	0a412483          	lw	s1,164(sp)
    a430:	0a012903          	lw	s2,160(sp)
    a434:	09c12983          	lw	s3,156(sp)
    a438:	09812a03          	lw	s4,152(sp)
    a43c:	09412a83          	lw	s5,148(sp)
    a440:	09012b03          	lw	s6,144(sp)
    a444:	08c12b83          	lw	s7,140(sp)
    a448:	08812c03          	lw	s8,136(sp)
    a44c:	08412c83          	lw	s9,132(sp)
    a450:	08012d03          	lw	s10,128(sp)
    a454:	07c12d83          	lw	s11,124(sp)
    a458:	0b010113          	add	sp,sp,176
    a45c:	00008067          	ret
    a460:	01448713          	add	a4,s1,20
    a464:	0004d783          	lhu	a5,0(s1)
    a468:	00248493          	add	s1,s1,2
    a46c:	00240413          	add	s0,s0,2
    a470:	fef41f23          	sh	a5,-2(s0)
    a474:	fee498e3          	bne	s1,a4,a464 <ediv+0x168>
    a478:	fadff06f          	j	a424 <ediv+0x128>
    a47c:	01440713          	add	a4,s0,20
    a480:	0009d783          	lhu	a5,0(s3)
    a484:	00240413          	add	s0,s0,2
    a488:	00298993          	add	s3,s3,2
    a48c:	fef41f23          	sh	a5,-2(s0)
    a490:	fee418e3          	bne	s0,a4,a480 <ediv+0x184>
    a494:	f91ff06f          	j	a424 <ediv+0x128>
    a498:	0129d703          	lhu	a4,18(s3)
    a49c:	fff74793          	not	a5,a4
    a4a0:	01179693          	sll	a3,a5,0x11
    a4a4:	0a069463          	bnez	a3,a54c <ediv+0x250>
    a4a8:	00000813          	li	a6,0
    a4ac:	01298693          	add	a3,s3,18
    a4b0:	00098793          	mv	a5,s3
    a4b4:	0007d583          	lhu	a1,0(a5) # ffff8000 <_stack_top+0xdfef8000>
    a4b8:	00278793          	add	a5,a5,2
    a4bc:	06059263          	bnez	a1,a520 <ediv+0x224>
    a4c0:	fed79ae3          	bne	a5,a3,a4b4 <ediv+0x1b8>
    a4c4:	000087b7          	lui	a5,0x8
    a4c8:	fff78793          	add	a5,a5,-1 # 7fff <_vfprintf_r+0x236f>
    a4cc:	0cf50863          	beq	a0,a5,a59c <ediv+0x2a0>
    a4d0:	00f65613          	srl	a2,a2,0xf
    a4d4:	0009d783          	lhu	a5,0(s3)
    a4d8:	00298993          	add	s3,s3,2
    a4dc:	38079c63          	bnez	a5,a874 <ediv+0x578>
    a4e0:	fed99ae3          	bne	s3,a3,a4d4 <ediv+0x1d8>
    a4e4:	00f75793          	srl	a5,a4,0xf
    a4e8:	00c7c7b3          	xor	a5,a5,a2
    a4ec:	00f79793          	sll	a5,a5,0xf
    a4f0:	00f41923          	sh	a5,18(s0)
    a4f4:	01240713          	add	a4,s0,18
    a4f8:	00040793          	mv	a5,s0
    a4fc:	00278793          	add	a5,a5,2
    a500:	fe079f23          	sh	zero,-2(a5)
    a504:	fee79ce3          	bne	a5,a4,a4fc <ediv+0x200>
    a508:	01245783          	lhu	a5,18(s0)
    a50c:	00008737          	lui	a4,0x8
    a510:	fff70713          	add	a4,a4,-1 # 7fff <_vfprintf_r+0x236f>
    a514:	00e7e7b3          	or	a5,a5,a4
    a518:	00f41923          	sh	a5,18(s0)
    a51c:	f09ff06f          	j	a424 <ediv+0x128>
    a520:	02080663          	beqz	a6,a54c <ediv+0x250>
    a524:	01440793          	add	a5,s0,20
    a528:	00240413          	add	s0,s0,2
    a52c:	fe041f23          	sh	zero,-2(s0)
    a530:	fef41ce3          	bne	s0,a5,a528 <ediv+0x22c>
    a534:	ef1ff06f          	j	a424 <ediv+0x128>
    a538:	760a0593          	add	a1,s4,1888
    a53c:	00098513          	mv	a0,s3
    a540:	d1cff0ef          	jal	9a5c <ecmp>
    a544:	e60512e3          	bnez	a0,a3a8 <ediv+0xac>
    a548:	eb5ff06f          	j	a3fc <ediv+0x100>
    a54c:	01c10593          	add	a1,sp,28
    a550:	00048513          	mv	a0,s1
    a554:	c54ff0ef          	jal	99a8 <emovi>
    a558:	03810593          	add	a1,sp,56
    a55c:	00098513          	mv	a0,s3
    a560:	c48ff0ef          	jal	99a8 <emovi>
    a564:	03a15b03          	lhu	s6,58(sp)
    a568:	01e15c03          	lhu	s8,30(sp)
    a56c:	040b1463          	bnez	s6,a5b4 <ediv+0x2b8>
    a570:	03a10793          	add	a5,sp,58
    a574:	05010c93          	add	s9,sp,80
    a578:	0007d703          	lhu	a4,0(a5)
    a57c:	00278793          	add	a5,a5,2
    a580:	2c071663          	bnez	a4,a84c <ediv+0x550>
    a584:	fefc9ae3          	bne	s9,a5,a578 <ediv+0x27c>
    a588:	01440793          	add	a5,s0,20
    a58c:	00240413          	add	s0,s0,2
    a590:	fe041f23          	sh	zero,-2(s0)
    a594:	fef41ce3          	bne	s0,a5,a58c <ediv+0x290>
    a598:	e8dff06f          	j	a424 <ediv+0x128>
    a59c:	01248593          	add	a1,s1,18
    a5a0:	0004d783          	lhu	a5,0(s1)
    a5a4:	00248493          	add	s1,s1,2
    a5a8:	2c079a63          	bnez	a5,a87c <ediv+0x580>
    a5ac:	feb49ae3          	bne	s1,a1,a5a0 <ediv+0x2a4>
    a5b0:	f21ff06f          	j	a4d0 <ediv+0x1d4>
    a5b4:	01612223          	sw	s6,4(sp)
    a5b8:	040c1663          	bnez	s8,a604 <ediv+0x308>
    a5bc:	01e10793          	add	a5,sp,30
    a5c0:	03410693          	add	a3,sp,52
    a5c4:	0007d703          	lhu	a4,0(a5)
    a5c8:	00278793          	add	a5,a5,2
    a5cc:	28071a63          	bnez	a4,a860 <ediv+0x564>
    a5d0:	fed79ae3          	bne	a5,a3,a5c4 <ediv+0x2c8>
    a5d4:	01c15683          	lhu	a3,28(sp)
    a5d8:	03815603          	lhu	a2,56(sp)
    a5dc:	01240713          	add	a4,s0,18
    a5e0:	00040793          	mv	a5,s0
    a5e4:	40c686b3          	sub	a3,a3,a2
    a5e8:	00d036b3          	snez	a3,a3
    a5ec:	00f69693          	sll	a3,a3,0xf
    a5f0:	00d41923          	sh	a3,18(s0)
    a5f4:	00278793          	add	a5,a5,2
    a5f8:	fe079f23          	sh	zero,-2(a5)
    a5fc:	fee79ce3          	bne	a5,a4,a5f4 <ediv+0x2f8>
    a600:	f09ff06f          	j	a508 <ediv+0x20c>
    a604:	01812423          	sw	s8,8(sp)
    a608:	03490793          	add	a5,s2,52
    a60c:	00f12623          	sw	a5,12(sp)
    a610:	03812783          	lw	a5,56(sp)
    a614:	03890493          	add	s1,s2,56
    a618:	04e90993          	add	s3,s2,78
    a61c:	02f92a23          	sw	a5,52(s2)
    a620:	00048793          	mv	a5,s1
    a624:	00278793          	add	a5,a5,2
    a628:	fe079f23          	sh	zero,-2(a5)
    a62c:	ff379ce3          	bne	a5,s3,a624 <ediv+0x328>
    a630:	03810513          	add	a0,sp,56
    a634:	e55fe0ef          	jal	9488 <eshdn1>
    a638:	02215b83          	lhu	s7,34(sp)
    a63c:	00010a37          	lui	s4,0x10
    a640:	03a10d13          	add	s10,sp,58
    a644:	010b9a93          	sll	s5,s7,0x10
    a648:	417a8ab3          	sub	s5,s5,s7
    a64c:	05010c93          	add	s9,sp,80
    a650:	fffa0a13          	add	s4,s4,-1 # ffff <_svfprintf_r+0x2267>
    a654:	06e10d93          	add	s11,sp,110
    a658:	05610c13          	add	s8,sp,86
    a65c:	03c15783          	lhu	a5,60(sp)
    a660:	03e15703          	lhu	a4,62(sp)
    a664:	000a0b13          	mv	s6,s4
    a668:	01079793          	sll	a5,a5,0x10
    a66c:	00e787b3          	add	a5,a5,a4
    a670:	00fae863          	bltu	s5,a5,a680 <ediv+0x384>
    a674:	0377d7b3          	divu	a5,a5,s7
    a678:	01079b13          	sll	s6,a5,0x10
    a67c:	010b5b13          	srl	s6,s6,0x10
    a680:	05410613          	add	a2,sp,84
    a684:	01c10593          	add	a1,sp,28
    a688:	000b0513          	mv	a0,s6
    a68c:	ea5fe0ef          	jal	9530 <m16m>
    a690:	03c10713          	add	a4,sp,60
    a694:	05810793          	add	a5,sp,88
    a698:	0007d603          	lhu	a2,0(a5)
    a69c:	00075683          	lhu	a3,0(a4)
    a6a0:	00278793          	add	a5,a5,2
    a6a4:	00270713          	add	a4,a4,2
    a6a8:	0ed61863          	bne	a2,a3,a798 <ediv+0x49c>
    a6ac:	ffb796e3          	bne	a5,s11,a698 <ediv+0x39c>
    a6b0:	00000693          	li	a3,0
    a6b4:	06c10613          	add	a2,sp,108
    a6b8:	000c8793          	mv	a5,s9
    a6bc:	0007d703          	lhu	a4,0(a5)
    a6c0:	00065583          	lhu	a1,0(a2)
    a6c4:	ffe78793          	add	a5,a5,-2
    a6c8:	ffe60613          	add	a2,a2,-2
    a6cc:	40b70733          	sub	a4,a4,a1
    a6d0:	40d70733          	sub	a4,a4,a3
    a6d4:	01075693          	srl	a3,a4,0x10
    a6d8:	00e79123          	sh	a4,2(a5)
    a6dc:	0016f693          	and	a3,a3,1
    a6e0:	fda79ee3          	bne	a5,s10,a6bc <ediv+0x3c0>
    a6e4:	01649023          	sh	s6,0(s1)
    a6e8:	03c10793          	add	a5,sp,60
    a6ec:	0027d703          	lhu	a4,2(a5)
    a6f0:	00278793          	add	a5,a5,2
    a6f4:	fee79f23          	sh	a4,-2(a5)
    a6f8:	ff979ae3          	bne	a5,s9,a6ec <ediv+0x3f0>
    a6fc:	04011823          	sh	zero,80(sp)
    a700:	00248493          	add	s1,s1,2
    a704:	f4999ce3          	bne	s3,s1,a65c <ediv+0x360>
    a708:	00000713          	li	a4,0
    a70c:	03c10793          	add	a5,sp,60
    a710:	05210693          	add	a3,sp,82
    a714:	0007d603          	lhu	a2,0(a5)
    a718:	00278793          	add	a5,a5,2
    a71c:	00c76733          	or	a4,a4,a2
    a720:	fed79ae3          	bne	a5,a3,a714 <ediv+0x418>
    a724:	00c12483          	lw	s1,12(sp)
    a728:	00e035b3          	snez	a1,a4
    a72c:	03810793          	add	a5,sp,56
    a730:	0004d703          	lhu	a4,0(s1)
    a734:	00278793          	add	a5,a5,2
    a738:	00248493          	add	s1,s1,2
    a73c:	fee79f23          	sh	a4,-2(a5)
    a740:	fef698e3          	bne	a3,a5,a730 <ediv+0x434>
    a744:	00412783          	lw	a5,4(sp)
    a748:	00812703          	lw	a4,8(sp)
    a74c:	000046b7          	lui	a3,0x4
    a750:	fff68693          	add	a3,a3,-1 # 3fff <__divsf3+0xb3>
    a754:	40e78b33          	sub	s6,a5,a4
    a758:	03810513          	add	a0,sp,56
    a75c:	00090793          	mv	a5,s2
    a760:	04000713          	li	a4,64
    a764:	00db06b3          	add	a3,s6,a3
    a768:	00000613          	li	a2,0
    a76c:	c3cff0ef          	jal	9ba8 <emdnorm>
    a770:	03815703          	lhu	a4,56(sp)
    a774:	01c15783          	lhu	a5,28(sp)
    a778:	00040593          	mv	a1,s0
    a77c:	03810513          	add	a0,sp,56
    a780:	40e787b3          	sub	a5,a5,a4
    a784:	00f037b3          	snez	a5,a5
    a788:	40f007b3          	neg	a5,a5
    a78c:	02f11c23          	sh	a5,56(sp)
    a790:	e2dfe0ef          	jal	95bc <emovo.constprop.0>
    a794:	c91ff06f          	j	a424 <ediv+0x128>
    a798:	f0c6fce3          	bgeu	a3,a2,a6b0 <ediv+0x3b4>
    a79c:	fffb0793          	add	a5,s6,-1
    a7a0:	01079313          	sll	t1,a5,0x10
    a7a4:	01035313          	srl	t1,t1,0x10
    a7a8:	00000693          	li	a3,0
    a7ac:	03410613          	add	a2,sp,52
    a7b0:	06c10713          	add	a4,sp,108
    a7b4:	00075783          	lhu	a5,0(a4)
    a7b8:	00065583          	lhu	a1,0(a2)
    a7bc:	ffe70713          	add	a4,a4,-2
    a7c0:	ffe60613          	add	a2,a2,-2
    a7c4:	40b787b3          	sub	a5,a5,a1
    a7c8:	40d787b3          	sub	a5,a5,a3
    a7cc:	0107d693          	srl	a3,a5,0x10
    a7d0:	00f71123          	sh	a5,2(a4)
    a7d4:	0016f693          	and	a3,a3,1
    a7d8:	fd871ee3          	bne	a4,s8,a7b4 <ediv+0x4b8>
    a7dc:	03c10713          	add	a4,sp,60
    a7e0:	05810793          	add	a5,sp,88
    a7e4:	0007d603          	lhu	a2,0(a5)
    a7e8:	00075683          	lhu	a3,0(a4)
    a7ec:	00278793          	add	a5,a5,2
    a7f0:	00270713          	add	a4,a4,2
    a7f4:	00d61863          	bne	a2,a3,a804 <ediv+0x508>
    a7f8:	ffb796e3          	bne	a5,s11,a7e4 <ediv+0x4e8>
    a7fc:	00030b13          	mv	s6,t1
    a800:	eb1ff06f          	j	a6b0 <ediv+0x3b4>
    a804:	fec6fce3          	bgeu	a3,a2,a7fc <ediv+0x500>
    a808:	ffeb0513          	add	a0,s6,-2
    a80c:	01051b13          	sll	s6,a0,0x10
    a810:	010b5b13          	srl	s6,s6,0x10
    a814:	00000693          	li	a3,0
    a818:	03410613          	add	a2,sp,52
    a81c:	06c10713          	add	a4,sp,108
    a820:	00075783          	lhu	a5,0(a4)
    a824:	00065583          	lhu	a1,0(a2)
    a828:	ffe70713          	add	a4,a4,-2
    a82c:	ffe60613          	add	a2,a2,-2
    a830:	40b787b3          	sub	a5,a5,a1
    a834:	40d787b3          	sub	a5,a5,a3
    a838:	0107d693          	srl	a3,a5,0x10
    a83c:	00f71123          	sh	a5,2(a4)
    a840:	0016f693          	and	a3,a3,1
    a844:	fd871ee3          	bne	a4,s8,a820 <ediv+0x524>
    a848:	e69ff06f          	j	a6b0 <ediv+0x3b4>
    a84c:	03810513          	add	a0,sp,56
    a850:	e29fe0ef          	jal	9678 <enormlz>
    a854:	40a007b3          	neg	a5,a0
    a858:	00f12223          	sw	a5,4(sp)
    a85c:	d5dff06f          	j	a5b8 <ediv+0x2bc>
    a860:	01c10513          	add	a0,sp,28
    a864:	e15fe0ef          	jal	9678 <enormlz>
    a868:	40a007b3          	neg	a5,a0
    a86c:	00f12423          	sw	a5,8(sp)
    a870:	d99ff06f          	j	a608 <ediv+0x30c>
    a874:	00000793          	li	a5,0
    a878:	c71ff06f          	j	a4e8 <ediv+0x1ec>
    a87c:	00000613          	li	a2,0
    a880:	c55ff06f          	j	a4d4 <ediv+0x1d8>
    a884:	00100813          	li	a6,1
    a888:	c29ff06f          	j	a4b0 <ediv+0x1b4>

0000a88c <emul>:
    a88c:	01255803          	lhu	a6,18(a0)
    a890:	00008737          	lui	a4,0x8
    a894:	f7010113          	add	sp,sp,-144
    a898:	fff70713          	add	a4,a4,-1 # 7fff <_vfprintf_r+0x236f>
    a89c:	08812423          	sw	s0,136(sp)
    a8a0:	08912223          	sw	s1,132(sp)
    a8a4:	09212023          	sw	s2,128(sp)
    a8a8:	07512a23          	sw	s5,116(sp)
    a8ac:	00050493          	mv	s1,a0
    a8b0:	08112623          	sw	ra,140(sp)
    a8b4:	07312e23          	sw	s3,124(sp)
    a8b8:	07412c23          	sw	s4,120(sp)
    a8bc:	07612823          	sw	s6,112(sp)
    a8c0:	07712623          	sw	s7,108(sp)
    a8c4:	07812423          	sw	s8,104(sp)
    a8c8:	07912223          	sw	s9,100(sp)
    a8cc:	07a12023          	sw	s10,96(sp)
    a8d0:	00e87533          	and	a0,a6,a4
    a8d4:	00058913          	mv	s2,a1
    a8d8:	00060413          	mv	s0,a2
    a8dc:	00068a93          	mv	s5,a3
    a8e0:	16e51e63          	bne	a0,a4,aa5c <emul+0x1d0>
    a8e4:	01248993          	add	s3,s1,18
    a8e8:	00048713          	mv	a4,s1
    a8ec:	00075603          	lhu	a2,0(a4)
    a8f0:	00270713          	add	a4,a4,2
    a8f4:	1e061c63          	bnez	a2,aaec <emul+0x260>
    a8f8:	ff371ae3          	bne	a4,s3,a8ec <emul+0x60>
    a8fc:	01295603          	lhu	a2,18(s2)
    a900:	fff64793          	not	a5,a2
    a904:	01179713          	sll	a4,a5,0x11
    a908:	16070063          	beqz	a4,aa68 <emul+0x1dc>
    a90c:	00048793          	mv	a5,s1
    a910:	0007d703          	lhu	a4,0(a5)
    a914:	00278793          	add	a5,a5,2
    a918:	28071063          	bnez	a4,ab98 <emul+0x30c>
    a91c:	ff379ae3          	bne	a5,s3,a910 <emul+0x84>
    a920:	000155b7          	lui	a1,0x15
    a924:	76058593          	add	a1,a1,1888 # 15760 <ezero>
    a928:	00090513          	mv	a0,s2
    a92c:	930ff0ef          	jal	9a5c <ecmp>
    a930:	28050063          	beqz	a0,abb0 <emul+0x324>
    a934:	01295603          	lhu	a2,18(s2)
    a938:	00008737          	lui	a4,0x8
    a93c:	fff70713          	add	a4,a4,-1 # 7fff <_vfprintf_r+0x236f>
    a940:	00e676b3          	and	a3,a2,a4
    a944:	01290793          	add	a5,s2,18
    a948:	40e69263          	bne	a3,a4,ad4c <emul+0x4c0>
    a94c:	00090713          	mv	a4,s2
    a950:	00075683          	lhu	a3,0(a4)
    a954:	00270713          	add	a4,a4,2
    a958:	1e069c63          	bnez	a3,ab50 <emul+0x2c4>
    a95c:	fef71ae3          	bne	a4,a5,a950 <emul+0xc4>
    a960:	000155b7          	lui	a1,0x15
    a964:	76058593          	add	a1,a1,1888 # 15760 <ezero>
    a968:	00048513          	mv	a0,s1
    a96c:	8f0ff0ef          	jal	9a5c <ecmp>
    a970:	24050063          	beqz	a0,abb0 <emul+0x324>
    a974:	0124d803          	lhu	a6,18(s1)
    a978:	01295603          	lhu	a2,18(s2)
    a97c:	000087b7          	lui	a5,0x8
    a980:	fff78793          	add	a5,a5,-1 # 7fff <_vfprintf_r+0x236f>
    a984:	00f87733          	and	a4,a6,a5
    a988:	00f676b3          	and	a3,a2,a5
    a98c:	1cf70c63          	beq	a4,a5,ab64 <emul+0x2d8>
    a990:	00068593          	mv	a1,a3
    a994:	00070693          	mv	a3,a4
    a998:	000087b7          	lui	a5,0x8
    a99c:	fff78793          	add	a5,a5,-1 # 7fff <_vfprintf_r+0x236f>
    a9a0:	0ef59c63          	bne	a1,a5,aa98 <emul+0x20c>
    a9a4:	01290793          	add	a5,s2,18
    a9a8:	00090713          	mv	a4,s2
    a9ac:	00075583          	lhu	a1,0(a4)
    a9b0:	00270713          	add	a4,a4,2
    a9b4:	0e059263          	bnez	a1,aa98 <emul+0x20c>
    a9b8:	fee79ae3          	bne	a5,a4,a9ac <emul+0x120>
    a9bc:	00008737          	lui	a4,0x8
    a9c0:	fff70713          	add	a4,a4,-1 # 7fff <_vfprintf_r+0x236f>
    a9c4:	01248993          	add	s3,s1,18
    a9c8:	20e69a63          	bne	a3,a4,abdc <emul+0x350>
    a9cc:	0004d783          	lhu	a5,0(s1)
    a9d0:	00248493          	add	s1,s1,2
    a9d4:	20079c63          	bnez	a5,abec <emul+0x360>
    a9d8:	fe999ae3          	bne	s3,s1,a9cc <emul+0x140>
    a9dc:	00f85813          	srl	a6,a6,0xf
    a9e0:	000087b7          	lui	a5,0x8
    a9e4:	fff78793          	add	a5,a5,-1 # 7fff <_vfprintf_r+0x236f>
    a9e8:	18f68c63          	beq	a3,a5,ab80 <emul+0x2f4>
    a9ec:	00f65793          	srl	a5,a2,0xf
    a9f0:	0107c7b3          	xor	a5,a5,a6
    a9f4:	00f79793          	sll	a5,a5,0xf
    a9f8:	00f41923          	sh	a5,18(s0)
    a9fc:	01240713          	add	a4,s0,18
    aa00:	00040793          	mv	a5,s0
    aa04:	00278793          	add	a5,a5,2
    aa08:	fe079f23          	sh	zero,-2(a5)
    aa0c:	fee79ce3          	bne	a5,a4,aa04 <emul+0x178>
    aa10:	01245783          	lhu	a5,18(s0)
    aa14:	00008737          	lui	a4,0x8
    aa18:	fff70713          	add	a4,a4,-1 # 7fff <_vfprintf_r+0x236f>
    aa1c:	00e7e7b3          	or	a5,a5,a4
    aa20:	00f41923          	sh	a5,18(s0)
    aa24:	08c12083          	lw	ra,140(sp)
    aa28:	08812403          	lw	s0,136(sp)
    aa2c:	08412483          	lw	s1,132(sp)
    aa30:	08012903          	lw	s2,128(sp)
    aa34:	07c12983          	lw	s3,124(sp)
    aa38:	07812a03          	lw	s4,120(sp)
    aa3c:	07412a83          	lw	s5,116(sp)
    aa40:	07012b03          	lw	s6,112(sp)
    aa44:	06c12b83          	lw	s7,108(sp)
    aa48:	06812c03          	lw	s8,104(sp)
    aa4c:	06412c83          	lw	s9,100(sp)
    aa50:	06012d03          	lw	s10,96(sp)
    aa54:	09010113          	add	sp,sp,144
    aa58:	00008067          	ret
    aa5c:	0125d603          	lhu	a2,18(a1)
    aa60:	00e677b3          	and	a5,a2,a4
    aa64:	02e79a63          	bne	a5,a4,aa98 <emul+0x20c>
    aa68:	01290793          	add	a5,s2,18
    aa6c:	00090713          	mv	a4,s2
    aa70:	00075683          	lhu	a3,0(a4)
    aa74:	00270713          	add	a4,a4,2
    aa78:	08069863          	bnez	a3,ab08 <emul+0x27c>
    aa7c:	fef71ae3          	bne	a4,a5,aa70 <emul+0x1e4>
    aa80:	00008737          	lui	a4,0x8
    aa84:	fff70713          	add	a4,a4,-1 # 7fff <_vfprintf_r+0x236f>
    aa88:	01248993          	add	s3,s1,18
    aa8c:	e8e500e3          	beq	a0,a4,a90c <emul+0x80>
    aa90:	00e676b3          	and	a3,a2,a4
    aa94:	eae68ce3          	beq	a3,a4,a94c <emul+0xc0>
    aa98:	00048513          	mv	a0,s1
    aa9c:	00c10593          	add	a1,sp,12
    aaa0:	f09fe0ef          	jal	99a8 <emovi>
    aaa4:	00090513          	mv	a0,s2
    aaa8:	02810593          	add	a1,sp,40
    aaac:	efdfe0ef          	jal	99a8 <emovi>
    aab0:	00e15903          	lhu	s2,14(sp)
    aab4:	02a15483          	lhu	s1,42(sp)
    aab8:	06090663          	beqz	s2,ab24 <emul+0x298>
    aabc:	14049463          	bnez	s1,ac04 <emul+0x378>
    aac0:	02a10793          	add	a5,sp,42
    aac4:	04010693          	add	a3,sp,64
    aac8:	0007d703          	lhu	a4,0(a5)
    aacc:	00278793          	add	a5,a5,2
    aad0:	26071463          	bnez	a4,ad38 <emul+0x4ac>
    aad4:	fed79ae3          	bne	a5,a3,aac8 <emul+0x23c>
    aad8:	01440793          	add	a5,s0,20
    aadc:	00240413          	add	s0,s0,2
    aae0:	fe041f23          	sh	zero,-2(s0)
    aae4:	fe879ce3          	bne	a5,s0,aadc <emul+0x250>
    aae8:	f3dff06f          	j	aa24 <emul+0x198>
    aaec:	01440713          	add	a4,s0,20
    aaf0:	0004d783          	lhu	a5,0(s1)
    aaf4:	00240413          	add	s0,s0,2
    aaf8:	00248493          	add	s1,s1,2
    aafc:	fef41f23          	sh	a5,-2(s0)
    ab00:	fee418e3          	bne	s0,a4,aaf0 <emul+0x264>
    ab04:	f21ff06f          	j	aa24 <emul+0x198>
    ab08:	01490713          	add	a4,s2,20
    ab0c:	00095783          	lhu	a5,0(s2)
    ab10:	00290913          	add	s2,s2,2
    ab14:	00240413          	add	s0,s0,2
    ab18:	fef41f23          	sh	a5,-2(s0)
    ab1c:	ff2718e3          	bne	a4,s2,ab0c <emul+0x280>
    ab20:	f05ff06f          	j	aa24 <emul+0x198>
    ab24:	00e10793          	add	a5,sp,14
    ab28:	02410693          	add	a3,sp,36
    ab2c:	0007d703          	lhu	a4,0(a5)
    ab30:	00278793          	add	a5,a5,2
    ab34:	1e071a63          	bnez	a4,ad28 <emul+0x49c>
    ab38:	fef69ae3          	bne	a3,a5,ab2c <emul+0x2a0>
    ab3c:	01440793          	add	a5,s0,20
    ab40:	00240413          	add	s0,s0,2
    ab44:	fe041f23          	sh	zero,-2(s0)
    ab48:	fef41ce3          	bne	s0,a5,ab40 <emul+0x2b4>
    ab4c:	ed9ff06f          	j	aa24 <emul+0x198>
    ab50:	0124d803          	lhu	a6,18(s1)
    ab54:	00008737          	lui	a4,0x8
    ab58:	fff70713          	add	a4,a4,-1 # 7fff <_vfprintf_r+0x236f>
    ab5c:	00e876b3          	and	a3,a6,a4
    ab60:	e4e694e3          	bne	a3,a4,a9a8 <emul+0x11c>
    ab64:	01248993          	add	s3,s1,18
    ab68:	00048793          	mv	a5,s1
    ab6c:	0007d703          	lhu	a4,0(a5)
    ab70:	00278793          	add	a5,a5,2
    ab74:	08071063          	bnez	a4,abf4 <emul+0x368>
    ab78:	fef99ae3          	bne	s3,a5,ab6c <emul+0x2e0>
    ab7c:	e51ff06f          	j	a9cc <emul+0x140>
    ab80:	01290793          	add	a5,s2,18
    ab84:	00095703          	lhu	a4,0(s2)
    ab88:	00290913          	add	s2,s2,2
    ab8c:	04071c63          	bnez	a4,abe4 <emul+0x358>
    ab90:	ff279ae3          	bne	a5,s2,ab84 <emul+0x2f8>
    ab94:	e59ff06f          	j	a9ec <emul+0x160>
    ab98:	00008737          	lui	a4,0x8
    ab9c:	fff70713          	add	a4,a4,-1 # 7fff <_vfprintf_r+0x236f>
    aba0:	00e676b3          	and	a3,a2,a4
    aba4:	01290793          	add	a5,s2,18
    aba8:	dae682e3          	beq	a3,a4,a94c <emul+0xc0>
    abac:	fbdff06f          	j	ab68 <emul+0x2dc>
    abb0:	01040713          	add	a4,s0,16
    abb4:	00040793          	mv	a5,s0
    abb8:	00278793          	add	a5,a5,2
    abbc:	fe079f23          	sh	zero,-2(a5)
    abc0:	fee79ce3          	bne	a5,a4,abb8 <emul+0x32c>
    abc4:	ffffc7b7          	lui	a5,0xffffc
    abc8:	00f41823          	sh	a5,16(s0)
    abcc:	ffff87b7          	lui	a5,0xffff8
    abd0:	fff7c793          	not	a5,a5
    abd4:	00f41923          	sh	a5,18(s0)
    abd8:	e4dff06f          	j	aa24 <emul+0x198>
    abdc:	00f85813          	srl	a6,a6,0xf
    abe0:	fa5ff06f          	j	ab84 <emul+0x2f8>
    abe4:	00000793          	li	a5,0
    abe8:	e09ff06f          	j	a9f0 <emul+0x164>
    abec:	00000813          	li	a6,0
    abf0:	df1ff06f          	j	a9e0 <emul+0x154>
    abf4:	00068593          	mv	a1,a3
    abf8:	000086b7          	lui	a3,0x8
    abfc:	fff68693          	add	a3,a3,-1 # 7fff <_vfprintf_r+0x236f>
    ac00:	d99ff06f          	j	a998 <emul+0x10c>
    ac04:	00048993          	mv	s3,s1
    ac08:	02815783          	lhu	a5,40(sp)
    ac0c:	01049493          	sll	s1,s1,0x10
    ac10:	038a8a13          	add	s4,s5,56
    ac14:	0097e7b3          	or	a5,a5,s1
    ac18:	02faaa23          	sw	a5,52(s5)
    ac1c:	034a8493          	add	s1,s5,52
    ac20:	000a0793          	mv	a5,s4
    ac24:	04ea8713          	add	a4,s5,78
    ac28:	00079023          	sh	zero,0(a5) # ffff8000 <_stack_top+0xdfef8000>
    ac2c:	00278793          	add	a5,a5,2
    ac30:	fee79ce3          	bne	a5,a4,ac28 <emul+0x39c>
    ac34:	04ca8c93          	add	s9,s5,76
    ac38:	00000c13          	li	s8,0
    ac3c:	02410b13          	add	s6,sp,36
    ac40:	01010d13          	add	s10,sp,16
    ac44:	04610b93          	add	s7,sp,70
    ac48:	000b5503          	lhu	a0,0(s6)
    ac4c:	ffeb0b13          	add	s6,s6,-2
    ac50:	08051a63          	bnez	a0,ace4 <emul+0x458>
    ac54:	04cad783          	lhu	a5,76(s5)
    ac58:	000c8713          	mv	a4,s9
    ac5c:	00fc6c33          	or	s8,s8,a5
    ac60:	ffe75603          	lhu	a2,-2(a4)
    ac64:	ffe70713          	add	a4,a4,-2
    ac68:	00c71123          	sh	a2,2(a4)
    ac6c:	feea1ae3          	bne	s4,a4,ac60 <emul+0x3d4>
    ac70:	020a9c23          	sh	zero,56(s5)
    ac74:	fdab1ae3          	bne	s6,s10,ac48 <emul+0x3bc>
    ac78:	02810793          	add	a5,sp,40
    ac7c:	04210693          	add	a3,sp,66
    ac80:	0004d703          	lhu	a4,0(s1)
    ac84:	00278793          	add	a5,a5,2
    ac88:	00248493          	add	s1,s1,2
    ac8c:	fee79f23          	sh	a4,-2(a5)
    ac90:	fef698e3          	bne	a3,a5,ac80 <emul+0x3f4>
    ac94:	ffffc6b7          	lui	a3,0xffffc
    ac98:	01390933          	add	s2,s2,s3
    ac9c:	00268693          	add	a3,a3,2 # ffffc002 <_stack_top+0xdfefc002>
    aca0:	000c0593          	mv	a1,s8
    aca4:	02810513          	add	a0,sp,40
    aca8:	000a8793          	mv	a5,s5
    acac:	04000713          	li	a4,64
    acb0:	00d906b3          	add	a3,s2,a3
    acb4:	00000613          	li	a2,0
    acb8:	ef1fe0ef          	jal	9ba8 <emdnorm>
    acbc:	02815703          	lhu	a4,40(sp)
    acc0:	00c15783          	lhu	a5,12(sp)
    acc4:	00040593          	mv	a1,s0
    acc8:	02810513          	add	a0,sp,40
    accc:	40e787b3          	sub	a5,a5,a4
    acd0:	00f037b3          	snez	a5,a5
    acd4:	40f007b3          	neg	a5,a5
    acd8:	02f11423          	sh	a5,40(sp)
    acdc:	8e1fe0ef          	jal	95bc <emovo.constprop.0>
    ace0:	d45ff06f          	j	aa24 <emul+0x198>
    ace4:	04410613          	add	a2,sp,68
    ace8:	02810593          	add	a1,sp,40
    acec:	845fe0ef          	jal	9530 <m16m>
    acf0:	000c8513          	mv	a0,s9
    acf4:	00000593          	li	a1,0
    acf8:	05c10613          	add	a2,sp,92
    acfc:	00055783          	lhu	a5,0(a0)
    ad00:	00065703          	lhu	a4,0(a2)
    ad04:	ffe50513          	add	a0,a0,-2
    ad08:	ffe60613          	add	a2,a2,-2
    ad0c:	00f70733          	add	a4,a4,a5
    ad10:	00b70733          	add	a4,a4,a1
    ad14:	01075593          	srl	a1,a4,0x10
    ad18:	00e51123          	sh	a4,2(a0)
    ad1c:	0015f593          	and	a1,a1,1
    ad20:	fd761ee3          	bne	a2,s7,acfc <emul+0x470>
    ad24:	f31ff06f          	j	ac54 <emul+0x3c8>
    ad28:	00c10513          	add	a0,sp,12
    ad2c:	94dfe0ef          	jal	9678 <enormlz>
    ad30:	40a00933          	neg	s2,a0
    ad34:	d89ff06f          	j	aabc <emul+0x230>
    ad38:	02810513          	add	a0,sp,40
    ad3c:	93dfe0ef          	jal	9678 <enormlz>
    ad40:	40a009b3          	neg	s3,a0
    ad44:	02a15483          	lhu	s1,42(sp)
    ad48:	ec1ff06f          	j	ac08 <emul+0x37c>
    ad4c:	0124d803          	lhu	a6,18(s1)
    ad50:	00e877b3          	and	a5,a6,a4
    ad54:	e0e78ae3          	beq	a5,a4,ab68 <emul+0x2dc>
    ad58:	d41ff06f          	j	aa98 <emul+0x20c>

0000ad5c <_ldtoa_r>:
    ad5c:	00c5a883          	lw	a7,12(a1)
    ad60:	e0010113          	add	sp,sp,-512
    ad64:	0005ae83          	lw	t4,0(a1)
    ad68:	0045ae03          	lw	t3,4(a1)
    ad6c:	0085a303          	lw	t1,8(a1)
    ad70:	05112623          	sw	a7,76(sp)
    ad74:	04052583          	lw	a1,64(a0)
    ad78:	fff00893          	li	a7,-1
    ad7c:	17112823          	sw	a7,368(sp)
    ad80:	09000893          	li	a7,144
    ad84:	1e812c23          	sw	s0,504(sp)
    ad88:	1f412423          	sw	s4,488(sp)
    ad8c:	1e112e23          	sw	ra,508(sp)
    ad90:	1e912a23          	sw	s1,500(sp)
    ad94:	1f212823          	sw	s2,496(sp)
    ad98:	1f312623          	sw	s3,492(sp)
    ad9c:	1f512223          	sw	s5,484(sp)
    ada0:	1f612023          	sw	s6,480(sp)
    ada4:	1d712e23          	sw	s7,476(sp)
    ada8:	1d812c23          	sw	s8,472(sp)
    adac:	1d912a23          	sw	s9,468(sp)
    adb0:	1da12823          	sw	s10,464(sp)
    adb4:	1db12623          	sw	s11,460(sp)
    adb8:	00a12023          	sw	a0,0(sp)
    adbc:	05d12023          	sw	t4,64(sp)
    adc0:	05c12223          	sw	t3,68(sp)
    adc4:	04612423          	sw	t1,72(sp)
    adc8:	17112a23          	sw	a7,372(sp)
    adcc:	00d12423          	sw	a3,8(sp)
    add0:	00e12623          	sw	a4,12(sp)
    add4:	01012823          	sw	a6,16(sp)
    add8:	00060a13          	mv	s4,a2
    addc:	00078413          	mv	s0,a5
    ade0:	02058263          	beqz	a1,ae04 <_ldtoa_r+0xa8>
    ade4:	04452703          	lw	a4,68(a0)
    ade8:	00100793          	li	a5,1
    adec:	00050493          	mv	s1,a0
    adf0:	00e797b3          	sll	a5,a5,a4
    adf4:	00e5a223          	sw	a4,4(a1)
    adf8:	00f5a423          	sw	a5,8(a1)
    adfc:	05d010ef          	jal	c658 <_Bfree>
    ae00:	0404a023          	sw	zero,64(s1)
    ae04:	07010593          	add	a1,sp,112
    ae08:	04010513          	add	a0,sp,64
    ae0c:	b9cff0ef          	jal	a1a8 <e113toe.isra.0>
    ae10:	08215603          	lhu	a2,130(sp)
    ae14:	00008737          	lui	a4,0x8
    ae18:	fff70713          	add	a4,a4,-1 # 7fff <_vfprintf_r+0x236f>
    ae1c:	00e677b3          	and	a5,a2,a4
    ae20:	00f12a23          	sw	a5,20(sp)
    ae24:	46e78c63          	beq	a5,a4,b29c <_ldtoa_r+0x540>
    ae28:	00f65613          	srl	a2,a2,0xf
    ae2c:	00c42023          	sw	a2,0(s0)
    ae30:	00300793          	li	a5,3
    ae34:	14fa06e3          	beq	s4,a5,b780 <_ldtoa_r+0xa24>
    ae38:	01400793          	li	a5,20
    ae3c:	00f12223          	sw	a5,4(sp)
    ae40:	140a1ce3          	bnez	s4,b798 <_ldtoa_r+0xa3c>
    ae44:	07010793          	add	a5,sp,112
    ae48:	08410613          	add	a2,sp,132
    ae4c:	08c10713          	add	a4,sp,140
    ae50:	0007a683          	lw	a3,0(a5)
    ae54:	00478793          	add	a5,a5,4
    ae58:	00470713          	add	a4,a4,4
    ae5c:	fed72e23          	sw	a3,-4(a4)
    ae60:	fef618e3          	bne	a2,a5,ae50 <_ldtoa_r+0xf4>
    ae64:	09e15d03          	lhu	s10,158(sp)
    ae68:	00000913          	li	s2,0
    ae6c:	010d1793          	sll	a5,s10,0x10
    ae70:	4107d793          	sra	a5,a5,0x10
    ae74:	0007dc63          	bgez	a5,ae8c <_ldtoa_r+0x130>
    ae78:	011d1d13          	sll	s10,s10,0x11
    ae7c:	011d5d13          	srl	s10,s10,0x11
    ae80:	000107b7          	lui	a5,0x10
    ae84:	09a11f23          	sh	s10,158(sp)
    ae88:	fff78913          	add	s2,a5,-1 # ffff <_svfprintf_r+0x2267>
    ae8c:	00015bb7          	lui	s7,0x15
    ae90:	74cb8713          	add	a4,s7,1868 # 1574c <eone>
    ae94:	0a810993          	add	s3,sp,168
    ae98:	01470a93          	add	s5,a4,20
    ae9c:	00098613          	mv	a2,s3
    aea0:	74cb8693          	add	a3,s7,1868
    aea4:	0006a783          	lw	a5,0(a3)
    aea8:	00468693          	add	a3,a3,4
    aeac:	00460613          	add	a2,a2,4
    aeb0:	fef62e23          	sw	a5,-4(a2)
    aeb4:	ff5698e3          	bne	a3,s5,aea4 <_ldtoa_r+0x148>
    aeb8:	6a0d1e63          	bnez	s10,b574 <_ldtoa_r+0x818>
    aebc:	08c10793          	add	a5,sp,140
    aec0:	09e10593          	add	a1,sp,158
    aec4:	00078693          	mv	a3,a5
    aec8:	0006d783          	lhu	a5,0(a3)
    aecc:	6a079e63          	bnez	a5,b588 <_ldtoa_r+0x82c>
    aed0:	00268693          	add	a3,a3,2
    aed4:	fed59ae3          	bne	a1,a3,aec8 <_ldtoa_r+0x16c>
    aed8:	00000413          	li	s0,0
    aedc:	13410d93          	add	s11,sp,308
    aee0:	17010b13          	add	s6,sp,368
    aee4:	0e010c13          	add	s8,sp,224
    aee8:	0f810493          	add	s1,sp,248
    aeec:	000c0593          	mv	a1,s8
    aef0:	0a810513          	add	a0,sp,168
    aef4:	ab5fe0ef          	jal	99a8 <emovi>
    aef8:	000c0a93          	mv	s5,s8
    aefc:	000c0713          	mv	a4,s8
    af00:	00072783          	lw	a5,0(a4)
    af04:	00470713          	add	a4,a4,4
    af08:	00498993          	add	s3,s3,4
    af0c:	fef9ae23          	sw	a5,-4(s3)
    af10:	fee498e3          	bne	s1,a4,af00 <_ldtoa_r+0x1a4>
    af14:	000c0593          	mv	a1,s8
    af18:	08c10513          	add	a0,sp,140
    af1c:	0c011023          	sh	zero,192(sp)
    af20:	a89fe0ef          	jal	99a8 <emovi>
    af24:	0a410d13          	add	s10,sp,164
    af28:	08c10793          	add	a5,sp,140
    af2c:	000aa703          	lw	a4,0(s5)
    af30:	00478793          	add	a5,a5,4
    af34:	004a8a93          	add	s5,s5,4
    af38:	fee7ae23          	sw	a4,-4(a5)
    af3c:	ffa798e3          	bne	a5,s10,af2c <_ldtoa_r+0x1d0>
    af40:	0a810513          	add	a0,sp,168
    af44:	000b0613          	mv	a2,s6
    af48:	08c10593          	add	a1,sp,140
    af4c:	0a011223          	sh	zero,164(sp)
    af50:	8f4ff0ef          	jal	a044 <eiremain>
    af54:	1bc15503          	lhu	a0,444(sp)
    af58:	00015ab7          	lui	s5,0x15
    af5c:	16051863          	bnez	a0,b0cc <_ldtoa_r+0x370>
    af60:	08e10c93          	add	s9,sp,142
    af64:	0c610b93          	add	s7,sp,198
    af68:	760a8593          	add	a1,s5,1888 # 15760 <ezero>
    af6c:	08c10513          	add	a0,sp,140
    af70:	aedfe0ef          	jal	9a5c <ecmp>
    af74:	14050c63          	beqz	a0,b0cc <_ldtoa_r+0x370>
    af78:	00000713          	li	a4,0
    af7c:	0a410693          	add	a3,sp,164
    af80:	0006d783          	lhu	a5,0(a3)
    af84:	01079613          	sll	a2,a5,0x10
    af88:	41065613          	sra	a2,a2,0x10
    af8c:	00065463          	bgez	a2,af94 <_ldtoa_r+0x238>
    af90:	00176713          	or	a4,a4,1
    af94:	00179793          	sll	a5,a5,0x1
    af98:	01079793          	sll	a5,a5,0x10
    af9c:	00277613          	and	a2,a4,2
    afa0:	0107d793          	srl	a5,a5,0x10
    afa4:	00060463          	beqz	a2,afac <_ldtoa_r+0x250>
    afa8:	0017e793          	or	a5,a5,1
    afac:	00171713          	sll	a4,a4,0x1
    afb0:	00f69023          	sh	a5,0(a3)
    afb4:	01071713          	sll	a4,a4,0x10
    afb8:	ffe68693          	add	a3,a3,-2
    afbc:	01075713          	srl	a4,a4,0x10
    afc0:	fd9690e3          	bne	a3,s9,af80 <_ldtoa_r+0x224>
    afc4:	0c410713          	add	a4,sp,196
    afc8:	08c10793          	add	a5,sp,140
    afcc:	0007a683          	lw	a3,0(a5)
    afd0:	00478793          	add	a5,a5,4
    afd4:	00470713          	add	a4,a4,4
    afd8:	fed72e23          	sw	a3,-4(a4)
    afdc:	ffa798e3          	bne	a5,s10,afcc <_ldtoa_r+0x270>
    afe0:	0c011e23          	sh	zero,220(sp)
    afe4:	00000713          	li	a4,0
    afe8:	0dc10693          	add	a3,sp,220
    afec:	0006d783          	lhu	a5,0(a3)
    aff0:	01079613          	sll	a2,a5,0x10
    aff4:	41065613          	sra	a2,a2,0x10
    aff8:	00065463          	bgez	a2,b000 <_ldtoa_r+0x2a4>
    affc:	00176713          	or	a4,a4,1
    b000:	00179793          	sll	a5,a5,0x1
    b004:	01079793          	sll	a5,a5,0x10
    b008:	00277613          	and	a2,a4,2
    b00c:	0107d793          	srl	a5,a5,0x10
    b010:	00060463          	beqz	a2,b018 <_ldtoa_r+0x2bc>
    b014:	0017e793          	or	a5,a5,1
    b018:	00171713          	sll	a4,a4,0x1
    b01c:	00f69023          	sh	a5,0(a3)
    b020:	01071713          	sll	a4,a4,0x10
    b024:	ffe68693          	add	a3,a3,-2
    b028:	01075713          	srl	a4,a4,0x10
    b02c:	fd7690e3          	bne	a3,s7,afec <_ldtoa_r+0x290>
    b030:	00000713          	li	a4,0
    b034:	0dc10693          	add	a3,sp,220
    b038:	0006d783          	lhu	a5,0(a3)
    b03c:	01079613          	sll	a2,a5,0x10
    b040:	41065613          	sra	a2,a2,0x10
    b044:	00065463          	bgez	a2,b04c <_ldtoa_r+0x2f0>
    b048:	00176713          	or	a4,a4,1
    b04c:	00179793          	sll	a5,a5,0x1
    b050:	01079793          	sll	a5,a5,0x10
    b054:	00277613          	and	a2,a4,2
    b058:	0107d793          	srl	a5,a5,0x10
    b05c:	00060463          	beqz	a2,b064 <_ldtoa_r+0x308>
    b060:	0017e793          	or	a5,a5,1
    b064:	00171713          	sll	a4,a4,0x1
    b068:	00f69023          	sh	a5,0(a3)
    b06c:	01071713          	sll	a4,a4,0x10
    b070:	ffe68693          	add	a3,a3,-2
    b074:	01075713          	srl	a4,a4,0x10
    b078:	fd7690e3          	bne	a3,s7,b038 <_ldtoa_r+0x2dc>
    b07c:	00000613          	li	a2,0
    b080:	0a410693          	add	a3,sp,164
    b084:	0dc10713          	add	a4,sp,220
    b088:	0006d583          	lhu	a1,0(a3)
    b08c:	00075783          	lhu	a5,0(a4)
    b090:	ffe68693          	add	a3,a3,-2
    b094:	ffe70713          	add	a4,a4,-2
    b098:	00b787b3          	add	a5,a5,a1
    b09c:	00c787b3          	add	a5,a5,a2
    b0a0:	0107d613          	srl	a2,a5,0x10
    b0a4:	00f69123          	sh	a5,2(a3)
    b0a8:	00167613          	and	a2,a2,1
    b0ac:	fd771ee3          	bne	a4,s7,b088 <_ldtoa_r+0x32c>
    b0b0:	0a810513          	add	a0,sp,168
    b0b4:	000b0613          	mv	a2,s6
    b0b8:	08c10593          	add	a1,sp,140
    b0bc:	f89fe0ef          	jal	a044 <eiremain>
    b0c0:	1bc15503          	lhu	a0,444(sp)
    b0c4:	fff40413          	add	s0,s0,-1
    b0c8:	ea0500e3          	beqz	a0,af68 <_ldtoa_r+0x20c>
    b0cc:	00193793          	seqz	a5,s2
    b0d0:	40f007b3          	neg	a5,a5
    b0d4:	ff37f793          	and	a5,a5,-13
    b0d8:	02d78793          	add	a5,a5,45
    b0dc:	12f10a23          	sb	a5,308(sp)
    b0e0:	00300713          	li	a4,3
    b0e4:	00412783          	lw	a5,4(sp)
    b0e8:	00ea1463          	bne	s4,a4,b0f0 <_ldtoa_r+0x394>
    b0ec:	008787b3          	add	a5,a5,s0
    b0f0:	02a00713          	li	a4,42
    b0f4:	00078493          	mv	s1,a5
    b0f8:	00f75463          	bge	a4,a5,b100 <_ldtoa_r+0x3a4>
    b0fc:	02a00493          	li	s1,42
    b100:	00a00713          	li	a4,10
    b104:	64e50863          	beq	a0,a4,b754 <_ldtoa_r+0x9f8>
    b108:	03050513          	add	a0,a0,48
    b10c:	02e00713          	li	a4,46
    b110:	12a10aa3          	sb	a0,309(sp)
    b114:	12e10b23          	sb	a4,310(sp)
    b118:	2407c463          	bltz	a5,b360 <_ldtoa_r+0x604>
    b11c:	13710993          	add	s3,sp,311
    b120:	00000c13          	li	s8,0
    b124:	0c410c93          	add	s9,sp,196
    b128:	0dc10d13          	add	s10,sp,220
    b12c:	08e10b93          	add	s7,sp,142
    b130:	0c610a93          	add	s5,sp,198
    b134:	00000713          	li	a4,0
    b138:	0a410693          	add	a3,sp,164
    b13c:	0006d783          	lhu	a5,0(a3)
    b140:	01079613          	sll	a2,a5,0x10
    b144:	41065613          	sra	a2,a2,0x10
    b148:	00065463          	bgez	a2,b150 <_ldtoa_r+0x3f4>
    b14c:	00176713          	or	a4,a4,1
    b150:	00179793          	sll	a5,a5,0x1
    b154:	01079793          	sll	a5,a5,0x10
    b158:	00277613          	and	a2,a4,2
    b15c:	0107d793          	srl	a5,a5,0x10
    b160:	00060463          	beqz	a2,b168 <_ldtoa_r+0x40c>
    b164:	0017e793          	or	a5,a5,1
    b168:	00171713          	sll	a4,a4,0x1
    b16c:	00f69023          	sh	a5,0(a3)
    b170:	01071713          	sll	a4,a4,0x10
    b174:	ffe68693          	add	a3,a3,-2
    b178:	01075713          	srl	a4,a4,0x10
    b17c:	fd7690e3          	bne	a3,s7,b13c <_ldtoa_r+0x3e0>
    b180:	000c8793          	mv	a5,s9
    b184:	08c10713          	add	a4,sp,140
    b188:	00072683          	lw	a3,0(a4)
    b18c:	00478793          	add	a5,a5,4
    b190:	00470713          	add	a4,a4,4
    b194:	fed7ae23          	sw	a3,-4(a5)
    b198:	fefd18e3          	bne	s10,a5,b188 <_ldtoa_r+0x42c>
    b19c:	0c011e23          	sh	zero,220(sp)
    b1a0:	00000713          	li	a4,0
    b1a4:	000d0693          	mv	a3,s10
    b1a8:	0006d783          	lhu	a5,0(a3)
    b1ac:	01079613          	sll	a2,a5,0x10
    b1b0:	41065613          	sra	a2,a2,0x10
    b1b4:	00065463          	bgez	a2,b1bc <_ldtoa_r+0x460>
    b1b8:	00176713          	or	a4,a4,1
    b1bc:	00179793          	sll	a5,a5,0x1
    b1c0:	01079793          	sll	a5,a5,0x10
    b1c4:	00277613          	and	a2,a4,2
    b1c8:	0107d793          	srl	a5,a5,0x10
    b1cc:	00060463          	beqz	a2,b1d4 <_ldtoa_r+0x478>
    b1d0:	0017e793          	or	a5,a5,1
    b1d4:	00171713          	sll	a4,a4,0x1
    b1d8:	00f69023          	sh	a5,0(a3)
    b1dc:	01071713          	sll	a4,a4,0x10
    b1e0:	ffe68693          	add	a3,a3,-2
    b1e4:	01075713          	srl	a4,a4,0x10
    b1e8:	fd5690e3          	bne	a3,s5,b1a8 <_ldtoa_r+0x44c>
    b1ec:	00000713          	li	a4,0
    b1f0:	000d0693          	mv	a3,s10
    b1f4:	0006d783          	lhu	a5,0(a3)
    b1f8:	01079613          	sll	a2,a5,0x10
    b1fc:	41065613          	sra	a2,a2,0x10
    b200:	00065463          	bgez	a2,b208 <_ldtoa_r+0x4ac>
    b204:	00176713          	or	a4,a4,1
    b208:	00179793          	sll	a5,a5,0x1
    b20c:	01079793          	sll	a5,a5,0x10
    b210:	00277613          	and	a2,a4,2
    b214:	0107d793          	srl	a5,a5,0x10
    b218:	00060463          	beqz	a2,b220 <_ldtoa_r+0x4c4>
    b21c:	0017e793          	or	a5,a5,1
    b220:	00171713          	sll	a4,a4,0x1
    b224:	00f69023          	sh	a5,0(a3)
    b228:	01071713          	sll	a4,a4,0x10
    b22c:	ffe68693          	add	a3,a3,-2
    b230:	01075713          	srl	a4,a4,0x10
    b234:	fd5690e3          	bne	a3,s5,b1f4 <_ldtoa_r+0x498>
    b238:	00000613          	li	a2,0
    b23c:	0a410693          	add	a3,sp,164
    b240:	000d0713          	mv	a4,s10
    b244:	0006d583          	lhu	a1,0(a3)
    b248:	00075783          	lhu	a5,0(a4)
    b24c:	ffe68693          	add	a3,a3,-2
    b250:	ffe70713          	add	a4,a4,-2
    b254:	00b787b3          	add	a5,a5,a1
    b258:	00c787b3          	add	a5,a5,a2
    b25c:	0107d613          	srl	a2,a5,0x10
    b260:	00f69123          	sh	a5,2(a3)
    b264:	00167613          	and	a2,a2,1
    b268:	fd571ee3          	bne	a4,s5,b244 <_ldtoa_r+0x4e8>
    b26c:	08c10593          	add	a1,sp,140
    b270:	000b0613          	mv	a2,s6
    b274:	0a810513          	add	a0,sp,168
    b278:	dcdfe0ef          	jal	a044 <eiremain>
    b27c:	1bc15583          	lhu	a1,444(sp)
    b280:	00198793          	add	a5,s3,1
    b284:	001c0c13          	add	s8,s8,1
    b288:	03058713          	add	a4,a1,48
    b28c:	fee78fa3          	sb	a4,-1(a5)
    b290:	0d84ce63          	blt	s1,s8,b36c <_ldtoa_r+0x610>
    b294:	00078993          	mv	s3,a5
    b298:	e9dff06f          	j	b134 <_ldtoa_r+0x3d8>
    b29c:	07010713          	add	a4,sp,112
    b2a0:	08210793          	add	a5,sp,130
    b2a4:	00075683          	lhu	a3,0(a4)
    b2a8:	00270713          	add	a4,a4,2
    b2ac:	000692e3          	bnez	a3,bab0 <_ldtoa_r+0xd54>
    b2b0:	fef71ae3          	bne	a4,a5,b2a4 <_ldtoa_r+0x548>
    b2b4:	00f65613          	srl	a2,a2,0xf
    b2b8:	00c42023          	sw	a2,0(s0)
    b2bc:	00300793          	li	a5,3
    b2c0:	7cfa0863          	beq	s4,a5,ba90 <_ldtoa_r+0xd34>
    b2c4:	01400793          	li	a5,20
    b2c8:	00f12223          	sw	a5,4(sp)
    b2cc:	000a0e63          	beqz	s4,b2e8 <_ldtoa_r+0x58c>
    b2d0:	00812783          	lw	a5,8(sp)
    b2d4:	fff78793          	add	a5,a5,-1
    b2d8:	00078713          	mv	a4,a5
    b2dc:	00f12223          	sw	a5,4(sp)
    b2e0:	02a00793          	li	a5,42
    b2e4:	7ae7ce63          	blt	a5,a4,baa0 <_ldtoa_r+0xd44>
    b2e8:	07015703          	lhu	a4,112(sp)
    b2ec:	07010793          	add	a5,sp,112
    b2f0:	08210693          	add	a3,sp,130
    b2f4:	00278793          	add	a5,a5,2
    b2f8:	00071a63          	bnez	a4,b30c <_ldtoa_r+0x5b0>
    b2fc:	b4d784e3          	beq	a5,a3,ae44 <_ldtoa_r+0xe8>
    b300:	0007d703          	lhu	a4,0(a5)
    b304:	00278793          	add	a5,a5,2
    b308:	fe070ae3          	beqz	a4,b2fc <_ldtoa_r+0x5a0>
    b30c:	13410d93          	add	s11,sp,308
    b310:	000155b7          	lui	a1,0x15
    b314:	51858593          	add	a1,a1,1304 # 15518 <blanks.1+0x84>
    b318:	000d8513          	mv	a0,s11
    b31c:	760020ef          	jal	da7c <sprintf>
    b320:	00002437          	lui	s0,0x2
    b324:	70f40413          	add	s0,s0,1807 # 270f <__multf3+0xf17>
    b328:	09000793          	li	a5,144
    b32c:	16f12a23          	sw	a5,372(sp)
    b330:	18812023          	sw	s0,384(sp)
    b334:	07010793          	add	a5,sp,112
    b338:	08210693          	add	a3,sp,130
    b33c:	0007d703          	lhu	a4,0(a5)
    b340:	00278793          	add	a5,a5,2
    b344:	160710e3          	bnez	a4,bca4 <_ldtoa_r+0xf48>
    b348:	fed79ae3          	bne	a5,a3,b33c <_ldtoa_r+0x5e0>
    b34c:	00c12703          	lw	a4,12(sp)
    b350:	000027b7          	lui	a5,0x2
    b354:	70f78793          	add	a5,a5,1807 # 270f <__multf3+0xf17>
    b358:	00f72023          	sw	a5,0(a4)
    b35c:	0e00006f          	j	b43c <_ldtoa_r+0x6e0>
    b360:	1bc15583          	lhu	a1,444(sp)
    b364:	13610993          	add	s3,sp,310
    b368:	13710793          	add	a5,sp,311
    b36c:	00400713          	li	a4,4
    b370:	04b75863          	bge	a4,a1,b3c0 <_ldtoa_r+0x664>
    b374:	00500713          	li	a4,5
    b378:	16e58ae3          	beq	a1,a4,bcec <_ldtoa_r+0xf90>
    b37c:	ffe7c703          	lbu	a4,-2(a5)
    b380:	ffe78593          	add	a1,a5,-2
    b384:	07f77713          	and	a4,a4,127
    b388:	0204c663          	bltz	s1,b3b4 <_ldtoa_r+0x658>
    b38c:	02e00793          	li	a5,46
    b390:	03800613          	li	a2,56
    b394:	03000513          	li	a0,48
    b398:	0ef708e3          	beq	a4,a5,bc88 <_ldtoa_r+0xf2c>
    b39c:	0ee670e3          	bgeu	a2,a4,bc7c <_ldtoa_r+0xf20>
    b3a0:	fff5c703          	lbu	a4,-1(a1)
    b3a4:	00a58023          	sb	a0,0(a1)
    b3a8:	fff58593          	add	a1,a1,-1
    b3ac:	07f77713          	and	a4,a4,127
    b3b0:	fe9ff06f          	j	b398 <_ldtoa_r+0x63c>
    b3b4:	03100713          	li	a4,49
    b3b8:	fee78f23          	sb	a4,-2(a5)
    b3bc:	00140413          	add	s0,s0,1
    b3c0:	000155b7          	lui	a1,0x15
    b3c4:	00040613          	mv	a2,s0
    b3c8:	4c058593          	add	a1,a1,1216 # 154c0 <blanks.1+0x2c>
    b3cc:	00098513          	mv	a0,s3
    b3d0:	6ac020ef          	jal	da7c <sprintf>
    b3d4:	09000793          	li	a5,144
    b3d8:	01412703          	lw	a4,20(sp)
    b3dc:	16f12a23          	sw	a5,372(sp)
    b3e0:	000087b7          	lui	a5,0x8
    b3e4:	18812023          	sw	s0,384(sp)
    b3e8:	fff78793          	add	a5,a5,-1 # 7fff <_vfprintf_r+0x236f>
    b3ec:	f4f704e3          	beq	a4,a5,b334 <_ldtoa_r+0x5d8>
    b3f0:	00c12683          	lw	a3,12(sp)
    b3f4:	13414703          	lbu	a4,308(sp)
    b3f8:	00140793          	add	a5,s0,1
    b3fc:	00f6a023          	sw	a5,0(a3)
    b400:	6a070463          	beqz	a4,baa8 <_ldtoa_r+0xd4c>
    b404:	000d8793          	mv	a5,s11
    b408:	02e00693          	li	a3,46
    b40c:	30d70e63          	beq	a4,a3,b728 <_ldtoa_r+0x9cc>
    b410:	0017c703          	lbu	a4,1(a5)
    b414:	00178793          	add	a5,a5,1
    b418:	fe071ae3          	bnez	a4,b40c <_ldtoa_r+0x6b0>
    b41c:	04500693          	li	a3,69
    b420:	00fde663          	bltu	s11,a5,b42c <_ldtoa_r+0x6d0>
    b424:	0140006f          	j	b438 <_ldtoa_r+0x6dc>
    b428:	69b78063          	beq	a5,s11,baa8 <_ldtoa_r+0xd4c>
    b42c:	fff7c703          	lbu	a4,-1(a5)
    b430:	fff78793          	add	a5,a5,-1
    b434:	fed71ae3          	bne	a4,a3,b428 <_ldtoa_r+0x6cc>
    b438:	00078023          	sb	zero,0(a5)
    b43c:	000d8793          	mv	a5,s11
    b440:	02000693          	li	a3,32
    b444:	02d00613          	li	a2,45
    b448:	0007c703          	lbu	a4,0(a5)
    b44c:	00d70463          	beq	a4,a3,b454 <_ldtoa_r+0x6f8>
    b450:	00c71663          	bne	a4,a2,b45c <_ldtoa_r+0x700>
    b454:	00178793          	add	a5,a5,1
    b458:	ff1ff06f          	j	b448 <_ldtoa_r+0x6ec>
    b45c:	000d8693          	mv	a3,s11
    b460:	0007c703          	lbu	a4,0(a5)
    b464:	00068993          	mv	s3,a3
    b468:	00178793          	add	a5,a5,1
    b46c:	00e68023          	sb	a4,0(a3)
    b470:	00168693          	add	a3,a3,1
    b474:	fe0716e3          	bnez	a4,b460 <_ldtoa_r+0x704>
    b478:	00200793          	li	a5,2
    b47c:	fff9c683          	lbu	a3,-1(s3)
    b480:	28fa0863          	beq	s4,a5,b710 <_ldtoa_r+0x9b4>
    b484:	00412783          	lw	a5,4(sp)
    b488:	00040713          	mv	a4,s0
    b48c:	00f45463          	bge	s0,a5,b494 <_ldtoa_r+0x738>
    b490:	00078713          	mv	a4,a5
    b494:	03000793          	li	a5,48
    b498:	02f69663          	bne	a3,a5,b4c4 <_ldtoa_r+0x768>
    b49c:	41b987b3          	sub	a5,s3,s11
    b4a0:	02f75263          	bge	a4,a5,b4c4 <_ldtoa_r+0x768>
    b4a4:	03000693          	li	a3,48
    b4a8:	00c0006f          	j	b4b4 <_ldtoa_r+0x758>
    b4ac:	41b987b3          	sub	a5,s3,s11
    b4b0:	00f75a63          	bge	a4,a5,b4c4 <_ldtoa_r+0x768>
    b4b4:	ffe9c783          	lbu	a5,-2(s3)
    b4b8:	fe098fa3          	sb	zero,-1(s3)
    b4bc:	fff98993          	add	s3,s3,-1
    b4c0:	fed786e3          	beq	a5,a3,b4ac <_ldtoa_r+0x750>
    b4c4:	00300793          	li	a5,3
    b4c8:	20fa0063          	beq	s4,a5,b6c8 <_ldtoa_r+0x96c>
    b4cc:	00812783          	lw	a5,8(sp)
    b4d0:	01700693          	li	a3,23
    b4d4:	00100713          	li	a4,1
    b4d8:	00978493          	add	s1,a5,9
    b4dc:	00400793          	li	a5,4
    b4e0:	2296f063          	bgeu	a3,s1,b700 <_ldtoa_r+0x9a4>
    b4e4:	00179793          	sll	a5,a5,0x1
    b4e8:	01478693          	add	a3,a5,20
    b4ec:	00070593          	mv	a1,a4
    b4f0:	00170713          	add	a4,a4,1
    b4f4:	fed4f8e3          	bgeu	s1,a3,b4e4 <_ldtoa_r+0x788>
    b4f8:	00012783          	lw	a5,0(sp)
    b4fc:	04b7a223          	sw	a1,68(a5)
    b500:	00012503          	lw	a0,0(sp)
    b504:	0ac010ef          	jal	c5b0 <_Balloc>
    b508:	00050413          	mv	s0,a0
    b50c:	20050ae3          	beqz	a0,bf20 <_ldtoa_r+0x11c4>
    b510:	00012783          	lw	a5,0(sp)
    b514:	000d8593          	mv	a1,s11
    b518:	04a7a023          	sw	a0,64(a5)
    b51c:	ec4fa0ef          	jal	5be0 <strcpy>
    b520:	01012703          	lw	a4,16(sp)
    b524:	00070863          	beqz	a4,b534 <_ldtoa_r+0x7d8>
    b528:	41b987b3          	sub	a5,s3,s11
    b52c:	00f407b3          	add	a5,s0,a5
    b530:	00f72023          	sw	a5,0(a4)
    b534:	1fc12083          	lw	ra,508(sp)
    b538:	00040513          	mv	a0,s0
    b53c:	1f812403          	lw	s0,504(sp)
    b540:	1f412483          	lw	s1,500(sp)
    b544:	1f012903          	lw	s2,496(sp)
    b548:	1ec12983          	lw	s3,492(sp)
    b54c:	1e812a03          	lw	s4,488(sp)
    b550:	1e412a83          	lw	s5,484(sp)
    b554:	1e012b03          	lw	s6,480(sp)
    b558:	1dc12b83          	lw	s7,476(sp)
    b55c:	1d812c03          	lw	s8,472(sp)
    b560:	1d412c83          	lw	s9,468(sp)
    b564:	1d012d03          	lw	s10,464(sp)
    b568:	1cc12d83          	lw	s11,460(sp)
    b56c:	20010113          	add	sp,sp,512
    b570:	00008067          	ret
    b574:	000086b7          	lui	a3,0x8
    b578:	fff68693          	add	a3,a3,-1 # 7fff <_vfprintf_r+0x236f>
    b57c:	6cdd0a63          	beq	s10,a3,bc50 <_ldtoa_r+0xef4>
    b580:	09c11683          	lh	a3,156(sp)
    b584:	7406d863          	bgez	a3,bcd4 <_ldtoa_r+0xf78>
    b588:	08c10593          	add	a1,sp,140
    b58c:	74cb8513          	add	a0,s7,1868
    b590:	00e12c23          	sw	a4,24(sp)
    b594:	cc8fe0ef          	jal	9a5c <ecmp>
    b598:	940500e3          	beqz	a0,aed8 <_ldtoa_r+0x17c>
    b59c:	01812703          	lw	a4,24(sp)
    b5a0:	20054c63          	bltz	a0,b7b8 <_ldtoa_r+0xa5c>
    b5a4:	7c0d1063          	bnez	s10,bd64 <_ldtoa_r+0x1008>
    b5a8:	09c11683          	lh	a3,156(sp)
    b5ac:	00000413          	li	s0,0
    b5b0:	17010b13          	add	s6,sp,368
    b5b4:	1006cce3          	bltz	a3,becc <_ldtoa_r+0x1170>
    b5b8:	00015d37          	lui	s10,0x15
    b5bc:	00070493          	mv	s1,a4
    b5c0:	08c10613          	add	a2,sp,140
    b5c4:	000b0693          	mv	a3,s6
    b5c8:	00060593          	mv	a1,a2
    b5cc:	738d0513          	add	a0,s10,1848 # 15738 <etens+0xf0>
    b5d0:	abcff0ef          	jal	a88c <emul>
    b5d4:	09c11783          	lh	a5,156(sp)
    b5d8:	fff40413          	add	s0,s0,-1
    b5dc:	fe07d2e3          	bgez	a5,b5c0 <_ldtoa_r+0x864>
    b5e0:	00048713          	mv	a4,s1
    b5e4:	0e010c13          	add	s8,sp,224
    b5e8:	0f810493          	add	s1,sp,248
    b5ec:	08c10793          	add	a5,sp,140
    b5f0:	000c0613          	mv	a2,s8
    b5f4:	0a010513          	add	a0,sp,160
    b5f8:	00078693          	mv	a3,a5
    b5fc:	0006a783          	lw	a5,0(a3)
    b600:	00468693          	add	a3,a3,4
    b604:	00460613          	add	a2,a2,4
    b608:	fef62e23          	sw	a5,-4(a2)
    b60c:	fea698e3          	bne	a3,a0,b5fc <_ldtoa_r+0x8a0>
    b610:	0a810693          	add	a3,sp,168
    b614:	00072783          	lw	a5,0(a4)
    b618:	00470713          	add	a4,a4,4
    b61c:	00468693          	add	a3,a3,4
    b620:	fef6ae23          	sw	a5,-4(a3)
    b624:	ff5718e3          	bne	a4,s5,b614 <_ldtoa_r+0x8b8>
    b628:	00015d37          	lui	s10,0x15
    b62c:	00015cb7          	lui	s9,0x15
    b630:	00015db7          	lui	s11,0x15
    b634:	fffffab7          	lui	s5,0xfffff
    b638:	648d0d13          	add	s10,s10,1608 # 15648 <etens>
    b63c:	544c8c93          	add	s9,s9,1348 # 15544 <emtens>
    b640:	634d8d93          	add	s11,s11,1588 # 15634 <emtens+0xf0>
    b644:	00c0006f          	j	b650 <_ldtoa_r+0x8f4>
    b648:	014c8c93          	add	s9,s9,20
    b64c:	014d0d13          	add	s10,s10,20
    b650:	000c0593          	mv	a1,s8
    b654:	74cb8513          	add	a0,s7,1868
    b658:	c04fe0ef          	jal	9a5c <ecmp>
    b65c:	04a05863          	blez	a0,b6ac <_ldtoa_r+0x950>
    b660:	000c0593          	mv	a1,s8
    b664:	000c8513          	mv	a0,s9
    b668:	bf4fe0ef          	jal	9a5c <ecmp>
    b66c:	02054863          	bltz	a0,b69c <_ldtoa_r+0x940>
    b670:	000b0693          	mv	a3,s6
    b674:	000c0613          	mv	a2,s8
    b678:	000c0593          	mv	a1,s8
    b67c:	000d0513          	mv	a0,s10
    b680:	a0cff0ef          	jal	a88c <emul>
    b684:	0a810613          	add	a2,sp,168
    b688:	000b0693          	mv	a3,s6
    b68c:	00060593          	mv	a1,a2
    b690:	000d0513          	mv	a0,s10
    b694:	9f8ff0ef          	jal	a88c <emul>
    b698:	01540433          	add	s0,s0,s5
    b69c:	01fad793          	srl	a5,s5,0x1f
    b6a0:	015787b3          	add	a5,a5,s5
    b6a4:	4017da93          	sra	s5,a5,0x1
    b6a8:	fbbc90e3          	bne	s9,s11,b648 <_ldtoa_r+0x8ec>
    b6ac:	0a810613          	add	a2,sp,168
    b6b0:	000b0693          	mv	a3,s6
    b6b4:	74cb8593          	add	a1,s7,1868
    b6b8:	00060513          	mv	a0,a2
    b6bc:	c41fe0ef          	jal	a2fc <ediv>
    b6c0:	13410d93          	add	s11,sp,308
    b6c4:	829ff06f          	j	aeec <_ldtoa_r+0x190>
    b6c8:	00412783          	lw	a5,4(sp)
    b6cc:	00f40433          	add	s0,s0,a5
    b6d0:	54044a63          	bltz	s0,bc24 <_ldtoa_r+0xec8>
    b6d4:	00c12783          	lw	a5,12(sp)
    b6d8:	00812703          	lw	a4,8(sp)
    b6dc:	0007a783          	lw	a5,0(a5)
    b6e0:	00f707b3          	add	a5,a4,a5
    b6e4:	00f12423          	sw	a5,8(sp)
    b6e8:	00812783          	lw	a5,8(sp)
    b6ec:	01700693          	li	a3,23
    b6f0:	00100713          	li	a4,1
    b6f4:	00378493          	add	s1,a5,3
    b6f8:	00400793          	li	a5,4
    b6fc:	de96e4e3          	bltu	a3,s1,b4e4 <_ldtoa_r+0x788>
    b700:	00012783          	lw	a5,0(sp)
    b704:	00000593          	li	a1,0
    b708:	0407a223          	sw	zero,68(a5)
    b70c:	df5ff06f          	j	b500 <_ldtoa_r+0x7a4>
    b710:	03000793          	li	a5,48
    b714:	daf69ce3          	bne	a3,a5,b4cc <_ldtoa_r+0x770>
    b718:	41b987b3          	sub	a5,s3,s11
    b71c:	00100713          	li	a4,1
    b720:	d8f742e3          	blt	a4,a5,b4a4 <_ldtoa_r+0x748>
    b724:	da9ff06f          	j	b4cc <_ldtoa_r+0x770>
    b728:	0007c703          	lbu	a4,0(a5)
    b72c:	ce0708e3          	beqz	a4,b41c <_ldtoa_r+0x6c0>
    b730:	0017c703          	lbu	a4,1(a5)
    b734:	00178793          	add	a5,a5,1
    b738:	fee78fa3          	sb	a4,-1(a5)
    b73c:	ce0700e3          	beqz	a4,b41c <_ldtoa_r+0x6c0>
    b740:	0017c703          	lbu	a4,1(a5)
    b744:	00178793          	add	a5,a5,1
    b748:	fee78fa3          	sb	a4,-1(a5)
    b74c:	fe0712e3          	bnez	a4,b730 <_ldtoa_r+0x9d4>
    b750:	ccdff06f          	j	b41c <_ldtoa_r+0x6c0>
    b754:	03100713          	li	a4,49
    b758:	12e10aa3          	sb	a4,309(sp)
    b75c:	02e00713          	li	a4,46
    b760:	12e10b23          	sb	a4,310(sp)
    b764:	00140413          	add	s0,s0,1
    b768:	30f05c63          	blez	a5,ba80 <_ldtoa_r+0xd24>
    b76c:	03000793          	li	a5,48
    b770:	12f10ba3          	sb	a5,311(sp)
    b774:	fff48493          	add	s1,s1,-1
    b778:	13810993          	add	s3,sp,312
    b77c:	9a5ff06f          	j	b120 <_ldtoa_r+0x3c4>
    b780:	00812703          	lw	a4,8(sp)
    b784:	02a00793          	li	a5,42
    b788:	00e12223          	sw	a4,4(sp)
    b78c:	eae7dc63          	bge	a5,a4,ae44 <_ldtoa_r+0xe8>
    b790:	00f12223          	sw	a5,4(sp)
    b794:	eb0ff06f          	j	ae44 <_ldtoa_r+0xe8>
    b798:	00812783          	lw	a5,8(sp)
    b79c:	fff78793          	add	a5,a5,-1
    b7a0:	00078713          	mv	a4,a5
    b7a4:	00f12223          	sw	a5,4(sp)
    b7a8:	02a00793          	li	a5,42
    b7ac:	e8e7dc63          	bge	a5,a4,ae44 <_ldtoa_r+0xe8>
    b7b0:	00f12223          	sw	a5,4(sp)
    b7b4:	e90ff06f          	j	ae44 <_ldtoa_r+0xe8>
    b7b8:	0c410c93          	add	s9,sp,196
    b7bc:	000c8493          	mv	s1,s9
    b7c0:	0a010813          	add	a6,sp,160
    b7c4:	000c8593          	mv	a1,s9
    b7c8:	08c10613          	add	a2,sp,140
    b7cc:	00062783          	lw	a5,0(a2)
    b7d0:	00460613          	add	a2,a2,4
    b7d4:	00458593          	add	a1,a1,4
    b7d8:	fef5ae23          	sw	a5,-4(a1)
    b7dc:	ff0618e3          	bne	a2,a6,b7cc <_ldtoa_r+0xa70>
    b7e0:	00004637          	lui	a2,0x4
    b7e4:	08e60613          	add	a2,a2,142 # 408e <__divsf3+0x142>
    b7e8:	0cc11b23          	sh	a2,214(sp)
    b7ec:	00015637          	lui	a2,0x15
    b7f0:	6e860393          	add	t2,a2,1768 # 156e8 <etens+0xa0>
    b7f4:	0a810693          	add	a3,sp,168
    b7f8:	00015637          	lui	a2,0x15
    b7fc:	01268313          	add	t1,a3,18
    b800:	74c60693          	add	a3,a2,1868 # 1574c <eone>
    b804:	00008637          	lui	a2,0x8
    b808:	02d12023          	sw	a3,32(sp)
    b80c:	fff60693          	add	a3,a2,-1 # 7fff <_vfprintf_r+0x236f>
    b810:	ffffc637          	lui	a2,0xffffc
    b814:	00d12c23          	sw	a3,24(sp)
    b818:	00260693          	add	a3,a2,2 # ffffc002 <_stack_top+0xdfefc002>
    b81c:	00015637          	lui	a2,0x15
    b820:	0e010c13          	add	s8,sp,224
    b824:	01000793          	li	a5,16
    b828:	0bc10893          	add	a7,sp,188
    b82c:	00d12e23          	sw	a3,28(sp)
    b830:	52060693          	add	a3,a2,1312 # 15520 <bmask>
    b834:	03a12423          	sw	s10,40(sp)
    b838:	03212623          	sw	s2,44(sp)
    b83c:	02912823          	sw	s1,48(sp)
    b840:	03312c23          	sw	s3,56(sp)
    b844:	000c0913          	mv	s2,s8
    b848:	00000413          	li	s0,0
    b84c:	000a0c13          	mv	s8,s4
    b850:	13410d93          	add	s11,sp,308
    b854:	17010b13          	add	s6,sp,368
    b858:	02d12223          	sw	a3,36(sp)
    b85c:	00078d13          	mv	s10,a5
    b860:	00038493          	mv	s1,t2
    b864:	02e12a23          	sw	a4,52(sp)
    b868:	00030993          	mv	s3,t1
    b86c:	00088a13          	mv	s4,a7
    b870:	0a810613          	add	a2,sp,168
    b874:	000b0693          	mv	a3,s6
    b878:	000c8593          	mv	a1,s9
    b87c:	00048513          	mv	a0,s1
    b880:	a7dfe0ef          	jal	a2fc <ediv>
    b884:	05c10613          	add	a2,sp,92
    b888:	00060713          	mv	a4,a2
    b88c:	0a810793          	add	a5,sp,168
    b890:	07010813          	add	a6,sp,112
    b894:	0007a683          	lw	a3,0(a5)
    b898:	00478793          	add	a5,a5,4
    b89c:	00470713          	add	a4,a4,4
    b8a0:	fed72e23          	sw	a3,-4(a4)
    b8a4:	fefa18e3          	bne	s4,a5,b894 <_ldtoa_r+0xb38>
    b8a8:	01812783          	lw	a5,24(sp)
    b8ac:	06e15503          	lhu	a0,110(sp)
    b8b0:	00f57eb3          	and	t4,a0,a5
    b8b4:	01c12783          	lw	a5,28(sp)
    b8b8:	00fe8eb3          	add	t4,t4,a5
    b8bc:	37d05e63          	blez	t4,bc38 <_ldtoa_r+0xedc>
    b8c0:	09000793          	li	a5,144
    b8c4:	41d785b3          	sub	a1,a5,t4
    b8c8:	00090713          	mv	a4,s2
    b8cc:	05c10793          	add	a5,sp,92
    b8d0:	0007a683          	lw	a3,0(a5)
    b8d4:	00478793          	add	a5,a5,4
    b8d8:	00470713          	add	a4,a4,4
    b8dc:	fed72e23          	sw	a3,-4(a4)
    b8e0:	ff0798e3          	bne	a5,a6,b8d0 <_ldtoa_r+0xb74>
    b8e4:	06b05863          	blez	a1,b954 <_ldtoa_r+0xbf8>
    b8e8:	00f00793          	li	a5,15
    b8ec:	00090713          	mv	a4,s2
    b8f0:	02b7de63          	bge	a5,a1,b92c <_ldtoa_r+0xbd0>
    b8f4:	08000693          	li	a3,128
    b8f8:	41d686b3          	sub	a3,a3,t4
    b8fc:	0046d693          	srl	a3,a3,0x4
    b900:	00168713          	add	a4,a3,1
    b904:	00171713          	sll	a4,a4,0x1
    b908:	00e90733          	add	a4,s2,a4
    b90c:	00090793          	mv	a5,s2
    b910:	00278793          	add	a5,a5,2
    b914:	fe079f23          	sh	zero,-2(a5)
    b918:	fef71ce3          	bne	a4,a5,b910 <_ldtoa_r+0xbb4>
    b91c:	08000593          	li	a1,128
    b920:	41d585b3          	sub	a1,a1,t4
    b924:	00469693          	sll	a3,a3,0x4
    b928:	40d585b3          	sub	a1,a1,a3
    b92c:	02412683          	lw	a3,36(sp)
    b930:	00159793          	sll	a5,a1,0x1
    b934:	00f687b3          	add	a5,a3,a5
    b938:	0007d783          	lhu	a5,0(a5)
    b93c:	00075683          	lhu	a3,0(a4)
    b940:	00f6f7b3          	and	a5,a3,a5
    b944:	00f71023          	sh	a5,0(a4)
    b948:	01051513          	sll	a0,a0,0x10
    b94c:	41055513          	sra	a0,a0,0x10
    b950:	16054463          	bltz	a0,bab8 <_ldtoa_r+0xd5c>
    b954:	00090713          	mv	a4,s2
    b958:	0a810793          	add	a5,sp,168
    b95c:	0007d603          	lhu	a2,0(a5)
    b960:	00075683          	lhu	a3,0(a4)
    b964:	02d61863          	bne	a2,a3,b994 <_ldtoa_r+0xc38>
    b968:	00278793          	add	a5,a5,2
    b96c:	00270713          	add	a4,a4,2
    b970:	ff3796e3          	bne	a5,s3,b95c <_ldtoa_r+0xc00>
    b974:	000c8713          	mv	a4,s9
    b978:	0a810793          	add	a5,sp,168
    b97c:	0007a683          	lw	a3,0(a5)
    b980:	00478793          	add	a5,a5,4
    b984:	00470713          	add	a4,a4,4
    b988:	fed72e23          	sw	a3,-4(a4)
    b98c:	fefa18e3          	bne	s4,a5,b97c <_ldtoa_r+0xc20>
    b990:	01a40433          	add	s0,s0,s10
    b994:	02012783          	lw	a5,32(sp)
    b998:	01448493          	add	s1,s1,20
    b99c:	001d5d13          	srl	s10,s10,0x1
    b9a0:	ecf498e3          	bne	s1,a5,b870 <_ldtoa_r+0xb14>
    b9a4:	0d615603          	lhu	a2,214(sp)
    b9a8:	02812d03          	lw	s10,40(sp)
    b9ac:	ffffc5b7          	lui	a1,0xffffc
    b9b0:	f7258593          	add	a1,a1,-142 # ffffbf72 <_stack_top+0xdfefbf72>
    b9b4:	000c0a13          	mv	s4,s8
    b9b8:	00b60633          	add	a2,a2,a1
    b9bc:	00090c13          	mv	s8,s2
    b9c0:	03012483          	lw	s1,48(sp)
    b9c4:	03412703          	lw	a4,52(sp)
    b9c8:	03812983          	lw	s3,56(sp)
    b9cc:	02c12903          	lw	s2,44(sp)
    b9d0:	00cd0633          	add	a2,s10,a2
    b9d4:	0cc11b23          	sh	a2,214(sp)
    b9d8:	014c8513          	add	a0,s9,20
    b9dc:	08c10613          	add	a2,sp,140
    b9e0:	0004a783          	lw	a5,0(s1)
    b9e4:	00448493          	add	s1,s1,4
    b9e8:	00460613          	add	a2,a2,4
    b9ec:	fef62e23          	sw	a5,-4(a2)
    b9f0:	fe9518e3          	bne	a0,s1,b9e0 <_ldtoa_r+0xc84>
    b9f4:	0a810693          	add	a3,sp,168
    b9f8:	00072783          	lw	a5,0(a4)
    b9fc:	00470713          	add	a4,a4,4
    ba00:	00468693          	add	a3,a3,4
    ba04:	fef6ae23          	sw	a5,-4(a3)
    ba08:	ff5718e3          	bne	a4,s5,b9f8 <_ldtoa_r+0xc9c>
    ba0c:	00015ab7          	lui	s5,0x15
    ba10:	00001bb7          	lui	s7,0x1
    ba14:	648a8a93          	add	s5,s5,1608 # 15648 <etens>
    ba18:	00015d37          	lui	s10,0x15
    ba1c:	0140006f          	j	ba30 <_ldtoa_r+0xcd4>
    ba20:	738d0793          	add	a5,s10,1848 # 15738 <etens+0xf0>
    ba24:	001bdb93          	srl	s7,s7,0x1
    ba28:	24fa8663          	beq	s5,a5,bc74 <_ldtoa_r+0xf18>
    ba2c:	014a8a93          	add	s5,s5,20
    ba30:	000c8593          	mv	a1,s9
    ba34:	738d0513          	add	a0,s10,1848
    ba38:	824fe0ef          	jal	9a5c <ecmp>
    ba3c:	22a04c63          	bgtz	a0,bc74 <_ldtoa_r+0xf18>
    ba40:	000c8593          	mv	a1,s9
    ba44:	000a8513          	mv	a0,s5
    ba48:	814fe0ef          	jal	9a5c <ecmp>
    ba4c:	fca04ae3          	bgtz	a0,ba20 <_ldtoa_r+0xcc4>
    ba50:	000b0693          	mv	a3,s6
    ba54:	000c8613          	mv	a2,s9
    ba58:	000c8593          	mv	a1,s9
    ba5c:	000a8513          	mv	a0,s5
    ba60:	89dfe0ef          	jal	a2fc <ediv>
    ba64:	0a810613          	add	a2,sp,168
    ba68:	000b0693          	mv	a3,s6
    ba6c:	00060593          	mv	a1,a2
    ba70:	000a8513          	mv	a0,s5
    ba74:	e19fe0ef          	jal	a88c <emul>
    ba78:	01740433          	add	s0,s0,s7
    ba7c:	fa5ff06f          	j	ba20 <_ldtoa_r+0xcc4>
    ba80:	13710993          	add	s3,sp,311
    ba84:	00000493          	li	s1,0
    ba88:	92079ce3          	bnez	a5,b3c0 <_ldtoa_r+0x664>
    ba8c:	e94ff06f          	j	b120 <_ldtoa_r+0x3c4>
    ba90:	00812703          	lw	a4,8(sp)
    ba94:	02a00793          	li	a5,42
    ba98:	00e12223          	sw	a4,4(sp)
    ba9c:	84e7d6e3          	bge	a5,a4,b2e8 <_ldtoa_r+0x58c>
    baa0:	00f12223          	sw	a5,4(sp)
    baa4:	845ff06f          	j	b2e8 <_ldtoa_r+0x58c>
    baa8:	000d8793          	mv	a5,s11
    baac:	98dff06f          	j	b438 <_ldtoa_r+0x6dc>
    bab0:	00000613          	li	a2,0
    bab4:	805ff06f          	j	b2b8 <_ldtoa_r+0x55c>
    bab8:	00090793          	mv	a5,s2
    babc:	0140006f          	j	bad0 <_ldtoa_r+0xd74>
    bac0:	00260613          	add	a2,a2,2
    bac4:	06e10713          	add	a4,sp,110
    bac8:	00278793          	add	a5,a5,2
    bacc:	e8c704e3          	beq	a4,a2,b954 <_ldtoa_r+0xbf8>
    bad0:	00065683          	lhu	a3,0(a2)
    bad4:	0007d703          	lhu	a4,0(a5)
    bad8:	fee684e3          	beq	a3,a4,bac0 <_ldtoa_r+0xd64>
    badc:	0f215783          	lhu	a5,242(sp)
    bae0:	fff7c793          	not	a5,a5
    bae4:	01179713          	sll	a4,a5,0x11
    bae8:	3a070a63          	beqz	a4,be9c <_ldtoa_r+0x1140>
    baec:	0fc10593          	add	a1,sp,252
    baf0:	74cb8513          	add	a0,s7,1868 # 174c <__letf2+0xb8>
    baf4:	eb5fd0ef          	jal	99a8 <emovi>
    baf8:	11810593          	add	a1,sp,280
    bafc:	00090513          	mv	a0,s2
    bb00:	ea9fd0ef          	jal	99a8 <emovi>
    bb04:	0fc15783          	lhu	a5,252(sp)
    bb08:	11a15603          	lhu	a2,282(sp)
    bb0c:	0fe15e83          	lhu	t4,254(sp)
    bb10:	fff7c793          	not	a5,a5
    bb14:	0ef11e23          	sh	a5,252(sp)
    bb18:	40ce85b3          	sub	a1,t4,a2
    bb1c:	00060693          	mv	a3,a2
    bb20:	06b05e63          	blez	a1,bb9c <_ldtoa_r+0xe40>
    bb24:	11810513          	add	a0,sp,280
    bb28:	000d8693          	mv	a3,s11
    bb2c:	13010793          	add	a5,sp,304
    bb30:	000d8593          	mv	a1,s11
    bb34:	00050713          	mv	a4,a0
    bb38:	00072883          	lw	a7,0(a4)
    bb3c:	00470713          	add	a4,a4,4
    bb40:	00458593          	add	a1,a1,4
    bb44:	ff15ae23          	sw	a7,-4(a1)
    bb48:	fee798e3          	bne	a5,a4,bb38 <_ldtoa_r+0xddc>
    bb4c:	0fc10593          	add	a1,sp,252
    bb50:	14011623          	sh	zero,332(sp)
    bb54:	11410713          	add	a4,sp,276
    bb58:	00058793          	mv	a5,a1
    bb5c:	0007a883          	lw	a7,0(a5)
    bb60:	00478793          	add	a5,a5,4
    bb64:	00450513          	add	a0,a0,4
    bb68:	ff152e23          	sw	a7,-4(a0)
    bb6c:	fef718e3          	bne	a4,a5,bb5c <_ldtoa_r+0xe00>
    bb70:	12011823          	sh	zero,304(sp)
    bb74:	018d8793          	add	a5,s11,24
    bb78:	0006a703          	lw	a4,0(a3)
    bb7c:	00468693          	add	a3,a3,4
    bb80:	00458593          	add	a1,a1,4
    bb84:	fee5ae23          	sw	a4,-4(a1)
    bb88:	fed798e3          	bne	a5,a3,bb78 <_ldtoa_r+0xe1c>
    bb8c:	11a15683          	lhu	a3,282(sp)
    bb90:	41d605b3          	sub	a1,a2,t4
    bb94:	10011a23          	sh	zero,276(sp)
    bb98:	00068613          	mv	a2,a3
    bb9c:	32058e63          	beqz	a1,bed8 <_ldtoa_r+0x117c>
    bba0:	02d12e23          	sw	a3,60(sp)
    bba4:	f6f00793          	li	a5,-145
    bba8:	06f5c663          	blt	a1,a5,bc14 <_ldtoa_r+0xeb8>
    bbac:	0fc10513          	add	a0,sp,252
    bbb0:	c3dfd0ef          	jal	97ec <eshift.part.0>
    bbb4:	03c12683          	lw	a3,60(sp)
    bbb8:	00050593          	mv	a1,a0
    bbbc:	13010793          	add	a5,sp,304
    bbc0:	11410713          	add	a4,sp,276
    bbc4:	0fc15503          	lhu	a0,252(sp)
    bbc8:	11815603          	lhu	a2,280(sp)
    bbcc:	3ac50a63          	beq	a0,a2,bf80 <_ldtoa_r+0x1224>
    bbd0:	00000613          	li	a2,0
    bbd4:	11a10e93          	add	t4,sp,282
    bbd8:	0007d503          	lhu	a0,0(a5)
    bbdc:	00075883          	lhu	a7,0(a4)
    bbe0:	ffe78793          	add	a5,a5,-2
    bbe4:	ffe70713          	add	a4,a4,-2
    bbe8:	41150533          	sub	a0,a0,a7
    bbec:	40c50633          	sub	a2,a0,a2
    bbf0:	01065513          	srl	a0,a2,0x10
    bbf4:	00c79123          	sh	a2,2(a5)
    bbf8:	00157613          	and	a2,a0,1
    bbfc:	fdd79ee3          	bne	a5,t4,bbd8 <_ldtoa_r+0xe7c>
    bc00:	00100613          	li	a2,1
    bc04:	000b0793          	mv	a5,s6
    bc08:	04000713          	li	a4,64
    bc0c:	11810513          	add	a0,sp,280
    bc10:	f99fd0ef          	jal	9ba8 <emdnorm>
    bc14:	00090593          	mv	a1,s2
    bc18:	11810513          	add	a0,sp,280
    bc1c:	9a1fd0ef          	jal	95bc <emovo.constprop.0>
    bc20:	d35ff06f          	j	b954 <_ldtoa_r+0xbf8>
    bc24:	00c12783          	lw	a5,12(sp)
    bc28:	12010a23          	sb	zero,308(sp)
    bc2c:	000d8993          	mv	s3,s11
    bc30:	0007a023          	sw	zero,0(a5)
    bc34:	ab5ff06f          	j	b6e8 <_ldtoa_r+0x98c>
    bc38:	00090793          	mv	a5,s2
    bc3c:	00278793          	add	a5,a5,2
    bc40:	0f410713          	add	a4,sp,244
    bc44:	fe079f23          	sh	zero,-2(a5)
    bc48:	fee79ae3          	bne	a5,a4,bc3c <_ldtoa_r+0xee0>
    bc4c:	cfdff06f          	j	b948 <_ldtoa_r+0xbec>
    bc50:	13410d93          	add	s11,sp,308
    bc54:	0e090863          	beqz	s2,bd44 <_ldtoa_r+0xfe8>
    bc58:	000155b7          	lui	a1,0x15
    bc5c:	4a458593          	add	a1,a1,1188 # 154a4 <blanks.1+0x10>
    bc60:	000d8513          	mv	a0,s11
    bc64:	619010ef          	jal	da7c <sprintf>
    bc68:	00002437          	lui	s0,0x2
    bc6c:	70f40413          	add	s0,s0,1807 # 270f <__multf3+0xf17>
    bc70:	f64ff06f          	j	b3d4 <_ldtoa_r+0x678>
    bc74:	0f810493          	add	s1,sp,248
    bc78:	a74ff06f          	j	aeec <_ldtoa_r+0x190>
    bc7c:	00170713          	add	a4,a4,1
    bc80:	00e58023          	sb	a4,0(a1)
    bc84:	f3cff06f          	j	b3c0 <_ldtoa_r+0x664>
    bc88:	fff5c783          	lbu	a5,-1(a1)
    bc8c:	03800713          	li	a4,56
    bc90:	0cf77463          	bgeu	a4,a5,bd58 <_ldtoa_r+0xffc>
    bc94:	03100793          	li	a5,49
    bc98:	00140413          	add	s0,s0,1
    bc9c:	fef58fa3          	sb	a5,-1(a1)
    bca0:	f20ff06f          	j	b3c0 <_ldtoa_r+0x664>
    bca4:	07010793          	add	a5,sp,112
    bca8:	08210693          	add	a3,sp,130
    bcac:	0080006f          	j	bcb4 <_ldtoa_r+0xf58>
    bcb0:	f4d78063          	beq	a5,a3,b3f0 <_ldtoa_r+0x694>
    bcb4:	0007d703          	lhu	a4,0(a5)
    bcb8:	00278793          	add	a5,a5,2
    bcbc:	fe070ae3          	beqz	a4,bcb0 <_ldtoa_r+0xf54>
    bcc0:	00c12703          	lw	a4,12(sp)
    bcc4:	000027b7          	lui	a5,0x2
    bcc8:	70f78793          	add	a5,a5,1807 # 270f <__multf3+0xf17>
    bccc:	00f72023          	sw	a5,0(a4)
    bcd0:	f6cff06f          	j	b43c <_ldtoa_r+0x6e0>
    bcd4:	13410d93          	add	s11,sp,308
    bcd8:	000155b7          	lui	a1,0x15
    bcdc:	4bc58593          	add	a1,a1,1212 # 154bc <blanks.1+0x28>
    bce0:	000d8513          	mv	a0,s11
    bce4:	599010ef          	jal	da7c <sprintf>
    bce8:	f81ff06f          	j	bc68 <_ldtoa_r+0xf0c>
    bcec:	0a810593          	add	a1,sp,168
    bcf0:	08c10513          	add	a0,sp,140
    bcf4:	00f12c23          	sw	a5,24(sp)
    bcf8:	8c5fd0ef          	jal	95bc <emovo.constprop.0>
    bcfc:	000155b7          	lui	a1,0x15
    bd00:	76058593          	add	a1,a1,1888 # 15760 <ezero>
    bd04:	0a810513          	add	a0,sp,168
    bd08:	d55fd0ef          	jal	9a5c <ecmp>
    bd0c:	01812783          	lw	a5,24(sp)
    bd10:	e6051663          	bnez	a0,b37c <_ldtoa_r+0x620>
    bd14:	ea04c663          	bltz	s1,b3c0 <_ldtoa_r+0x664>
    bd18:	ffe7c703          	lbu	a4,-2(a5)
    bd1c:	ffe78593          	add	a1,a5,-2
    bd20:	fd270613          	add	a2,a4,-46
    bd24:	00163613          	seqz	a2,a2
    bd28:	fff64613          	not	a2,a2
    bd2c:	00c98633          	add	a2,s3,a2
    bd30:	00064603          	lbu	a2,0(a2)
    bd34:	07f77713          	and	a4,a4,127
    bd38:	00167613          	and	a2,a2,1
    bd3c:	e4061863          	bnez	a2,b38c <_ldtoa_r+0x630>
    bd40:	e80ff06f          	j	b3c0 <_ldtoa_r+0x664>
    bd44:	000155b7          	lui	a1,0x15
    bd48:	4b058593          	add	a1,a1,1200 # 154b0 <blanks.1+0x1c>
    bd4c:	000d8513          	mv	a0,s11
    bd50:	52d010ef          	jal	da7c <sprintf>
    bd54:	f15ff06f          	j	bc68 <_ldtoa_r+0xf0c>
    bd58:	00178793          	add	a5,a5,1
    bd5c:	fef58fa3          	sb	a5,-1(a1)
    bd60:	e60ff06f          	j	b3c0 <_ldtoa_r+0x664>
    bd64:	0e010c13          	add	s8,sp,224
    bd68:	000c0593          	mv	a1,s8
    bd6c:	08c10513          	add	a0,sp,140
    bd70:	00004d37          	lui	s10,0x4
    bd74:	00e12e23          	sw	a4,28(sp)
    bd78:	00000413          	li	s0,0
    bd7c:	c2dfd0ef          	jal	99a8 <emovi>
    bd80:	0f810493          	add	s1,sp,248
    bd84:	0e210b13          	add	s6,sp,226
    bd88:	ffed0d13          	add	s10,s10,-2 # 3ffe <__divsf3+0xb2>
    bd8c:	0dc10c93          	add	s9,sp,220
    bd90:	fd500d93          	li	s11,-43
    bd94:	01212c23          	sw	s2,24(sp)
    bd98:	03312023          	sw	s3,32(sp)
    bd9c:	0f815783          	lhu	a5,248(sp)
    bda0:	0077f793          	and	a5,a5,7
    bda4:	0c079863          	bnez	a5,be74 <_ldtoa_r+0x1118>
    bda8:	0c410993          	add	s3,sp,196
    bdac:	000c0913          	mv	s2,s8
    bdb0:	00098713          	mv	a4,s3
    bdb4:	000c0793          	mv	a5,s8
    bdb8:	0007a683          	lw	a3,0(a5)
    bdbc:	00478793          	add	a5,a5,4
    bdc0:	00470713          	add	a4,a4,4
    bdc4:	fed72e23          	sw	a3,-4(a4)
    bdc8:	fe9798e3          	bne	a5,s1,bdb8 <_ldtoa_r+0x105c>
    bdcc:	0c410513          	add	a0,sp,196
    bdd0:	0c011e23          	sh	zero,220(sp)
    bdd4:	eb4fd0ef          	jal	9488 <eshdn1>
    bdd8:	0c410513          	add	a0,sp,196
    bddc:	eacfd0ef          	jal	9488 <eshdn1>
    bde0:	00000613          	li	a2,0
    bde4:	0dc10693          	add	a3,sp,220
    bde8:	00048713          	mv	a4,s1
    bdec:	0006d503          	lhu	a0,0(a3)
    bdf0:	00075783          	lhu	a5,0(a4)
    bdf4:	ffe68693          	add	a3,a3,-2
    bdf8:	ffe70713          	add	a4,a4,-2
    bdfc:	00a787b3          	add	a5,a5,a0
    be00:	00c787b3          	add	a5,a5,a2
    be04:	0107d613          	srl	a2,a5,0x10
    be08:	00f69123          	sh	a5,2(a3)
    be0c:	00167613          	and	a2,a2,1
    be10:	fd671ee3          	bne	a4,s6,bdec <_ldtoa_r+0x1090>
    be14:	0c615783          	lhu	a5,198(sp)
    be18:	0c815703          	lhu	a4,200(sp)
    be1c:	00378793          	add	a5,a5,3
    be20:	0cf11323          	sh	a5,198(sp)
    be24:	02070063          	beqz	a4,be44 <_ldtoa_r+0x10e8>
    be28:	0c410513          	add	a0,sp,196
    be2c:	e5cfd0ef          	jal	9488 <eshdn1>
    be30:	0c615783          	lhu	a5,198(sp)
    be34:	0c815703          	lhu	a4,200(sp)
    be38:	00178793          	add	a5,a5,1
    be3c:	0cf11323          	sh	a5,198(sp)
    be40:	fe0714e3          	bnez	a4,be28 <_ldtoa_r+0x10cc>
    be44:	0dc15783          	lhu	a5,220(sp)
    be48:	02079663          	bnez	a5,be74 <_ldtoa_r+0x1118>
    be4c:	0c615783          	lhu	a5,198(sp)
    be50:	02fd6263          	bltu	s10,a5,be74 <_ldtoa_r+0x1118>
    be54:	0009a783          	lw	a5,0(s3)
    be58:	00498993          	add	s3,s3,4
    be5c:	00490913          	add	s2,s2,4
    be60:	fef92e23          	sw	a5,-4(s2)
    be64:	ff9998e3          	bne	s3,s9,be54 <_ldtoa_r+0x10f8>
    be68:	0e011c23          	sh	zero,248(sp)
    be6c:	fff40413          	add	s0,s0,-1
    be70:	f3b416e3          	bne	s0,s11,bd9c <_ldtoa_r+0x1040>
    be74:	01c12703          	lw	a4,28(sp)
    be78:	08c10593          	add	a1,sp,140
    be7c:	000c0513          	mv	a0,s8
    be80:	01812903          	lw	s2,24(sp)
    be84:	02012983          	lw	s3,32(sp)
    be88:	00e12c23          	sw	a4,24(sp)
    be8c:	f30fd0ef          	jal	95bc <emovo.constprop.0>
    be90:	01812703          	lw	a4,24(sp)
    be94:	17010b13          	add	s6,sp,368
    be98:	f54ff06f          	j	b5ec <_ldtoa_r+0x890>
    be9c:	00090793          	mv	a5,s2
    bea0:	0f210713          	add	a4,sp,242
    bea4:	0007d683          	lhu	a3,0(a5)
    bea8:	00278793          	add	a5,a5,2
    beac:	aa0694e3          	bnez	a3,b954 <_ldtoa_r+0xbf8>
    beb0:	fee79ae3          	bne	a5,a4,bea4 <_ldtoa_r+0x1148>
    beb4:	00090793          	mv	a5,s2
    beb8:	0007d683          	lhu	a3,0(a5)
    bebc:	00278793          	add	a5,a5,2
    bec0:	c20696e3          	bnez	a3,baec <_ldtoa_r+0xd90>
    bec4:	fee79ae3          	bne	a5,a4,beb8 <_ldtoa_r+0x115c>
    bec8:	a8dff06f          	j	b954 <_ldtoa_r+0xbf8>
    becc:	0e010c13          	add	s8,sp,224
    bed0:	0f810493          	add	s1,sp,248
    bed4:	f18ff06f          	j	b5ec <_ldtoa_r+0x890>
    bed8:	11c10713          	add	a4,sp,284
    bedc:	10010793          	add	a5,sp,256
    bee0:	11610f13          	add	t5,sp,278
    bee4:	0007de83          	lhu	t4,0(a5)
    bee8:	00075503          	lhu	a0,0(a4)
    beec:	00278793          	add	a5,a5,2
    bef0:	00270713          	add	a4,a4,2
    bef4:	04ae9663          	bne	t4,a0,bf40 <_ldtoa_r+0x11e4>
    bef8:	ffe796e3          	bne	a5,t5,bee4 <_ldtoa_r+0x1188>
    befc:	0fc15703          	lhu	a4,252(sp)
    bf00:	11815783          	lhu	a5,280(sp)
    bf04:	04f70663          	beq	a4,a5,bf50 <_ldtoa_r+0x11f4>
    bf08:	00090793          	mv	a5,s2
    bf0c:	0f410713          	add	a4,sp,244
    bf10:	00278793          	add	a5,a5,2
    bf14:	fe079f23          	sh	zero,-2(a5)
    bf18:	fee79ce3          	bne	a5,a4,bf10 <_ldtoa_r+0x11b4>
    bf1c:	a39ff06f          	j	b954 <_ldtoa_r+0xbf8>
    bf20:	000156b7          	lui	a3,0x15
    bf24:	000015b7          	lui	a1,0x1
    bf28:	00015537          	lui	a0,0x15
    bf2c:	4c468693          	add	a3,a3,1220 # 154c4 <blanks.1+0x30>
    bf30:	00000613          	li	a2,0
    bf34:	b6e58593          	add	a1,a1,-1170 # b6e <__divdf3+0x3d6>
    bf38:	4d850513          	add	a0,a0,1240 # 154d8 <blanks.1+0x44>
    bf3c:	561050ef          	jal	11c9c <__assert_func>
    bf40:	07d56c63          	bltu	a0,t4,bfb8 <_ldtoa_r+0x125c>
    bf44:	13010793          	add	a5,sp,304
    bf48:	11410713          	add	a4,sp,276
    bf4c:	c79ff06f          	j	bbc4 <_ldtoa_r+0xe68>
    bf50:	00068793          	mv	a5,a3
    bf54:	00069663          	bnez	a3,bf60 <_ldtoa_r+0x1204>
    bf58:	11e11703          	lh	a4,286(sp)
    bf5c:	0c075663          	bgez	a4,c028 <_ldtoa_r+0x12cc>
    bf60:	11a10713          	add	a4,sp,282
    bf64:	13010793          	add	a5,sp,304
    bf68:	00075583          	lhu	a1,0(a4)
    bf6c:	10059663          	bnez	a1,c078 <_ldtoa_r+0x131c>
    bf70:	00270713          	add	a4,a4,2
    bf74:	fee79ae3          	bne	a5,a4,bf68 <_ldtoa_r+0x120c>
    bf78:	10c11d23          	sh	a2,282(sp)
    bf7c:	c99ff06f          	j	bc14 <_ldtoa_r+0xeb8>
    bf80:	00000613          	li	a2,0
    bf84:	0fe10e93          	add	t4,sp,254
    bf88:	0007d883          	lhu	a7,0(a5)
    bf8c:	00075503          	lhu	a0,0(a4)
    bf90:	ffe78793          	add	a5,a5,-2
    bf94:	ffe70713          	add	a4,a4,-2
    bf98:	01150533          	add	a0,a0,a7
    bf9c:	00c50633          	add	a2,a0,a2
    bfa0:	01065513          	srl	a0,a2,0x10
    bfa4:	00c79123          	sh	a2,2(a5)
    bfa8:	00157613          	and	a2,a0,1
    bfac:	fdd71ee3          	bne	a4,t4,bf88 <_ldtoa_r+0x122c>
    bfb0:	00000613          	li	a2,0
    bfb4:	c51ff06f          	j	bc04 <_ldtoa_r+0xea8>
    bfb8:	11810f13          	add	t5,sp,280
    bfbc:	000d8513          	mv	a0,s11
    bfc0:	13010793          	add	a5,sp,304
    bfc4:	000d8613          	mv	a2,s11
    bfc8:	000f0713          	mv	a4,t5
    bfcc:	00072883          	lw	a7,0(a4)
    bfd0:	00470713          	add	a4,a4,4
    bfd4:	00460613          	add	a2,a2,4
    bfd8:	ff162e23          	sw	a7,-4(a2)
    bfdc:	fee798e3          	bne	a5,a4,bfcc <_ldtoa_r+0x1270>
    bfe0:	0fc10613          	add	a2,sp,252
    bfe4:	14011623          	sh	zero,332(sp)
    bfe8:	11410713          	add	a4,sp,276
    bfec:	00060e93          	mv	t4,a2
    bff0:	000ea883          	lw	a7,0(t4)
    bff4:	004e8e93          	add	t4,t4,4
    bff8:	004f0f13          	add	t5,t5,4
    bffc:	ff1f2e23          	sw	a7,-4(t5)
    c000:	ffd718e3          	bne	a4,t4,bff0 <_ldtoa_r+0x1294>
    c004:	12011823          	sh	zero,304(sp)
    c008:	018d8e93          	add	t4,s11,24
    c00c:	00052883          	lw	a7,0(a0)
    c010:	00450513          	add	a0,a0,4
    c014:	00460613          	add	a2,a2,4
    c018:	ff162e23          	sw	a7,-4(a2)
    c01c:	feae98e3          	bne	t4,a0,c00c <_ldtoa_r+0x12b0>
    c020:	10011a23          	sh	zero,276(sp)
    c024:	ba1ff06f          	j	bbc4 <_ldtoa_r+0xe68>
    c028:	13010693          	add	a3,sp,304
    c02c:	11a10e93          	add	t4,sp,282
    c030:	0006d703          	lhu	a4,0(a3)
    c034:	01071613          	sll	a2,a4,0x10
    c038:	41065613          	sra	a2,a2,0x10
    c03c:	00065463          	bgez	a2,c044 <_ldtoa_r+0x12e8>
    c040:	0017e793          	or	a5,a5,1
    c044:	00171713          	sll	a4,a4,0x1
    c048:	01071713          	sll	a4,a4,0x10
    c04c:	0027f613          	and	a2,a5,2
    c050:	01075713          	srl	a4,a4,0x10
    c054:	00060463          	beqz	a2,c05c <_ldtoa_r+0x1300>
    c058:	00176713          	or	a4,a4,1
    c05c:	00179793          	sll	a5,a5,0x1
    c060:	00e69023          	sh	a4,0(a3)
    c064:	01079793          	sll	a5,a5,0x10
    c068:	ffe68693          	add	a3,a3,-2
    c06c:	0107d793          	srl	a5,a5,0x10
    c070:	fdd690e3          	bne	a3,t4,c030 <_ldtoa_r+0x12d4>
    c074:	ba1ff06f          	j	bc14 <_ldtoa_r+0xeb8>
    c078:	00168613          	add	a2,a3,1
    c07c:	10c11d23          	sh	a2,282(sp)
    c080:	b95ff06f          	j	bc14 <_ldtoa_r+0xeb8>

0000c084 <_ldcheck>:
    c084:	00852703          	lw	a4,8(a0)
    c088:	00c52783          	lw	a5,12(a0)
    c08c:	00052603          	lw	a2,0(a0)
    c090:	00452683          	lw	a3,4(a0)
    c094:	fc010113          	add	sp,sp,-64
    c098:	00010513          	mv	a0,sp
    c09c:	01410593          	add	a1,sp,20
    c0a0:	00e12423          	sw	a4,8(sp)
    c0a4:	00f12623          	sw	a5,12(sp)
    c0a8:	02112e23          	sw	ra,60(sp)
    c0ac:	00c12023          	sw	a2,0(sp)
    c0b0:	00d12223          	sw	a3,4(sp)
    c0b4:	8f4fe0ef          	jal	a1a8 <e113toe.isra.0>
    c0b8:	02615783          	lhu	a5,38(sp)
    c0bc:	00000513          	li	a0,0
    c0c0:	fff7c793          	not	a5,a5
    c0c4:	01179713          	sll	a4,a5,0x11
    c0c8:	02071063          	bnez	a4,c0e8 <_ldcheck+0x64>
    c0cc:	01410793          	add	a5,sp,20
    c0d0:	02610693          	add	a3,sp,38
    c0d4:	0007d703          	lhu	a4,0(a5)
    c0d8:	00278793          	add	a5,a5,2
    c0dc:	00071c63          	bnez	a4,c0f4 <_ldcheck+0x70>
    c0e0:	fed79ae3          	bne	a5,a3,c0d4 <_ldcheck+0x50>
    c0e4:	00200513          	li	a0,2
    c0e8:	03c12083          	lw	ra,60(sp)
    c0ec:	04010113          	add	sp,sp,64
    c0f0:	00008067          	ret
    c0f4:	00100513          	li	a0,1
    c0f8:	ff1ff06f          	j	c0e8 <_ldcheck+0x64>

0000c0fc <__localeconv_l>:
    c0fc:	0f050513          	add	a0,a0,240
    c100:	00008067          	ret

0000c104 <_localeconv_r>:
    c104:	12018513          	add	a0,gp,288 # 20000920 <__global_locale+0xf0>
    c108:	00008067          	ret

0000c10c <localeconv>:
    c10c:	12018513          	add	a0,gp,288 # 20000920 <__global_locale+0xf0>
    c110:	00008067          	ret

0000c114 <_setlocale_r>:
    c114:	ff010113          	add	sp,sp,-16
    c118:	00112623          	sw	ra,12(sp)
    c11c:	00812423          	sw	s0,8(sp)
    c120:	00912223          	sw	s1,4(sp)
    c124:	02060c63          	beqz	a2,c15c <_setlocale_r+0x48>
    c128:	000155b7          	lui	a1,0x15
    c12c:	77858593          	add	a1,a1,1912 # 15778 <ezero+0x18>
    c130:	00060513          	mv	a0,a2
    c134:	00060413          	mv	s0,a2
    c138:	c08f40ef          	jal	540 <strcmp>
    c13c:	000154b7          	lui	s1,0x15
    c140:	02051263          	bnez	a0,c164 <_setlocale_r+0x50>
    c144:	77448513          	add	a0,s1,1908 # 15774 <ezero+0x14>
    c148:	00c12083          	lw	ra,12(sp)
    c14c:	00812403          	lw	s0,8(sp)
    c150:	00412483          	lw	s1,4(sp)
    c154:	01010113          	add	sp,sp,16
    c158:	00008067          	ret
    c15c:	000154b7          	lui	s1,0x15
    c160:	fe5ff06f          	j	c144 <_setlocale_r+0x30>
    c164:	77448593          	add	a1,s1,1908 # 15774 <ezero+0x14>
    c168:	00040513          	mv	a0,s0
    c16c:	bd4f40ef          	jal	540 <strcmp>
    c170:	fc050ae3          	beqz	a0,c144 <_setlocale_r+0x30>
    c174:	000155b7          	lui	a1,0x15
    c178:	20858593          	add	a1,a1,520 # 15208 <__clz_tab+0x68c>
    c17c:	00040513          	mv	a0,s0
    c180:	bc0f40ef          	jal	540 <strcmp>
    c184:	fc0500e3          	beqz	a0,c144 <_setlocale_r+0x30>
    c188:	00000513          	li	a0,0
    c18c:	fbdff06f          	j	c148 <_setlocale_r+0x34>

0000c190 <__locale_mb_cur_max>:
    c190:	1581c503          	lbu	a0,344(gp) # 20000958 <__global_locale+0x128>
    c194:	00008067          	ret

0000c198 <setlocale>:
    c198:	ff010113          	add	sp,sp,-16
    c19c:	00112623          	sw	ra,12(sp)
    c1a0:	00812423          	sw	s0,8(sp)
    c1a4:	00912223          	sw	s1,4(sp)
    c1a8:	02058c63          	beqz	a1,c1e0 <setlocale+0x48>
    c1ac:	00058413          	mv	s0,a1
    c1b0:	000155b7          	lui	a1,0x15
    c1b4:	77858593          	add	a1,a1,1912 # 15778 <ezero+0x18>
    c1b8:	00040513          	mv	a0,s0
    c1bc:	b84f40ef          	jal	540 <strcmp>
    c1c0:	000154b7          	lui	s1,0x15
    c1c4:	02051263          	bnez	a0,c1e8 <setlocale+0x50>
    c1c8:	77448513          	add	a0,s1,1908 # 15774 <ezero+0x14>
    c1cc:	00c12083          	lw	ra,12(sp)
    c1d0:	00812403          	lw	s0,8(sp)
    c1d4:	00412483          	lw	s1,4(sp)
    c1d8:	01010113          	add	sp,sp,16
    c1dc:	00008067          	ret
    c1e0:	000154b7          	lui	s1,0x15
    c1e4:	fe5ff06f          	j	c1c8 <setlocale+0x30>
    c1e8:	77448593          	add	a1,s1,1908 # 15774 <ezero+0x14>
    c1ec:	00040513          	mv	a0,s0
    c1f0:	b50f40ef          	jal	540 <strcmp>
    c1f4:	fc050ae3          	beqz	a0,c1c8 <setlocale+0x30>
    c1f8:	000155b7          	lui	a1,0x15
    c1fc:	20858593          	add	a1,a1,520 # 15208 <__clz_tab+0x68c>
    c200:	00040513          	mv	a0,s0
    c204:	b3cf40ef          	jal	540 <strcmp>
    c208:	fc0500e3          	beqz	a0,c1c8 <setlocale+0x30>
    c20c:	00000513          	li	a0,0
    c210:	fbdff06f          	j	c1cc <setlocale+0x34>

0000c214 <__smakebuf_r>:
    c214:	00c59783          	lh	a5,12(a1)
    c218:	f8010113          	add	sp,sp,-128
    c21c:	06812c23          	sw	s0,120(sp)
    c220:	06112e23          	sw	ra,124(sp)
    c224:	06912a23          	sw	s1,116(sp)
    c228:	07212823          	sw	s2,112(sp)
    c22c:	07312623          	sw	s3,108(sp)
    c230:	07412423          	sw	s4,104(sp)
    c234:	0027f713          	and	a4,a5,2
    c238:	00058413          	mv	s0,a1
    c23c:	02070c63          	beqz	a4,c274 <__smakebuf_r+0x60>
    c240:	04358793          	add	a5,a1,67
    c244:	00f5a023          	sw	a5,0(a1)
    c248:	00f5a823          	sw	a5,16(a1)
    c24c:	00100793          	li	a5,1
    c250:	00f5aa23          	sw	a5,20(a1)
    c254:	07c12083          	lw	ra,124(sp)
    c258:	07812403          	lw	s0,120(sp)
    c25c:	07412483          	lw	s1,116(sp)
    c260:	07012903          	lw	s2,112(sp)
    c264:	06c12983          	lw	s3,108(sp)
    c268:	06812a03          	lw	s4,104(sp)
    c26c:	08010113          	add	sp,sp,128
    c270:	00008067          	ret
    c274:	00e59583          	lh	a1,14(a1)
    c278:	00050493          	mv	s1,a0
    c27c:	0805cc63          	bltz	a1,c314 <__smakebuf_r+0x100>
    c280:	00810613          	add	a2,sp,8
    c284:	70d050ef          	jal	12190 <_fstat_r>
    c288:	08054463          	bltz	a0,c310 <__smakebuf_r+0xfc>
    c28c:	00c12783          	lw	a5,12(sp)
    c290:	0000f937          	lui	s2,0xf
    c294:	000019b7          	lui	s3,0x1
    c298:	00f97933          	and	s2,s2,a5
    c29c:	ffffe7b7          	lui	a5,0xffffe
    c2a0:	00f90933          	add	s2,s2,a5
    c2a4:	00193913          	seqz	s2,s2
    c2a8:	40000a13          	li	s4,1024
    c2ac:	80098993          	add	s3,s3,-2048 # 800 <__divdf3+0x68>
    c2b0:	000a0593          	mv	a1,s4
    c2b4:	00048513          	mv	a0,s1
    c2b8:	8a0f90ef          	jal	5358 <_malloc_r>
    c2bc:	00c41783          	lh	a5,12(s0)
    c2c0:	06050e63          	beqz	a0,c33c <__smakebuf_r+0x128>
    c2c4:	00009737          	lui	a4,0x9
    c2c8:	b6470713          	add	a4,a4,-1180 # 8b64 <_cleanup_r>
    c2cc:	02e4ae23          	sw	a4,60(s1)
    c2d0:	0807e793          	or	a5,a5,128
    c2d4:	00f41623          	sh	a5,12(s0)
    c2d8:	00a42023          	sw	a0,0(s0)
    c2dc:	00a42823          	sw	a0,16(s0)
    c2e0:	01442a23          	sw	s4,20(s0)
    c2e4:	08091863          	bnez	s2,c374 <__smakebuf_r+0x160>
    c2e8:	0137e7b3          	or	a5,a5,s3
    c2ec:	07c12083          	lw	ra,124(sp)
    c2f0:	00f41623          	sh	a5,12(s0)
    c2f4:	07812403          	lw	s0,120(sp)
    c2f8:	07412483          	lw	s1,116(sp)
    c2fc:	07012903          	lw	s2,112(sp)
    c300:	06c12983          	lw	s3,108(sp)
    c304:	06812a03          	lw	s4,104(sp)
    c308:	08010113          	add	sp,sp,128
    c30c:	00008067          	ret
    c310:	00c41783          	lh	a5,12(s0)
    c314:	0807f793          	and	a5,a5,128
    c318:	00000913          	li	s2,0
    c31c:	04078663          	beqz	a5,c368 <__smakebuf_r+0x154>
    c320:	04000a13          	li	s4,64
    c324:	000a0593          	mv	a1,s4
    c328:	00048513          	mv	a0,s1
    c32c:	82cf90ef          	jal	5358 <_malloc_r>
    c330:	00c41783          	lh	a5,12(s0)
    c334:	00000993          	li	s3,0
    c338:	f80516e3          	bnez	a0,c2c4 <__smakebuf_r+0xb0>
    c33c:	2007f713          	and	a4,a5,512
    c340:	f0071ae3          	bnez	a4,c254 <__smakebuf_r+0x40>
    c344:	ffc7f793          	and	a5,a5,-4
    c348:	0027e793          	or	a5,a5,2
    c34c:	04340713          	add	a4,s0,67
    c350:	00f41623          	sh	a5,12(s0)
    c354:	00100793          	li	a5,1
    c358:	00e42023          	sw	a4,0(s0)
    c35c:	00e42823          	sw	a4,16(s0)
    c360:	00f42a23          	sw	a5,20(s0)
    c364:	ef1ff06f          	j	c254 <__smakebuf_r+0x40>
    c368:	40000a13          	li	s4,1024
    c36c:	00000993          	li	s3,0
    c370:	f41ff06f          	j	c2b0 <__smakebuf_r+0x9c>
    c374:	00e41583          	lh	a1,14(s0)
    c378:	00048513          	mv	a0,s1
    c37c:	318060ef          	jal	12694 <_isatty_r>
    c380:	00051663          	bnez	a0,c38c <__smakebuf_r+0x178>
    c384:	00c41783          	lh	a5,12(s0)
    c388:	f61ff06f          	j	c2e8 <__smakebuf_r+0xd4>
    c38c:	00c45783          	lhu	a5,12(s0)
    c390:	ffc7f793          	and	a5,a5,-4
    c394:	0017e793          	or	a5,a5,1
    c398:	01079793          	sll	a5,a5,0x10
    c39c:	4107d793          	sra	a5,a5,0x10
    c3a0:	f49ff06f          	j	c2e8 <__smakebuf_r+0xd4>

0000c3a4 <__swhatbuf_r>:
    c3a4:	f9010113          	add	sp,sp,-112
    c3a8:	06812423          	sw	s0,104(sp)
    c3ac:	00058413          	mv	s0,a1
    c3b0:	00e59583          	lh	a1,14(a1)
    c3b4:	06912223          	sw	s1,100(sp)
    c3b8:	07212023          	sw	s2,96(sp)
    c3bc:	06112623          	sw	ra,108(sp)
    c3c0:	00060493          	mv	s1,a2
    c3c4:	00068913          	mv	s2,a3
    c3c8:	0405ca63          	bltz	a1,c41c <__swhatbuf_r+0x78>
    c3cc:	00810613          	add	a2,sp,8
    c3d0:	5c1050ef          	jal	12190 <_fstat_r>
    c3d4:	04054463          	bltz	a0,c41c <__swhatbuf_r+0x78>
    c3d8:	00c12703          	lw	a4,12(sp)
    c3dc:	0000f7b7          	lui	a5,0xf
    c3e0:	06c12083          	lw	ra,108(sp)
    c3e4:	00e7f7b3          	and	a5,a5,a4
    c3e8:	ffffe737          	lui	a4,0xffffe
    c3ec:	00e787b3          	add	a5,a5,a4
    c3f0:	06812403          	lw	s0,104(sp)
    c3f4:	0017b793          	seqz	a5,a5
    c3f8:	00f92023          	sw	a5,0(s2) # f000 <_svfprintf_r+0x1268>
    c3fc:	40000713          	li	a4,1024
    c400:	00e4a023          	sw	a4,0(s1)
    c404:	00001537          	lui	a0,0x1
    c408:	06412483          	lw	s1,100(sp)
    c40c:	06012903          	lw	s2,96(sp)
    c410:	80050513          	add	a0,a0,-2048 # 800 <__divdf3+0x68>
    c414:	07010113          	add	sp,sp,112
    c418:	00008067          	ret
    c41c:	00c45783          	lhu	a5,12(s0)
    c420:	0807f793          	and	a5,a5,128
    c424:	02078863          	beqz	a5,c454 <__swhatbuf_r+0xb0>
    c428:	06c12083          	lw	ra,108(sp)
    c42c:	06812403          	lw	s0,104(sp)
    c430:	00000793          	li	a5,0
    c434:	00f92023          	sw	a5,0(s2)
    c438:	04000713          	li	a4,64
    c43c:	00e4a023          	sw	a4,0(s1)
    c440:	06012903          	lw	s2,96(sp)
    c444:	06412483          	lw	s1,100(sp)
    c448:	00000513          	li	a0,0
    c44c:	07010113          	add	sp,sp,112
    c450:	00008067          	ret
    c454:	06c12083          	lw	ra,108(sp)
    c458:	06812403          	lw	s0,104(sp)
    c45c:	00f92023          	sw	a5,0(s2)
    c460:	40000713          	li	a4,1024
    c464:	00e4a023          	sw	a4,0(s1)
    c468:	06012903          	lw	s2,96(sp)
    c46c:	06412483          	lw	s1,100(sp)
    c470:	00000513          	li	a0,0
    c474:	07010113          	add	sp,sp,112
    c478:	00008067          	ret

0000c47c <_mbtowc_r>:
    c47c:	1141a783          	lw	a5,276(gp) # 20000914 <__global_locale+0xe4>
    c480:	00078067          	jr	a5 # f000 <_svfprintf_r+0x1268>

0000c484 <__ascii_mbtowc>:
    c484:	02058063          	beqz	a1,c4a4 <__ascii_mbtowc+0x20>
    c488:	04060263          	beqz	a2,c4cc <__ascii_mbtowc+0x48>
    c48c:	04068863          	beqz	a3,c4dc <__ascii_mbtowc+0x58>
    c490:	00064783          	lbu	a5,0(a2)
    c494:	00f5a023          	sw	a5,0(a1)
    c498:	00064503          	lbu	a0,0(a2)
    c49c:	00a03533          	snez	a0,a0
    c4a0:	00008067          	ret
    c4a4:	ff010113          	add	sp,sp,-16
    c4a8:	00c10593          	add	a1,sp,12
    c4ac:	02060463          	beqz	a2,c4d4 <__ascii_mbtowc+0x50>
    c4b0:	02068a63          	beqz	a3,c4e4 <__ascii_mbtowc+0x60>
    c4b4:	00064783          	lbu	a5,0(a2)
    c4b8:	00f5a023          	sw	a5,0(a1)
    c4bc:	00064503          	lbu	a0,0(a2)
    c4c0:	00a03533          	snez	a0,a0
    c4c4:	01010113          	add	sp,sp,16
    c4c8:	00008067          	ret
    c4cc:	00000513          	li	a0,0
    c4d0:	00008067          	ret
    c4d4:	00000513          	li	a0,0
    c4d8:	fedff06f          	j	c4c4 <__ascii_mbtowc+0x40>
    c4dc:	ffe00513          	li	a0,-2
    c4e0:	00008067          	ret
    c4e4:	ffe00513          	li	a0,-2
    c4e8:	fddff06f          	j	c4c4 <__ascii_mbtowc+0x40>

0000c4ec <memchr>:
    c4ec:	00357793          	and	a5,a0,3
    c4f0:	0ff5f693          	zext.b	a3,a1
    c4f4:	02078e63          	beqz	a5,c530 <memchr+0x44>
    c4f8:	fff60793          	add	a5,a2,-1
    c4fc:	02060663          	beqz	a2,c528 <memchr+0x3c>
    c500:	fff00613          	li	a2,-1
    c504:	0180006f          	j	c51c <memchr+0x30>
    c508:	00150513          	add	a0,a0,1
    c50c:	00357713          	and	a4,a0,3
    c510:	02070263          	beqz	a4,c534 <memchr+0x48>
    c514:	fff78793          	add	a5,a5,-1
    c518:	00c78863          	beq	a5,a2,c528 <memchr+0x3c>
    c51c:	00054703          	lbu	a4,0(a0)
    c520:	fed714e3          	bne	a4,a3,c508 <memchr+0x1c>
    c524:	00008067          	ret
    c528:	00000513          	li	a0,0
    c52c:	00008067          	ret
    c530:	00060793          	mv	a5,a2
    c534:	00300713          	li	a4,3
    c538:	04f77c63          	bgeu	a4,a5,c590 <memchr+0xa4>
    c53c:	0ff5f593          	zext.b	a1,a1
    c540:	00859713          	sll	a4,a1,0x8
    c544:	00b705b3          	add	a1,a4,a1
    c548:	01059713          	sll	a4,a1,0x10
    c54c:	feff08b7          	lui	a7,0xfeff0
    c550:	80808837          	lui	a6,0x80808
    c554:	00e585b3          	add	a1,a1,a4
    c558:	eff88893          	add	a7,a7,-257 # fefefeff <_stack_top+0xdeeefeff>
    c55c:	08080813          	add	a6,a6,128 # 80808080 <_stack_top+0x60708080>
    c560:	00300313          	li	t1,3
    c564:	0100006f          	j	c574 <memchr+0x88>
    c568:	ffc78793          	add	a5,a5,-4
    c56c:	00450513          	add	a0,a0,4
    c570:	02f37063          	bgeu	t1,a5,c590 <memchr+0xa4>
    c574:	00052703          	lw	a4,0(a0)
    c578:	00e5c733          	xor	a4,a1,a4
    c57c:	01170633          	add	a2,a4,a7
    c580:	fff74713          	not	a4,a4
    c584:	00e67733          	and	a4,a2,a4
    c588:	01077733          	and	a4,a4,a6
    c58c:	fc070ee3          	beqz	a4,c568 <memchr+0x7c>
    c590:	00f50733          	add	a4,a0,a5
    c594:	00079863          	bnez	a5,c5a4 <memchr+0xb8>
    c598:	f91ff06f          	j	c528 <memchr+0x3c>
    c59c:	00150513          	add	a0,a0,1
    c5a0:	f8a704e3          	beq	a4,a0,c528 <memchr+0x3c>
    c5a4:	00054783          	lbu	a5,0(a0)
    c5a8:	fed79ae3          	bne	a5,a3,c59c <memchr+0xb0>
    c5ac:	00008067          	ret

0000c5b0 <_Balloc>:
    c5b0:	04c52783          	lw	a5,76(a0)
    c5b4:	ff010113          	add	sp,sp,-16
    c5b8:	00812423          	sw	s0,8(sp)
    c5bc:	00912223          	sw	s1,4(sp)
    c5c0:	00112623          	sw	ra,12(sp)
    c5c4:	01212023          	sw	s2,0(sp)
    c5c8:	00050413          	mv	s0,a0
    c5cc:	00058493          	mv	s1,a1
    c5d0:	02078e63          	beqz	a5,c60c <_Balloc+0x5c>
    c5d4:	00249713          	sll	a4,s1,0x2
    c5d8:	00e787b3          	add	a5,a5,a4
    c5dc:	0007a503          	lw	a0,0(a5)
    c5e0:	04050663          	beqz	a0,c62c <_Balloc+0x7c>
    c5e4:	00052703          	lw	a4,0(a0)
    c5e8:	00e7a023          	sw	a4,0(a5)
    c5ec:	00052823          	sw	zero,16(a0)
    c5f0:	00052623          	sw	zero,12(a0)
    c5f4:	00c12083          	lw	ra,12(sp)
    c5f8:	00812403          	lw	s0,8(sp)
    c5fc:	00412483          	lw	s1,4(sp)
    c600:	00012903          	lw	s2,0(sp)
    c604:	01010113          	add	sp,sp,16
    c608:	00008067          	ret
    c60c:	02100613          	li	a2,33
    c610:	00400593          	li	a1,4
    c614:	6f0050ef          	jal	11d04 <_calloc_r>
    c618:	04a42623          	sw	a0,76(s0)
    c61c:	00050793          	mv	a5,a0
    c620:	fa051ae3          	bnez	a0,c5d4 <_Balloc+0x24>
    c624:	00000513          	li	a0,0
    c628:	fcdff06f          	j	c5f4 <_Balloc+0x44>
    c62c:	00100913          	li	s2,1
    c630:	00991933          	sll	s2,s2,s1
    c634:	00590613          	add	a2,s2,5
    c638:	00261613          	sll	a2,a2,0x2
    c63c:	00100593          	li	a1,1
    c640:	00040513          	mv	a0,s0
    c644:	6c0050ef          	jal	11d04 <_calloc_r>
    c648:	fc050ee3          	beqz	a0,c624 <_Balloc+0x74>
    c64c:	00952223          	sw	s1,4(a0)
    c650:	01252423          	sw	s2,8(a0)
    c654:	f99ff06f          	j	c5ec <_Balloc+0x3c>

0000c658 <_Bfree>:
    c658:	02058063          	beqz	a1,c678 <_Bfree+0x20>
    c65c:	0045a703          	lw	a4,4(a1)
    c660:	04c52783          	lw	a5,76(a0)
    c664:	00271713          	sll	a4,a4,0x2
    c668:	00e787b3          	add	a5,a5,a4
    c66c:	0007a703          	lw	a4,0(a5)
    c670:	00e5a023          	sw	a4,0(a1)
    c674:	00b7a023          	sw	a1,0(a5)
    c678:	00008067          	ret

0000c67c <__multadd>:
    c67c:	fe010113          	add	sp,sp,-32
    c680:	00912a23          	sw	s1,20(sp)
    c684:	0105a483          	lw	s1,16(a1)
    c688:	00010337          	lui	t1,0x10
    c68c:	00812c23          	sw	s0,24(sp)
    c690:	01212823          	sw	s2,16(sp)
    c694:	01312623          	sw	s3,12(sp)
    c698:	00112e23          	sw	ra,28(sp)
    c69c:	01412423          	sw	s4,8(sp)
    c6a0:	00058913          	mv	s2,a1
    c6a4:	00050993          	mv	s3,a0
    c6a8:	00068413          	mv	s0,a3
    c6ac:	01458813          	add	a6,a1,20
    c6b0:	00000893          	li	a7,0
    c6b4:	fff30313          	add	t1,t1,-1 # ffff <_svfprintf_r+0x2267>
    c6b8:	00082783          	lw	a5,0(a6)
    c6bc:	00480813          	add	a6,a6,4
    c6c0:	00188893          	add	a7,a7,1
    c6c4:	0067f733          	and	a4,a5,t1
    c6c8:	02c70733          	mul	a4,a4,a2
    c6cc:	0107d693          	srl	a3,a5,0x10
    c6d0:	02c686b3          	mul	a3,a3,a2
    c6d4:	008707b3          	add	a5,a4,s0
    c6d8:	0107d713          	srl	a4,a5,0x10
    c6dc:	0067f7b3          	and	a5,a5,t1
    c6e0:	00e686b3          	add	a3,a3,a4
    c6e4:	01069713          	sll	a4,a3,0x10
    c6e8:	00f707b3          	add	a5,a4,a5
    c6ec:	fef82e23          	sw	a5,-4(a6)
    c6f0:	0106d413          	srl	s0,a3,0x10
    c6f4:	fc98c2e3          	blt	a7,s1,c6b8 <__multadd+0x3c>
    c6f8:	02040263          	beqz	s0,c71c <__multadd+0xa0>
    c6fc:	00892783          	lw	a5,8(s2)
    c700:	04f4d063          	bge	s1,a5,c740 <__multadd+0xc4>
    c704:	00448793          	add	a5,s1,4
    c708:	00279793          	sll	a5,a5,0x2
    c70c:	00f907b3          	add	a5,s2,a5
    c710:	0087a223          	sw	s0,4(a5)
    c714:	00148493          	add	s1,s1,1
    c718:	00992823          	sw	s1,16(s2)
    c71c:	01c12083          	lw	ra,28(sp)
    c720:	01812403          	lw	s0,24(sp)
    c724:	01412483          	lw	s1,20(sp)
    c728:	00c12983          	lw	s3,12(sp)
    c72c:	00812a03          	lw	s4,8(sp)
    c730:	00090513          	mv	a0,s2
    c734:	01012903          	lw	s2,16(sp)
    c738:	02010113          	add	sp,sp,32
    c73c:	00008067          	ret
    c740:	00492583          	lw	a1,4(s2)
    c744:	00098513          	mv	a0,s3
    c748:	00158593          	add	a1,a1,1
    c74c:	e65ff0ef          	jal	c5b0 <_Balloc>
    c750:	00050a13          	mv	s4,a0
    c754:	04050c63          	beqz	a0,c7ac <__multadd+0x130>
    c758:	01092603          	lw	a2,16(s2)
    c75c:	00c90593          	add	a1,s2,12
    c760:	00c50513          	add	a0,a0,12
    c764:	00260613          	add	a2,a2,2
    c768:	00261613          	sll	a2,a2,0x2
    c76c:	7f5050ef          	jal	12760 <memcpy>
    c770:	00492703          	lw	a4,4(s2)
    c774:	04c9a783          	lw	a5,76(s3)
    c778:	00271713          	sll	a4,a4,0x2
    c77c:	00e787b3          	add	a5,a5,a4
    c780:	0007a703          	lw	a4,0(a5)
    c784:	00e92023          	sw	a4,0(s2)
    c788:	0127a023          	sw	s2,0(a5)
    c78c:	00448793          	add	a5,s1,4
    c790:	000a0913          	mv	s2,s4
    c794:	00279793          	sll	a5,a5,0x2
    c798:	00f907b3          	add	a5,s2,a5
    c79c:	0087a223          	sw	s0,4(a5)
    c7a0:	00148493          	add	s1,s1,1
    c7a4:	00992823          	sw	s1,16(s2)
    c7a8:	f75ff06f          	j	c71c <__multadd+0xa0>
    c7ac:	000156b7          	lui	a3,0x15
    c7b0:	00015537          	lui	a0,0x15
    c7b4:	4c468693          	add	a3,a3,1220 # 154c4 <blanks.1+0x30>
    c7b8:	00000613          	li	a2,0
    c7bc:	0b500593          	li	a1,181
    c7c0:	78450513          	add	a0,a0,1924 # 15784 <ezero+0x24>
    c7c4:	4d8050ef          	jal	11c9c <__assert_func>

0000c7c8 <__s2b>:
    c7c8:	fe010113          	add	sp,sp,-32
    c7cc:	00812c23          	sw	s0,24(sp)
    c7d0:	00912a23          	sw	s1,20(sp)
    c7d4:	01212823          	sw	s2,16(sp)
    c7d8:	01312623          	sw	s3,12(sp)
    c7dc:	01412423          	sw	s4,8(sp)
    c7e0:	00068993          	mv	s3,a3
    c7e4:	00900793          	li	a5,9
    c7e8:	00868693          	add	a3,a3,8
    c7ec:	00112e23          	sw	ra,28(sp)
    c7f0:	01512223          	sw	s5,4(sp)
    c7f4:	02f6c6b3          	div	a3,a3,a5
    c7f8:	00050913          	mv	s2,a0
    c7fc:	00058413          	mv	s0,a1
    c800:	00060a13          	mv	s4,a2
    c804:	00070493          	mv	s1,a4
    c808:	0d37d863          	bge	a5,s3,c8d8 <__s2b+0x110>
    c80c:	00100793          	li	a5,1
    c810:	00000593          	li	a1,0
    c814:	00179793          	sll	a5,a5,0x1
    c818:	00158593          	add	a1,a1,1
    c81c:	fed7cce3          	blt	a5,a3,c814 <__s2b+0x4c>
    c820:	00090513          	mv	a0,s2
    c824:	d8dff0ef          	jal	c5b0 <_Balloc>
    c828:	00050593          	mv	a1,a0
    c82c:	0a050a63          	beqz	a0,c8e0 <__s2b+0x118>
    c830:	00100793          	li	a5,1
    c834:	00f52823          	sw	a5,16(a0)
    c838:	00952a23          	sw	s1,20(a0)
    c83c:	00900793          	li	a5,9
    c840:	0947d663          	bge	a5,s4,c8cc <__s2b+0x104>
    c844:	00940a93          	add	s5,s0,9
    c848:	000a8493          	mv	s1,s5
    c84c:	01440433          	add	s0,s0,s4
    c850:	0004c683          	lbu	a3,0(s1)
    c854:	00a00613          	li	a2,10
    c858:	00090513          	mv	a0,s2
    c85c:	fd068693          	add	a3,a3,-48
    c860:	e1dff0ef          	jal	c67c <__multadd>
    c864:	00148493          	add	s1,s1,1
    c868:	00050593          	mv	a1,a0
    c86c:	fe8492e3          	bne	s1,s0,c850 <__s2b+0x88>
    c870:	ff8a0413          	add	s0,s4,-8
    c874:	008a8433          	add	s0,s5,s0
    c878:	033a5663          	bge	s4,s3,c8a4 <__s2b+0xdc>
    c87c:	414989b3          	sub	s3,s3,s4
    c880:	013409b3          	add	s3,s0,s3
    c884:	00044683          	lbu	a3,0(s0)
    c888:	00a00613          	li	a2,10
    c88c:	00090513          	mv	a0,s2
    c890:	fd068693          	add	a3,a3,-48
    c894:	de9ff0ef          	jal	c67c <__multadd>
    c898:	00140413          	add	s0,s0,1
    c89c:	00050593          	mv	a1,a0
    c8a0:	fe8992e3          	bne	s3,s0,c884 <__s2b+0xbc>
    c8a4:	01c12083          	lw	ra,28(sp)
    c8a8:	01812403          	lw	s0,24(sp)
    c8ac:	01412483          	lw	s1,20(sp)
    c8b0:	01012903          	lw	s2,16(sp)
    c8b4:	00c12983          	lw	s3,12(sp)
    c8b8:	00812a03          	lw	s4,8(sp)
    c8bc:	00412a83          	lw	s5,4(sp)
    c8c0:	00058513          	mv	a0,a1
    c8c4:	02010113          	add	sp,sp,32
    c8c8:	00008067          	ret
    c8cc:	00a40413          	add	s0,s0,10
    c8d0:	00900a13          	li	s4,9
    c8d4:	fa5ff06f          	j	c878 <__s2b+0xb0>
    c8d8:	00000593          	li	a1,0
    c8dc:	f45ff06f          	j	c820 <__s2b+0x58>
    c8e0:	000156b7          	lui	a3,0x15
    c8e4:	00015537          	lui	a0,0x15
    c8e8:	4c468693          	add	a3,a3,1220 # 154c4 <blanks.1+0x30>
    c8ec:	00000613          	li	a2,0
    c8f0:	0ce00593          	li	a1,206
    c8f4:	78450513          	add	a0,a0,1924 # 15784 <ezero+0x24>
    c8f8:	3a4050ef          	jal	11c9c <__assert_func>

0000c8fc <__hi0bits>:
    c8fc:	00050793          	mv	a5,a0
    c900:	00010737          	lui	a4,0x10
    c904:	00000513          	li	a0,0
    c908:	00e7f663          	bgeu	a5,a4,c914 <__hi0bits+0x18>
    c90c:	01079793          	sll	a5,a5,0x10
    c910:	01000513          	li	a0,16
    c914:	01000737          	lui	a4,0x1000
    c918:	00e7f663          	bgeu	a5,a4,c924 <__hi0bits+0x28>
    c91c:	00850513          	add	a0,a0,8
    c920:	00879793          	sll	a5,a5,0x8
    c924:	10000737          	lui	a4,0x10000
    c928:	00e7f663          	bgeu	a5,a4,c934 <__hi0bits+0x38>
    c92c:	00450513          	add	a0,a0,4
    c930:	00479793          	sll	a5,a5,0x4
    c934:	40000737          	lui	a4,0x40000
    c938:	00e7ea63          	bltu	a5,a4,c94c <__hi0bits+0x50>
    c93c:	fff7c793          	not	a5,a5
    c940:	01f7d793          	srl	a5,a5,0x1f
    c944:	00f50533          	add	a0,a0,a5
    c948:	00008067          	ret
    c94c:	00279793          	sll	a5,a5,0x2
    c950:	0007ca63          	bltz	a5,c964 <__hi0bits+0x68>
    c954:	00e7f7b3          	and	a5,a5,a4
    c958:	00079a63          	bnez	a5,c96c <__hi0bits+0x70>
    c95c:	02000513          	li	a0,32
    c960:	00008067          	ret
    c964:	00250513          	add	a0,a0,2
    c968:	00008067          	ret
    c96c:	00350513          	add	a0,a0,3
    c970:	00008067          	ret

0000c974 <__lo0bits>:
    c974:	00052783          	lw	a5,0(a0)
    c978:	00050713          	mv	a4,a0
    c97c:	0077f693          	and	a3,a5,7
    c980:	02068463          	beqz	a3,c9a8 <__lo0bits+0x34>
    c984:	0017f693          	and	a3,a5,1
    c988:	00000513          	li	a0,0
    c98c:	04069e63          	bnez	a3,c9e8 <__lo0bits+0x74>
    c990:	0027f693          	and	a3,a5,2
    c994:	0a068863          	beqz	a3,ca44 <__lo0bits+0xd0>
    c998:	0017d793          	srl	a5,a5,0x1
    c99c:	00f72023          	sw	a5,0(a4) # 40000000 <_stack_top+0x1ff00000>
    c9a0:	00100513          	li	a0,1
    c9a4:	00008067          	ret
    c9a8:	01079693          	sll	a3,a5,0x10
    c9ac:	0106d693          	srl	a3,a3,0x10
    c9b0:	00000513          	li	a0,0
    c9b4:	06068e63          	beqz	a3,ca30 <__lo0bits+0xbc>
    c9b8:	0ff7f693          	zext.b	a3,a5
    c9bc:	06068063          	beqz	a3,ca1c <__lo0bits+0xa8>
    c9c0:	00f7f693          	and	a3,a5,15
    c9c4:	04068263          	beqz	a3,ca08 <__lo0bits+0x94>
    c9c8:	0037f693          	and	a3,a5,3
    c9cc:	02068463          	beqz	a3,c9f4 <__lo0bits+0x80>
    c9d0:	0017f693          	and	a3,a5,1
    c9d4:	00069c63          	bnez	a3,c9ec <__lo0bits+0x78>
    c9d8:	0017d793          	srl	a5,a5,0x1
    c9dc:	00150513          	add	a0,a0,1
    c9e0:	00079663          	bnez	a5,c9ec <__lo0bits+0x78>
    c9e4:	02000513          	li	a0,32
    c9e8:	00008067          	ret
    c9ec:	00f72023          	sw	a5,0(a4)
    c9f0:	00008067          	ret
    c9f4:	0027d793          	srl	a5,a5,0x2
    c9f8:	0017f693          	and	a3,a5,1
    c9fc:	00250513          	add	a0,a0,2
    ca00:	fe0696e3          	bnez	a3,c9ec <__lo0bits+0x78>
    ca04:	fd5ff06f          	j	c9d8 <__lo0bits+0x64>
    ca08:	0047d793          	srl	a5,a5,0x4
    ca0c:	0037f693          	and	a3,a5,3
    ca10:	00450513          	add	a0,a0,4
    ca14:	fa069ee3          	bnez	a3,c9d0 <__lo0bits+0x5c>
    ca18:	fddff06f          	j	c9f4 <__lo0bits+0x80>
    ca1c:	0087d793          	srl	a5,a5,0x8
    ca20:	00f7f693          	and	a3,a5,15
    ca24:	00850513          	add	a0,a0,8
    ca28:	fa0690e3          	bnez	a3,c9c8 <__lo0bits+0x54>
    ca2c:	fddff06f          	j	ca08 <__lo0bits+0x94>
    ca30:	0107d793          	srl	a5,a5,0x10
    ca34:	0ff7f693          	zext.b	a3,a5
    ca38:	01000513          	li	a0,16
    ca3c:	f80692e3          	bnez	a3,c9c0 <__lo0bits+0x4c>
    ca40:	fddff06f          	j	ca1c <__lo0bits+0xa8>
    ca44:	0027d793          	srl	a5,a5,0x2
    ca48:	00f72023          	sw	a5,0(a4)
    ca4c:	00200513          	li	a0,2
    ca50:	00008067          	ret

0000ca54 <__i2b>:
    ca54:	04c52783          	lw	a5,76(a0)
    ca58:	ff010113          	add	sp,sp,-16
    ca5c:	00812423          	sw	s0,8(sp)
    ca60:	00912223          	sw	s1,4(sp)
    ca64:	00112623          	sw	ra,12(sp)
    ca68:	00050413          	mv	s0,a0
    ca6c:	00058493          	mv	s1,a1
    ca70:	02078c63          	beqz	a5,caa8 <__i2b+0x54>
    ca74:	0047a503          	lw	a0,4(a5)
    ca78:	06050263          	beqz	a0,cadc <__i2b+0x88>
    ca7c:	00052703          	lw	a4,0(a0)
    ca80:	00e7a223          	sw	a4,4(a5)
    ca84:	00c12083          	lw	ra,12(sp)
    ca88:	00812403          	lw	s0,8(sp)
    ca8c:	00100793          	li	a5,1
    ca90:	00952a23          	sw	s1,20(a0)
    ca94:	00052623          	sw	zero,12(a0)
    ca98:	00f52823          	sw	a5,16(a0)
    ca9c:	00412483          	lw	s1,4(sp)
    caa0:	01010113          	add	sp,sp,16
    caa4:	00008067          	ret
    caa8:	02100613          	li	a2,33
    caac:	00400593          	li	a1,4
    cab0:	254050ef          	jal	11d04 <_calloc_r>
    cab4:	04a42623          	sw	a0,76(s0)
    cab8:	00050793          	mv	a5,a0
    cabc:	fa051ce3          	bnez	a0,ca74 <__i2b+0x20>
    cac0:	000156b7          	lui	a3,0x15
    cac4:	00015537          	lui	a0,0x15
    cac8:	4c468693          	add	a3,a3,1220 # 154c4 <blanks.1+0x30>
    cacc:	00000613          	li	a2,0
    cad0:	14000593          	li	a1,320
    cad4:	78450513          	add	a0,a0,1924 # 15784 <ezero+0x24>
    cad8:	1c4050ef          	jal	11c9c <__assert_func>
    cadc:	01c00613          	li	a2,28
    cae0:	00100593          	li	a1,1
    cae4:	00040513          	mv	a0,s0
    cae8:	21c050ef          	jal	11d04 <_calloc_r>
    caec:	fc050ae3          	beqz	a0,cac0 <__i2b+0x6c>
    caf0:	00100793          	li	a5,1
    caf4:	00f52223          	sw	a5,4(a0)
    caf8:	00200793          	li	a5,2
    cafc:	00f52423          	sw	a5,8(a0)
    cb00:	f85ff06f          	j	ca84 <__i2b+0x30>

0000cb04 <__multiply>:
    cb04:	fe010113          	add	sp,sp,-32
    cb08:	01212823          	sw	s2,16(sp)
    cb0c:	01312623          	sw	s3,12(sp)
    cb10:	0105a903          	lw	s2,16(a1)
    cb14:	01062983          	lw	s3,16(a2)
    cb18:	00912a23          	sw	s1,20(sp)
    cb1c:	01412423          	sw	s4,8(sp)
    cb20:	00112e23          	sw	ra,28(sp)
    cb24:	00812c23          	sw	s0,24(sp)
    cb28:	00058a13          	mv	s4,a1
    cb2c:	00060493          	mv	s1,a2
    cb30:	01394c63          	blt	s2,s3,cb48 <__multiply+0x44>
    cb34:	00098713          	mv	a4,s3
    cb38:	00058493          	mv	s1,a1
    cb3c:	00090993          	mv	s3,s2
    cb40:	00060a13          	mv	s4,a2
    cb44:	00070913          	mv	s2,a4
    cb48:	0084a783          	lw	a5,8(s1)
    cb4c:	0044a583          	lw	a1,4(s1)
    cb50:	01298433          	add	s0,s3,s2
    cb54:	0087a7b3          	slt	a5,a5,s0
    cb58:	00f585b3          	add	a1,a1,a5
    cb5c:	a55ff0ef          	jal	c5b0 <_Balloc>
    cb60:	1a050e63          	beqz	a0,cd1c <__multiply+0x218>
    cb64:	01450313          	add	t1,a0,20
    cb68:	00241893          	sll	a7,s0,0x2
    cb6c:	011308b3          	add	a7,t1,a7
    cb70:	00030793          	mv	a5,t1
    cb74:	01137863          	bgeu	t1,a7,cb84 <__multiply+0x80>
    cb78:	0007a023          	sw	zero,0(a5)
    cb7c:	00478793          	add	a5,a5,4
    cb80:	ff17ece3          	bltu	a5,a7,cb78 <__multiply+0x74>
    cb84:	014a0813          	add	a6,s4,20
    cb88:	00291e13          	sll	t3,s2,0x2
    cb8c:	01448e93          	add	t4,s1,20
    cb90:	00299593          	sll	a1,s3,0x2
    cb94:	01c80e33          	add	t3,a6,t3
    cb98:	00be85b3          	add	a1,t4,a1
    cb9c:	13c87663          	bgeu	a6,t3,ccc8 <__multiply+0x1c4>
    cba0:	01548793          	add	a5,s1,21
    cba4:	00400f13          	li	t5,4
    cba8:	16f5f063          	bgeu	a1,a5,cd08 <__multiply+0x204>
    cbac:	000106b7          	lui	a3,0x10
    cbb0:	fff68693          	add	a3,a3,-1 # ffff <_svfprintf_r+0x2267>
    cbb4:	0180006f          	j	cbcc <__multiply+0xc8>
    cbb8:	010fdf93          	srl	t6,t6,0x10
    cbbc:	080f9863          	bnez	t6,cc4c <__multiply+0x148>
    cbc0:	00480813          	add	a6,a6,4
    cbc4:	00430313          	add	t1,t1,4
    cbc8:	11c87063          	bgeu	a6,t3,ccc8 <__multiply+0x1c4>
    cbcc:	00082f83          	lw	t6,0(a6)
    cbd0:	00dff3b3          	and	t2,t6,a3
    cbd4:	fe0382e3          	beqz	t2,cbb8 <__multiply+0xb4>
    cbd8:	00030293          	mv	t0,t1
    cbdc:	000e8f93          	mv	t6,t4
    cbe0:	00000493          	li	s1,0
    cbe4:	000fa783          	lw	a5,0(t6)
    cbe8:	0002a603          	lw	a2,0(t0)
    cbec:	00428293          	add	t0,t0,4
    cbf0:	00d7f733          	and	a4,a5,a3
    cbf4:	02770733          	mul	a4,a4,t2
    cbf8:	0107d793          	srl	a5,a5,0x10
    cbfc:	00d67933          	and	s2,a2,a3
    cc00:	01065613          	srl	a2,a2,0x10
    cc04:	004f8f93          	add	t6,t6,4
    cc08:	027787b3          	mul	a5,a5,t2
    cc0c:	01270733          	add	a4,a4,s2
    cc10:	00970733          	add	a4,a4,s1
    cc14:	01075493          	srl	s1,a4,0x10
    cc18:	00d77733          	and	a4,a4,a3
    cc1c:	00c787b3          	add	a5,a5,a2
    cc20:	009787b3          	add	a5,a5,s1
    cc24:	01079613          	sll	a2,a5,0x10
    cc28:	00e66733          	or	a4,a2,a4
    cc2c:	fee2ae23          	sw	a4,-4(t0)
    cc30:	0107d493          	srl	s1,a5,0x10
    cc34:	fabfe8e3          	bltu	t6,a1,cbe4 <__multiply+0xe0>
    cc38:	01e307b3          	add	a5,t1,t5
    cc3c:	0097a023          	sw	s1,0(a5)
    cc40:	00082f83          	lw	t6,0(a6)
    cc44:	010fdf93          	srl	t6,t6,0x10
    cc48:	f60f8ce3          	beqz	t6,cbc0 <__multiply+0xbc>
    cc4c:	00032703          	lw	a4,0(t1)
    cc50:	00030293          	mv	t0,t1
    cc54:	000e8613          	mv	a2,t4
    cc58:	00070493          	mv	s1,a4
    cc5c:	00000393          	li	t2,0
    cc60:	00062783          	lw	a5,0(a2)
    cc64:	0104d993          	srl	s3,s1,0x10
    cc68:	00d77733          	and	a4,a4,a3
    cc6c:	00d7f7b3          	and	a5,a5,a3
    cc70:	03f787b3          	mul	a5,a5,t6
    cc74:	0042a483          	lw	s1,4(t0)
    cc78:	00428293          	add	t0,t0,4
    cc7c:	00460613          	add	a2,a2,4
    cc80:	00d4f933          	and	s2,s1,a3
    cc84:	007787b3          	add	a5,a5,t2
    cc88:	013787b3          	add	a5,a5,s3
    cc8c:	01079393          	sll	t2,a5,0x10
    cc90:	00e3e733          	or	a4,t2,a4
    cc94:	fee2ae23          	sw	a4,-4(t0)
    cc98:	ffe65703          	lhu	a4,-2(a2)
    cc9c:	0107d793          	srl	a5,a5,0x10
    cca0:	03f70733          	mul	a4,a4,t6
    cca4:	01270733          	add	a4,a4,s2
    cca8:	00f70733          	add	a4,a4,a5
    ccac:	01075393          	srl	t2,a4,0x10
    ccb0:	fab668e3          	bltu	a2,a1,cc60 <__multiply+0x15c>
    ccb4:	01e307b3          	add	a5,t1,t5
    ccb8:	00e7a023          	sw	a4,0(a5)
    ccbc:	00480813          	add	a6,a6,4
    ccc0:	00430313          	add	t1,t1,4
    ccc4:	f1c864e3          	bltu	a6,t3,cbcc <__multiply+0xc8>
    ccc8:	00804863          	bgtz	s0,ccd8 <__multiply+0x1d4>
    cccc:	0180006f          	j	cce4 <__multiply+0x1e0>
    ccd0:	fff40413          	add	s0,s0,-1
    ccd4:	00040863          	beqz	s0,cce4 <__multiply+0x1e0>
    ccd8:	ffc8a783          	lw	a5,-4(a7)
    ccdc:	ffc88893          	add	a7,a7,-4
    cce0:	fe0788e3          	beqz	a5,ccd0 <__multiply+0x1cc>
    cce4:	01c12083          	lw	ra,28(sp)
    cce8:	00852823          	sw	s0,16(a0)
    ccec:	01812403          	lw	s0,24(sp)
    ccf0:	01412483          	lw	s1,20(sp)
    ccf4:	01012903          	lw	s2,16(sp)
    ccf8:	00c12983          	lw	s3,12(sp)
    ccfc:	00812a03          	lw	s4,8(sp)
    cd00:	02010113          	add	sp,sp,32
    cd04:	00008067          	ret
    cd08:	409587b3          	sub	a5,a1,s1
    cd0c:	feb78793          	add	a5,a5,-21
    cd10:	ffc7f793          	and	a5,a5,-4
    cd14:	00478f13          	add	t5,a5,4
    cd18:	e95ff06f          	j	cbac <__multiply+0xa8>
    cd1c:	000156b7          	lui	a3,0x15
    cd20:	00015537          	lui	a0,0x15
    cd24:	4c468693          	add	a3,a3,1220 # 154c4 <blanks.1+0x30>
    cd28:	00000613          	li	a2,0
    cd2c:	15d00593          	li	a1,349
    cd30:	78450513          	add	a0,a0,1924 # 15784 <ezero+0x24>
    cd34:	769040ef          	jal	11c9c <__assert_func>

0000cd38 <__pow5mult>:
    cd38:	fe010113          	add	sp,sp,-32
    cd3c:	00812c23          	sw	s0,24(sp)
    cd40:	01212823          	sw	s2,16(sp)
    cd44:	01312623          	sw	s3,12(sp)
    cd48:	00112e23          	sw	ra,28(sp)
    cd4c:	00912a23          	sw	s1,20(sp)
    cd50:	00367793          	and	a5,a2,3
    cd54:	00060413          	mv	s0,a2
    cd58:	00050993          	mv	s3,a0
    cd5c:	00058913          	mv	s2,a1
    cd60:	0a079a63          	bnez	a5,ce14 <__pow5mult+0xdc>
    cd64:	40245413          	sra	s0,s0,0x2
    cd68:	06040663          	beqz	s0,cdd4 <__pow5mult+0x9c>
    cd6c:	0489a483          	lw	s1,72(s3)
    cd70:	0c048663          	beqz	s1,ce3c <__pow5mult+0x104>
    cd74:	00147793          	and	a5,s0,1
    cd78:	02079063          	bnez	a5,cd98 <__pow5mult+0x60>
    cd7c:	40145413          	sra	s0,s0,0x1
    cd80:	04040a63          	beqz	s0,cdd4 <__pow5mult+0x9c>
    cd84:	0004a503          	lw	a0,0(s1)
    cd88:	06050663          	beqz	a0,cdf4 <__pow5mult+0xbc>
    cd8c:	00050493          	mv	s1,a0
    cd90:	00147793          	and	a5,s0,1
    cd94:	fe0784e3          	beqz	a5,cd7c <__pow5mult+0x44>
    cd98:	00048613          	mv	a2,s1
    cd9c:	00090593          	mv	a1,s2
    cda0:	00098513          	mv	a0,s3
    cda4:	d61ff0ef          	jal	cb04 <__multiply>
    cda8:	02090063          	beqz	s2,cdc8 <__pow5mult+0x90>
    cdac:	00492703          	lw	a4,4(s2)
    cdb0:	04c9a783          	lw	a5,76(s3)
    cdb4:	00271713          	sll	a4,a4,0x2
    cdb8:	00e787b3          	add	a5,a5,a4
    cdbc:	0007a703          	lw	a4,0(a5)
    cdc0:	00e92023          	sw	a4,0(s2)
    cdc4:	0127a023          	sw	s2,0(a5)
    cdc8:	40145413          	sra	s0,s0,0x1
    cdcc:	00050913          	mv	s2,a0
    cdd0:	fa041ae3          	bnez	s0,cd84 <__pow5mult+0x4c>
    cdd4:	01c12083          	lw	ra,28(sp)
    cdd8:	01812403          	lw	s0,24(sp)
    cddc:	01412483          	lw	s1,20(sp)
    cde0:	00c12983          	lw	s3,12(sp)
    cde4:	00090513          	mv	a0,s2
    cde8:	01012903          	lw	s2,16(sp)
    cdec:	02010113          	add	sp,sp,32
    cdf0:	00008067          	ret
    cdf4:	00048613          	mv	a2,s1
    cdf8:	00048593          	mv	a1,s1
    cdfc:	00098513          	mv	a0,s3
    ce00:	d05ff0ef          	jal	cb04 <__multiply>
    ce04:	00a4a023          	sw	a0,0(s1)
    ce08:	00052023          	sw	zero,0(a0)
    ce0c:	00050493          	mv	s1,a0
    ce10:	f81ff06f          	j	cd90 <__pow5mult+0x58>
    ce14:	fff78793          	add	a5,a5,-1
    ce18:	00015737          	lui	a4,0x15
    ce1c:	7c470713          	add	a4,a4,1988 # 157c4 <p05.0>
    ce20:	00279793          	sll	a5,a5,0x2
    ce24:	00f707b3          	add	a5,a4,a5
    ce28:	0007a603          	lw	a2,0(a5)
    ce2c:	00000693          	li	a3,0
    ce30:	84dff0ef          	jal	c67c <__multadd>
    ce34:	00050913          	mv	s2,a0
    ce38:	f2dff06f          	j	cd64 <__pow5mult+0x2c>
    ce3c:	00100593          	li	a1,1
    ce40:	00098513          	mv	a0,s3
    ce44:	f6cff0ef          	jal	c5b0 <_Balloc>
    ce48:	00050493          	mv	s1,a0
    ce4c:	02050063          	beqz	a0,ce6c <__pow5mult+0x134>
    ce50:	27100793          	li	a5,625
    ce54:	00f52a23          	sw	a5,20(a0)
    ce58:	00100793          	li	a5,1
    ce5c:	00f52823          	sw	a5,16(a0)
    ce60:	04a9a423          	sw	a0,72(s3)
    ce64:	00052023          	sw	zero,0(a0)
    ce68:	f0dff06f          	j	cd74 <__pow5mult+0x3c>
    ce6c:	000156b7          	lui	a3,0x15
    ce70:	00015537          	lui	a0,0x15
    ce74:	4c468693          	add	a3,a3,1220 # 154c4 <blanks.1+0x30>
    ce78:	00000613          	li	a2,0
    ce7c:	14000593          	li	a1,320
    ce80:	78450513          	add	a0,a0,1924 # 15784 <ezero+0x24>
    ce84:	619040ef          	jal	11c9c <__assert_func>

0000ce88 <__lshift>:
    ce88:	fe010113          	add	sp,sp,-32
    ce8c:	01512223          	sw	s5,4(sp)
    ce90:	0105aa83          	lw	s5,16(a1)
    ce94:	0085a783          	lw	a5,8(a1)
    ce98:	01312623          	sw	s3,12(sp)
    ce9c:	40565993          	sra	s3,a2,0x5
    cea0:	01598ab3          	add	s5,s3,s5
    cea4:	00812c23          	sw	s0,24(sp)
    cea8:	00912a23          	sw	s1,20(sp)
    ceac:	01212823          	sw	s2,16(sp)
    ceb0:	01412423          	sw	s4,8(sp)
    ceb4:	00112e23          	sw	ra,28(sp)
    ceb8:	001a8913          	add	s2,s5,1
    cebc:	00058493          	mv	s1,a1
    cec0:	00060413          	mv	s0,a2
    cec4:	0045a583          	lw	a1,4(a1)
    cec8:	00050a13          	mv	s4,a0
    cecc:	0127d863          	bge	a5,s2,cedc <__lshift+0x54>
    ced0:	00179793          	sll	a5,a5,0x1
    ced4:	00158593          	add	a1,a1,1
    ced8:	ff27cce3          	blt	a5,s2,ced0 <__lshift+0x48>
    cedc:	000a0513          	mv	a0,s4
    cee0:	ed0ff0ef          	jal	c5b0 <_Balloc>
    cee4:	10050c63          	beqz	a0,cffc <__lshift+0x174>
    cee8:	01450813          	add	a6,a0,20
    ceec:	03305463          	blez	s3,cf14 <__lshift+0x8c>
    cef0:	00598993          	add	s3,s3,5
    cef4:	00299993          	sll	s3,s3,0x2
    cef8:	01350733          	add	a4,a0,s3
    cefc:	00080793          	mv	a5,a6
    cf00:	00478793          	add	a5,a5,4
    cf04:	fe07ae23          	sw	zero,-4(a5)
    cf08:	fee79ce3          	bne	a5,a4,cf00 <__lshift+0x78>
    cf0c:	fec98993          	add	s3,s3,-20
    cf10:	01380833          	add	a6,a6,s3
    cf14:	0104a883          	lw	a7,16(s1)
    cf18:	01448793          	add	a5,s1,20
    cf1c:	01f47613          	and	a2,s0,31
    cf20:	00289893          	sll	a7,a7,0x2
    cf24:	011788b3          	add	a7,a5,a7
    cf28:	0a060463          	beqz	a2,cfd0 <__lshift+0x148>
    cf2c:	02000593          	li	a1,32
    cf30:	40c585b3          	sub	a1,a1,a2
    cf34:	00080313          	mv	t1,a6
    cf38:	00000693          	li	a3,0
    cf3c:	0007a703          	lw	a4,0(a5)
    cf40:	00430313          	add	t1,t1,4
    cf44:	00478793          	add	a5,a5,4
    cf48:	00c71733          	sll	a4,a4,a2
    cf4c:	00d76733          	or	a4,a4,a3
    cf50:	fee32e23          	sw	a4,-4(t1)
    cf54:	ffc7a683          	lw	a3,-4(a5)
    cf58:	00b6d6b3          	srl	a3,a3,a1
    cf5c:	ff17e0e3          	bltu	a5,a7,cf3c <__lshift+0xb4>
    cf60:	01548793          	add	a5,s1,21
    cf64:	00400713          	li	a4,4
    cf68:	00f8ea63          	bltu	a7,a5,cf7c <__lshift+0xf4>
    cf6c:	409887b3          	sub	a5,a7,s1
    cf70:	feb78793          	add	a5,a5,-21
    cf74:	ffc7f793          	and	a5,a5,-4
    cf78:	00478713          	add	a4,a5,4
    cf7c:	00e80833          	add	a6,a6,a4
    cf80:	00d82023          	sw	a3,0(a6)
    cf84:	00069463          	bnez	a3,cf8c <__lshift+0x104>
    cf88:	000a8913          	mv	s2,s5
    cf8c:	0044a703          	lw	a4,4(s1)
    cf90:	04ca2783          	lw	a5,76(s4)
    cf94:	01c12083          	lw	ra,28(sp)
    cf98:	00271713          	sll	a4,a4,0x2
    cf9c:	00e787b3          	add	a5,a5,a4
    cfa0:	0007a703          	lw	a4,0(a5)
    cfa4:	01252823          	sw	s2,16(a0)
    cfa8:	01812403          	lw	s0,24(sp)
    cfac:	00e4a023          	sw	a4,0(s1)
    cfb0:	0097a023          	sw	s1,0(a5)
    cfb4:	01012903          	lw	s2,16(sp)
    cfb8:	01412483          	lw	s1,20(sp)
    cfbc:	00c12983          	lw	s3,12(sp)
    cfc0:	00812a03          	lw	s4,8(sp)
    cfc4:	00412a83          	lw	s5,4(sp)
    cfc8:	02010113          	add	sp,sp,32
    cfcc:	00008067          	ret
    cfd0:	0007a703          	lw	a4,0(a5)
    cfd4:	00478793          	add	a5,a5,4
    cfd8:	00480813          	add	a6,a6,4
    cfdc:	fee82e23          	sw	a4,-4(a6)
    cfe0:	fb17f4e3          	bgeu	a5,a7,cf88 <__lshift+0x100>
    cfe4:	0007a703          	lw	a4,0(a5)
    cfe8:	00478793          	add	a5,a5,4
    cfec:	00480813          	add	a6,a6,4
    cff0:	fee82e23          	sw	a4,-4(a6)
    cff4:	fd17eee3          	bltu	a5,a7,cfd0 <__lshift+0x148>
    cff8:	f91ff06f          	j	cf88 <__lshift+0x100>
    cffc:	000156b7          	lui	a3,0x15
    d000:	00015537          	lui	a0,0x15
    d004:	4c468693          	add	a3,a3,1220 # 154c4 <blanks.1+0x30>
    d008:	00000613          	li	a2,0
    d00c:	1d900593          	li	a1,473
    d010:	78450513          	add	a0,a0,1924 # 15784 <ezero+0x24>
    d014:	489040ef          	jal	11c9c <__assert_func>

0000d018 <__mcmp>:
    d018:	01052703          	lw	a4,16(a0)
    d01c:	0105a783          	lw	a5,16(a1)
    d020:	00050813          	mv	a6,a0
    d024:	40f70533          	sub	a0,a4,a5
    d028:	04f71263          	bne	a4,a5,d06c <__mcmp+0x54>
    d02c:	00279793          	sll	a5,a5,0x2
    d030:	01480813          	add	a6,a6,20
    d034:	01458593          	add	a1,a1,20
    d038:	00f80733          	add	a4,a6,a5
    d03c:	00f587b3          	add	a5,a1,a5
    d040:	0080006f          	j	d048 <__mcmp+0x30>
    d044:	02e87463          	bgeu	a6,a4,d06c <__mcmp+0x54>
    d048:	ffc72603          	lw	a2,-4(a4)
    d04c:	ffc7a683          	lw	a3,-4(a5)
    d050:	ffc70713          	add	a4,a4,-4
    d054:	ffc78793          	add	a5,a5,-4
    d058:	fed606e3          	beq	a2,a3,d044 <__mcmp+0x2c>
    d05c:	00100513          	li	a0,1
    d060:	00d67663          	bgeu	a2,a3,d06c <__mcmp+0x54>
    d064:	fff00513          	li	a0,-1
    d068:	00008067          	ret
    d06c:	00008067          	ret

0000d070 <__mdiff>:
    d070:	0105a703          	lw	a4,16(a1)
    d074:	01062783          	lw	a5,16(a2)
    d078:	ff010113          	add	sp,sp,-16
    d07c:	00812423          	sw	s0,8(sp)
    d080:	00912223          	sw	s1,4(sp)
    d084:	01212023          	sw	s2,0(sp)
    d088:	00112623          	sw	ra,12(sp)
    d08c:	00058493          	mv	s1,a1
    d090:	00060413          	mv	s0,a2
    d094:	40f70933          	sub	s2,a4,a5
    d098:	04f71663          	bne	a4,a5,d0e4 <__mdiff+0x74>
    d09c:	00279693          	sll	a3,a5,0x2
    d0a0:	01458593          	add	a1,a1,20
    d0a4:	01460713          	add	a4,a2,20
    d0a8:	00d587b3          	add	a5,a1,a3
    d0ac:	00d70733          	add	a4,a4,a3
    d0b0:	0080006f          	j	d0b8 <__mdiff+0x48>
    d0b4:	18f5f463          	bgeu	a1,a5,d23c <__mdiff+0x1cc>
    d0b8:	ffc7a603          	lw	a2,-4(a5)
    d0bc:	ffc72683          	lw	a3,-4(a4)
    d0c0:	ffc78793          	add	a5,a5,-4
    d0c4:	ffc70713          	add	a4,a4,-4
    d0c8:	fed606e3          	beq	a2,a3,d0b4 <__mdiff+0x44>
    d0cc:	02d67063          	bgeu	a2,a3,d0ec <__mdiff+0x7c>
    d0d0:	00048793          	mv	a5,s1
    d0d4:	00100913          	li	s2,1
    d0d8:	00040493          	mv	s1,s0
    d0dc:	00078413          	mv	s0,a5
    d0e0:	00c0006f          	j	d0ec <__mdiff+0x7c>
    d0e4:	fe0946e3          	bltz	s2,d0d0 <__mdiff+0x60>
    d0e8:	00000913          	li	s2,0
    d0ec:	0044a583          	lw	a1,4(s1)
    d0f0:	cc0ff0ef          	jal	c5b0 <_Balloc>
    d0f4:	1a050863          	beqz	a0,d2a4 <__mdiff+0x234>
    d0f8:	0104a303          	lw	t1,16(s1)
    d0fc:	01042603          	lw	a2,16(s0)
    d100:	01448293          	add	t0,s1,20
    d104:	00231e13          	sll	t3,t1,0x2
    d108:	01440813          	add	a6,s0,20
    d10c:	00261613          	sll	a2,a2,0x2
    d110:	01450f93          	add	t6,a0,20
    d114:	000108b7          	lui	a7,0x10
    d118:	01252623          	sw	s2,12(a0)
    d11c:	01c28e33          	add	t3,t0,t3
    d120:	00c80633          	add	a2,a6,a2
    d124:	000f8f13          	mv	t5,t6
    d128:	00028e93          	mv	t4,t0
    d12c:	00000693          	li	a3,0
    d130:	fff88893          	add	a7,a7,-1 # ffff <_svfprintf_r+0x2267>
    d134:	000ea703          	lw	a4,0(t4)
    d138:	00082583          	lw	a1,0(a6)
    d13c:	004f0f13          	add	t5,t5,4
    d140:	011777b3          	and	a5,a4,a7
    d144:	0115f3b3          	and	t2,a1,a7
    d148:	407787b3          	sub	a5,a5,t2
    d14c:	00d787b3          	add	a5,a5,a3
    d150:	01075713          	srl	a4,a4,0x10
    d154:	0105d593          	srl	a1,a1,0x10
    d158:	4107d693          	sra	a3,a5,0x10
    d15c:	40b70733          	sub	a4,a4,a1
    d160:	00d70733          	add	a4,a4,a3
    d164:	01071693          	sll	a3,a4,0x10
    d168:	0117f7b3          	and	a5,a5,a7
    d16c:	00d7e7b3          	or	a5,a5,a3
    d170:	00480813          	add	a6,a6,4
    d174:	feff2e23          	sw	a5,-4(t5)
    d178:	004e8e93          	add	t4,t4,4
    d17c:	41075693          	sra	a3,a4,0x10
    d180:	fac86ae3          	bltu	a6,a2,d134 <__mdiff+0xc4>
    d184:	40860733          	sub	a4,a2,s0
    d188:	feb70713          	add	a4,a4,-21
    d18c:	01540413          	add	s0,s0,21
    d190:	00275f13          	srl	t5,a4,0x2
    d194:	00400713          	li	a4,4
    d198:	00866663          	bltu	a2,s0,d1a4 <__mdiff+0x134>
    d19c:	001f0713          	add	a4,t5,1
    d1a0:	00271713          	sll	a4,a4,0x2
    d1a4:	00e282b3          	add	t0,t0,a4
    d1a8:	00ef8833          	add	a6,t6,a4
    d1ac:	00010eb7          	lui	t4,0x10
    d1b0:	00080893          	mv	a7,a6
    d1b4:	00028593          	mv	a1,t0
    d1b8:	fffe8e93          	add	t4,t4,-1 # ffff <_svfprintf_r+0x2267>
    d1bc:	0bc2f863          	bgeu	t0,t3,d26c <__mdiff+0x1fc>
    d1c0:	0005a783          	lw	a5,0(a1)
    d1c4:	00488893          	add	a7,a7,4
    d1c8:	00458593          	add	a1,a1,4
    d1cc:	01d7f733          	and	a4,a5,t4
    d1d0:	00d70733          	add	a4,a4,a3
    d1d4:	0107d613          	srl	a2,a5,0x10
    d1d8:	41075713          	sra	a4,a4,0x10
    d1dc:	00c70733          	add	a4,a4,a2
    d1e0:	00d787b3          	add	a5,a5,a3
    d1e4:	01d7f7b3          	and	a5,a5,t4
    d1e8:	01071693          	sll	a3,a4,0x10
    d1ec:	00d7e7b3          	or	a5,a5,a3
    d1f0:	fef8ae23          	sw	a5,-4(a7)
    d1f4:	41075693          	sra	a3,a4,0x10
    d1f8:	fdc5e4e3          	bltu	a1,t3,d1c0 <__mdiff+0x150>
    d1fc:	fffe0e13          	add	t3,t3,-1
    d200:	405e0e33          	sub	t3,t3,t0
    d204:	ffce7e13          	and	t3,t3,-4
    d208:	01c80733          	add	a4,a6,t3
    d20c:	00079a63          	bnez	a5,d220 <__mdiff+0x1b0>
    d210:	ffc72783          	lw	a5,-4(a4)
    d214:	fff30313          	add	t1,t1,-1
    d218:	ffc70713          	add	a4,a4,-4
    d21c:	fe078ae3          	beqz	a5,d210 <__mdiff+0x1a0>
    d220:	00c12083          	lw	ra,12(sp)
    d224:	00812403          	lw	s0,8(sp)
    d228:	00652823          	sw	t1,16(a0)
    d22c:	00412483          	lw	s1,4(sp)
    d230:	00012903          	lw	s2,0(sp)
    d234:	01010113          	add	sp,sp,16
    d238:	00008067          	ret
    d23c:	00000593          	li	a1,0
    d240:	b70ff0ef          	jal	c5b0 <_Balloc>
    d244:	04050263          	beqz	a0,d288 <__mdiff+0x218>
    d248:	00c12083          	lw	ra,12(sp)
    d24c:	00812403          	lw	s0,8(sp)
    d250:	00100793          	li	a5,1
    d254:	00f52823          	sw	a5,16(a0)
    d258:	00052a23          	sw	zero,20(a0)
    d25c:	00412483          	lw	s1,4(sp)
    d260:	00012903          	lw	s2,0(sp)
    d264:	01010113          	add	sp,sp,16
    d268:	00008067          	ret
    d26c:	00000713          	li	a4,0
    d270:	00867663          	bgeu	a2,s0,d27c <__mdiff+0x20c>
    d274:	00ef8733          	add	a4,t6,a4
    d278:	f95ff06f          	j	d20c <__mdiff+0x19c>
    d27c:	002f1713          	sll	a4,t5,0x2
    d280:	00ef8733          	add	a4,t6,a4
    d284:	f89ff06f          	j	d20c <__mdiff+0x19c>
    d288:	000156b7          	lui	a3,0x15
    d28c:	00015537          	lui	a0,0x15
    d290:	4c468693          	add	a3,a3,1220 # 154c4 <blanks.1+0x30>
    d294:	00000613          	li	a2,0
    d298:	23200593          	li	a1,562
    d29c:	78450513          	add	a0,a0,1924 # 15784 <ezero+0x24>
    d2a0:	1fd040ef          	jal	11c9c <__assert_func>
    d2a4:	000156b7          	lui	a3,0x15
    d2a8:	00015537          	lui	a0,0x15
    d2ac:	4c468693          	add	a3,a3,1220 # 154c4 <blanks.1+0x30>
    d2b0:	00000613          	li	a2,0
    d2b4:	24000593          	li	a1,576
    d2b8:	78450513          	add	a0,a0,1924 # 15784 <ezero+0x24>
    d2bc:	1e1040ef          	jal	11c9c <__assert_func>

0000d2c0 <__ulp>:
    d2c0:	7ff007b7          	lui	a5,0x7ff00
    d2c4:	00b7f5b3          	and	a1,a5,a1
    d2c8:	fcc007b7          	lui	a5,0xfcc00
    d2cc:	00f585b3          	add	a1,a1,a5
    d2d0:	00000793          	li	a5,0
    d2d4:	00b05663          	blez	a1,d2e0 <__ulp+0x20>
    d2d8:	00078513          	mv	a0,a5
    d2dc:	00008067          	ret
    d2e0:	40b005b3          	neg	a1,a1
    d2e4:	4145d593          	sra	a1,a1,0x14
    d2e8:	01300793          	li	a5,19
    d2ec:	00b7cc63          	blt	a5,a1,d304 <__ulp+0x44>
    d2f0:	000807b7          	lui	a5,0x80
    d2f4:	40b7d5b3          	sra	a1,a5,a1
    d2f8:	00000793          	li	a5,0
    d2fc:	00078513          	mv	a0,a5
    d300:	00008067          	ret
    d304:	fec58593          	add	a1,a1,-20
    d308:	01e00713          	li	a4,30
    d30c:	00100793          	li	a5,1
    d310:	00b74663          	blt	a4,a1,d31c <__ulp+0x5c>
    d314:	800007b7          	lui	a5,0x80000
    d318:	00b7d7b3          	srl	a5,a5,a1
    d31c:	00000593          	li	a1,0
    d320:	00078513          	mv	a0,a5
    d324:	00008067          	ret

0000d328 <__b2d>:
    d328:	fe010113          	add	sp,sp,-32
    d32c:	00912a23          	sw	s1,20(sp)
    d330:	01052483          	lw	s1,16(a0)
    d334:	00812c23          	sw	s0,24(sp)
    d338:	01450413          	add	s0,a0,20
    d33c:	00249493          	sll	s1,s1,0x2
    d340:	009404b3          	add	s1,s0,s1
    d344:	01212823          	sw	s2,16(sp)
    d348:	ffc4a903          	lw	s2,-4(s1)
    d34c:	01312623          	sw	s3,12(sp)
    d350:	01412423          	sw	s4,8(sp)
    d354:	00090513          	mv	a0,s2
    d358:	00058993          	mv	s3,a1
    d35c:	00112e23          	sw	ra,28(sp)
    d360:	d9cff0ef          	jal	c8fc <__hi0bits>
    d364:	02000713          	li	a4,32
    d368:	40a707b3          	sub	a5,a4,a0
    d36c:	00f9a023          	sw	a5,0(s3)
    d370:	00a00793          	li	a5,10
    d374:	ffc48a13          	add	s4,s1,-4
    d378:	08a7dc63          	bge	a5,a0,d410 <__b2d+0xe8>
    d37c:	ff550613          	add	a2,a0,-11
    d380:	05447063          	bgeu	s0,s4,d3c0 <__b2d+0x98>
    d384:	ff84a783          	lw	a5,-8(s1)
    d388:	04060c63          	beqz	a2,d3e0 <__b2d+0xb8>
    d38c:	40c706b3          	sub	a3,a4,a2
    d390:	00d7d733          	srl	a4,a5,a3
    d394:	00c91933          	sll	s2,s2,a2
    d398:	00e96933          	or	s2,s2,a4
    d39c:	ff848593          	add	a1,s1,-8
    d3a0:	3ff00737          	lui	a4,0x3ff00
    d3a4:	00e96733          	or	a4,s2,a4
    d3a8:	00c797b3          	sll	a5,a5,a2
    d3ac:	02b47e63          	bgeu	s0,a1,d3e8 <__b2d+0xc0>
    d3b0:	ff44a603          	lw	a2,-12(s1)
    d3b4:	00d656b3          	srl	a3,a2,a3
    d3b8:	00d7e7b3          	or	a5,a5,a3
    d3bc:	02c0006f          	j	d3e8 <__b2d+0xc0>
    d3c0:	00b00793          	li	a5,11
    d3c4:	00f50c63          	beq	a0,a5,d3dc <__b2d+0xb4>
    d3c8:	00c91933          	sll	s2,s2,a2
    d3cc:	3ff00737          	lui	a4,0x3ff00
    d3d0:	00e96733          	or	a4,s2,a4
    d3d4:	00000793          	li	a5,0
    d3d8:	0100006f          	j	d3e8 <__b2d+0xc0>
    d3dc:	00000793          	li	a5,0
    d3e0:	3ff00737          	lui	a4,0x3ff00
    d3e4:	00e96733          	or	a4,s2,a4
    d3e8:	01c12083          	lw	ra,28(sp)
    d3ec:	01812403          	lw	s0,24(sp)
    d3f0:	01412483          	lw	s1,20(sp)
    d3f4:	01012903          	lw	s2,16(sp)
    d3f8:	00c12983          	lw	s3,12(sp)
    d3fc:	00812a03          	lw	s4,8(sp)
    d400:	00078513          	mv	a0,a5
    d404:	00070593          	mv	a1,a4
    d408:	02010113          	add	sp,sp,32
    d40c:	00008067          	ret
    d410:	00b00693          	li	a3,11
    d414:	40a686b3          	sub	a3,a3,a0
    d418:	3ff007b7          	lui	a5,0x3ff00
    d41c:	00d95733          	srl	a4,s2,a3
    d420:	00f76733          	or	a4,a4,a5
    d424:	00000793          	li	a5,0
    d428:	01447663          	bgeu	s0,s4,d434 <__b2d+0x10c>
    d42c:	ff84a783          	lw	a5,-8(s1)
    d430:	00d7d7b3          	srl	a5,a5,a3
    d434:	01550513          	add	a0,a0,21
    d438:	00a91933          	sll	s2,s2,a0
    d43c:	00f967b3          	or	a5,s2,a5
    d440:	fa9ff06f          	j	d3e8 <__b2d+0xc0>

0000d444 <__d2b>:
    d444:	fd010113          	add	sp,sp,-48
    d448:	01512a23          	sw	s5,20(sp)
    d44c:	00058a93          	mv	s5,a1
    d450:	00100593          	li	a1,1
    d454:	02912223          	sw	s1,36(sp)
    d458:	01312e23          	sw	s3,28(sp)
    d45c:	01412c23          	sw	s4,24(sp)
    d460:	02112623          	sw	ra,44(sp)
    d464:	02812423          	sw	s0,40(sp)
    d468:	03212023          	sw	s2,32(sp)
    d46c:	00060493          	mv	s1,a2
    d470:	00068a13          	mv	s4,a3
    d474:	00070993          	mv	s3,a4
    d478:	938ff0ef          	jal	c5b0 <_Balloc>
    d47c:	10050263          	beqz	a0,d580 <__d2b+0x13c>
    d480:	00100737          	lui	a4,0x100
    d484:	0144d913          	srl	s2,s1,0x14
    d488:	fff70793          	add	a5,a4,-1 # fffff <_sidata+0xea06f>
    d48c:	7ff97913          	and	s2,s2,2047
    d490:	00050413          	mv	s0,a0
    d494:	0097f7b3          	and	a5,a5,s1
    d498:	00090463          	beqz	s2,d4a0 <__d2b+0x5c>
    d49c:	00e7e7b3          	or	a5,a5,a4
    d4a0:	00f12623          	sw	a5,12(sp)
    d4a4:	060a9263          	bnez	s5,d508 <__d2b+0xc4>
    d4a8:	00c10513          	add	a0,sp,12
    d4ac:	cc8ff0ef          	jal	c974 <__lo0bits>
    d4b0:	00c12703          	lw	a4,12(sp)
    d4b4:	00100493          	li	s1,1
    d4b8:	00942823          	sw	s1,16(s0)
    d4bc:	00e42a23          	sw	a4,20(s0)
    d4c0:	02050793          	add	a5,a0,32
    d4c4:	08090863          	beqz	s2,d554 <__d2b+0x110>
    d4c8:	bcd90913          	add	s2,s2,-1075
    d4cc:	00f90933          	add	s2,s2,a5
    d4d0:	03500493          	li	s1,53
    d4d4:	012a2023          	sw	s2,0(s4)
    d4d8:	40f48533          	sub	a0,s1,a5
    d4dc:	00a9a023          	sw	a0,0(s3)
    d4e0:	02c12083          	lw	ra,44(sp)
    d4e4:	00040513          	mv	a0,s0
    d4e8:	02812403          	lw	s0,40(sp)
    d4ec:	02412483          	lw	s1,36(sp)
    d4f0:	02012903          	lw	s2,32(sp)
    d4f4:	01c12983          	lw	s3,28(sp)
    d4f8:	01812a03          	lw	s4,24(sp)
    d4fc:	01412a83          	lw	s5,20(sp)
    d500:	03010113          	add	sp,sp,48
    d504:	00008067          	ret
    d508:	00810513          	add	a0,sp,8
    d50c:	01512423          	sw	s5,8(sp)
    d510:	c64ff0ef          	jal	c974 <__lo0bits>
    d514:	00c12703          	lw	a4,12(sp)
    d518:	00050793          	mv	a5,a0
    d51c:	04050e63          	beqz	a0,d578 <__d2b+0x134>
    d520:	00812603          	lw	a2,8(sp)
    d524:	02000693          	li	a3,32
    d528:	40a686b3          	sub	a3,a3,a0
    d52c:	00d716b3          	sll	a3,a4,a3
    d530:	00a75733          	srl	a4,a4,a0
    d534:	00c6e6b3          	or	a3,a3,a2
    d538:	00e12623          	sw	a4,12(sp)
    d53c:	00e034b3          	snez	s1,a4
    d540:	00148493          	add	s1,s1,1
    d544:	00d42a23          	sw	a3,20(s0)
    d548:	00e42c23          	sw	a4,24(s0)
    d54c:	00942823          	sw	s1,16(s0)
    d550:	f6091ce3          	bnez	s2,d4c8 <__d2b+0x84>
    d554:	00249713          	sll	a4,s1,0x2
    d558:	00e40733          	add	a4,s0,a4
    d55c:	01072503          	lw	a0,16(a4)
    d560:	bce78793          	add	a5,a5,-1074 # 3feffbce <_stack_top+0x1fdffbce>
    d564:	00fa2023          	sw	a5,0(s4)
    d568:	b94ff0ef          	jal	c8fc <__hi0bits>
    d56c:	00549493          	sll	s1,s1,0x5
    d570:	40a48533          	sub	a0,s1,a0
    d574:	f69ff06f          	j	d4dc <__d2b+0x98>
    d578:	00812683          	lw	a3,8(sp)
    d57c:	fc1ff06f          	j	d53c <__d2b+0xf8>
    d580:	000156b7          	lui	a3,0x15
    d584:	00015537          	lui	a0,0x15
    d588:	4c468693          	add	a3,a3,1220 # 154c4 <blanks.1+0x30>
    d58c:	00000613          	li	a2,0
    d590:	30a00593          	li	a1,778
    d594:	78450513          	add	a0,a0,1924 # 15784 <ezero+0x24>
    d598:	704040ef          	jal	11c9c <__assert_func>

0000d59c <__ratio>:
    d59c:	fd010113          	add	sp,sp,-48
    d5a0:	03212023          	sw	s2,32(sp)
    d5a4:	00058913          	mv	s2,a1
    d5a8:	00810593          	add	a1,sp,8
    d5ac:	02112623          	sw	ra,44(sp)
    d5b0:	02812423          	sw	s0,40(sp)
    d5b4:	02912223          	sw	s1,36(sp)
    d5b8:	01312e23          	sw	s3,28(sp)
    d5bc:	00050993          	mv	s3,a0
    d5c0:	d69ff0ef          	jal	d328 <__b2d>
    d5c4:	00050493          	mv	s1,a0
    d5c8:	00058413          	mv	s0,a1
    d5cc:	00090513          	mv	a0,s2
    d5d0:	00c10593          	add	a1,sp,12
    d5d4:	d55ff0ef          	jal	d328 <__b2d>
    d5d8:	01092703          	lw	a4,16(s2)
    d5dc:	0109a783          	lw	a5,16(s3)
    d5e0:	00c12683          	lw	a3,12(sp)
    d5e4:	40e787b3          	sub	a5,a5,a4
    d5e8:	00812703          	lw	a4,8(sp)
    d5ec:	00579793          	sll	a5,a5,0x5
    d5f0:	40d70733          	sub	a4,a4,a3
    d5f4:	00e787b3          	add	a5,a5,a4
    d5f8:	00050713          	mv	a4,a0
    d5fc:	02f05e63          	blez	a5,d638 <__ratio+0x9c>
    d600:	01479793          	sll	a5,a5,0x14
    d604:	00878433          	add	s0,a5,s0
    d608:	00058693          	mv	a3,a1
    d60c:	00048513          	mv	a0,s1
    d610:	00040593          	mv	a1,s0
    d614:	00070613          	mv	a2,a4
    d618:	980f30ef          	jal	798 <__divdf3>
    d61c:	02c12083          	lw	ra,44(sp)
    d620:	02812403          	lw	s0,40(sp)
    d624:	02412483          	lw	s1,36(sp)
    d628:	02012903          	lw	s2,32(sp)
    d62c:	01c12983          	lw	s3,28(sp)
    d630:	03010113          	add	sp,sp,48
    d634:	00008067          	ret
    d638:	01479793          	sll	a5,a5,0x14
    d63c:	40f585b3          	sub	a1,a1,a5
    d640:	fc9ff06f          	j	d608 <__ratio+0x6c>

0000d644 <_mprec_log10>:
    d644:	ff010113          	add	sp,sp,-16
    d648:	01212023          	sw	s2,0(sp)
    d64c:	00112623          	sw	ra,12(sp)
    d650:	00812423          	sw	s0,8(sp)
    d654:	00912223          	sw	s1,4(sp)
    d658:	01700793          	li	a5,23
    d65c:	00050913          	mv	s2,a0
    d660:	04a7da63          	bge	a5,a0,d6b4 <_mprec_log10+0x70>
    d664:	00016737          	lui	a4,0x16
    d668:	f7872783          	lw	a5,-136(a4) # 15f78 <_global_impure_ptr+0x8>
    d66c:	f7c72583          	lw	a1,-132(a4)
    d670:	00016737          	lui	a4,0x16
    d674:	f8072403          	lw	s0,-128(a4) # 15f80 <_global_impure_ptr+0x10>
    d678:	f8472483          	lw	s1,-124(a4)
    d67c:	00078513          	mv	a0,a5
    d680:	00040613          	mv	a2,s0
    d684:	00048693          	mv	a3,s1
    d688:	fd8f30ef          	jal	e60 <__muldf3>
    d68c:	fff90913          	add	s2,s2,-1
    d690:	00050793          	mv	a5,a0
    d694:	fe0914e3          	bnez	s2,d67c <_mprec_log10+0x38>
    d698:	00c12083          	lw	ra,12(sp)
    d69c:	00812403          	lw	s0,8(sp)
    d6a0:	00412483          	lw	s1,4(sp)
    d6a4:	00012903          	lw	s2,0(sp)
    d6a8:	00078513          	mv	a0,a5
    d6ac:	01010113          	add	sp,sp,16
    d6b0:	00008067          	ret
    d6b4:	00016737          	lui	a4,0x16
    d6b8:	00351913          	sll	s2,a0,0x3
    d6bc:	82070713          	add	a4,a4,-2016 # 15820 <__mprec_tens>
    d6c0:	01270733          	add	a4,a4,s2
    d6c4:	00072783          	lw	a5,0(a4)
    d6c8:	00c12083          	lw	ra,12(sp)
    d6cc:	00812403          	lw	s0,8(sp)
    d6d0:	00472583          	lw	a1,4(a4)
    d6d4:	00412483          	lw	s1,4(sp)
    d6d8:	00012903          	lw	s2,0(sp)
    d6dc:	00078513          	mv	a0,a5
    d6e0:	01010113          	add	sp,sp,16
    d6e4:	00008067          	ret

0000d6e8 <__copybits>:
    d6e8:	01062683          	lw	a3,16(a2)
    d6ec:	fff58593          	add	a1,a1,-1
    d6f0:	4055d593          	sra	a1,a1,0x5
    d6f4:	00158593          	add	a1,a1,1
    d6f8:	01460793          	add	a5,a2,20
    d6fc:	00269693          	sll	a3,a3,0x2
    d700:	00259593          	sll	a1,a1,0x2
    d704:	00d786b3          	add	a3,a5,a3
    d708:	00b505b3          	add	a1,a0,a1
    d70c:	02d7f863          	bgeu	a5,a3,d73c <__copybits+0x54>
    d710:	00050713          	mv	a4,a0
    d714:	0007a803          	lw	a6,0(a5)
    d718:	00478793          	add	a5,a5,4
    d71c:	00470713          	add	a4,a4,4
    d720:	ff072e23          	sw	a6,-4(a4)
    d724:	fed7e8e3          	bltu	a5,a3,d714 <__copybits+0x2c>
    d728:	40c687b3          	sub	a5,a3,a2
    d72c:	feb78793          	add	a5,a5,-21
    d730:	ffc7f793          	and	a5,a5,-4
    d734:	00478793          	add	a5,a5,4
    d738:	00f50533          	add	a0,a0,a5
    d73c:	00b57863          	bgeu	a0,a1,d74c <__copybits+0x64>
    d740:	00450513          	add	a0,a0,4
    d744:	fe052e23          	sw	zero,-4(a0)
    d748:	feb56ce3          	bltu	a0,a1,d740 <__copybits+0x58>
    d74c:	00008067          	ret

0000d750 <__any_on>:
    d750:	01052703          	lw	a4,16(a0)
    d754:	4055d613          	sra	a2,a1,0x5
    d758:	01450693          	add	a3,a0,20
    d75c:	02c75263          	bge	a4,a2,d780 <__any_on+0x30>
    d760:	00271713          	sll	a4,a4,0x2
    d764:	00e687b3          	add	a5,a3,a4
    d768:	04f6f263          	bgeu	a3,a5,d7ac <__any_on+0x5c>
    d76c:	ffc7a703          	lw	a4,-4(a5)
    d770:	ffc78793          	add	a5,a5,-4
    d774:	fe070ae3          	beqz	a4,d768 <__any_on+0x18>
    d778:	00100513          	li	a0,1
    d77c:	00008067          	ret
    d780:	00261793          	sll	a5,a2,0x2
    d784:	00f687b3          	add	a5,a3,a5
    d788:	fee650e3          	bge	a2,a4,d768 <__any_on+0x18>
    d78c:	01f5f593          	and	a1,a1,31
    d790:	fc058ce3          	beqz	a1,d768 <__any_on+0x18>
    d794:	0007a603          	lw	a2,0(a5)
    d798:	00100513          	li	a0,1
    d79c:	00b65733          	srl	a4,a2,a1
    d7a0:	00b71733          	sll	a4,a4,a1
    d7a4:	fce602e3          	beq	a2,a4,d768 <__any_on+0x18>
    d7a8:	00008067          	ret
    d7ac:	00000513          	li	a0,0
    d7b0:	00008067          	ret

0000d7b4 <cleanup_glue>:
    d7b4:	fe010113          	add	sp,sp,-32
    d7b8:	01212823          	sw	s2,16(sp)
    d7bc:	0005a903          	lw	s2,0(a1)
    d7c0:	00812c23          	sw	s0,24(sp)
    d7c4:	00912a23          	sw	s1,20(sp)
    d7c8:	00112e23          	sw	ra,28(sp)
    d7cc:	01312623          	sw	s3,12(sp)
    d7d0:	01412423          	sw	s4,8(sp)
    d7d4:	00058413          	mv	s0,a1
    d7d8:	00050493          	mv	s1,a0
    d7dc:	04090263          	beqz	s2,d820 <cleanup_glue+0x6c>
    d7e0:	00092983          	lw	s3,0(s2)
    d7e4:	02098863          	beqz	s3,d814 <cleanup_glue+0x60>
    d7e8:	0009aa03          	lw	s4,0(s3)
    d7ec:	000a0e63          	beqz	s4,d808 <cleanup_glue+0x54>
    d7f0:	000a2583          	lw	a1,0(s4)
    d7f4:	00058463          	beqz	a1,d7fc <cleanup_glue+0x48>
    d7f8:	fbdff0ef          	jal	d7b4 <cleanup_glue>
    d7fc:	000a0593          	mv	a1,s4
    d800:	00048513          	mv	a0,s1
    d804:	825fb0ef          	jal	9028 <_free_r>
    d808:	00098593          	mv	a1,s3
    d80c:	00048513          	mv	a0,s1
    d810:	819fb0ef          	jal	9028 <_free_r>
    d814:	00090593          	mv	a1,s2
    d818:	00048513          	mv	a0,s1
    d81c:	80dfb0ef          	jal	9028 <_free_r>
    d820:	00040593          	mv	a1,s0
    d824:	01812403          	lw	s0,24(sp)
    d828:	01c12083          	lw	ra,28(sp)
    d82c:	01012903          	lw	s2,16(sp)
    d830:	00c12983          	lw	s3,12(sp)
    d834:	00812a03          	lw	s4,8(sp)
    d838:	00048513          	mv	a0,s1
    d83c:	01412483          	lw	s1,20(sp)
    d840:	02010113          	add	sp,sp,32
    d844:	fe4fb06f          	j	9028 <_free_r>

0000d848 <_reclaim_reent>:
    d848:	1a41a783          	lw	a5,420(gp) # 200009a4 <_impure_ptr>
    d84c:	10a78a63          	beq	a5,a0,d960 <_reclaim_reent+0x118>
    d850:	04c52583          	lw	a1,76(a0)
    d854:	fe010113          	add	sp,sp,-32
    d858:	00912a23          	sw	s1,20(sp)
    d85c:	00112e23          	sw	ra,28(sp)
    d860:	00812c23          	sw	s0,24(sp)
    d864:	01212823          	sw	s2,16(sp)
    d868:	01312623          	sw	s3,12(sp)
    d86c:	00050493          	mv	s1,a0
    d870:	04058063          	beqz	a1,d8b0 <_reclaim_reent+0x68>
    d874:	00000913          	li	s2,0
    d878:	08000993          	li	s3,128
    d87c:	012587b3          	add	a5,a1,s2
    d880:	0007a403          	lw	s0,0(a5)
    d884:	00040e63          	beqz	s0,d8a0 <_reclaim_reent+0x58>
    d888:	00040593          	mv	a1,s0
    d88c:	00042403          	lw	s0,0(s0)
    d890:	00048513          	mv	a0,s1
    d894:	f94fb0ef          	jal	9028 <_free_r>
    d898:	fe0418e3          	bnez	s0,d888 <_reclaim_reent+0x40>
    d89c:	04c4a583          	lw	a1,76(s1)
    d8a0:	00490913          	add	s2,s2,4
    d8a4:	fd391ce3          	bne	s2,s3,d87c <_reclaim_reent+0x34>
    d8a8:	00048513          	mv	a0,s1
    d8ac:	f7cfb0ef          	jal	9028 <_free_r>
    d8b0:	0404a583          	lw	a1,64(s1)
    d8b4:	00058663          	beqz	a1,d8c0 <_reclaim_reent+0x78>
    d8b8:	00048513          	mv	a0,s1
    d8bc:	f6cfb0ef          	jal	9028 <_free_r>
    d8c0:	1484a403          	lw	s0,328(s1)
    d8c4:	02040063          	beqz	s0,d8e4 <_reclaim_reent+0x9c>
    d8c8:	14c48913          	add	s2,s1,332
    d8cc:	01240c63          	beq	s0,s2,d8e4 <_reclaim_reent+0x9c>
    d8d0:	00040593          	mv	a1,s0
    d8d4:	00042403          	lw	s0,0(s0)
    d8d8:	00048513          	mv	a0,s1
    d8dc:	f4cfb0ef          	jal	9028 <_free_r>
    d8e0:	fe8918e3          	bne	s2,s0,d8d0 <_reclaim_reent+0x88>
    d8e4:	0544a583          	lw	a1,84(s1)
    d8e8:	00058663          	beqz	a1,d8f4 <_reclaim_reent+0xac>
    d8ec:	00048513          	mv	a0,s1
    d8f0:	f38fb0ef          	jal	9028 <_free_r>
    d8f4:	0384a783          	lw	a5,56(s1)
    d8f8:	04078663          	beqz	a5,d944 <_reclaim_reent+0xfc>
    d8fc:	03c4a783          	lw	a5,60(s1)
    d900:	00048513          	mv	a0,s1
    d904:	000780e7          	jalr	a5
    d908:	2e04a403          	lw	s0,736(s1)
    d90c:	02040c63          	beqz	s0,d944 <_reclaim_reent+0xfc>
    d910:	00042583          	lw	a1,0(s0)
    d914:	00058663          	beqz	a1,d920 <_reclaim_reent+0xd8>
    d918:	00048513          	mv	a0,s1
    d91c:	e99ff0ef          	jal	d7b4 <cleanup_glue>
    d920:	00040593          	mv	a1,s0
    d924:	01812403          	lw	s0,24(sp)
    d928:	01c12083          	lw	ra,28(sp)
    d92c:	01012903          	lw	s2,16(sp)
    d930:	00c12983          	lw	s3,12(sp)
    d934:	00048513          	mv	a0,s1
    d938:	01412483          	lw	s1,20(sp)
    d93c:	02010113          	add	sp,sp,32
    d940:	ee8fb06f          	j	9028 <_free_r>
    d944:	01c12083          	lw	ra,28(sp)
    d948:	01812403          	lw	s0,24(sp)
    d94c:	01412483          	lw	s1,20(sp)
    d950:	01012903          	lw	s2,16(sp)
    d954:	00c12983          	lw	s3,12(sp)
    d958:	02010113          	add	sp,sp,32
    d95c:	00008067          	ret
    d960:	00008067          	ret

0000d964 <frexp>:
    d964:	ff010113          	add	sp,sp,-16
    d968:	00912223          	sw	s1,4(sp)
    d96c:	800004b7          	lui	s1,0x80000
    d970:	00812423          	sw	s0,8(sp)
    d974:	00112623          	sw	ra,12(sp)
    d978:	fff4c493          	not	s1,s1
    d97c:	00060413          	mv	s0,a2
    d980:	00062023          	sw	zero,0(a2)
    d984:	00b4f6b3          	and	a3,s1,a1
    d988:	7ff00637          	lui	a2,0x7ff00
    d98c:	00058793          	mv	a5,a1
    d990:	00050713          	mv	a4,a0
    d994:	02c6fe63          	bgeu	a3,a2,d9d0 <frexp+0x6c>
    d998:	00a6e8b3          	or	a7,a3,a0
    d99c:	02088a63          	beqz	a7,d9d0 <frexp+0x6c>
    d9a0:	00c5f833          	and	a6,a1,a2
    d9a4:	04080463          	beqz	a6,d9ec <frexp+0x88>
    d9a8:	00000593          	li	a1,0
    d9ac:	4146d693          	sra	a3,a3,0x14
    d9b0:	80100637          	lui	a2,0x80100
    d9b4:	fff60613          	add	a2,a2,-1 # 800fffff <_stack_top+0x5fffffff>
    d9b8:	c0268693          	add	a3,a3,-1022
    d9bc:	00c7f7b3          	and	a5,a5,a2
    d9c0:	00b686b3          	add	a3,a3,a1
    d9c4:	3fe00637          	lui	a2,0x3fe00
    d9c8:	00c7e7b3          	or	a5,a5,a2
    d9cc:	00d42023          	sw	a3,0(s0)
    d9d0:	00c12083          	lw	ra,12(sp)
    d9d4:	00812403          	lw	s0,8(sp)
    d9d8:	00412483          	lw	s1,4(sp)
    d9dc:	00070513          	mv	a0,a4
    d9e0:	00078593          	mv	a1,a5
    d9e4:	01010113          	add	sp,sp,16
    d9e8:	00008067          	ret
    d9ec:	000167b7          	lui	a5,0x16
    d9f0:	f8c7a683          	lw	a3,-116(a5) # 15f8c <_global_impure_ptr+0x1c>
    d9f4:	f887a603          	lw	a2,-120(a5)
    d9f8:	c68f30ef          	jal	e60 <__muldf3>
    d9fc:	00058793          	mv	a5,a1
    da00:	00b4f6b3          	and	a3,s1,a1
    da04:	00050713          	mv	a4,a0
    da08:	fca00593          	li	a1,-54
    da0c:	fa1ff06f          	j	d9ac <frexp+0x48>

0000da10 <_sprintf_r>:
    da10:	f6010113          	add	sp,sp,-160
    da14:	08c10e93          	add	t4,sp,140
    da18:	08f12a23          	sw	a5,148(sp)
    da1c:	80000337          	lui	t1,0x80000
    da20:	ffff07b7          	lui	a5,0xffff0
    da24:	00058e13          	mv	t3,a1
    da28:	fff34313          	not	t1,t1
    da2c:	08d12623          	sw	a3,140(sp)
    da30:	20878793          	add	a5,a5,520 # ffff0208 <_stack_top+0xdfef0208>
    da34:	00810593          	add	a1,sp,8
    da38:	000e8693          	mv	a3,t4
    da3c:	06112e23          	sw	ra,124(sp)
    da40:	00f12a23          	sw	a5,20(sp)
    da44:	08e12823          	sw	a4,144(sp)
    da48:	09012c23          	sw	a6,152(sp)
    da4c:	09112e23          	sw	a7,156(sp)
    da50:	01c12423          	sw	t3,8(sp)
    da54:	01c12c23          	sw	t3,24(sp)
    da58:	00612823          	sw	t1,16(sp)
    da5c:	00612e23          	sw	t1,28(sp)
    da60:	01d12223          	sw	t4,4(sp)
    da64:	334000ef          	jal	dd98 <_svfprintf_r>
    da68:	00812783          	lw	a5,8(sp)
    da6c:	00078023          	sb	zero,0(a5)
    da70:	07c12083          	lw	ra,124(sp)
    da74:	0a010113          	add	sp,sp,160
    da78:	00008067          	ret

0000da7c <sprintf>:
    da7c:	00050e13          	mv	t3,a0
    da80:	f6010113          	add	sp,sp,-160
    da84:	1a41a503          	lw	a0,420(gp) # 200009a4 <_impure_ptr>
    da88:	08810e93          	add	t4,sp,136
    da8c:	08f12a23          	sw	a5,148(sp)
    da90:	80000337          	lui	t1,0x80000
    da94:	ffff07b7          	lui	a5,0xffff0
    da98:	fff34313          	not	t1,t1
    da9c:	08c12423          	sw	a2,136(sp)
    daa0:	08d12623          	sw	a3,140(sp)
    daa4:	20878793          	add	a5,a5,520 # ffff0208 <_stack_top+0xdfef0208>
    daa8:	00058613          	mv	a2,a1
    daac:	000e8693          	mv	a3,t4
    dab0:	00810593          	add	a1,sp,8
    dab4:	06112e23          	sw	ra,124(sp)
    dab8:	00f12a23          	sw	a5,20(sp)
    dabc:	08e12823          	sw	a4,144(sp)
    dac0:	09012c23          	sw	a6,152(sp)
    dac4:	09112e23          	sw	a7,156(sp)
    dac8:	01c12423          	sw	t3,8(sp)
    dacc:	01c12c23          	sw	t3,24(sp)
    dad0:	00612823          	sw	t1,16(sp)
    dad4:	00612e23          	sw	t1,28(sp)
    dad8:	01d12223          	sw	t4,4(sp)
    dadc:	2bc000ef          	jal	dd98 <_svfprintf_r>
    dae0:	00812783          	lw	a5,8(sp)
    dae4:	00078023          	sb	zero,0(a5)
    dae8:	07c12083          	lw	ra,124(sp)
    daec:	0a010113          	add	sp,sp,160
    daf0:	00008067          	ret

0000daf4 <__sread>:
    daf4:	ff010113          	add	sp,sp,-16
    daf8:	00812423          	sw	s0,8(sp)
    dafc:	00058413          	mv	s0,a1
    db00:	00e59583          	lh	a1,14(a1)
    db04:	00112623          	sw	ra,12(sp)
    db08:	719040ef          	jal	12a20 <_read_r>
    db0c:	02054063          	bltz	a0,db2c <__sread+0x38>
    db10:	05042783          	lw	a5,80(s0)
    db14:	00c12083          	lw	ra,12(sp)
    db18:	00a787b3          	add	a5,a5,a0
    db1c:	04f42823          	sw	a5,80(s0)
    db20:	00812403          	lw	s0,8(sp)
    db24:	01010113          	add	sp,sp,16
    db28:	00008067          	ret
    db2c:	00c45783          	lhu	a5,12(s0)
    db30:	fffff737          	lui	a4,0xfffff
    db34:	fff70713          	add	a4,a4,-1 # ffffefff <_stack_top+0xdfefefff>
    db38:	00e7f7b3          	and	a5,a5,a4
    db3c:	00c12083          	lw	ra,12(sp)
    db40:	00f41623          	sh	a5,12(s0)
    db44:	00812403          	lw	s0,8(sp)
    db48:	01010113          	add	sp,sp,16
    db4c:	00008067          	ret

0000db50 <__seofread>:
    db50:	00000513          	li	a0,0
    db54:	00008067          	ret

0000db58 <__swrite>:
    db58:	00c59783          	lh	a5,12(a1)
    db5c:	fe010113          	add	sp,sp,-32
    db60:	00812c23          	sw	s0,24(sp)
    db64:	00912a23          	sw	s1,20(sp)
    db68:	01212823          	sw	s2,16(sp)
    db6c:	01312623          	sw	s3,12(sp)
    db70:	00112e23          	sw	ra,28(sp)
    db74:	1007f713          	and	a4,a5,256
    db78:	00058413          	mv	s0,a1
    db7c:	00050493          	mv	s1,a0
    db80:	00060913          	mv	s2,a2
    db84:	00068993          	mv	s3,a3
    db88:	04071063          	bnez	a4,dbc8 <__swrite+0x70>
    db8c:	fffff737          	lui	a4,0xfffff
    db90:	fff70713          	add	a4,a4,-1 # ffffefff <_stack_top+0xdfefefff>
    db94:	00e7f7b3          	and	a5,a5,a4
    db98:	00e41583          	lh	a1,14(s0)
    db9c:	00f41623          	sh	a5,12(s0)
    dba0:	01812403          	lw	s0,24(sp)
    dba4:	01c12083          	lw	ra,28(sp)
    dba8:	00098693          	mv	a3,s3
    dbac:	00090613          	mv	a2,s2
    dbb0:	00c12983          	lw	s3,12(sp)
    dbb4:	01012903          	lw	s2,16(sp)
    dbb8:	00048513          	mv	a0,s1
    dbbc:	01412483          	lw	s1,20(sp)
    dbc0:	02010113          	add	sp,sp,32
    dbc4:	06c0406f          	j	11c30 <_write_r>
    dbc8:	00e59583          	lh	a1,14(a1)
    dbcc:	00200693          	li	a3,2
    dbd0:	00000613          	li	a2,0
    dbd4:	321040ef          	jal	126f4 <_lseek_r>
    dbd8:	00c41783          	lh	a5,12(s0)
    dbdc:	fb1ff06f          	j	db8c <__swrite+0x34>

0000dbe0 <__sseek>:
    dbe0:	ff010113          	add	sp,sp,-16
    dbe4:	00812423          	sw	s0,8(sp)
    dbe8:	00058413          	mv	s0,a1
    dbec:	00e59583          	lh	a1,14(a1)
    dbf0:	00112623          	sw	ra,12(sp)
    dbf4:	301040ef          	jal	126f4 <_lseek_r>
    dbf8:	fff00793          	li	a5,-1
    dbfc:	02f50863          	beq	a0,a5,dc2c <__sseek+0x4c>
    dc00:	00c45783          	lhu	a5,12(s0)
    dc04:	00001737          	lui	a4,0x1
    dc08:	00c12083          	lw	ra,12(sp)
    dc0c:	00e7e7b3          	or	a5,a5,a4
    dc10:	01079793          	sll	a5,a5,0x10
    dc14:	4107d793          	sra	a5,a5,0x10
    dc18:	04a42823          	sw	a0,80(s0)
    dc1c:	00f41623          	sh	a5,12(s0)
    dc20:	00812403          	lw	s0,8(sp)
    dc24:	01010113          	add	sp,sp,16
    dc28:	00008067          	ret
    dc2c:	00c45783          	lhu	a5,12(s0)
    dc30:	fffff737          	lui	a4,0xfffff
    dc34:	fff70713          	add	a4,a4,-1 # ffffefff <_stack_top+0xdfefefff>
    dc38:	00e7f7b3          	and	a5,a5,a4
    dc3c:	01079793          	sll	a5,a5,0x10
    dc40:	4107d793          	sra	a5,a5,0x10
    dc44:	00c12083          	lw	ra,12(sp)
    dc48:	00f41623          	sh	a5,12(s0)
    dc4c:	00812403          	lw	s0,8(sp)
    dc50:	01010113          	add	sp,sp,16
    dc54:	00008067          	ret

0000dc58 <__sclose>:
    dc58:	00e59583          	lh	a1,14(a1)
    dc5c:	1900406f          	j	11dec <_close_r>

0000dc60 <strlen>:
    dc60:	00357793          	and	a5,a0,3
    dc64:	00050713          	mv	a4,a0
    dc68:	04079c63          	bnez	a5,dcc0 <strlen+0x60>
    dc6c:	7f7f86b7          	lui	a3,0x7f7f8
    dc70:	f7f68693          	add	a3,a3,-129 # 7f7f7f7f <_stack_top+0x5f6f7f7f>
    dc74:	fff00593          	li	a1,-1
    dc78:	00072603          	lw	a2,0(a4)
    dc7c:	00470713          	add	a4,a4,4
    dc80:	00d677b3          	and	a5,a2,a3
    dc84:	00d787b3          	add	a5,a5,a3
    dc88:	00c7e7b3          	or	a5,a5,a2
    dc8c:	00d7e7b3          	or	a5,a5,a3
    dc90:	feb784e3          	beq	a5,a1,dc78 <strlen+0x18>
    dc94:	ffc74683          	lbu	a3,-4(a4)
    dc98:	40a707b3          	sub	a5,a4,a0
    dc9c:	04068463          	beqz	a3,dce4 <strlen+0x84>
    dca0:	ffd74683          	lbu	a3,-3(a4)
    dca4:	02068c63          	beqz	a3,dcdc <strlen+0x7c>
    dca8:	ffe74503          	lbu	a0,-2(a4)
    dcac:	00a03533          	snez	a0,a0
    dcb0:	00f50533          	add	a0,a0,a5
    dcb4:	ffe50513          	add	a0,a0,-2
    dcb8:	00008067          	ret
    dcbc:	fa0688e3          	beqz	a3,dc6c <strlen+0xc>
    dcc0:	00074783          	lbu	a5,0(a4)
    dcc4:	00170713          	add	a4,a4,1
    dcc8:	00377693          	and	a3,a4,3
    dccc:	fe0798e3          	bnez	a5,dcbc <strlen+0x5c>
    dcd0:	40a70733          	sub	a4,a4,a0
    dcd4:	fff70513          	add	a0,a4,-1
    dcd8:	00008067          	ret
    dcdc:	ffd78513          	add	a0,a5,-3
    dce0:	00008067          	ret
    dce4:	ffc78513          	add	a0,a5,-4
    dce8:	00008067          	ret

0000dcec <strncpy>:
    dcec:	00b567b3          	or	a5,a0,a1
    dcf0:	0037f793          	and	a5,a5,3
    dcf4:	00050713          	mv	a4,a0
    dcf8:	06079a63          	bnez	a5,dd6c <strncpy+0x80>
    dcfc:	00300793          	li	a5,3
    dd00:	06c7f663          	bgeu	a5,a2,dd6c <strncpy+0x80>
    dd04:	feff0337          	lui	t1,0xfeff0
    dd08:	808088b7          	lui	a7,0x80808
    dd0c:	eff30313          	add	t1,t1,-257 # fefefeff <_stack_top+0xdeeefeff>
    dd10:	08088893          	add	a7,a7,128 # 80808080 <_stack_top+0x60708080>
    dd14:	00300e13          	li	t3,3
    dd18:	0180006f          	j	dd30 <strncpy+0x44>
    dd1c:	00d72023          	sw	a3,0(a4)
    dd20:	ffc60613          	add	a2,a2,-4 # 3fdffffc <_stack_top+0x1fcffffc>
    dd24:	00470713          	add	a4,a4,4
    dd28:	00458593          	add	a1,a1,4
    dd2c:	04ce7063          	bgeu	t3,a2,dd6c <strncpy+0x80>
    dd30:	0005a683          	lw	a3,0(a1)
    dd34:	006687b3          	add	a5,a3,t1
    dd38:	fff6c813          	not	a6,a3
    dd3c:	0107f7b3          	and	a5,a5,a6
    dd40:	0117f7b3          	and	a5,a5,a7
    dd44:	fc078ce3          	beqz	a5,dd1c <strncpy+0x30>
    dd48:	00158593          	add	a1,a1,1
    dd4c:	00170793          	add	a5,a4,1
    dd50:	02060463          	beqz	a2,dd78 <strncpy+0x8c>
    dd54:	fff5c683          	lbu	a3,-1(a1)
    dd58:	fff60813          	add	a6,a2,-1
    dd5c:	fed78fa3          	sb	a3,-1(a5)
    dd60:	00068e63          	beqz	a3,dd7c <strncpy+0x90>
    dd64:	00078713          	mv	a4,a5
    dd68:	00080613          	mv	a2,a6
    dd6c:	00158593          	add	a1,a1,1
    dd70:	00170793          	add	a5,a4,1
    dd74:	fe0610e3          	bnez	a2,dd54 <strncpy+0x68>
    dd78:	00008067          	ret
    dd7c:	00c70733          	add	a4,a4,a2
    dd80:	00080a63          	beqz	a6,dd94 <strncpy+0xa8>
    dd84:	00178793          	add	a5,a5,1
    dd88:	fe078fa3          	sb	zero,-1(a5)
    dd8c:	fee79ce3          	bne	a5,a4,dd84 <strncpy+0x98>
    dd90:	00008067          	ret
    dd94:	00008067          	ret

0000dd98 <_svfprintf_r>:
    dd98:	e1010113          	add	sp,sp,-496
    dd9c:	1e112623          	sw	ra,492(sp)
    dda0:	1e812423          	sw	s0,488(sp)
    dda4:	00b12423          	sw	a1,8(sp)
    dda8:	00058413          	mv	s0,a1
    ddac:	00c12623          	sw	a2,12(sp)
    ddb0:	00d12c23          	sw	a3,24(sp)
    ddb4:	1e912223          	sw	s1,484(sp)
    ddb8:	1f212023          	sw	s2,480(sp)
    ddbc:	1d312e23          	sw	s3,476(sp)
    ddc0:	1d412c23          	sw	s4,472(sp)
    ddc4:	1d512a23          	sw	s5,468(sp)
    ddc8:	1d612823          	sw	s6,464(sp)
    ddcc:	1d712623          	sw	s7,460(sp)
    ddd0:	1d812423          	sw	s8,456(sp)
    ddd4:	1d912223          	sw	s9,452(sp)
    ddd8:	1da12023          	sw	s10,448(sp)
    dddc:	1bb12e23          	sw	s11,444(sp)
    dde0:	02a12823          	sw	a0,48(sp)
    dde4:	b20fe0ef          	jal	c104 <_localeconv_r>
    dde8:	00052783          	lw	a5,0(a0)
    ddec:	00078513          	mv	a0,a5
    ddf0:	02f12c23          	sw	a5,56(sp)
    ddf4:	e6dff0ef          	jal	dc60 <strlen>
    ddf8:	00c45783          	lhu	a5,12(s0)
    ddfc:	0e012823          	sw	zero,240(sp)
    de00:	0e012a23          	sw	zero,244(sp)
    de04:	0e012c23          	sw	zero,248(sp)
    de08:	0e012e23          	sw	zero,252(sp)
    de0c:	0807f793          	and	a5,a5,128
    de10:	02a12a23          	sw	a0,52(sp)
    de14:	00c12283          	lw	t0,12(sp)
    de18:	00078863          	beqz	a5,de28 <_svfprintf_r+0x90>
    de1c:	01042783          	lw	a5,16(s0)
    de20:	00079463          	bnez	a5,de28 <_svfprintf_r+0x90>
    de24:	3ec0106f          	j	f210 <_svfprintf_r+0x1478>
    de28:	000167b7          	lui	a5,0x16
    de2c:	8e878793          	add	a5,a5,-1816 # 158e8 <__mprec_tens+0xc8>
    de30:	00f12e23          	sw	a5,28(sp)
    de34:	000167b7          	lui	a5,0x16
    de38:	aec78793          	add	a5,a5,-1300 # 15aec <zeroes.0>
    de3c:	00028c13          	mv	s8,t0
    de40:	00f12623          	sw	a5,12(sp)
    de44:	000c4783          	lbu	a5,0(s8)
    de48:	10c10b13          	add	s6,sp,268
    de4c:	0f612223          	sw	s6,228(sp)
    de50:	0e012623          	sw	zero,236(sp)
    de54:	0e012423          	sw	zero,232(sp)
    de58:	02012223          	sw	zero,36(sp)
    de5c:	02012e23          	sw	zero,60(sp)
    de60:	04012223          	sw	zero,68(sp)
    de64:	04012023          	sw	zero,64(sp)
    de68:	04012623          	sw	zero,76(sp)
    de6c:	04012423          	sw	zero,72(sp)
    de70:	00012823          	sw	zero,16(sp)
    de74:	03012983          	lw	s3,48(sp)
    de78:	000b0413          	mv	s0,s6
    de7c:	22078463          	beqz	a5,e0a4 <_svfprintf_r+0x30c>
    de80:	000c0493          	mv	s1,s8
    de84:	02500713          	li	a4,37
    de88:	3ce78e63          	beq	a5,a4,e264 <_svfprintf_r+0x4cc>
    de8c:	0014c783          	lbu	a5,1(s1) # 80000001 <_stack_top+0x5ff00001>
    de90:	00148493          	add	s1,s1,1
    de94:	fe079ae3          	bnez	a5,de88 <_svfprintf_r+0xf0>
    de98:	41848933          	sub	s2,s1,s8
    de9c:	21848463          	beq	s1,s8,e0a4 <_svfprintf_r+0x30c>
    dea0:	0ec12703          	lw	a4,236(sp)
    dea4:	0e812783          	lw	a5,232(sp)
    dea8:	01842023          	sw	s8,0(s0)
    deac:	01270733          	add	a4,a4,s2
    deb0:	00178793          	add	a5,a5,1
    deb4:	01242223          	sw	s2,4(s0)
    deb8:	0ee12623          	sw	a4,236(sp)
    debc:	0ef12423          	sw	a5,232(sp)
    dec0:	00700713          	li	a4,7
    dec4:	00840413          	add	s0,s0,8
    dec8:	3af74663          	blt	a4,a5,e274 <_svfprintf_r+0x4dc>
    decc:	01012703          	lw	a4,16(sp)
    ded0:	0004c783          	lbu	a5,0(s1)
    ded4:	01270733          	add	a4,a4,s2
    ded8:	00e12823          	sw	a4,16(sp)
    dedc:	1c078463          	beqz	a5,e0a4 <_svfprintf_r+0x30c>
    dee0:	0014c883          	lbu	a7,1(s1)
    dee4:	0c0103a3          	sb	zero,199(sp)
    dee8:	00148493          	add	s1,s1,1
    deec:	fff00913          	li	s2,-1
    def0:	00000a13          	li	s4,0
    def4:	00000b93          	li	s7,0
    def8:	05a00c93          	li	s9,90
    defc:	00148493          	add	s1,s1,1
    df00:	fe088793          	add	a5,a7,-32
    df04:	04fce663          	bltu	s9,a5,df50 <_svfprintf_r+0x1b8>
    df08:	01c12703          	lw	a4,28(sp)
    df0c:	00279793          	sll	a5,a5,0x2
    df10:	00e787b3          	add	a5,a5,a4
    df14:	0007a783          	lw	a5,0(a5)
    df18:	00078067          	jr	a5
    df1c:	00000a13          	li	s4,0
    df20:	fd088793          	add	a5,a7,-48
    df24:	00900693          	li	a3,9
    df28:	0004c883          	lbu	a7,0(s1)
    df2c:	002a1713          	sll	a4,s4,0x2
    df30:	01470a33          	add	s4,a4,s4
    df34:	001a1a13          	sll	s4,s4,0x1
    df38:	01478a33          	add	s4,a5,s4
    df3c:	fd088793          	add	a5,a7,-48
    df40:	00148493          	add	s1,s1,1
    df44:	fef6f2e3          	bgeu	a3,a5,df28 <_svfprintf_r+0x190>
    df48:	fe088793          	add	a5,a7,-32
    df4c:	fafcfee3          	bgeu	s9,a5,df08 <_svfprintf_r+0x170>
    df50:	14088a63          	beqz	a7,e0a4 <_svfprintf_r+0x30c>
    df54:	15110623          	sb	a7,332(sp)
    df58:	0c0103a3          	sb	zero,199(sp)
    df5c:	00100c93          	li	s9,1
    df60:	00100d13          	li	s10,1
    df64:	14c10c13          	add	s8,sp,332
    df68:	00012a23          	sw	zero,20(sp)
    df6c:	00000913          	li	s2,0
    df70:	02012423          	sw	zero,40(sp)
    df74:	02012623          	sw	zero,44(sp)
    df78:	02012023          	sw	zero,32(sp)
    df7c:	002bff93          	and	t6,s7,2
    df80:	000f8463          	beqz	t6,df88 <_svfprintf_r+0x1f0>
    df84:	002c8c93          	add	s9,s9,2
    df88:	084bfd93          	and	s11,s7,132
    df8c:	000d9663          	bnez	s11,df98 <_svfprintf_r+0x200>
    df90:	419a0733          	sub	a4,s4,s9
    df94:	40e048e3          	bgtz	a4,eba4 <_svfprintf_r+0xe0c>
    df98:	0c714703          	lbu	a4,199(sp)
    df9c:	02070c63          	beqz	a4,dfd4 <_svfprintf_r+0x23c>
    dfa0:	0ec12603          	lw	a2,236(sp)
    dfa4:	0e812703          	lw	a4,232(sp)
    dfa8:	0c710593          	add	a1,sp,199
    dfac:	00160613          	add	a2,a2,1
    dfb0:	00b42023          	sw	a1,0(s0)
    dfb4:	00170713          	add	a4,a4,1
    dfb8:	00100593          	li	a1,1
    dfbc:	00b42223          	sw	a1,4(s0)
    dfc0:	0ec12623          	sw	a2,236(sp)
    dfc4:	0ee12423          	sw	a4,232(sp)
    dfc8:	00700613          	li	a2,7
    dfcc:	00840413          	add	s0,s0,8
    dfd0:	3ce64463          	blt	a2,a4,e398 <_svfprintf_r+0x600>
    dfd4:	020f8c63          	beqz	t6,e00c <_svfprintf_r+0x274>
    dfd8:	0ec12603          	lw	a2,236(sp)
    dfdc:	0e812703          	lw	a4,232(sp)
    dfe0:	0c810793          	add	a5,sp,200
    dfe4:	00260613          	add	a2,a2,2
    dfe8:	00170713          	add	a4,a4,1
    dfec:	00200593          	li	a1,2
    dff0:	00f42023          	sw	a5,0(s0)
    dff4:	00b42223          	sw	a1,4(s0)
    dff8:	0ec12623          	sw	a2,236(sp)
    dffc:	0ee12423          	sw	a4,232(sp)
    e000:	00700613          	li	a2,7
    e004:	00840413          	add	s0,s0,8
    e008:	4ae640e3          	blt	a2,a4,eca8 <_svfprintf_r+0xf10>
    e00c:	08000713          	li	a4,128
    e010:	18ed88e3          	beq	s11,a4,e9a0 <_svfprintf_r+0xc08>
    e014:	41a90933          	sub	s2,s2,s10
    e018:	27204ce3          	bgtz	s2,ea90 <_svfprintf_r+0xcf8>
    e01c:	100bf713          	and	a4,s7,256
    e020:	7e071663          	bnez	a4,e80c <_svfprintf_r+0xa74>
    e024:	0ec12703          	lw	a4,236(sp)
    e028:	0e812603          	lw	a2,232(sp)
    e02c:	01842023          	sw	s8,0(s0)
    e030:	00ed0733          	add	a4,s10,a4
    e034:	00160613          	add	a2,a2,1
    e038:	01a42223          	sw	s10,4(s0)
    e03c:	0ee12623          	sw	a4,236(sp)
    e040:	0ec12423          	sw	a2,232(sp)
    e044:	00700593          	li	a1,7
    e048:	48c5c063          	blt	a1,a2,e4c8 <_svfprintf_r+0x730>
    e04c:	00840413          	add	s0,s0,8
    e050:	004bf793          	and	a5,s7,4
    e054:	00078663          	beqz	a5,e060 <_svfprintf_r+0x2c8>
    e058:	419a0933          	sub	s2,s4,s9
    e05c:	472048e3          	bgtz	s2,eccc <_svfprintf_r+0xf34>
    e060:	000a0313          	mv	t1,s4
    e064:	019a5463          	bge	s4,s9,e06c <_svfprintf_r+0x2d4>
    e068:	000c8313          	mv	t1,s9
    e06c:	01012783          	lw	a5,16(sp)
    e070:	006787b3          	add	a5,a5,t1
    e074:	00f12823          	sw	a5,16(sp)
    e078:	2e071ce3          	bnez	a4,eb70 <_svfprintf_r+0xdd8>
    e07c:	01412783          	lw	a5,20(sp)
    e080:	0e012423          	sw	zero,232(sp)
    e084:	00078863          	beqz	a5,e094 <_svfprintf_r+0x2fc>
    e088:	01412583          	lw	a1,20(sp)
    e08c:	00098513          	mv	a0,s3
    e090:	f99fa0ef          	jal	9028 <_free_r>
    e094:	000b0413          	mv	s0,s6
    e098:	00048c13          	mv	s8,s1
    e09c:	000c4783          	lbu	a5,0(s8)
    e0a0:	de0790e3          	bnez	a5,de80 <_svfprintf_r+0xe8>
    e0a4:	0ec12783          	lw	a5,236(sp)
    e0a8:	00078463          	beqz	a5,e0b0 <_svfprintf_r+0x318>
    e0ac:	3e90106f          	j	fc94 <_svfprintf_r+0x1efc>
    e0b0:	00812783          	lw	a5,8(sp)
    e0b4:	00c7d783          	lhu	a5,12(a5)
    e0b8:	0407f793          	and	a5,a5,64
    e0bc:	00078463          	beqz	a5,e0c4 <_svfprintf_r+0x32c>
    e0c0:	4a00206f          	j	10560 <_svfprintf_r+0x27c8>
    e0c4:	1ec12083          	lw	ra,492(sp)
    e0c8:	1e812403          	lw	s0,488(sp)
    e0cc:	01012503          	lw	a0,16(sp)
    e0d0:	1e412483          	lw	s1,484(sp)
    e0d4:	1e012903          	lw	s2,480(sp)
    e0d8:	1dc12983          	lw	s3,476(sp)
    e0dc:	1d812a03          	lw	s4,472(sp)
    e0e0:	1d412a83          	lw	s5,468(sp)
    e0e4:	1d012b03          	lw	s6,464(sp)
    e0e8:	1cc12b83          	lw	s7,460(sp)
    e0ec:	1c812c03          	lw	s8,456(sp)
    e0f0:	1c412c83          	lw	s9,452(sp)
    e0f4:	1c012d03          	lw	s10,448(sp)
    e0f8:	1bc12d83          	lw	s11,444(sp)
    e0fc:	1f010113          	add	sp,sp,496
    e100:	00008067          	ret
    e104:	00098513          	mv	a0,s3
    e108:	ffdfd0ef          	jal	c104 <_localeconv_r>
    e10c:	00452783          	lw	a5,4(a0)
    e110:	00078513          	mv	a0,a5
    e114:	04f12423          	sw	a5,72(sp)
    e118:	b49ff0ef          	jal	dc60 <strlen>
    e11c:	00050793          	mv	a5,a0
    e120:	00098513          	mv	a0,s3
    e124:	00078a93          	mv	s5,a5
    e128:	04f12623          	sw	a5,76(sp)
    e12c:	fd9fd0ef          	jal	c104 <_localeconv_r>
    e130:	00852703          	lw	a4,8(a0)
    e134:	04e12023          	sw	a4,64(sp)
    e138:	000a8463          	beqz	s5,e140 <_svfprintf_r+0x3a8>
    e13c:	7d90006f          	j	f114 <_svfprintf_r+0x137c>
    e140:	0004c883          	lbu	a7,0(s1)
    e144:	db9ff06f          	j	defc <_svfprintf_r+0x164>
    e148:	0004c883          	lbu	a7,0(s1)
    e14c:	020beb93          	or	s7,s7,32
    e150:	dadff06f          	j	defc <_svfprintf_r+0x164>
    e154:	010beb93          	or	s7,s7,16
    e158:	020bf713          	and	a4,s7,32
    e15c:	3a070e63          	beqz	a4,e518 <_svfprintf_r+0x780>
    e160:	01812783          	lw	a5,24(sp)
    e164:	00778a93          	add	s5,a5,7
    e168:	ff8afa93          	and	s5,s5,-8
    e16c:	004aa703          	lw	a4,4(s5)
    e170:	000aac83          	lw	s9,0(s5)
    e174:	008a8793          	add	a5,s5,8
    e178:	00f12c23          	sw	a5,24(sp)
    e17c:	00070d13          	mv	s10,a4
    e180:	3c074663          	bltz	a4,e54c <_svfprintf_r+0x7b4>
    e184:	fff00713          	li	a4,-1
    e188:	000b8d93          	mv	s11,s7
    e18c:	00e90a63          	beq	s2,a4,e1a0 <_svfprintf_r+0x408>
    e190:	01ace733          	or	a4,s9,s10
    e194:	f7fbfd93          	and	s11,s7,-129
    e198:	00071463          	bnez	a4,e1a0 <_svfprintf_r+0x408>
    e19c:	7ad0006f          	j	f148 <_svfprintf_r+0x13b0>
    e1a0:	000d0463          	beqz	s10,e1a8 <_svfprintf_r+0x410>
    e1a4:	36c0106f          	j	f510 <_svfprintf_r+0x1778>
    e1a8:	00900793          	li	a5,9
    e1ac:	0197f463          	bgeu	a5,s9,e1b4 <_svfprintf_r+0x41c>
    e1b0:	3600106f          	j	f510 <_svfprintf_r+0x1778>
    e1b4:	030c8c93          	add	s9,s9,48
    e1b8:	1b9107a3          	sb	s9,431(sp)
    e1bc:	000d8b93          	mv	s7,s11
    e1c0:	00100d13          	li	s10,1
    e1c4:	1af10c13          	add	s8,sp,431
    e1c8:	0c714703          	lbu	a4,199(sp)
    e1cc:	000d0c93          	mv	s9,s10
    e1d0:	012d5463          	bge	s10,s2,e1d8 <_svfprintf_r+0x440>
    e1d4:	00090c93          	mv	s9,s2
    e1d8:	00012a23          	sw	zero,20(sp)
    e1dc:	02012423          	sw	zero,40(sp)
    e1e0:	02012623          	sw	zero,44(sp)
    e1e4:	02012023          	sw	zero,32(sp)
    e1e8:	d8070ae3          	beqz	a4,df7c <_svfprintf_r+0x1e4>
    e1ec:	001c8c93          	add	s9,s9,1
    e1f0:	d8dff06f          	j	df7c <_svfprintf_r+0x1e4>
    e1f4:	010beb93          	or	s7,s7,16
    e1f8:	020bf713          	and	a4,s7,32
    e1fc:	2e070663          	beqz	a4,e4e8 <_svfprintf_r+0x750>
    e200:	01812783          	lw	a5,24(sp)
    e204:	00778a93          	add	s5,a5,7
    e208:	ff8afa93          	and	s5,s5,-8
    e20c:	000aac83          	lw	s9,0(s5)
    e210:	004aad03          	lw	s10,4(s5)
    e214:	008a8793          	add	a5,s5,8
    e218:	00f12c23          	sw	a5,24(sp)
    e21c:	bffbfd93          	and	s11,s7,-1025
    e220:	00000693          	li	a3,0
    e224:	00000793          	li	a5,0
    e228:	0cf103a3          	sb	a5,199(sp)
    e22c:	fff00793          	li	a5,-1
    e230:	34f90263          	beq	s2,a5,e574 <_svfprintf_r+0x7dc>
    e234:	01ace733          	or	a4,s9,s10
    e238:	f7fdfb93          	and	s7,s11,-129
    e23c:	160710e3          	bnez	a4,eb9c <_svfprintf_r+0xe04>
    e240:	70091263          	bnez	s2,e944 <_svfprintf_r+0xbac>
    e244:	5e0696e3          	bnez	a3,f030 <_svfprintf_r+0x1298>
    e248:	001dfd13          	and	s10,s11,1
    e24c:	1b010c13          	add	s8,sp,432
    e250:	f60d0ce3          	beqz	s10,e1c8 <_svfprintf_r+0x430>
    e254:	03000713          	li	a4,48
    e258:	1ae107a3          	sb	a4,431(sp)
    e25c:	1af10c13          	add	s8,sp,431
    e260:	f69ff06f          	j	e1c8 <_svfprintf_r+0x430>
    e264:	41848933          	sub	s2,s1,s8
    e268:	c3849ce3          	bne	s1,s8,dea0 <_svfprintf_r+0x108>
    e26c:	0004c783          	lbu	a5,0(s1)
    e270:	c6dff06f          	j	dedc <_svfprintf_r+0x144>
    e274:	00812583          	lw	a1,8(sp)
    e278:	0e410613          	add	a2,sp,228
    e27c:	00098513          	mv	a0,s3
    e280:	565040ef          	jal	12fe4 <__ssprint_r>
    e284:	e20516e3          	bnez	a0,e0b0 <_svfprintf_r+0x318>
    e288:	000b0413          	mv	s0,s6
    e28c:	c41ff06f          	j	decc <_svfprintf_r+0x134>
    e290:	008bf713          	and	a4,s7,8
    e294:	620718e3          	bnez	a4,f0c4 <_svfprintf_r+0x132c>
    e298:	01812783          	lw	a5,24(sp)
    e29c:	0b010513          	add	a0,sp,176
    e2a0:	01112a23          	sw	a7,20(sp)
    e2a4:	00778a93          	add	s5,a5,7
    e2a8:	ff8afa93          	and	s5,s5,-8
    e2ac:	000aa583          	lw	a1,0(s5)
    e2b0:	004aa603          	lw	a2,4(s5)
    e2b4:	008a8793          	add	a5,s5,8
    e2b8:	00f12c23          	sw	a5,24(sp)
    e2bc:	c78f60ef          	jal	4734 <__extenddftf2>
    e2c0:	0b012583          	lw	a1,176(sp)
    e2c4:	0b412603          	lw	a2,180(sp)
    e2c8:	0b812683          	lw	a3,184(sp)
    e2cc:	0bc12703          	lw	a4,188(sp)
    e2d0:	01412883          	lw	a7,20(sp)
    e2d4:	0f010513          	add	a0,sp,240
    e2d8:	01112a23          	sw	a7,20(sp)
    e2dc:	0ee12e23          	sw	a4,252(sp)
    e2e0:	0eb12823          	sw	a1,240(sp)
    e2e4:	0ec12a23          	sw	a2,244(sp)
    e2e8:	0ed12c23          	sw	a3,248(sp)
    e2ec:	d99fd0ef          	jal	c084 <_ldcheck>
    e2f0:	0ca12623          	sw	a0,204(sp)
    e2f4:	00200713          	li	a4,2
    e2f8:	01412883          	lw	a7,20(sp)
    e2fc:	00e51463          	bne	a0,a4,e304 <_svfprintf_r+0x56c>
    e300:	4540106f          	j	f754 <_svfprintf_r+0x19bc>
    e304:	00100713          	li	a4,1
    e308:	00e51463          	bne	a0,a4,e310 <_svfprintf_r+0x578>
    e30c:	5c00106f          	j	f8cc <_svfprintf_r+0x1b34>
    e310:	06100713          	li	a4,97
    e314:	00e89463          	bne	a7,a4,e31c <_svfprintf_r+0x584>
    e318:	6690106f          	j	10180 <_svfprintf_r+0x23e8>
    e31c:	04100713          	li	a4,65
    e320:	00e89463          	bne	a7,a4,e328 <_svfprintf_r+0x590>
    e324:	0600206f          	j	10384 <_svfprintf_r+0x25ec>
    e328:	fff00713          	li	a4,-1
    e32c:	00e91463          	bne	s2,a4,e334 <_svfprintf_r+0x59c>
    e330:	1a90106f          	j	fcd8 <_svfprintf_r+0x1f40>
    e334:	fdf8f713          	and	a4,a7,-33
    e338:	04700693          	li	a3,71
    e33c:	00d71463          	bne	a4,a3,e344 <_svfprintf_r+0x5ac>
    e340:	22c0206f          	j	1056c <_svfprintf_r+0x27d4>
    e344:	0fc12d83          	lw	s11,252(sp)
    e348:	100be793          	or	a5,s7,256
    e34c:	04f12c23          	sw	a5,88(sp)
    e350:	03712623          	sw	s7,44(sp)
    e354:	0f012f03          	lw	t5,240(sp)
    e358:	0f412e83          	lw	t4,244(sp)
    e35c:	0f812e03          	lw	t3,248(sp)
    e360:	000dd463          	bgez	s11,e368 <_svfprintf_r+0x5d0>
    e364:	76d0106f          	j	102d0 <_svfprintf_r+0x2538>
    e368:	06012023          	sw	zero,96(sp)
    e36c:	00012a23          	sw	zero,20(sp)
    e370:	fbf88793          	add	a5,a7,-65
    e374:	02500713          	li	a4,37
    e378:	00f77463          	bgeu	a4,a5,e380 <_svfprintf_r+0x5e8>
    e37c:	6bc0106f          	j	fa38 <_svfprintf_r+0x1ca0>
    e380:	00016737          	lui	a4,0x16
    e384:	00279793          	sll	a5,a5,0x2
    e388:	a5470713          	add	a4,a4,-1452 # 15a54 <__mprec_tens+0x234>
    e38c:	00e787b3          	add	a5,a5,a4
    e390:	0007a783          	lw	a5,0(a5)
    e394:	00078067          	jr	a5
    e398:	00812583          	lw	a1,8(sp)
    e39c:	0e410613          	add	a2,sp,228
    e3a0:	00098513          	mv	a0,s3
    e3a4:	05112a23          	sw	a7,84(sp)
    e3a8:	05f12823          	sw	t6,80(sp)
    e3ac:	439040ef          	jal	12fe4 <__ssprint_r>
    e3b0:	7c051a63          	bnez	a0,eb84 <_svfprintf_r+0xdec>
    e3b4:	05412883          	lw	a7,84(sp)
    e3b8:	05012f83          	lw	t6,80(sp)
    e3bc:	000b0413          	mv	s0,s6
    e3c0:	c15ff06f          	j	dfd4 <_svfprintf_r+0x23c>
    e3c4:	02412783          	lw	a5,36(sp)
    e3c8:	00100593          	li	a1,1
    e3cc:	00840d13          	add	s10,s0,8
    e3d0:	32f5dce3          	bge	a1,a5,ef08 <_svfprintf_r+0x1170>
    e3d4:	0ec12703          	lw	a4,236(sp)
    e3d8:	0e812603          	lw	a2,232(sp)
    e3dc:	00100593          	li	a1,1
    e3e0:	00170713          	add	a4,a4,1
    e3e4:	00160613          	add	a2,a2,1
    e3e8:	00b42223          	sw	a1,4(s0)
    e3ec:	01842023          	sw	s8,0(s0)
    e3f0:	0ee12623          	sw	a4,236(sp)
    e3f4:	0ec12423          	sw	a2,232(sp)
    e3f8:	00700593          	li	a1,7
    e3fc:	44c5c0e3          	blt	a1,a2,f03c <_svfprintf_r+0x12a4>
    e400:	03412783          	lw	a5,52(sp)
    e404:	00160913          	add	s2,a2,1
    e408:	0f212423          	sw	s2,232(sp)
    e40c:	00e78db3          	add	s11,a5,a4
    e410:	03812703          	lw	a4,56(sp)
    e414:	00fd2223          	sw	a5,4(s10)
    e418:	0fb12623          	sw	s11,236(sp)
    e41c:	00ed2023          	sw	a4,0(s10)
    e420:	00700713          	li	a4,7
    e424:	008d0d13          	add	s10,s10,8
    e428:	43274ce3          	blt	a4,s2,f060 <_svfprintf_r+0x12c8>
    e42c:	0f012703          	lw	a4,240(sp)
    e430:	0a010593          	add	a1,sp,160
    e434:	0b010513          	add	a0,sp,176
    e438:	0ae12823          	sw	a4,176(sp)
    e43c:	0f412703          	lw	a4,244(sp)
    e440:	0a012023          	sw	zero,160(sp)
    e444:	0a012223          	sw	zero,164(sp)
    e448:	0ae12a23          	sw	a4,180(sp)
    e44c:	0f812703          	lw	a4,248(sp)
    e450:	0a012423          	sw	zero,168(sp)
    e454:	0a012623          	sw	zero,172(sp)
    e458:	0ae12c23          	sw	a4,184(sp)
    e45c:	0fc12703          	lw	a4,252(sp)
    e460:	0ae12e23          	sw	a4,188(sp)
    e464:	ff9f20ef          	jal	145c <__eqtf2>
    e468:	02412783          	lw	a5,36(sp)
    e46c:	fff78413          	add	s0,a5,-1
    e470:	2e0506e3          	beqz	a0,ef5c <_svfprintf_r+0x11c4>
    e474:	001c0293          	add	t0,s8,1
    e478:	00190913          	add	s2,s2,1
    e47c:	008d8db3          	add	s11,s11,s0
    e480:	005d2023          	sw	t0,0(s10)
    e484:	008d2223          	sw	s0,4(s10)
    e488:	0fb12623          	sw	s11,236(sp)
    e48c:	0f212423          	sw	s2,232(sp)
    e490:	00700713          	li	a4,7
    e494:	008d0d13          	add	s10,s10,8
    e498:	2b2740e3          	blt	a4,s2,ef38 <_svfprintf_r+0x11a0>
    e49c:	04412783          	lw	a5,68(sp)
    e4a0:	0d410593          	add	a1,sp,212
    e4a4:	00190613          	add	a2,s2,1
    e4a8:	01b78733          	add	a4,a5,s11
    e4ac:	00bd2023          	sw	a1,0(s10)
    e4b0:	00fd2223          	sw	a5,4(s10)
    e4b4:	0ee12623          	sw	a4,236(sp)
    e4b8:	0ec12423          	sw	a2,232(sp)
    e4bc:	00700593          	li	a1,7
    e4c0:	008d0413          	add	s0,s10,8
    e4c4:	b8c5d6e3          	bge	a1,a2,e050 <_svfprintf_r+0x2b8>
    e4c8:	00812583          	lw	a1,8(sp)
    e4cc:	0e410613          	add	a2,sp,228
    e4d0:	00098513          	mv	a0,s3
    e4d4:	311040ef          	jal	12fe4 <__ssprint_r>
    e4d8:	6a051663          	bnez	a0,eb84 <_svfprintf_r+0xdec>
    e4dc:	0ec12703          	lw	a4,236(sp)
    e4e0:	000b0413          	mv	s0,s6
    e4e4:	b6dff06f          	j	e050 <_svfprintf_r+0x2b8>
    e4e8:	01812783          	lw	a5,24(sp)
    e4ec:	010bf713          	and	a4,s7,16
    e4f0:	0007ac83          	lw	s9,0(a5)
    e4f4:	00478793          	add	a5,a5,4
    e4f8:	00f12c23          	sw	a5,24(sp)
    e4fc:	3c0710e3          	bnez	a4,f0bc <_svfprintf_r+0x1324>
    e500:	040bf713          	and	a4,s7,64
    e504:	3a0708e3          	beqz	a4,f0b4 <_svfprintf_r+0x131c>
    e508:	010c9c93          	sll	s9,s9,0x10
    e50c:	010cdc93          	srl	s9,s9,0x10
    e510:	00000d13          	li	s10,0
    e514:	d09ff06f          	j	e21c <_svfprintf_r+0x484>
    e518:	01812783          	lw	a5,24(sp)
    e51c:	010bf713          	and	a4,s7,16
    e520:	0007ac83          	lw	s9,0(a5)
    e524:	00478793          	add	a5,a5,4
    e528:	00f12c23          	sw	a5,24(sp)
    e52c:	36071ee3          	bnez	a4,f0a8 <_svfprintf_r+0x1310>
    e530:	040bf713          	and	a4,s7,64
    e534:	360706e3          	beqz	a4,f0a0 <_svfprintf_r+0x1308>
    e538:	010c9c93          	sll	s9,s9,0x10
    e53c:	410cdc93          	sra	s9,s9,0x10
    e540:	41fcdd13          	sra	s10,s9,0x1f
    e544:	000d0713          	mv	a4,s10
    e548:	c2075ee3          	bgez	a4,e184 <_svfprintf_r+0x3ec>
    e54c:	02d00793          	li	a5,45
    e550:	01903733          	snez	a4,s9
    e554:	41a00d33          	neg	s10,s10
    e558:	0cf103a3          	sb	a5,199(sp)
    e55c:	fff00793          	li	a5,-1
    e560:	40ed0d33          	sub	s10,s10,a4
    e564:	41900cb3          	neg	s9,s9
    e568:	000b8d93          	mv	s11,s7
    e56c:	00100693          	li	a3,1
    e570:	ccf912e3          	bne	s2,a5,e234 <_svfprintf_r+0x49c>
    e574:	00100793          	li	a5,1
    e578:	c2f684e3          	beq	a3,a5,e1a0 <_svfprintf_r+0x408>
    e57c:	00200793          	li	a5,2
    e580:	3cf68e63          	beq	a3,a5,e95c <_svfprintf_r+0xbc4>
    e584:	1b010c13          	add	s8,sp,432
    e588:	01dd1713          	sll	a4,s10,0x1d
    e58c:	007cf793          	and	a5,s9,7
    e590:	003cdc93          	srl	s9,s9,0x3
    e594:	03078793          	add	a5,a5,48
    e598:	01976cb3          	or	s9,a4,s9
    e59c:	003d5d13          	srl	s10,s10,0x3
    e5a0:	fefc0fa3          	sb	a5,-1(s8)
    e5a4:	01ace733          	or	a4,s9,s10
    e5a8:	000c0693          	mv	a3,s8
    e5ac:	fffc0c13          	add	s8,s8,-1
    e5b0:	fc071ce3          	bnez	a4,e588 <_svfprintf_r+0x7f0>
    e5b4:	001df713          	and	a4,s11,1
    e5b8:	3c070c63          	beqz	a4,e990 <_svfprintf_r+0xbf8>
    e5bc:	03000713          	li	a4,48
    e5c0:	3ce78863          	beq	a5,a4,e990 <_svfprintf_r+0xbf8>
    e5c4:	ffe68693          	add	a3,a3,-2
    e5c8:	1b010793          	add	a5,sp,432
    e5cc:	feec0fa3          	sb	a4,-1(s8)
    e5d0:	40d78d33          	sub	s10,a5,a3
    e5d4:	000d8b93          	mv	s7,s11
    e5d8:	00068c13          	mv	s8,a3
    e5dc:	bedff06f          	j	e1c8 <_svfprintf_r+0x430>
    e5e0:	01812783          	lw	a5,24(sp)
    e5e4:	0c0103a3          	sb	zero,199(sp)
    e5e8:	0007ac03          	lw	s8,0(a5)
    e5ec:	00478a93          	add	s5,a5,4
    e5f0:	000c1463          	bnez	s8,e5f8 <_svfprintf_r+0x860>
    e5f4:	1f80106f          	j	f7ec <_svfprintf_r+0x1a54>
    e5f8:	fff00713          	li	a4,-1
    e5fc:	44e904e3          	beq	s2,a4,f244 <_svfprintf_r+0x14ac>
    e600:	00090613          	mv	a2,s2
    e604:	00000593          	li	a1,0
    e608:	000c0513          	mv	a0,s8
    e60c:	01112c23          	sw	a7,24(sp)
    e610:	eddfd0ef          	jal	c4ec <memchr>
    e614:	00a12a23          	sw	a0,20(sp)
    e618:	01812883          	lw	a7,24(sp)
    e61c:	00051463          	bnez	a0,e624 <_svfprintf_r+0x88c>
    e620:	4fd0106f          	j	1031c <_svfprintf_r+0x2584>
    e624:	01412783          	lw	a5,20(sp)
    e628:	0c714703          	lbu	a4,199(sp)
    e62c:	01512c23          	sw	s5,24(sp)
    e630:	41878d33          	sub	s10,a5,s8
    e634:	fffd4693          	not	a3,s10
    e638:	41f6d693          	sra	a3,a3,0x1f
    e63c:	00012a23          	sw	zero,20(sp)
    e640:	02012423          	sw	zero,40(sp)
    e644:	02012623          	sw	zero,44(sp)
    e648:	02012023          	sw	zero,32(sp)
    e64c:	00dd7cb3          	and	s9,s10,a3
    e650:	00000913          	li	s2,0
    e654:	b8071ce3          	bnez	a4,e1ec <_svfprintf_r+0x454>
    e658:	925ff06f          	j	df7c <_svfprintf_r+0x1e4>
    e65c:	01812783          	lw	a5,24(sp)
    e660:	0c0103a3          	sb	zero,199(sp)
    e664:	00100c93          	li	s9,1
    e668:	0007a703          	lw	a4,0(a5)
    e66c:	00478793          	add	a5,a5,4
    e670:	00f12c23          	sw	a5,24(sp)
    e674:	14e10623          	sb	a4,332(sp)
    e678:	00100d13          	li	s10,1
    e67c:	14c10c13          	add	s8,sp,332
    e680:	8e9ff06f          	j	df68 <_svfprintf_r+0x1d0>
    e684:	01812783          	lw	a5,24(sp)
    e688:	0007aa03          	lw	s4,0(a5)
    e68c:	00478793          	add	a5,a5,4
    e690:	200a52e3          	bgez	s4,f094 <_svfprintf_r+0x12fc>
    e694:	41400a33          	neg	s4,s4
    e698:	00f12c23          	sw	a5,24(sp)
    e69c:	0004c883          	lbu	a7,0(s1)
    e6a0:	004beb93          	or	s7,s7,4
    e6a4:	859ff06f          	j	defc <_svfprintf_r+0x164>
    e6a8:	02b00793          	li	a5,43
    e6ac:	0004c883          	lbu	a7,0(s1)
    e6b0:	0cf103a3          	sb	a5,199(sp)
    e6b4:	849ff06f          	j	defc <_svfprintf_r+0x164>
    e6b8:	0004c883          	lbu	a7,0(s1)
    e6bc:	080beb93          	or	s7,s7,128
    e6c0:	83dff06f          	j	defc <_svfprintf_r+0x164>
    e6c4:	0004c883          	lbu	a7,0(s1)
    e6c8:	02a00793          	li	a5,42
    e6cc:	00148713          	add	a4,s1,1
    e6d0:	00f89463          	bne	a7,a5,e6d8 <_svfprintf_r+0x940>
    e6d4:	7550106f          	j	10628 <_svfprintf_r+0x2890>
    e6d8:	fd088793          	add	a5,a7,-48
    e6dc:	00900613          	li	a2,9
    e6e0:	00070493          	mv	s1,a4
    e6e4:	00000913          	li	s2,0
    e6e8:	00900693          	li	a3,9
    e6ec:	80f66ae3          	bltu	a2,a5,df00 <_svfprintf_r+0x168>
    e6f0:	0004c883          	lbu	a7,0(s1)
    e6f4:	00291713          	sll	a4,s2,0x2
    e6f8:	01270933          	add	s2,a4,s2
    e6fc:	00191913          	sll	s2,s2,0x1
    e700:	00f90933          	add	s2,s2,a5
    e704:	fd088793          	add	a5,a7,-48
    e708:	00148493          	add	s1,s1,1
    e70c:	fef6f2e3          	bgeu	a3,a5,e6f0 <_svfprintf_r+0x958>
    e710:	ff0ff06f          	j	df00 <_svfprintf_r+0x168>
    e714:	0004c883          	lbu	a7,0(s1)
    e718:	001beb93          	or	s7,s7,1
    e71c:	fe0ff06f          	j	defc <_svfprintf_r+0x164>
    e720:	0c714783          	lbu	a5,199(sp)
    e724:	0004c883          	lbu	a7,0(s1)
    e728:	fc079a63          	bnez	a5,defc <_svfprintf_r+0x164>
    e72c:	02000793          	li	a5,32
    e730:	0cf103a3          	sb	a5,199(sp)
    e734:	fc8ff06f          	j	defc <_svfprintf_r+0x164>
    e738:	010bed93          	or	s11,s7,16
    e73c:	020df793          	and	a5,s11,32
    e740:	0a0782e3          	beqz	a5,efe4 <_svfprintf_r+0x124c>
    e744:	01812783          	lw	a5,24(sp)
    e748:	00100693          	li	a3,1
    e74c:	00778a93          	add	s5,a5,7
    e750:	ff8afa93          	and	s5,s5,-8
    e754:	008a8793          	add	a5,s5,8
    e758:	000aac83          	lw	s9,0(s5)
    e75c:	004aad03          	lw	s10,4(s5)
    e760:	00f12c23          	sw	a5,24(sp)
    e764:	ac1ff06f          	j	e224 <_svfprintf_r+0x48c>
    e768:	0004c883          	lbu	a7,0(s1)
    e76c:	008beb93          	or	s7,s7,8
    e770:	f8cff06f          	j	defc <_svfprintf_r+0x164>
    e774:	01812703          	lw	a4,24(sp)
    e778:	ffff87b7          	lui	a5,0xffff8
    e77c:	8307c793          	xor	a5,a5,-2000
    e780:	0cf11423          	sh	a5,200(sp)
    e784:	00470793          	add	a5,a4,4
    e788:	00f12c23          	sw	a5,24(sp)
    e78c:	000157b7          	lui	a5,0x15
    e790:	24c78793          	add	a5,a5,588 # 1524c <__clz_tab+0x6d0>
    e794:	00072c83          	lw	s9,0(a4)
    e798:	00000d13          	li	s10,0
    e79c:	002bed93          	or	s11,s7,2
    e7a0:	02f12e23          	sw	a5,60(sp)
    e7a4:	00200693          	li	a3,2
    e7a8:	07800893          	li	a7,120
    e7ac:	a79ff06f          	j	e224 <_svfprintf_r+0x48c>
    e7b0:	020bf713          	and	a4,s7,32
    e7b4:	12070ae3          	beqz	a4,f0e8 <_svfprintf_r+0x1350>
    e7b8:	01812783          	lw	a5,24(sp)
    e7bc:	01012683          	lw	a3,16(sp)
    e7c0:	0007a783          	lw	a5,0(a5)
    e7c4:	41f6d713          	sra	a4,a3,0x1f
    e7c8:	00d7a023          	sw	a3,0(a5)
    e7cc:	00e7a223          	sw	a4,4(a5)
    e7d0:	01812783          	lw	a5,24(sp)
    e7d4:	00048c13          	mv	s8,s1
    e7d8:	00478793          	add	a5,a5,4
    e7dc:	00f12c23          	sw	a5,24(sp)
    e7e0:	8bdff06f          	j	e09c <_svfprintf_r+0x304>
    e7e4:	0004c883          	lbu	a7,0(s1)
    e7e8:	06c00793          	li	a5,108
    e7ec:	1ef882e3          	beq	a7,a5,f1d0 <_svfprintf_r+0x1438>
    e7f0:	010beb93          	or	s7,s7,16
    e7f4:	f08ff06f          	j	defc <_svfprintf_r+0x164>
    e7f8:	0004c883          	lbu	a7,0(s1)
    e7fc:	06800793          	li	a5,104
    e800:	1cf880e3          	beq	a7,a5,f1c0 <_svfprintf_r+0x1428>
    e804:	040beb93          	or	s7,s7,64
    e808:	ef4ff06f          	j	defc <_svfprintf_r+0x164>
    e80c:	06500713          	li	a4,101
    e810:	bb175ae3          	bge	a4,a7,e3c4 <_svfprintf_r+0x62c>
    e814:	0f012703          	lw	a4,240(sp)
    e818:	0a010593          	add	a1,sp,160
    e81c:	0b010513          	add	a0,sp,176
    e820:	0ae12823          	sw	a4,176(sp)
    e824:	0f412703          	lw	a4,244(sp)
    e828:	0a012023          	sw	zero,160(sp)
    e82c:	0a012223          	sw	zero,164(sp)
    e830:	0ae12a23          	sw	a4,180(sp)
    e834:	0f812703          	lw	a4,248(sp)
    e838:	0a012423          	sw	zero,168(sp)
    e83c:	0a012623          	sw	zero,172(sp)
    e840:	0ae12c23          	sw	a4,184(sp)
    e844:	0fc12703          	lw	a4,252(sp)
    e848:	0ae12e23          	sw	a4,188(sp)
    e84c:	c11f20ef          	jal	145c <__eqtf2>
    e850:	52051663          	bnez	a0,ed7c <_svfprintf_r+0xfe4>
    e854:	0ec12703          	lw	a4,236(sp)
    e858:	0e812603          	lw	a2,232(sp)
    e85c:	000155b7          	lui	a1,0x15
    e860:	27c58593          	add	a1,a1,636 # 1527c <__clz_tab+0x700>
    e864:	00b42023          	sw	a1,0(s0)
    e868:	00170713          	add	a4,a4,1
    e86c:	00100593          	li	a1,1
    e870:	00160613          	add	a2,a2,1
    e874:	00b42223          	sw	a1,4(s0)
    e878:	0ee12623          	sw	a4,236(sp)
    e87c:	0ec12423          	sw	a2,232(sp)
    e880:	00700593          	li	a1,7
    e884:	00840413          	add	s0,s0,8
    e888:	66c5c0e3          	blt	a1,a2,f6e8 <_svfprintf_r+0x1950>
    e88c:	0cc12603          	lw	a2,204(sp)
    e890:	02412783          	lw	a5,36(sp)
    e894:	7ef65863          	bge	a2,a5,f084 <_svfprintf_r+0x12ec>
    e898:	03412783          	lw	a5,52(sp)
    e89c:	0e812603          	lw	a2,232(sp)
    e8a0:	03812683          	lw	a3,56(sp)
    e8a4:	00e78733          	add	a4,a5,a4
    e8a8:	00160613          	add	a2,a2,1
    e8ac:	00d42023          	sw	a3,0(s0)
    e8b0:	00f42223          	sw	a5,4(s0)
    e8b4:	0ee12623          	sw	a4,236(sp)
    e8b8:	0ec12423          	sw	a2,232(sp)
    e8bc:	00700593          	li	a1,7
    e8c0:	00840413          	add	s0,s0,8
    e8c4:	10c5cee3          	blt	a1,a2,f1e0 <_svfprintf_r+0x1448>
    e8c8:	02412783          	lw	a5,36(sp)
    e8cc:	fff78913          	add	s2,a5,-1
    e8d0:	f9205063          	blez	s2,e050 <_svfprintf_r+0x2b8>
    e8d4:	00016837          	lui	a6,0x16
    e8d8:	01000593          	li	a1,16
    e8dc:	0e812603          	lw	a2,232(sp)
    e8e0:	aec80a93          	add	s5,a6,-1300 # 15aec <zeroes.0>
    e8e4:	6325d2e3          	bge	a1,s2,f708 <_svfprintf_r+0x1970>
    e8e8:	00812c03          	lw	s8,8(sp)
    e8ec:	01000d13          	li	s10,16
    e8f0:	00700d93          	li	s11,7
    e8f4:	00c0006f          	j	e900 <_svfprintf_r+0xb68>
    e8f8:	ff090913          	add	s2,s2,-16
    e8fc:	612d56e3          	bge	s10,s2,f708 <_svfprintf_r+0x1970>
    e900:	01070713          	add	a4,a4,16
    e904:	00160613          	add	a2,a2,1
    e908:	01542023          	sw	s5,0(s0)
    e90c:	01a42223          	sw	s10,4(s0)
    e910:	0ee12623          	sw	a4,236(sp)
    e914:	0ec12423          	sw	a2,232(sp)
    e918:	00840413          	add	s0,s0,8
    e91c:	fccddee3          	bge	s11,a2,e8f8 <_svfprintf_r+0xb60>
    e920:	0e410613          	add	a2,sp,228
    e924:	000c0593          	mv	a1,s8
    e928:	00098513          	mv	a0,s3
    e92c:	6b8040ef          	jal	12fe4 <__ssprint_r>
    e930:	24051a63          	bnez	a0,eb84 <_svfprintf_r+0xdec>
    e934:	0ec12703          	lw	a4,236(sp)
    e938:	0e812603          	lw	a2,232(sp)
    e93c:	000b0413          	mv	s0,s6
    e940:	fb9ff06f          	j	e8f8 <_svfprintf_r+0xb60>
    e944:	00100713          	li	a4,1
    e948:	00e69463          	bne	a3,a4,e950 <_svfprintf_r+0xbb8>
    e94c:	2810106f          	j	103cc <_svfprintf_r+0x2634>
    e950:	00200713          	li	a4,2
    e954:	000b8d93          	mv	s11,s7
    e958:	c2e696e3          	bne	a3,a4,e584 <_svfprintf_r+0x7ec>
    e95c:	03c12683          	lw	a3,60(sp)
    e960:	1b010c13          	add	s8,sp,432
    e964:	00fcf793          	and	a5,s9,15
    e968:	00f687b3          	add	a5,a3,a5
    e96c:	0007c703          	lbu	a4,0(a5)
    e970:	004cdc93          	srl	s9,s9,0x4
    e974:	01cd1793          	sll	a5,s10,0x1c
    e978:	0197ecb3          	or	s9,a5,s9
    e97c:	004d5d13          	srl	s10,s10,0x4
    e980:	feec0fa3          	sb	a4,-1(s8)
    e984:	01ace7b3          	or	a5,s9,s10
    e988:	fffc0c13          	add	s8,s8,-1
    e98c:	fc079ce3          	bnez	a5,e964 <_svfprintf_r+0xbcc>
    e990:	1b010793          	add	a5,sp,432
    e994:	41878d33          	sub	s10,a5,s8
    e998:	000d8b93          	mv	s7,s11
    e99c:	82dff06f          	j	e1c8 <_svfprintf_r+0x430>
    e9a0:	419a0db3          	sub	s11,s4,s9
    e9a4:	e7b05863          	blez	s11,e014 <_svfprintf_r+0x27c>
    e9a8:	00016837          	lui	a6,0x16
    e9ac:	01000513          	li	a0,16
    e9b0:	0ec12583          	lw	a1,236(sp)
    e9b4:	0e812603          	lw	a2,232(sp)
    e9b8:	aec80a93          	add	s5,a6,-1300 # 15aec <zeroes.0>
    e9bc:	09b55463          	bge	a0,s11,ea44 <_svfprintf_r+0xcac>
    e9c0:	00040793          	mv	a5,s0
    e9c4:	01000e93          	li	t4,16
    e9c8:	000a8413          	mv	s0,s5
    e9cc:	00700f13          	li	t5,7
    e9d0:	00090a93          	mv	s5,s2
    e9d4:	00088913          	mv	s2,a7
    e9d8:	00c0006f          	j	e9e4 <_svfprintf_r+0xc4c>
    e9dc:	ff0d8d93          	add	s11,s11,-16
    e9e0:	05beda63          	bge	t4,s11,ea34 <_svfprintf_r+0xc9c>
    e9e4:	01058593          	add	a1,a1,16
    e9e8:	00160613          	add	a2,a2,1
    e9ec:	0087a023          	sw	s0,0(a5)
    e9f0:	01d7a223          	sw	t4,4(a5)
    e9f4:	0eb12623          	sw	a1,236(sp)
    e9f8:	0ec12423          	sw	a2,232(sp)
    e9fc:	00878793          	add	a5,a5,8
    ea00:	fccf5ee3          	bge	t5,a2,e9dc <_svfprintf_r+0xc44>
    ea04:	00812583          	lw	a1,8(sp)
    ea08:	0e410613          	add	a2,sp,228
    ea0c:	00098513          	mv	a0,s3
    ea10:	5d4040ef          	jal	12fe4 <__ssprint_r>
    ea14:	16051863          	bnez	a0,eb84 <_svfprintf_r+0xdec>
    ea18:	01000e93          	li	t4,16
    ea1c:	ff0d8d93          	add	s11,s11,-16
    ea20:	0ec12583          	lw	a1,236(sp)
    ea24:	0e812603          	lw	a2,232(sp)
    ea28:	000b0793          	mv	a5,s6
    ea2c:	00700f13          	li	t5,7
    ea30:	fbbecae3          	blt	t4,s11,e9e4 <_svfprintf_r+0xc4c>
    ea34:	00090893          	mv	a7,s2
    ea38:	000a8913          	mv	s2,s5
    ea3c:	00040a93          	mv	s5,s0
    ea40:	00078413          	mv	s0,a5
    ea44:	00bd85b3          	add	a1,s11,a1
    ea48:	00160613          	add	a2,a2,1
    ea4c:	01542023          	sw	s5,0(s0)
    ea50:	01b42223          	sw	s11,4(s0)
    ea54:	0eb12623          	sw	a1,236(sp)
    ea58:	0ec12423          	sw	a2,232(sp)
    ea5c:	00700713          	li	a4,7
    ea60:	00840413          	add	s0,s0,8
    ea64:	dac75863          	bge	a4,a2,e014 <_svfprintf_r+0x27c>
    ea68:	00812583          	lw	a1,8(sp)
    ea6c:	0e410613          	add	a2,sp,228
    ea70:	00098513          	mv	a0,s3
    ea74:	05112823          	sw	a7,80(sp)
    ea78:	56c040ef          	jal	12fe4 <__ssprint_r>
    ea7c:	10051463          	bnez	a0,eb84 <_svfprintf_r+0xdec>
    ea80:	41a90933          	sub	s2,s2,s10
    ea84:	05012883          	lw	a7,80(sp)
    ea88:	000b0413          	mv	s0,s6
    ea8c:	d9205863          	blez	s2,e01c <_svfprintf_r+0x284>
    ea90:	00016837          	lui	a6,0x16
    ea94:	01000713          	li	a4,16
    ea98:	0ec12583          	lw	a1,236(sp)
    ea9c:	0e812603          	lw	a2,232(sp)
    eaa0:	aec80a93          	add	s5,a6,-1300 # 15aec <zeroes.0>
    eaa4:	09275263          	bge	a4,s2,eb28 <_svfprintf_r+0xd90>
    eaa8:	00040793          	mv	a5,s0
    eaac:	00c12a83          	lw	s5,12(sp)
    eab0:	00090413          	mv	s0,s2
    eab4:	01000713          	li	a4,16
    eab8:	00700d93          	li	s11,7
    eabc:	00088913          	mv	s2,a7
    eac0:	00c0006f          	j	eacc <_svfprintf_r+0xd34>
    eac4:	ff040413          	add	s0,s0,-16
    eac8:	04875a63          	bge	a4,s0,eb1c <_svfprintf_r+0xd84>
    eacc:	00c12683          	lw	a3,12(sp)
    ead0:	01058593          	add	a1,a1,16
    ead4:	00160613          	add	a2,a2,1
    ead8:	00d7a023          	sw	a3,0(a5)
    eadc:	00e7a223          	sw	a4,4(a5)
    eae0:	0eb12623          	sw	a1,236(sp)
    eae4:	0ec12423          	sw	a2,232(sp)
    eae8:	00878793          	add	a5,a5,8
    eaec:	fccddce3          	bge	s11,a2,eac4 <_svfprintf_r+0xd2c>
    eaf0:	00812583          	lw	a1,8(sp)
    eaf4:	0e410613          	add	a2,sp,228
    eaf8:	00098513          	mv	a0,s3
    eafc:	4e8040ef          	jal	12fe4 <__ssprint_r>
    eb00:	08051263          	bnez	a0,eb84 <_svfprintf_r+0xdec>
    eb04:	01000713          	li	a4,16
    eb08:	ff040413          	add	s0,s0,-16
    eb0c:	0ec12583          	lw	a1,236(sp)
    eb10:	0e812603          	lw	a2,232(sp)
    eb14:	000b0793          	mv	a5,s6
    eb18:	fa874ae3          	blt	a4,s0,eacc <_svfprintf_r+0xd34>
    eb1c:	00090893          	mv	a7,s2
    eb20:	00040913          	mv	s2,s0
    eb24:	00078413          	mv	s0,a5
    eb28:	00b905b3          	add	a1,s2,a1
    eb2c:	00160613          	add	a2,a2,1
    eb30:	01542023          	sw	s5,0(s0)
    eb34:	01242223          	sw	s2,4(s0)
    eb38:	0eb12623          	sw	a1,236(sp)
    eb3c:	0ec12423          	sw	a2,232(sp)
    eb40:	00700713          	li	a4,7
    eb44:	00840413          	add	s0,s0,8
    eb48:	ccc75a63          	bge	a4,a2,e01c <_svfprintf_r+0x284>
    eb4c:	00812583          	lw	a1,8(sp)
    eb50:	0e410613          	add	a2,sp,228
    eb54:	00098513          	mv	a0,s3
    eb58:	05112823          	sw	a7,80(sp)
    eb5c:	488040ef          	jal	12fe4 <__ssprint_r>
    eb60:	02051263          	bnez	a0,eb84 <_svfprintf_r+0xdec>
    eb64:	05012883          	lw	a7,80(sp)
    eb68:	000b0413          	mv	s0,s6
    eb6c:	cb0ff06f          	j	e01c <_svfprintf_r+0x284>
    eb70:	00812583          	lw	a1,8(sp)
    eb74:	0e410613          	add	a2,sp,228
    eb78:	00098513          	mv	a0,s3
    eb7c:	468040ef          	jal	12fe4 <__ssprint_r>
    eb80:	ce050e63          	beqz	a0,e07c <_svfprintf_r+0x2e4>
    eb84:	01412f03          	lw	t5,20(sp)
    eb88:	d20f0463          	beqz	t5,e0b0 <_svfprintf_r+0x318>
    eb8c:	03012503          	lw	a0,48(sp)
    eb90:	000f0593          	mv	a1,t5
    eb94:	c94fa0ef          	jal	9028 <_free_r>
    eb98:	d18ff06f          	j	e0b0 <_svfprintf_r+0x318>
    eb9c:	000b8d93          	mv	s11,s7
    eba0:	9d5ff06f          	j	e574 <_svfprintf_r+0x7dc>
    eba4:	00016837          	lui	a6,0x16
    eba8:	01000513          	li	a0,16
    ebac:	0ec12583          	lw	a1,236(sp)
    ebb0:	0e812603          	lw	a2,232(sp)
    ebb4:	afc80a93          	add	s5,a6,-1284 # 15afc <blanks.1>
    ebb8:	0ae55063          	bge	a0,a4,ec58 <_svfprintf_r+0xec0>
    ebbc:	04912823          	sw	s1,80(sp)
    ebc0:	00040793          	mv	a5,s0
    ebc4:	000a8493          	mv	s1,s5
    ebc8:	01000e93          	li	t4,16
    ebcc:	00090a93          	mv	s5,s2
    ebd0:	00700393          	li	t2,7
    ebd4:	05f12a23          	sw	t6,84(sp)
    ebd8:	00070413          	mv	s0,a4
    ebdc:	00088913          	mv	s2,a7
    ebe0:	00c0006f          	j	ebec <_svfprintf_r+0xe54>
    ebe4:	ff040413          	add	s0,s0,-16
    ebe8:	048eda63          	bge	t4,s0,ec3c <_svfprintf_r+0xea4>
    ebec:	01058593          	add	a1,a1,16
    ebf0:	00160613          	add	a2,a2,1
    ebf4:	0097a023          	sw	s1,0(a5)
    ebf8:	01d7a223          	sw	t4,4(a5)
    ebfc:	0eb12623          	sw	a1,236(sp)
    ec00:	0ec12423          	sw	a2,232(sp)
    ec04:	00878793          	add	a5,a5,8
    ec08:	fcc3dee3          	bge	t2,a2,ebe4 <_svfprintf_r+0xe4c>
    ec0c:	00812583          	lw	a1,8(sp)
    ec10:	0e410613          	add	a2,sp,228
    ec14:	00098513          	mv	a0,s3
    ec18:	3cc040ef          	jal	12fe4 <__ssprint_r>
    ec1c:	f60514e3          	bnez	a0,eb84 <_svfprintf_r+0xdec>
    ec20:	01000e93          	li	t4,16
    ec24:	ff040413          	add	s0,s0,-16
    ec28:	0ec12583          	lw	a1,236(sp)
    ec2c:	0e812603          	lw	a2,232(sp)
    ec30:	000b0793          	mv	a5,s6
    ec34:	00700393          	li	t2,7
    ec38:	fa8ecae3          	blt	t4,s0,ebec <_svfprintf_r+0xe54>
    ec3c:	00090893          	mv	a7,s2
    ec40:	05412f83          	lw	t6,84(sp)
    ec44:	000a8913          	mv	s2,s5
    ec48:	00048a93          	mv	s5,s1
    ec4c:	05012483          	lw	s1,80(sp)
    ec50:	00040713          	mv	a4,s0
    ec54:	00078413          	mv	s0,a5
    ec58:	00b705b3          	add	a1,a4,a1
    ec5c:	00160613          	add	a2,a2,1
    ec60:	00e42223          	sw	a4,4(s0)
    ec64:	01542023          	sw	s5,0(s0)
    ec68:	0eb12623          	sw	a1,236(sp)
    ec6c:	0ec12423          	sw	a2,232(sp)
    ec70:	00700713          	li	a4,7
    ec74:	00840413          	add	s0,s0,8
    ec78:	b2c75063          	bge	a4,a2,df98 <_svfprintf_r+0x200>
    ec7c:	00812583          	lw	a1,8(sp)
    ec80:	0e410613          	add	a2,sp,228
    ec84:	00098513          	mv	a0,s3
    ec88:	05112a23          	sw	a7,84(sp)
    ec8c:	05f12823          	sw	t6,80(sp)
    ec90:	354040ef          	jal	12fe4 <__ssprint_r>
    ec94:	ee0518e3          	bnez	a0,eb84 <_svfprintf_r+0xdec>
    ec98:	05412883          	lw	a7,84(sp)
    ec9c:	05012f83          	lw	t6,80(sp)
    eca0:	000b0413          	mv	s0,s6
    eca4:	af4ff06f          	j	df98 <_svfprintf_r+0x200>
    eca8:	00812583          	lw	a1,8(sp)
    ecac:	0e410613          	add	a2,sp,228
    ecb0:	00098513          	mv	a0,s3
    ecb4:	05112823          	sw	a7,80(sp)
    ecb8:	32c040ef          	jal	12fe4 <__ssprint_r>
    ecbc:	ec0514e3          	bnez	a0,eb84 <_svfprintf_r+0xdec>
    ecc0:	05012883          	lw	a7,80(sp)
    ecc4:	000b0413          	mv	s0,s6
    ecc8:	b44ff06f          	j	e00c <_svfprintf_r+0x274>
    eccc:	00016837          	lui	a6,0x16
    ecd0:	01000613          	li	a2,16
    ecd4:	0e812783          	lw	a5,232(sp)
    ecd8:	afc80a93          	add	s5,a6,-1284 # 15afc <blanks.1>
    ecdc:	07265263          	bge	a2,s2,ed40 <_svfprintf_r+0xfa8>
    ece0:	00812b83          	lw	s7,8(sp)
    ece4:	01000d13          	li	s10,16
    ece8:	00700d93          	li	s11,7
    ecec:	00c0006f          	j	ecf8 <_svfprintf_r+0xf60>
    ecf0:	ff090913          	add	s2,s2,-16
    ecf4:	052d5663          	bge	s10,s2,ed40 <_svfprintf_r+0xfa8>
    ecf8:	01070713          	add	a4,a4,16
    ecfc:	00178793          	add	a5,a5,1
    ed00:	01542023          	sw	s5,0(s0)
    ed04:	01a42223          	sw	s10,4(s0)
    ed08:	0ee12623          	sw	a4,236(sp)
    ed0c:	0ef12423          	sw	a5,232(sp)
    ed10:	00840413          	add	s0,s0,8
    ed14:	fcfddee3          	bge	s11,a5,ecf0 <_svfprintf_r+0xf58>
    ed18:	0e410613          	add	a2,sp,228
    ed1c:	000b8593          	mv	a1,s7
    ed20:	00098513          	mv	a0,s3
    ed24:	2c0040ef          	jal	12fe4 <__ssprint_r>
    ed28:	e4051ee3          	bnez	a0,eb84 <_svfprintf_r+0xdec>
    ed2c:	ff090913          	add	s2,s2,-16
    ed30:	0ec12703          	lw	a4,236(sp)
    ed34:	0e812783          	lw	a5,232(sp)
    ed38:	000b0413          	mv	s0,s6
    ed3c:	fb2d4ee3          	blt	s10,s2,ecf8 <_svfprintf_r+0xf60>
    ed40:	01270733          	add	a4,a4,s2
    ed44:	00178793          	add	a5,a5,1
    ed48:	01542023          	sw	s5,0(s0)
    ed4c:	01242223          	sw	s2,4(s0)
    ed50:	0ee12623          	sw	a4,236(sp)
    ed54:	0ef12423          	sw	a5,232(sp)
    ed58:	00700613          	li	a2,7
    ed5c:	b0f65263          	bge	a2,a5,e060 <_svfprintf_r+0x2c8>
    ed60:	00812583          	lw	a1,8(sp)
    ed64:	0e410613          	add	a2,sp,228
    ed68:	00098513          	mv	a0,s3
    ed6c:	278040ef          	jal	12fe4 <__ssprint_r>
    ed70:	e0051ae3          	bnez	a0,eb84 <_svfprintf_r+0xdec>
    ed74:	0ec12703          	lw	a4,236(sp)
    ed78:	ae8ff06f          	j	e060 <_svfprintf_r+0x2c8>
    ed7c:	0cc12503          	lw	a0,204(sp)
    ed80:	08a05ce3          	blez	a0,f618 <_svfprintf_r+0x1880>
    ed84:	02412783          	lw	a5,36(sp)
    ed88:	00fc0733          	add	a4,s8,a5
    ed8c:	04e12823          	sw	a4,80(sp)
    ed90:	02012703          	lw	a4,32(sp)
    ed94:	00070913          	mv	s2,a4
    ed98:	3ae7c063          	blt	a5,a4,f138 <_svfprintf_r+0x13a0>
    ed9c:	0ec12703          	lw	a4,236(sp)
    eda0:	03205663          	blez	s2,edcc <_svfprintf_r+0x1034>
    eda4:	0e812603          	lw	a2,232(sp)
    eda8:	01270733          	add	a4,a4,s2
    edac:	01842023          	sw	s8,0(s0)
    edb0:	00160613          	add	a2,a2,1
    edb4:	01242223          	sw	s2,4(s0)
    edb8:	0ee12623          	sw	a4,236(sp)
    edbc:	0ec12423          	sw	a2,232(sp)
    edc0:	00700593          	li	a1,7
    edc4:	00840413          	add	s0,s0,8
    edc8:	40c5cee3          	blt	a1,a2,f9e4 <_svfprintf_r+0x1c4c>
    edcc:	fff94613          	not	a2,s2
    edd0:	02012783          	lw	a5,32(sp)
    edd4:	41f65613          	sra	a2,a2,0x1f
    edd8:	00c97833          	and	a6,s2,a2
    eddc:	41078933          	sub	s2,a5,a6
    ede0:	4b204663          	bgtz	s2,f28c <_svfprintf_r+0x14f4>
    ede4:	02012783          	lw	a5,32(sp)
    ede8:	400bf613          	and	a2,s7,1024
    edec:	00fc0c33          	add	s8,s8,a5
    edf0:	50061863          	bnez	a2,f300 <_svfprintf_r+0x1568>
    edf4:	0cc12603          	lw	a2,204(sp)
    edf8:	02412783          	lw	a5,36(sp)
    edfc:	00f64663          	blt	a2,a5,ee08 <_svfprintf_r+0x1070>
    ee00:	001bf593          	and	a1,s7,1
    ee04:	400584e3          	beqz	a1,fa0c <_svfprintf_r+0x1c74>
    ee08:	03412783          	lw	a5,52(sp)
    ee0c:	0e812583          	lw	a1,232(sp)
    ee10:	03812683          	lw	a3,56(sp)
    ee14:	00e78733          	add	a4,a5,a4
    ee18:	00158593          	add	a1,a1,1
    ee1c:	00d42023          	sw	a3,0(s0)
    ee20:	00f42223          	sw	a5,4(s0)
    ee24:	0ee12623          	sw	a4,236(sp)
    ee28:	0eb12423          	sw	a1,232(sp)
    ee2c:	00700513          	li	a0,7
    ee30:	00840413          	add	s0,s0,8
    ee34:	00b55463          	bge	a0,a1,ee3c <_svfprintf_r+0x10a4>
    ee38:	4b00106f          	j	102e8 <_svfprintf_r+0x2550>
    ee3c:	02412783          	lw	a5,36(sp)
    ee40:	40c78633          	sub	a2,a5,a2
    ee44:	05012783          	lw	a5,80(sp)
    ee48:	41878933          	sub	s2,a5,s8
    ee4c:	01265463          	bge	a2,s2,ee54 <_svfprintf_r+0x10bc>
    ee50:	00060913          	mv	s2,a2
    ee54:	03205863          	blez	s2,ee84 <_svfprintf_r+0x10ec>
    ee58:	0e812583          	lw	a1,232(sp)
    ee5c:	01270733          	add	a4,a4,s2
    ee60:	01842023          	sw	s8,0(s0)
    ee64:	00158593          	add	a1,a1,1
    ee68:	01242223          	sw	s2,4(s0)
    ee6c:	0ee12623          	sw	a4,236(sp)
    ee70:	0eb12423          	sw	a1,232(sp)
    ee74:	00700513          	li	a0,7
    ee78:	00840413          	add	s0,s0,8
    ee7c:	00b55463          	bge	a0,a1,ee84 <_svfprintf_r+0x10ec>
    ee80:	4c80106f          	j	10348 <_svfprintf_r+0x25b0>
    ee84:	fff94593          	not	a1,s2
    ee88:	41f5d593          	sra	a1,a1,0x1f
    ee8c:	00b97d33          	and	s10,s2,a1
    ee90:	41a60933          	sub	s2,a2,s10
    ee94:	9b205e63          	blez	s2,e050 <_svfprintf_r+0x2b8>
    ee98:	00016837          	lui	a6,0x16
    ee9c:	01000593          	li	a1,16
    eea0:	0e812603          	lw	a2,232(sp)
    eea4:	aec80a93          	add	s5,a6,-1300 # 15aec <zeroes.0>
    eea8:	0725d0e3          	bge	a1,s2,f708 <_svfprintf_r+0x1970>
    eeac:	00812c03          	lw	s8,8(sp)
    eeb0:	01000d13          	li	s10,16
    eeb4:	00700d93          	li	s11,7
    eeb8:	00c0006f          	j	eec4 <_svfprintf_r+0x112c>
    eebc:	ff090913          	add	s2,s2,-16
    eec0:	052d54e3          	bge	s10,s2,f708 <_svfprintf_r+0x1970>
    eec4:	01070713          	add	a4,a4,16
    eec8:	00160613          	add	a2,a2,1
    eecc:	01542023          	sw	s5,0(s0)
    eed0:	01a42223          	sw	s10,4(s0)
    eed4:	0ee12623          	sw	a4,236(sp)
    eed8:	0ec12423          	sw	a2,232(sp)
    eedc:	00840413          	add	s0,s0,8
    eee0:	fccddee3          	bge	s11,a2,eebc <_svfprintf_r+0x1124>
    eee4:	0e410613          	add	a2,sp,228
    eee8:	000c0593          	mv	a1,s8
    eeec:	00098513          	mv	a0,s3
    eef0:	0f4040ef          	jal	12fe4 <__ssprint_r>
    eef4:	c80518e3          	bnez	a0,eb84 <_svfprintf_r+0xdec>
    eef8:	0ec12703          	lw	a4,236(sp)
    eefc:	0e812603          	lw	a2,232(sp)
    ef00:	000b0413          	mv	s0,s6
    ef04:	fb9ff06f          	j	eebc <_svfprintf_r+0x1124>
    ef08:	001bf713          	and	a4,s7,1
    ef0c:	cc071463          	bnez	a4,e3d4 <_svfprintf_r+0x63c>
    ef10:	0ec12703          	lw	a4,236(sp)
    ef14:	0e812603          	lw	a2,232(sp)
    ef18:	01842023          	sw	s8,0(s0)
    ef1c:	00170d93          	add	s11,a4,1
    ef20:	00160913          	add	s2,a2,1
    ef24:	00b42223          	sw	a1,4(s0)
    ef28:	0fb12623          	sw	s11,236(sp)
    ef2c:	0f212423          	sw	s2,232(sp)
    ef30:	00700713          	li	a4,7
    ef34:	d7275463          	bge	a4,s2,e49c <_svfprintf_r+0x704>
    ef38:	00812583          	lw	a1,8(sp)
    ef3c:	0e410613          	add	a2,sp,228
    ef40:	00098513          	mv	a0,s3
    ef44:	0a0040ef          	jal	12fe4 <__ssprint_r>
    ef48:	c2051ee3          	bnez	a0,eb84 <_svfprintf_r+0xdec>
    ef4c:	0ec12d83          	lw	s11,236(sp)
    ef50:	0e812903          	lw	s2,232(sp)
    ef54:	000b0d13          	mv	s10,s6
    ef58:	d44ff06f          	j	e49c <_svfprintf_r+0x704>
    ef5c:	02412783          	lw	a5,36(sp)
    ef60:	00100713          	li	a4,1
    ef64:	d2f75c63          	bge	a4,a5,e49c <_svfprintf_r+0x704>
    ef68:	00016837          	lui	a6,0x16
    ef6c:	01100713          	li	a4,17
    ef70:	aec80a93          	add	s5,a6,-1300 # 15aec <zeroes.0>
    ef74:	14f754e3          	bge	a4,a5,f8bc <_svfprintf_r+0x1b24>
    ef78:	000a8793          	mv	a5,s5
    ef7c:	01000713          	li	a4,16
    ef80:	000a0a93          	mv	s5,s4
    ef84:	00700c13          	li	s8,7
    ef88:	00048a13          	mv	s4,s1
    ef8c:	00078493          	mv	s1,a5
    ef90:	00c0006f          	j	ef9c <_svfprintf_r+0x1204>
    ef94:	ff040413          	add	s0,s0,-16
    ef98:	10875ae3          	bge	a4,s0,f8ac <_svfprintf_r+0x1b14>
    ef9c:	010d8d93          	add	s11,s11,16
    efa0:	00190913          	add	s2,s2,1
    efa4:	009d2023          	sw	s1,0(s10)
    efa8:	00ed2223          	sw	a4,4(s10)
    efac:	0fb12623          	sw	s11,236(sp)
    efb0:	0f212423          	sw	s2,232(sp)
    efb4:	008d0d13          	add	s10,s10,8
    efb8:	fd2c5ee3          	bge	s8,s2,ef94 <_svfprintf_r+0x11fc>
    efbc:	00812583          	lw	a1,8(sp)
    efc0:	0e410613          	add	a2,sp,228
    efc4:	00098513          	mv	a0,s3
    efc8:	01c040ef          	jal	12fe4 <__ssprint_r>
    efcc:	ba051ce3          	bnez	a0,eb84 <_svfprintf_r+0xdec>
    efd0:	0ec12d83          	lw	s11,236(sp)
    efd4:	0e812903          	lw	s2,232(sp)
    efd8:	000b0d13          	mv	s10,s6
    efdc:	01000713          	li	a4,16
    efe0:	fb5ff06f          	j	ef94 <_svfprintf_r+0x11fc>
    efe4:	01812703          	lw	a4,24(sp)
    efe8:	010df793          	and	a5,s11,16
    efec:	00072c83          	lw	s9,0(a4)
    eff0:	00470713          	add	a4,a4,4
    eff4:	00e12c23          	sw	a4,24(sp)
    eff8:	02079663          	bnez	a5,f024 <_svfprintf_r+0x128c>
    effc:	040df793          	and	a5,s11,64
    f000:	00078c63          	beqz	a5,f018 <_svfprintf_r+0x1280>
    f004:	010c9c93          	sll	s9,s9,0x10
    f008:	010cdc93          	srl	s9,s9,0x10
    f00c:	00000d13          	li	s10,0
    f010:	00100693          	li	a3,1
    f014:	a10ff06f          	j	e224 <_svfprintf_r+0x48c>
    f018:	200df793          	and	a5,s11,512
    f01c:	00078463          	beqz	a5,f024 <_svfprintf_r+0x128c>
    f020:	0ffcfc93          	zext.b	s9,s9
    f024:	00000d13          	li	s10,0
    f028:	00100693          	li	a3,1
    f02c:	9f8ff06f          	j	e224 <_svfprintf_r+0x48c>
    f030:	00000d13          	li	s10,0
    f034:	1b010c13          	add	s8,sp,432
    f038:	990ff06f          	j	e1c8 <_svfprintf_r+0x430>
    f03c:	00812583          	lw	a1,8(sp)
    f040:	0e410613          	add	a2,sp,228
    f044:	00098513          	mv	a0,s3
    f048:	79d030ef          	jal	12fe4 <__ssprint_r>
    f04c:	b2051ce3          	bnez	a0,eb84 <_svfprintf_r+0xdec>
    f050:	0ec12703          	lw	a4,236(sp)
    f054:	0e812603          	lw	a2,232(sp)
    f058:	000b0d13          	mv	s10,s6
    f05c:	ba4ff06f          	j	e400 <_svfprintf_r+0x668>
    f060:	00812583          	lw	a1,8(sp)
    f064:	0e410613          	add	a2,sp,228
    f068:	00098513          	mv	a0,s3
    f06c:	779030ef          	jal	12fe4 <__ssprint_r>
    f070:	b0051ae3          	bnez	a0,eb84 <_svfprintf_r+0xdec>
    f074:	0ec12d83          	lw	s11,236(sp)
    f078:	0e812903          	lw	s2,232(sp)
    f07c:	000b0d13          	mv	s10,s6
    f080:	bacff06f          	j	e42c <_svfprintf_r+0x694>
    f084:	001bf613          	and	a2,s7,1
    f088:	00061463          	bnez	a2,f090 <_svfprintf_r+0x12f8>
    f08c:	fc5fe06f          	j	e050 <_svfprintf_r+0x2b8>
    f090:	809ff06f          	j	e898 <_svfprintf_r+0xb00>
    f094:	0004c883          	lbu	a7,0(s1)
    f098:	00f12c23          	sw	a5,24(sp)
    f09c:	e61fe06f          	j	defc <_svfprintf_r+0x164>
    f0a0:	200bf713          	and	a4,s7,512
    f0a4:	3c0714e3          	bnez	a4,fc6c <_svfprintf_r+0x1ed4>
    f0a8:	41fcdd13          	sra	s10,s9,0x1f
    f0ac:	000d0713          	mv	a4,s10
    f0b0:	8d0ff06f          	j	e180 <_svfprintf_r+0x3e8>
    f0b4:	200bf713          	and	a4,s7,512
    f0b8:	3a0714e3          	bnez	a4,fc60 <_svfprintf_r+0x1ec8>
    f0bc:	00000d13          	li	s10,0
    f0c0:	95cff06f          	j	e21c <_svfprintf_r+0x484>
    f0c4:	01812783          	lw	a5,24(sp)
    f0c8:	0007a703          	lw	a4,0(a5)
    f0cc:	00478793          	add	a5,a5,4
    f0d0:	00f12c23          	sw	a5,24(sp)
    f0d4:	00072583          	lw	a1,0(a4)
    f0d8:	00472603          	lw	a2,4(a4)
    f0dc:	00872683          	lw	a3,8(a4)
    f0e0:	00c72703          	lw	a4,12(a4)
    f0e4:	9f0ff06f          	j	e2d4 <_svfprintf_r+0x53c>
    f0e8:	010bf713          	and	a4,s7,16
    f0ec:	6e071663          	bnez	a4,f7d8 <_svfprintf_r+0x1a40>
    f0f0:	040bf713          	and	a4,s7,64
    f0f4:	120718e3          	bnez	a4,fa24 <_svfprintf_r+0x1c8c>
    f0f8:	200bf793          	and	a5,s7,512
    f0fc:	6c078e63          	beqz	a5,f7d8 <_svfprintf_r+0x1a40>
    f100:	01812783          	lw	a5,24(sp)
    f104:	01012703          	lw	a4,16(sp)
    f108:	0007a783          	lw	a5,0(a5)
    f10c:	00e78023          	sb	a4,0(a5)
    f110:	ec0ff06f          	j	e7d0 <_svfprintf_r+0xa38>
    f114:	04012783          	lw	a5,64(sp)
    f118:	0004c883          	lbu	a7,0(s1)
    f11c:	00079463          	bnez	a5,f124 <_svfprintf_r+0x138c>
    f120:	dddfe06f          	j	defc <_svfprintf_r+0x164>
    f124:	0007c783          	lbu	a5,0(a5)
    f128:	00079463          	bnez	a5,f130 <_svfprintf_r+0x1398>
    f12c:	dd1fe06f          	j	defc <_svfprintf_r+0x164>
    f130:	400beb93          	or	s7,s7,1024
    f134:	dc9fe06f          	j	defc <_svfprintf_r+0x164>
    f138:	00078913          	mv	s2,a5
    f13c:	0ec12703          	lw	a4,236(sp)
    f140:	c72042e3          	bgtz	s2,eda4 <_svfprintf_r+0x100c>
    f144:	c89ff06f          	j	edcc <_svfprintf_r+0x1034>
    f148:	86091663          	bnez	s2,e1b4 <_svfprintf_r+0x41c>
    f14c:	00000d13          	li	s10,0
    f150:	000d8b93          	mv	s7,s11
    f154:	1b010c13          	add	s8,sp,432
    f158:	870ff06f          	j	e1c8 <_svfprintf_r+0x430>
    f15c:	00015737          	lui	a4,0x15
    f160:	26070793          	add	a5,a4,608 # 15260 <__clz_tab+0x6e4>
    f164:	02f12e23          	sw	a5,60(sp)
    f168:	020bf713          	and	a4,s7,32
    f16c:	34070263          	beqz	a4,f4b0 <_svfprintf_r+0x1718>
    f170:	01812783          	lw	a5,24(sp)
    f174:	00778a93          	add	s5,a5,7
    f178:	ff8afa93          	and	s5,s5,-8
    f17c:	000aac83          	lw	s9,0(s5)
    f180:	004aad03          	lw	s10,4(s5)
    f184:	008a8793          	add	a5,s5,8
    f188:	00f12c23          	sw	a5,24(sp)
    f18c:	001bf713          	and	a4,s7,1
    f190:	00070e63          	beqz	a4,f1ac <_svfprintf_r+0x1414>
    f194:	01ace733          	or	a4,s9,s10
    f198:	00070a63          	beqz	a4,f1ac <_svfprintf_r+0x1414>
    f19c:	03000713          	li	a4,48
    f1a0:	0ce10423          	sb	a4,200(sp)
    f1a4:	0d1104a3          	sb	a7,201(sp)
    f1a8:	002beb93          	or	s7,s7,2
    f1ac:	bffbfd93          	and	s11,s7,-1025
    f1b0:	00200693          	li	a3,2
    f1b4:	870ff06f          	j	e224 <_svfprintf_r+0x48c>
    f1b8:	000b8d93          	mv	s11,s7
    f1bc:	d80ff06f          	j	e73c <_svfprintf_r+0x9a4>
    f1c0:	0014c883          	lbu	a7,1(s1)
    f1c4:	200beb93          	or	s7,s7,512
    f1c8:	00148493          	add	s1,s1,1
    f1cc:	d31fe06f          	j	defc <_svfprintf_r+0x164>
    f1d0:	0014c883          	lbu	a7,1(s1)
    f1d4:	020beb93          	or	s7,s7,32
    f1d8:	00148493          	add	s1,s1,1
    f1dc:	d21fe06f          	j	defc <_svfprintf_r+0x164>
    f1e0:	00812583          	lw	a1,8(sp)
    f1e4:	0e410613          	add	a2,sp,228
    f1e8:	00098513          	mv	a0,s3
    f1ec:	5f9030ef          	jal	12fe4 <__ssprint_r>
    f1f0:	98051ae3          	bnez	a0,eb84 <_svfprintf_r+0xdec>
    f1f4:	0ec12703          	lw	a4,236(sp)
    f1f8:	000b0413          	mv	s0,s6
    f1fc:	eccff06f          	j	e8c8 <_svfprintf_r+0xb30>
    f200:	00015737          	lui	a4,0x15
    f204:	24c70793          	add	a5,a4,588 # 1524c <__clz_tab+0x6d0>
    f208:	02f12e23          	sw	a5,60(sp)
    f20c:	f5dff06f          	j	f168 <_svfprintf_r+0x13d0>
    f210:	03012503          	lw	a0,48(sp)
    f214:	04000593          	li	a1,64
    f218:	940f60ef          	jal	5358 <_malloc_r>
    f21c:	00812783          	lw	a5,8(sp)
    f220:	00c12283          	lw	t0,12(sp)
    f224:	00a7a023          	sw	a0,0(a5)
    f228:	00a7a823          	sw	a0,16(a5)
    f22c:	00051463          	bnez	a0,f234 <_svfprintf_r+0x149c>
    f230:	3240106f          	j	10554 <_svfprintf_r+0x27bc>
    f234:	00812703          	lw	a4,8(sp)
    f238:	04000793          	li	a5,64
    f23c:	00f72a23          	sw	a5,20(a4)
    f240:	be9fe06f          	j	de28 <_svfprintf_r+0x90>
    f244:	000c0513          	mv	a0,s8
    f248:	05112823          	sw	a7,80(sp)
    f24c:	a15fe0ef          	jal	dc60 <strlen>
    f250:	0c714703          	lbu	a4,199(sp)
    f254:	fff54693          	not	a3,a0
    f258:	41f6d693          	sra	a3,a3,0x1f
    f25c:	01512c23          	sw	s5,24(sp)
    f260:	00012a23          	sw	zero,20(sp)
    f264:	02012423          	sw	zero,40(sp)
    f268:	02012623          	sw	zero,44(sp)
    f26c:	02012023          	sw	zero,32(sp)
    f270:	05012883          	lw	a7,80(sp)
    f274:	00050d13          	mv	s10,a0
    f278:	00d57cb3          	and	s9,a0,a3
    f27c:	00000913          	li	s2,0
    f280:	00070463          	beqz	a4,f288 <_svfprintf_r+0x14f0>
    f284:	f69fe06f          	j	e1ec <_svfprintf_r+0x454>
    f288:	cf5fe06f          	j	df7c <_svfprintf_r+0x1e4>
    f28c:	00016837          	lui	a6,0x16
    f290:	01000593          	li	a1,16
    f294:	0e812603          	lw	a2,232(sp)
    f298:	aec80a93          	add	s5,a6,-1300 # 15aec <zeroes.0>
    f29c:	6525da63          	bge	a1,s2,f8f0 <_svfprintf_r+0x1b58>
    f2a0:	00812d83          	lw	s11,8(sp)
    f2a4:	01000e13          	li	t3,16
    f2a8:	00700d13          	li	s10,7
    f2ac:	00c0006f          	j	f2b8 <_svfprintf_r+0x1520>
    f2b0:	ff090913          	add	s2,s2,-16
    f2b4:	632e5e63          	bge	t3,s2,f8f0 <_svfprintf_r+0x1b58>
    f2b8:	01070713          	add	a4,a4,16
    f2bc:	00160613          	add	a2,a2,1
    f2c0:	01542023          	sw	s5,0(s0)
    f2c4:	01c42223          	sw	t3,4(s0)
    f2c8:	0ee12623          	sw	a4,236(sp)
    f2cc:	0ec12423          	sw	a2,232(sp)
    f2d0:	00840413          	add	s0,s0,8
    f2d4:	fccd5ee3          	bge	s10,a2,f2b0 <_svfprintf_r+0x1518>
    f2d8:	0e410613          	add	a2,sp,228
    f2dc:	000d8593          	mv	a1,s11
    f2e0:	00098513          	mv	a0,s3
    f2e4:	501030ef          	jal	12fe4 <__ssprint_r>
    f2e8:	88051ee3          	bnez	a0,eb84 <_svfprintf_r+0xdec>
    f2ec:	0ec12703          	lw	a4,236(sp)
    f2f0:	0e812603          	lw	a2,232(sp)
    f2f4:	000b0413          	mv	s0,s6
    f2f8:	01000e13          	li	t3,16
    f2fc:	fb5ff06f          	j	f2b0 <_svfprintf_r+0x1518>
    f300:	02c12d03          	lw	s10,44(sp)
    f304:	00016e37          	lui	t3,0x16
    f308:	04912a23          	sw	s1,84(sp)
    f30c:	05712c23          	sw	s7,88(sp)
    f310:	03912623          	sw	s9,44(sp)
    f314:	05412e23          	sw	s4,92(sp)
    f318:	00040613          	mv	a2,s0
    f31c:	000c0c93          	mv	s9,s8
    f320:	04012b83          	lw	s7,64(sp)
    f324:	04c12403          	lw	s0,76(sp)
    f328:	02812c03          	lw	s8,40(sp)
    f32c:	00812483          	lw	s1,8(sp)
    f330:	00700913          	li	s2,7
    f334:	01000d93          	li	s11,16
    f338:	aece0a93          	add	s5,t3,-1300 # 15aec <zeroes.0>
    f33c:	080d0863          	beqz	s10,f3cc <_svfprintf_r+0x1634>
    f340:	160c0263          	beqz	s8,f4a4 <_svfprintf_r+0x170c>
    f344:	fffc0c13          	add	s8,s8,-1
    f348:	04812783          	lw	a5,72(sp)
    f34c:	00870733          	add	a4,a4,s0
    f350:	00862223          	sw	s0,4(a2)
    f354:	00f62023          	sw	a5,0(a2)
    f358:	0e812783          	lw	a5,232(sp)
    f35c:	0ee12623          	sw	a4,236(sp)
    f360:	00860613          	add	a2,a2,8
    f364:	00178793          	add	a5,a5,1
    f368:	0ef12423          	sw	a5,232(sp)
    f36c:	16f94a63          	blt	s2,a5,f4e0 <_svfprintf_r+0x1748>
    f370:	05012783          	lw	a5,80(sp)
    f374:	000bc683          	lbu	a3,0(s7)
    f378:	41978a33          	sub	s4,a5,s9
    f37c:	0146d463          	bge	a3,s4,f384 <_svfprintf_r+0x15ec>
    f380:	00068a13          	mv	s4,a3
    f384:	03405663          	blez	s4,f3b0 <_svfprintf_r+0x1618>
    f388:	0e812683          	lw	a3,232(sp)
    f38c:	01470733          	add	a4,a4,s4
    f390:	01962023          	sw	s9,0(a2)
    f394:	00168693          	add	a3,a3,1
    f398:	01462223          	sw	s4,4(a2)
    f39c:	0ee12623          	sw	a4,236(sp)
    f3a0:	0ed12423          	sw	a3,232(sp)
    f3a4:	38d94663          	blt	s2,a3,f730 <_svfprintf_r+0x1998>
    f3a8:	000bc683          	lbu	a3,0(s7)
    f3ac:	00860613          	add	a2,a2,8
    f3b0:	fffa4593          	not	a1,s4
    f3b4:	41f5d593          	sra	a1,a1,0x1f
    f3b8:	00ba77b3          	and	a5,s4,a1
    f3bc:	40f68a33          	sub	s4,a3,a5
    f3c0:	03404e63          	bgtz	s4,f3fc <_svfprintf_r+0x1664>
    f3c4:	00dc8cb3          	add	s9,s9,a3
    f3c8:	f60d1ce3          	bnez	s10,f340 <_svfprintf_r+0x15a8>
    f3cc:	f60c1ce3          	bnez	s8,f344 <_svfprintf_r+0x15ac>
    f3d0:	05012783          	lw	a5,80(sp)
    f3d4:	05712023          	sw	s7,64(sp)
    f3d8:	000c8c13          	mv	s8,s9
    f3dc:	05412483          	lw	s1,84(sp)
    f3e0:	05812b83          	lw	s7,88(sp)
    f3e4:	05c12a03          	lw	s4,92(sp)
    f3e8:	02c12c83          	lw	s9,44(sp)
    f3ec:	00060413          	mv	s0,a2
    f3f0:	a187f2e3          	bgeu	a5,s8,edf4 <_svfprintf_r+0x105c>
    f3f4:	00078c13          	mv	s8,a5
    f3f8:	9fdff06f          	j	edf4 <_svfprintf_r+0x105c>
    f3fc:	000165b7          	lui	a1,0x16
    f400:	0e812683          	lw	a3,232(sp)
    f404:	aec58593          	add	a1,a1,-1300 # 15aec <zeroes.0>
    f408:	074dd863          	bge	s11,s4,f478 <_svfprintf_r+0x16e0>
    f40c:	02812023          	sw	s0,32(sp)
    f410:	000a0413          	mv	s0,s4
    f414:	000a8a13          	mv	s4,s5
    f418:	00c0006f          	j	f424 <_svfprintf_r+0x168c>
    f41c:	ff040413          	add	s0,s0,-16
    f420:	048dd663          	bge	s11,s0,f46c <_svfprintf_r+0x16d4>
    f424:	01070713          	add	a4,a4,16
    f428:	00168693          	add	a3,a3,1
    f42c:	01562023          	sw	s5,0(a2)
    f430:	01b62223          	sw	s11,4(a2)
    f434:	0ee12623          	sw	a4,236(sp)
    f438:	0ed12423          	sw	a3,232(sp)
    f43c:	00860613          	add	a2,a2,8
    f440:	fcd95ee3          	bge	s2,a3,f41c <_svfprintf_r+0x1684>
    f444:	0e410613          	add	a2,sp,228
    f448:	00048593          	mv	a1,s1
    f44c:	00098513          	mv	a0,s3
    f450:	395030ef          	jal	12fe4 <__ssprint_r>
    f454:	f2051863          	bnez	a0,eb84 <_svfprintf_r+0xdec>
    f458:	ff040413          	add	s0,s0,-16
    f45c:	0ec12703          	lw	a4,236(sp)
    f460:	0e812683          	lw	a3,232(sp)
    f464:	000b0613          	mv	a2,s6
    f468:	fa8dcee3          	blt	s11,s0,f424 <_svfprintf_r+0x168c>
    f46c:	000a0593          	mv	a1,s4
    f470:	00040a13          	mv	s4,s0
    f474:	02012403          	lw	s0,32(sp)
    f478:	00ea0733          	add	a4,s4,a4
    f47c:	00168693          	add	a3,a3,1
    f480:	00b62023          	sw	a1,0(a2)
    f484:	01462223          	sw	s4,4(a2)
    f488:	0ee12623          	sw	a4,236(sp)
    f48c:	0ed12423          	sw	a3,232(sp)
    f490:	4ad94ce3          	blt	s2,a3,10148 <_svfprintf_r+0x23b0>
    f494:	000bc683          	lbu	a3,0(s7)
    f498:	00860613          	add	a2,a2,8
    f49c:	00dc8cb3          	add	s9,s9,a3
    f4a0:	f29ff06f          	j	f3c8 <_svfprintf_r+0x1630>
    f4a4:	fffb8b93          	add	s7,s7,-1
    f4a8:	fffd0d13          	add	s10,s10,-1
    f4ac:	e9dff06f          	j	f348 <_svfprintf_r+0x15b0>
    f4b0:	01812783          	lw	a5,24(sp)
    f4b4:	010bf713          	and	a4,s7,16
    f4b8:	0007ac83          	lw	s9,0(a5)
    f4bc:	00478793          	add	a5,a5,4
    f4c0:	00f12c23          	sw	a5,24(sp)
    f4c4:	04071263          	bnez	a4,f508 <_svfprintf_r+0x1770>
    f4c8:	040bf713          	and	a4,s7,64
    f4cc:	02070a63          	beqz	a4,f500 <_svfprintf_r+0x1768>
    f4d0:	010c9c93          	sll	s9,s9,0x10
    f4d4:	010cdc93          	srl	s9,s9,0x10
    f4d8:	00000d13          	li	s10,0
    f4dc:	cb1ff06f          	j	f18c <_svfprintf_r+0x13f4>
    f4e0:	0e410613          	add	a2,sp,228
    f4e4:	00048593          	mv	a1,s1
    f4e8:	00098513          	mv	a0,s3
    f4ec:	2f9030ef          	jal	12fe4 <__ssprint_r>
    f4f0:	e8051a63          	bnez	a0,eb84 <_svfprintf_r+0xdec>
    f4f4:	0ec12703          	lw	a4,236(sp)
    f4f8:	000b0613          	mv	a2,s6
    f4fc:	e75ff06f          	j	f370 <_svfprintf_r+0x15d8>
    f500:	200bf713          	and	a4,s7,512
    f504:	76071e63          	bnez	a4,fc80 <_svfprintf_r+0x1ee8>
    f508:	00000d13          	li	s10,0
    f50c:	c81ff06f          	j	f18c <_svfprintf_r+0x13f4>
    f510:	ccccde37          	lui	t3,0xccccd
    f514:	04012703          	lw	a4,64(sp)
    f518:	400dfe93          	and	t4,s11,1024
    f51c:	00000593          	li	a1,0
    f520:	1b010613          	add	a2,sp,432
    f524:	00500813          	li	a6,5
    f528:	ccde0693          	add	a3,t3,-819 # cccccccd <_stack_top+0xacbccccd>
    f52c:	ccce0b93          	add	s7,t3,-820
    f530:	0ff00a93          	li	s5,255
    f534:	0540006f          	j	f588 <_svfprintf_r+0x17f0>
    f538:	019c37b3          	sltu	a5,s8,s9
    f53c:	00fc07b3          	add	a5,s8,a5
    f540:	0307f7b3          	remu	a5,a5,a6
    f544:	40fc87b3          	sub	a5,s9,a5
    f548:	00fcb633          	sltu	a2,s9,a5
    f54c:	40cd0633          	sub	a2,s10,a2
    f550:	03778e33          	mul	t3,a5,s7
    f554:	02d60633          	mul	a2,a2,a3
    f558:	02d7b533          	mulhu	a0,a5,a3
    f55c:	01c60633          	add	a2,a2,t3
    f560:	02d787b3          	mul	a5,a5,a3
    f564:	00a60633          	add	a2,a2,a0
    f568:	01f61513          	sll	a0,a2,0x1f
    f56c:	00165613          	srl	a2,a2,0x1
    f570:	0017d793          	srl	a5,a5,0x1
    f574:	00f567b3          	or	a5,a0,a5
    f578:	3e0d0ee3          	beqz	s10,10174 <_svfprintf_r+0x23dc>
    f57c:	00060d13          	mv	s10,a2
    f580:	00078c93          	mv	s9,a5
    f584:	00030613          	mv	a2,t1
    f588:	01ac8c33          	add	s8,s9,s10
    f58c:	019c37b3          	sltu	a5,s8,s9
    f590:	00fc07b3          	add	a5,s8,a5
    f594:	0307f7b3          	remu	a5,a5,a6
    f598:	fff60313          	add	t1,a2,-1
    f59c:	00158593          	add	a1,a1,1
    f5a0:	40fc87b3          	sub	a5,s9,a5
    f5a4:	00fcb533          	sltu	a0,s9,a5
    f5a8:	40ad0533          	sub	a0,s10,a0
    f5ac:	02d7be33          	mulhu	t3,a5,a3
    f5b0:	02d50533          	mul	a0,a0,a3
    f5b4:	02d787b3          	mul	a5,a5,a3
    f5b8:	01c50533          	add	a0,a0,t3
    f5bc:	01f51513          	sll	a0,a0,0x1f
    f5c0:	0017d793          	srl	a5,a5,0x1
    f5c4:	00f567b3          	or	a5,a0,a5
    f5c8:	00279513          	sll	a0,a5,0x2
    f5cc:	00f507b3          	add	a5,a0,a5
    f5d0:	00179793          	sll	a5,a5,0x1
    f5d4:	40fc87b3          	sub	a5,s9,a5
    f5d8:	03078793          	add	a5,a5,48
    f5dc:	fef60fa3          	sb	a5,-1(a2)
    f5e0:	f40e8ce3          	beqz	t4,f538 <_svfprintf_r+0x17a0>
    f5e4:	00074783          	lbu	a5,0(a4)
    f5e8:	f4f598e3          	bne	a1,a5,f538 <_svfprintf_r+0x17a0>
    f5ec:	f55586e3          	beq	a1,s5,f538 <_svfprintf_r+0x17a0>
    f5f0:	340d1263          	bnez	s10,f934 <_svfprintf_r+0x1b9c>
    f5f4:	00900793          	li	a5,9
    f5f8:	3397ee63          	bltu	a5,s9,f934 <_svfprintf_r+0x1b9c>
    f5fc:	00030c13          	mv	s8,t1
    f600:	1b010793          	add	a5,sp,432
    f604:	04e12023          	sw	a4,64(sp)
    f608:	02b12223          	sw	a1,36(sp)
    f60c:	41878d33          	sub	s10,a5,s8
    f610:	000d8b93          	mv	s7,s11
    f614:	bb5fe06f          	j	e1c8 <_svfprintf_r+0x430>
    f618:	0ec12703          	lw	a4,236(sp)
    f61c:	0e812603          	lw	a2,232(sp)
    f620:	000155b7          	lui	a1,0x15
    f624:	27c58593          	add	a1,a1,636 # 1527c <__clz_tab+0x700>
    f628:	00b42023          	sw	a1,0(s0)
    f62c:	00170713          	add	a4,a4,1
    f630:	00100593          	li	a1,1
    f634:	00160613          	add	a2,a2,1
    f638:	00b42223          	sw	a1,4(s0)
    f63c:	0ee12623          	sw	a4,236(sp)
    f640:	0ec12423          	sw	a2,232(sp)
    f644:	00700593          	li	a1,7
    f648:	00840413          	add	s0,s0,8
    f64c:	06c5cc63          	blt	a1,a2,f6c4 <_svfprintf_r+0x192c>
    f650:	1a051e63          	bnez	a0,f80c <_svfprintf_r+0x1a74>
    f654:	02412783          	lw	a5,36(sp)
    f658:	001bf613          	and	a2,s7,1
    f65c:	00f66633          	or	a2,a2,a5
    f660:	00061463          	bnez	a2,f668 <_svfprintf_r+0x18d0>
    f664:	9edfe06f          	j	e050 <_svfprintf_r+0x2b8>
    f668:	03412783          	lw	a5,52(sp)
    f66c:	0e812603          	lw	a2,232(sp)
    f670:	03812683          	lw	a3,56(sp)
    f674:	00e78733          	add	a4,a5,a4
    f678:	00160613          	add	a2,a2,1
    f67c:	00d42023          	sw	a3,0(s0)
    f680:	00f42223          	sw	a5,4(s0)
    f684:	0ee12623          	sw	a4,236(sp)
    f688:	0ec12423          	sw	a2,232(sp)
    f68c:	00700593          	li	a1,7
    f690:	60c5cc63          	blt	a1,a2,fca8 <_svfprintf_r+0x1f10>
    f694:	00840413          	add	s0,s0,8
    f698:	02412783          	lw	a5,36(sp)
    f69c:	00160613          	add	a2,a2,1
    f6a0:	01842023          	sw	s8,0(s0)
    f6a4:	00e78733          	add	a4,a5,a4
    f6a8:	00f42223          	sw	a5,4(s0)
    f6ac:	0ee12623          	sw	a4,236(sp)
    f6b0:	0ec12423          	sw	a2,232(sp)
    f6b4:	00700593          	li	a1,7
    f6b8:	00c5c463          	blt	a1,a2,f6c0 <_svfprintf_r+0x1928>
    f6bc:	991fe06f          	j	e04c <_svfprintf_r+0x2b4>
    f6c0:	e09fe06f          	j	e4c8 <_svfprintf_r+0x730>
    f6c4:	00812583          	lw	a1,8(sp)
    f6c8:	0e410613          	add	a2,sp,228
    f6cc:	00098513          	mv	a0,s3
    f6d0:	115030ef          	jal	12fe4 <__ssprint_r>
    f6d4:	ca051863          	bnez	a0,eb84 <_svfprintf_r+0xdec>
    f6d8:	0cc12503          	lw	a0,204(sp)
    f6dc:	0ec12703          	lw	a4,236(sp)
    f6e0:	000b0413          	mv	s0,s6
    f6e4:	f6dff06f          	j	f650 <_svfprintf_r+0x18b8>
    f6e8:	00812583          	lw	a1,8(sp)
    f6ec:	0e410613          	add	a2,sp,228
    f6f0:	00098513          	mv	a0,s3
    f6f4:	0f1030ef          	jal	12fe4 <__ssprint_r>
    f6f8:	c8051663          	bnez	a0,eb84 <_svfprintf_r+0xdec>
    f6fc:	0ec12703          	lw	a4,236(sp)
    f700:	000b0413          	mv	s0,s6
    f704:	988ff06f          	j	e88c <_svfprintf_r+0xaf4>
    f708:	01542023          	sw	s5,0(s0)
    f70c:	01242223          	sw	s2,4(s0)
    f710:	01270733          	add	a4,a4,s2
    f714:	00160613          	add	a2,a2,1
    f718:	0ee12623          	sw	a4,236(sp)
    f71c:	0ec12423          	sw	a2,232(sp)
    f720:	00700593          	li	a1,7
    f724:	00c5c463          	blt	a1,a2,f72c <_svfprintf_r+0x1994>
    f728:	925fe06f          	j	e04c <_svfprintf_r+0x2b4>
    f72c:	d9dfe06f          	j	e4c8 <_svfprintf_r+0x730>
    f730:	0e410613          	add	a2,sp,228
    f734:	00048593          	mv	a1,s1
    f738:	00098513          	mv	a0,s3
    f73c:	0a9030ef          	jal	12fe4 <__ssprint_r>
    f740:	c4051263          	bnez	a0,eb84 <_svfprintf_r+0xdec>
    f744:	000bc683          	lbu	a3,0(s7)
    f748:	0ec12703          	lw	a4,236(sp)
    f74c:	000b0613          	mv	a2,s6
    f750:	c61ff06f          	j	f3b0 <_svfprintf_r+0x1618>
    f754:	0f012703          	lw	a4,240(sp)
    f758:	0a010593          	add	a1,sp,160
    f75c:	0b010513          	add	a0,sp,176
    f760:	0ae12823          	sw	a4,176(sp)
    f764:	0f412703          	lw	a4,244(sp)
    f768:	0a012023          	sw	zero,160(sp)
    f76c:	0a012223          	sw	zero,164(sp)
    f770:	0ae12a23          	sw	a4,180(sp)
    f774:	0f812703          	lw	a4,248(sp)
    f778:	0a012423          	sw	zero,168(sp)
    f77c:	0a012623          	sw	zero,172(sp)
    f780:	0ae12c23          	sw	a4,184(sp)
    f784:	0fc12703          	lw	a4,252(sp)
    f788:	0ae12e23          	sw	a4,188(sp)
    f78c:	f09f10ef          	jal	1694 <__letf2>
    f790:	01412883          	lw	a7,20(sp)
    f794:	36054ee3          	bltz	a0,10310 <_svfprintf_r+0x2578>
    f798:	0c714703          	lbu	a4,199(sp)
    f79c:	04700693          	li	a3,71
    f7a0:	2316dc63          	bge	a3,a7,f9d8 <_svfprintf_r+0x1c40>
    f7a4:	000152b7          	lui	t0,0x15
    f7a8:	24028c13          	add	s8,t0,576 # 15240 <__clz_tab+0x6c4>
    f7ac:	00012a23          	sw	zero,20(sp)
    f7b0:	02012423          	sw	zero,40(sp)
    f7b4:	02012623          	sw	zero,44(sp)
    f7b8:	02012023          	sw	zero,32(sp)
    f7bc:	f7fbfb93          	and	s7,s7,-129
    f7c0:	00300c93          	li	s9,3
    f7c4:	00300d13          	li	s10,3
    f7c8:	00000913          	li	s2,0
    f7cc:	00070463          	beqz	a4,f7d4 <_svfprintf_r+0x1a3c>
    f7d0:	a1dfe06f          	j	e1ec <_svfprintf_r+0x454>
    f7d4:	fa8fe06f          	j	df7c <_svfprintf_r+0x1e4>
    f7d8:	01812783          	lw	a5,24(sp)
    f7dc:	01012703          	lw	a4,16(sp)
    f7e0:	0007a783          	lw	a5,0(a5)
    f7e4:	00e7a023          	sw	a4,0(a5)
    f7e8:	fe9fe06f          	j	e7d0 <_svfprintf_r+0xa38>
    f7ec:	00600713          	li	a4,6
    f7f0:	00090d13          	mv	s10,s2
    f7f4:	21276863          	bltu	a4,s2,fa04 <_svfprintf_r+0x1c6c>
    f7f8:	000152b7          	lui	t0,0x15
    f7fc:	000d0c93          	mv	s9,s10
    f800:	01512c23          	sw	s5,24(sp)
    f804:	27428c13          	add	s8,t0,628 # 15274 <__clz_tab+0x6f8>
    f808:	f60fe06f          	j	df68 <_svfprintf_r+0x1d0>
    f80c:	03412783          	lw	a5,52(sp)
    f810:	0e812603          	lw	a2,232(sp)
    f814:	03812683          	lw	a3,56(sp)
    f818:	00e78733          	add	a4,a5,a4
    f81c:	00160613          	add	a2,a2,1
    f820:	00d42023          	sw	a3,0(s0)
    f824:	00f42223          	sw	a5,4(s0)
    f828:	0ee12623          	sw	a4,236(sp)
    f82c:	0ec12423          	sw	a2,232(sp)
    f830:	00700593          	li	a1,7
    f834:	00840413          	add	s0,s0,8
    f838:	46c5c863          	blt	a1,a2,fca8 <_svfprintf_r+0x1f10>
    f83c:	e4055ee3          	bgez	a0,f698 <_svfprintf_r+0x1900>
    f840:	00016837          	lui	a6,0x16
    f844:	ff000593          	li	a1,-16
    f848:	40a00933          	neg	s2,a0
    f84c:	aec80a93          	add	s5,a6,-1300 # 15aec <zeroes.0>
    f850:	01000d13          	li	s10,16
    f854:	00700d93          	li	s11,7
    f858:	00b54863          	blt	a0,a1,f868 <_svfprintf_r+0x1ad0>
    f85c:	3ad0006f          	j	10408 <_svfprintf_r+0x2670>
    f860:	ff090913          	add	s2,s2,-16
    f864:	3b2d52e3          	bge	s10,s2,10408 <_svfprintf_r+0x2670>
    f868:	01070713          	add	a4,a4,16
    f86c:	00160613          	add	a2,a2,1
    f870:	01542023          	sw	s5,0(s0)
    f874:	01a42223          	sw	s10,4(s0)
    f878:	0ee12623          	sw	a4,236(sp)
    f87c:	0ec12423          	sw	a2,232(sp)
    f880:	00840413          	add	s0,s0,8
    f884:	fccddee3          	bge	s11,a2,f860 <_svfprintf_r+0x1ac8>
    f888:	00812583          	lw	a1,8(sp)
    f88c:	0e410613          	add	a2,sp,228
    f890:	00098513          	mv	a0,s3
    f894:	750030ef          	jal	12fe4 <__ssprint_r>
    f898:	ae051663          	bnez	a0,eb84 <_svfprintf_r+0xdec>
    f89c:	0ec12703          	lw	a4,236(sp)
    f8a0:	0e812603          	lw	a2,232(sp)
    f8a4:	000b0413          	mv	s0,s6
    f8a8:	fb9ff06f          	j	f860 <_svfprintf_r+0x1ac8>
    f8ac:	00048793          	mv	a5,s1
    f8b0:	000a0493          	mv	s1,s4
    f8b4:	000a8a13          	mv	s4,s5
    f8b8:	00078a93          	mv	s5,a5
    f8bc:	008d8db3          	add	s11,s11,s0
    f8c0:	00190913          	add	s2,s2,1
    f8c4:	015d2023          	sw	s5,0(s10)
    f8c8:	bbdfe06f          	j	e484 <_svfprintf_r+0x6ec>
    f8cc:	0fc12703          	lw	a4,252(sp)
    f8d0:	3a075e63          	bgez	a4,fc8c <_svfprintf_r+0x1ef4>
    f8d4:	02d00713          	li	a4,45
    f8d8:	0ce103a3          	sb	a4,199(sp)
    f8dc:	04700693          	li	a3,71
    f8e0:	2916dce3          	bge	a3,a7,10378 <_svfprintf_r+0x25e0>
    f8e4:	000152b7          	lui	t0,0x15
    f8e8:	24828c13          	add	s8,t0,584 # 15248 <__clz_tab+0x6cc>
    f8ec:	ec1ff06f          	j	f7ac <_svfprintf_r+0x1a14>
    f8f0:	00e90733          	add	a4,s2,a4
    f8f4:	00160613          	add	a2,a2,1
    f8f8:	01542023          	sw	s5,0(s0)
    f8fc:	01242223          	sw	s2,4(s0)
    f900:	0ee12623          	sw	a4,236(sp)
    f904:	0ec12423          	sw	a2,232(sp)
    f908:	00700593          	li	a1,7
    f90c:	00840413          	add	s0,s0,8
    f910:	ccc5da63          	bge	a1,a2,ede4 <_svfprintf_r+0x104c>
    f914:	00812583          	lw	a1,8(sp)
    f918:	0e410613          	add	a2,sp,228
    f91c:	00098513          	mv	a0,s3
    f920:	6c4030ef          	jal	12fe4 <__ssprint_r>
    f924:	a6051063          	bnez	a0,eb84 <_svfprintf_r+0xdec>
    f928:	0ec12703          	lw	a4,236(sp)
    f92c:	000b0413          	mv	s0,s6
    f930:	cb4ff06f          	j	ede4 <_svfprintf_r+0x104c>
    f934:	04c12783          	lw	a5,76(sp)
    f938:	04812583          	lw	a1,72(sp)
    f93c:	03d12423          	sw	t4,40(sp)
    f940:	40f30333          	sub	t1,t1,a5
    f944:	00078613          	mv	a2,a5
    f948:	00030513          	mv	a0,t1
    f94c:	03112223          	sw	a7,36(sp)
    f950:	02e12023          	sw	a4,32(sp)
    f954:	00612a23          	sw	t1,20(sp)
    f958:	b94fe0ef          	jal	dcec <strncpy>
    f95c:	019c37b3          	sltu	a5,s8,s9
    f960:	00500613          	li	a2,5
    f964:	00fc07b3          	add	a5,s8,a5
    f968:	02c7f7b3          	remu	a5,a5,a2
    f96c:	02012703          	lw	a4,32(sp)
    f970:	ccccd637          	lui	a2,0xccccd
    f974:	ccd60e13          	add	t3,a2,-819 # cccccccd <_stack_top+0xacbccccd>
    f978:	ccc60513          	add	a0,a2,-820
    f97c:	00174603          	lbu	a2,1(a4)
    f980:	01412303          	lw	t1,20(sp)
    f984:	02412883          	lw	a7,36(sp)
    f988:	00c03633          	snez	a2,a2
    f98c:	00c70733          	add	a4,a4,a2
    f990:	02812e83          	lw	t4,40(sp)
    f994:	00000593          	li	a1,0
    f998:	00500813          	li	a6,5
    f99c:	000e0693          	mv	a3,t3
    f9a0:	40fc87b3          	sub	a5,s9,a5
    f9a4:	00fcb633          	sltu	a2,s9,a5
    f9a8:	40cd0633          	sub	a2,s10,a2
    f9ac:	02a78533          	mul	a0,a5,a0
    f9b0:	03c60633          	mul	a2,a2,t3
    f9b4:	03c7bf33          	mulhu	t5,a5,t3
    f9b8:	00a60633          	add	a2,a2,a0
    f9bc:	03c78533          	mul	a0,a5,t3
    f9c0:	01e60633          	add	a2,a2,t5
    f9c4:	01f61793          	sll	a5,a2,0x1f
    f9c8:	00165613          	srl	a2,a2,0x1
    f9cc:	00155513          	srl	a0,a0,0x1
    f9d0:	00a7e7b3          	or	a5,a5,a0
    f9d4:	ba9ff06f          	j	f57c <_svfprintf_r+0x17e4>
    f9d8:	000152b7          	lui	t0,0x15
    f9dc:	23c28c13          	add	s8,t0,572 # 1523c <__clz_tab+0x6c0>
    f9e0:	dcdff06f          	j	f7ac <_svfprintf_r+0x1a14>
    f9e4:	00812583          	lw	a1,8(sp)
    f9e8:	0e410613          	add	a2,sp,228
    f9ec:	00098513          	mv	a0,s3
    f9f0:	5f4030ef          	jal	12fe4 <__ssprint_r>
    f9f4:	98051863          	bnez	a0,eb84 <_svfprintf_r+0xdec>
    f9f8:	0ec12703          	lw	a4,236(sp)
    f9fc:	000b0413          	mv	s0,s6
    fa00:	bccff06f          	j	edcc <_svfprintf_r+0x1034>
    fa04:	00600d13          	li	s10,6
    fa08:	df1ff06f          	j	f7f8 <_svfprintf_r+0x1a60>
    fa0c:	40c78633          	sub	a2,a5,a2
    fa10:	05012783          	lw	a5,80(sp)
    fa14:	41878933          	sub	s2,a5,s8
    fa18:	c7265663          	bge	a2,s2,ee84 <_svfprintf_r+0x10ec>
    fa1c:	00060913          	mv	s2,a2
    fa20:	c64ff06f          	j	ee84 <_svfprintf_r+0x10ec>
    fa24:	01812783          	lw	a5,24(sp)
    fa28:	01012703          	lw	a4,16(sp)
    fa2c:	0007a783          	lw	a5,0(a5)
    fa30:	00e79023          	sh	a4,0(a5)
    fa34:	d9dfe06f          	j	e7d0 <_svfprintf_r+0xa38>
    fa38:	00090693          	mv	a3,s2
    fa3c:	00200613          	li	a2,2
    fa40:	0b010b93          	add	s7,sp,176
    fa44:	0d010793          	add	a5,sp,208
    fa48:	0dc10813          	add	a6,sp,220
    fa4c:	0cc10713          	add	a4,sp,204
    fa50:	000b8593          	mv	a1,s7
    fa54:	00098513          	mv	a0,s3
    fa58:	05112a23          	sw	a7,84(sp)
    fa5c:	04d12823          	sw	a3,80(sp)
    fa60:	0be12823          	sw	t5,176(sp)
    fa64:	03e12423          	sw	t5,40(sp)
    fa68:	0bd12a23          	sw	t4,180(sp)
    fa6c:	03d12223          	sw	t4,36(sp)
    fa70:	0bc12c23          	sw	t3,184(sp)
    fa74:	03c12023          	sw	t3,32(sp)
    fa78:	0bb12e23          	sw	s11,188(sp)
    fa7c:	ae0fb0ef          	jal	ad5c <_ldtoa_r>
    fa80:	05412883          	lw	a7,84(sp)
    fa84:	06700793          	li	a5,103
    fa88:	02012e03          	lw	t3,32(sp)
    fa8c:	02412e83          	lw	t4,36(sp)
    fa90:	02812f03          	lw	t5,40(sp)
    fa94:	05012683          	lw	a3,80(sp)
    fa98:	00050c13          	mv	s8,a0
    fa9c:	60f88263          	beq	a7,a5,100a0 <_svfprintf_r+0x2308>
    faa0:	04700793          	li	a5,71
    faa4:	5ef88e63          	beq	a7,a5,100a0 <_svfprintf_r+0x2308>
    faa8:	fdf8fa93          	and	s5,a7,-33
    faac:	04600613          	li	a2,70
    fab0:	00d50cb3          	add	s9,a0,a3
    fab4:	0a010d13          	add	s10,sp,160
    fab8:	00ca9c63          	bne	s5,a2,fad0 <_svfprintf_r+0x1d38>
    fabc:	00054583          	lbu	a1,0(a0)
    fac0:	03000613          	li	a2,48
    fac4:	20c58e63          	beq	a1,a2,fce0 <_svfprintf_r+0x1f48>
    fac8:	0cc12683          	lw	a3,204(sp)
    facc:	00dc8cb3          	add	s9,s9,a3
    fad0:	000b8513          	mv	a0,s7
    fad4:	000d0593          	mv	a1,s10
    fad8:	03112023          	sw	a7,32(sp)
    fadc:	0be12823          	sw	t5,176(sp)
    fae0:	0bd12a23          	sw	t4,180(sp)
    fae4:	0bc12c23          	sw	t3,184(sp)
    fae8:	0bb12e23          	sw	s11,188(sp)
    faec:	0a012023          	sw	zero,160(sp)
    faf0:	0a012223          	sw	zero,164(sp)
    faf4:	0a012423          	sw	zero,168(sp)
    faf8:	0a012623          	sw	zero,172(sp)
    fafc:	961f10ef          	jal	145c <__eqtf2>
    fb00:	02012883          	lw	a7,32(sp)
    fb04:	000c8b93          	mv	s7,s9
    fb08:	02050263          	beqz	a0,fb2c <_svfprintf_r+0x1d94>
    fb0c:	0dc12b83          	lw	s7,220(sp)
    fb10:	019bfe63          	bgeu	s7,s9,fb2c <_svfprintf_r+0x1d94>
    fb14:	03000613          	li	a2,48
    fb18:	001b8793          	add	a5,s7,1
    fb1c:	0cf12e23          	sw	a5,220(sp)
    fb20:	00cb8023          	sb	a2,0(s7)
    fb24:	0dc12b83          	lw	s7,220(sp)
    fb28:	ff9be8e3          	bltu	s7,s9,fb18 <_svfprintf_r+0x1d80>
    fb2c:	418b87b3          	sub	a5,s7,s8
    fb30:	02f12223          	sw	a5,36(sp)
    fb34:	0cc12683          	lw	a3,204(sp)
    fb38:	04700793          	li	a5,71
    fb3c:	02d12023          	sw	a3,32(sp)
    fb40:	56fa8e63          	beq	s5,a5,100bc <_svfprintf_r+0x2324>
    fb44:	04600793          	li	a5,70
    fb48:	04fa82e3          	beq	s5,a5,1038c <_svfprintf_r+0x25f4>
    fb4c:	fff68793          	add	a5,a3,-1
    fb50:	0cf12623          	sw	a5,204(sp)
    fb54:	06100713          	li	a4,97
    fb58:	2ae88ee3          	beq	a7,a4,10614 <_svfprintf_r+0x287c>
    fb5c:	04100613          	li	a2,65
    fb60:	05000713          	li	a4,80
    fb64:	56c89a63          	bne	a7,a2,100d8 <_svfprintf_r+0x2340>
    fb68:	00100613          	li	a2,1
    fb6c:	0ce10a23          	sb	a4,212(sp)
    fb70:	02b00713          	li	a4,43
    fb74:	0007d863          	bgez	a5,fb84 <_svfprintf_r+0x1dec>
    fb78:	00100793          	li	a5,1
    fb7c:	40d787b3          	sub	a5,a5,a3
    fb80:	02d00713          	li	a4,45
    fb84:	0ce10aa3          	sb	a4,213(sp)
    fb88:	00900713          	li	a4,9
    fb8c:	0cf75ae3          	bge	a4,a5,10460 <_svfprintf_r+0x26c8>
    fb90:	0e310813          	add	a6,sp,227
    fb94:	00080613          	mv	a2,a6
    fb98:	00a00593          	li	a1,10
    fb9c:	06300e13          	li	t3,99
    fba0:	02b7e733          	rem	a4,a5,a1
    fba4:	00060693          	mv	a3,a2
    fba8:	00078513          	mv	a0,a5
    fbac:	fff60613          	add	a2,a2,-1
    fbb0:	03070713          	add	a4,a4,48
    fbb4:	fee68fa3          	sb	a4,-1(a3)
    fbb8:	02b7c7b3          	div	a5,a5,a1
    fbbc:	feae42e3          	blt	t3,a0,fba0 <_svfprintf_r+0x1e08>
    fbc0:	03078793          	add	a5,a5,48
    fbc4:	ffe68713          	add	a4,a3,-2
    fbc8:	fef60fa3          	sb	a5,-1(a2)
    fbcc:	250778e3          	bgeu	a4,a6,1061c <_svfprintf_r+0x2884>
    fbd0:	0d610793          	add	a5,sp,214
    fbd4:	00074603          	lbu	a2,0(a4)
    fbd8:	00170713          	add	a4,a4,1
    fbdc:	00178793          	add	a5,a5,1
    fbe0:	fec78fa3          	sb	a2,-1(a5)
    fbe4:	ff0718e3          	bne	a4,a6,fbd4 <_svfprintf_r+0x1e3c>
    fbe8:	0e510793          	add	a5,sp,229
    fbec:	0d610713          	add	a4,sp,214
    fbf0:	40d787b3          	sub	a5,a5,a3
    fbf4:	00f707b3          	add	a5,a4,a5
    fbf8:	0d410713          	add	a4,sp,212
    fbfc:	40e787b3          	sub	a5,a5,a4
    fc00:	04f12223          	sw	a5,68(sp)
    fc04:	04412683          	lw	a3,68(sp)
    fc08:	02412703          	lw	a4,36(sp)
    fc0c:	00100793          	li	a5,1
    fc10:	00e68d33          	add	s10,a3,a4
    fc14:	0ee7dee3          	bge	a5,a4,10510 <_svfprintf_r+0x2778>
    fc18:	03412783          	lw	a5,52(sp)
    fc1c:	00fd0d33          	add	s10,s10,a5
    fc20:	02c12783          	lw	a5,44(sp)
    fc24:	fffd4693          	not	a3,s10
    fc28:	41f6d693          	sra	a3,a3,0x1f
    fc2c:	bff7f793          	and	a5,a5,-1025
    fc30:	1007eb93          	or	s7,a5,256
    fc34:	00dd7cb3          	and	s9,s10,a3
    fc38:	02012423          	sw	zero,40(sp)
    fc3c:	02012623          	sw	zero,44(sp)
    fc40:	02012023          	sw	zero,32(sp)
    fc44:	06012783          	lw	a5,96(sp)
    fc48:	48078e63          	beqz	a5,100e4 <_svfprintf_r+0x234c>
    fc4c:	02d00713          	li	a4,45
    fc50:	0ce103a3          	sb	a4,199(sp)
    fc54:	00000913          	li	s2,0
    fc58:	001c8c93          	add	s9,s9,1
    fc5c:	b20fe06f          	j	df7c <_svfprintf_r+0x1e4>
    fc60:	0ffcfc93          	zext.b	s9,s9
    fc64:	00000d13          	li	s10,0
    fc68:	db4fe06f          	j	e21c <_svfprintf_r+0x484>
    fc6c:	018c9c93          	sll	s9,s9,0x18
    fc70:	418cdc93          	sra	s9,s9,0x18
    fc74:	41fcdd13          	sra	s10,s9,0x1f
    fc78:	000d0713          	mv	a4,s10
    fc7c:	d04fe06f          	j	e180 <_svfprintf_r+0x3e8>
    fc80:	0ffcfc93          	zext.b	s9,s9
    fc84:	00000d13          	li	s10,0
    fc88:	d04ff06f          	j	f18c <_svfprintf_r+0x13f4>
    fc8c:	0c714703          	lbu	a4,199(sp)
    fc90:	c4dff06f          	j	f8dc <_svfprintf_r+0x1b44>
    fc94:	00812583          	lw	a1,8(sp)
    fc98:	03012503          	lw	a0,48(sp)
    fc9c:	0e410613          	add	a2,sp,228
    fca0:	344030ef          	jal	12fe4 <__ssprint_r>
    fca4:	c0cfe06f          	j	e0b0 <_svfprintf_r+0x318>
    fca8:	00812583          	lw	a1,8(sp)
    fcac:	0e410613          	add	a2,sp,228
    fcb0:	00098513          	mv	a0,s3
    fcb4:	330030ef          	jal	12fe4 <__ssprint_r>
    fcb8:	00050463          	beqz	a0,fcc0 <_svfprintf_r+0x1f28>
    fcbc:	ec9fe06f          	j	eb84 <_svfprintf_r+0xdec>
    fcc0:	0cc12503          	lw	a0,204(sp)
    fcc4:	0ec12703          	lw	a4,236(sp)
    fcc8:	0e812603          	lw	a2,232(sp)
    fccc:	000b0413          	mv	s0,s6
    fcd0:	9c0554e3          	bgez	a0,f698 <_svfprintf_r+0x1900>
    fcd4:	b6dff06f          	j	f840 <_svfprintf_r+0x1aa8>
    fcd8:	00600913          	li	s2,6
    fcdc:	e68fe06f          	j	e344 <_svfprintf_r+0x5ac>
    fce0:	000d0593          	mv	a1,s10
    fce4:	000b8513          	mv	a0,s7
    fce8:	05112823          	sw	a7,80(sp)
    fcec:	0be12823          	sw	t5,176(sp)
    fcf0:	03e12423          	sw	t5,40(sp)
    fcf4:	0bd12a23          	sw	t4,180(sp)
    fcf8:	03d12223          	sw	t4,36(sp)
    fcfc:	0bc12c23          	sw	t3,184(sp)
    fd00:	03c12023          	sw	t3,32(sp)
    fd04:	04d12a23          	sw	a3,84(sp)
    fd08:	0bb12e23          	sw	s11,188(sp)
    fd0c:	0a012023          	sw	zero,160(sp)
    fd10:	0a012223          	sw	zero,164(sp)
    fd14:	0a012423          	sw	zero,168(sp)
    fd18:	0a012623          	sw	zero,172(sp)
    fd1c:	f40f10ef          	jal	145c <__eqtf2>
    fd20:	02012e03          	lw	t3,32(sp)
    fd24:	02412e83          	lw	t4,36(sp)
    fd28:	02812f03          	lw	t5,40(sp)
    fd2c:	05012883          	lw	a7,80(sp)
    fd30:	d8050ce3          	beqz	a0,fac8 <_svfprintf_r+0x1d30>
    fd34:	05412683          	lw	a3,84(sp)
    fd38:	00100613          	li	a2,1
    fd3c:	40d606b3          	sub	a3,a2,a3
    fd40:	0cd12623          	sw	a3,204(sp)
    fd44:	d89ff06f          	j	facc <_svfprintf_r+0x1d34>
    fd48:	00190693          	add	a3,s2,1
    fd4c:	00200613          	li	a2,2
    fd50:	cf1ff06f          	j	fa40 <_svfprintf_r+0x1ca8>
    fd54:	00090693          	mv	a3,s2
    fd58:	00300613          	li	a2,3
    fd5c:	ce5ff06f          	j	fa40 <_svfprintf_r+0x1ca8>
    fd60:	0b010b93          	add	s7,sp,176
    fd64:	000b8513          	mv	a0,s7
    fd68:	07112223          	sw	a7,100(sp)
    fd6c:	0be12823          	sw	t5,176(sp)
    fd70:	0bd12a23          	sw	t4,180(sp)
    fd74:	0bc12c23          	sw	t3,184(sp)
    fd78:	0bb12e23          	sw	s11,188(sp)
    fd7c:	bc5f40ef          	jal	4940 <__trunctfdf2>
    fd80:	0cc10613          	add	a2,sp,204
    fd84:	be1fd0ef          	jal	d964 <frexp>
    fd88:	00058613          	mv	a2,a1
    fd8c:	00050593          	mv	a1,a0
    fd90:	000b8513          	mv	a0,s7
    fd94:	9a1f40ef          	jal	4734 <__extenddftf2>
    fd98:	09010793          	add	a5,sp,144
    fd9c:	00078593          	mv	a1,a5
    fda0:	02f12023          	sw	a5,32(sp)
    fda4:	0b012783          	lw	a5,176(sp)
    fda8:	0a010d13          	add	s10,sp,160
    fdac:	08010613          	add	a2,sp,128
    fdb0:	08f12823          	sw	a5,144(sp)
    fdb4:	0b412783          	lw	a5,180(sp)
    fdb8:	000d0513          	mv	a0,s10
    fdbc:	04c12a23          	sw	a2,84(sp)
    fdc0:	08f12a23          	sw	a5,148(sp)
    fdc4:	0b812783          	lw	a5,184(sp)
    fdc8:	08012023          	sw	zero,128(sp)
    fdcc:	08012223          	sw	zero,132(sp)
    fdd0:	08f12c23          	sw	a5,152(sp)
    fdd4:	0bc12783          	lw	a5,188(sp)
    fdd8:	08012423          	sw	zero,136(sp)
    fddc:	08f12e23          	sw	a5,156(sp)
    fde0:	3ffc07b7          	lui	a5,0x3ffc0
    fde4:	08f12623          	sw	a5,140(sp)
    fde8:	a11f10ef          	jal	17f8 <__multf3>
    fdec:	0a012703          	lw	a4,160(sp)
    fdf0:	0a412683          	lw	a3,164(sp)
    fdf4:	0a812803          	lw	a6,168(sp)
    fdf8:	0ac12e03          	lw	t3,172(sp)
    fdfc:	000d0593          	mv	a1,s10
    fe00:	000b8513          	mv	a0,s7
    fe04:	0ae12823          	sw	a4,176(sp)
    fe08:	04e12e23          	sw	a4,92(sp)
    fe0c:	0ad12a23          	sw	a3,180(sp)
    fe10:	04d12823          	sw	a3,80(sp)
    fe14:	0b012c23          	sw	a6,184(sp)
    fe18:	03012423          	sw	a6,40(sp)
    fe1c:	0bc12e23          	sw	t3,188(sp)
    fe20:	03c12223          	sw	t3,36(sp)
    fe24:	0a012023          	sw	zero,160(sp)
    fe28:	0a012223          	sw	zero,164(sp)
    fe2c:	0a012423          	sw	zero,168(sp)
    fe30:	0a012623          	sw	zero,172(sp)
    fe34:	e28f10ef          	jal	145c <__eqtf2>
    fe38:	02412e03          	lw	t3,36(sp)
    fe3c:	02812803          	lw	a6,40(sp)
    fe40:	05012683          	lw	a3,80(sp)
    fe44:	05c12703          	lw	a4,92(sp)
    fe48:	06412883          	lw	a7,100(sp)
    fe4c:	00051a63          	bnez	a0,fe60 <_svfprintf_r+0x20c8>
    fe50:	00100793          	li	a5,1
    fe54:	0cf12623          	sw	a5,204(sp)
    fe58:	06100793          	li	a5,97
    fe5c:	46f88463          	beq	a7,a5,102c4 <_svfprintf_r+0x252c>
    fe60:	000157b7          	lui	a5,0x15
    fe64:	26078393          	add	t2,a5,608 # 15260 <__clz_tab+0x6e4>
    fe68:	fff90c93          	add	s9,s2,-1
    fe6c:	07212823          	sw	s2,112(sp)
    fe70:	06812a23          	sw	s0,116(sp)
    fe74:	000c0913          	mv	s2,s8
    fe78:	07312c23          	sw	s3,120(sp)
    fe7c:	07812e23          	sw	s8,124(sp)
    fe80:	06912223          	sw	s1,100(sp)
    fe84:	07112423          	sw	a7,104(sp)
    fe88:	07412623          	sw	s4,108(sp)
    fe8c:	04712823          	sw	t2,80(sp)
    fe90:	00070993          	mv	s3,a4
    fe94:	00068a93          	mv	s5,a3
    fe98:	00080c13          	mv	s8,a6
    fe9c:	000e0413          	mv	s0,t3
    fea0:	04c0006f          	j	feec <_svfprintf_r+0x2154>
    fea4:	000d0593          	mv	a1,s10
    fea8:	000b8513          	mv	a0,s7
    feac:	02f12423          	sw	a5,40(sp)
    feb0:	02c12223          	sw	a2,36(sp)
    feb4:	0ac12c23          	sw	a2,184(sp)
    feb8:	0af12e23          	sw	a5,188(sp)
    febc:	0a912823          	sw	s1,176(sp)
    fec0:	0b412a23          	sw	s4,180(sp)
    fec4:	0a012023          	sw	zero,160(sp)
    fec8:	0a012223          	sw	zero,164(sp)
    fecc:	0a012423          	sw	zero,168(sp)
    fed0:	0a012623          	sw	zero,172(sp)
    fed4:	d88f10ef          	jal	145c <__eqtf2>
    fed8:	fffc8593          	add	a1,s9,-1
    fedc:	000c0613          	mv	a2,s8
    fee0:	00040793          	mv	a5,s0
    fee4:	62050e63          	beqz	a0,10520 <_svfprintf_r+0x2788>
    fee8:	00058c93          	mv	s9,a1
    feec:	02012603          	lw	a2,32(sp)
    fef0:	400307b7          	lui	a5,0x40030
    fef4:	000d0593          	mv	a1,s10
    fef8:	000b8513          	mv	a0,s7
    fefc:	08f12e23          	sw	a5,156(sp)
    ff00:	0b312023          	sw	s3,160(sp)
    ff04:	0b512223          	sw	s5,164(sp)
    ff08:	0b812423          	sw	s8,168(sp)
    ff0c:	0a812623          	sw	s0,172(sp)
    ff10:	08012823          	sw	zero,144(sp)
    ff14:	08012a23          	sw	zero,148(sp)
    ff18:	08012c23          	sw	zero,152(sp)
    ff1c:	8ddf10ef          	jal	17f8 <__multf3>
    ff20:	000b8513          	mv	a0,s7
    ff24:	de1f30ef          	jal	3d04 <__fixtfsi>
    ff28:	00050593          	mv	a1,a0
    ff2c:	00050d93          	mv	s11,a0
    ff30:	000b8513          	mv	a0,s7
    ff34:	0b012a03          	lw	s4,176(sp)
    ff38:	0b412983          	lw	s3,180(sp)
    ff3c:	0b812483          	lw	s1,184(sp)
    ff40:	0bc12403          	lw	s0,188(sp)
    ff44:	eb5f30ef          	jal	3df8 <__floatsitf>
    ff48:	0b012783          	lw	a5,176(sp)
    ff4c:	05412603          	lw	a2,84(sp)
    ff50:	02012583          	lw	a1,32(sp)
    ff54:	08f12023          	sw	a5,128(sp)
    ff58:	0b412783          	lw	a5,180(sp)
    ff5c:	000d0513          	mv	a0,s10
    ff60:	09412823          	sw	s4,144(sp)
    ff64:	08f12223          	sw	a5,132(sp)
    ff68:	0b812783          	lw	a5,184(sp)
    ff6c:	09312a23          	sw	s3,148(sp)
    ff70:	08912c23          	sw	s1,152(sp)
    ff74:	08f12423          	sw	a5,136(sp)
    ff78:	0bc12783          	lw	a5,188(sp)
    ff7c:	08812e23          	sw	s0,156(sp)
    ff80:	08f12623          	sw	a5,140(sp)
    ff84:	8cdf20ef          	jal	2850 <__subtf3>
    ff88:	05012783          	lw	a5,80(sp)
    ff8c:	0a012483          	lw	s1,160(sp)
    ff90:	0a412a03          	lw	s4,164(sp)
    ff94:	01b787b3          	add	a5,a5,s11
    ff98:	0007c703          	lbu	a4,0(a5) # 40030000 <_stack_top+0x1ff30000>
    ff9c:	0a812603          	lw	a2,168(sp)
    ffa0:	0ac12783          	lw	a5,172(sp)
    ffa4:	05212e23          	sw	s2,92(sp)
    ffa8:	00e90023          	sb	a4,0(s2)
    ffac:	fff00713          	li	a4,-1
    ffb0:	00190913          	add	s2,s2,1
    ffb4:	00048993          	mv	s3,s1
    ffb8:	000a0a93          	mv	s5,s4
    ffbc:	00060c13          	mv	s8,a2
    ffc0:	00078413          	mv	s0,a5
    ffc4:	eeec90e3          	bne	s9,a4,fea4 <_svfprintf_r+0x210c>
    ffc8:	00090a93          	mv	s5,s2
    ffcc:	00048f13          	mv	t5,s1
    ffd0:	000a0e93          	mv	t4,s4
    ffd4:	06812883          	lw	a7,104(sp)
    ffd8:	07412403          	lw	s0,116(sp)
    ffdc:	07012903          	lw	s2,112(sp)
    ffe0:	05012383          	lw	t2,80(sp)
    ffe4:	07812983          	lw	s3,120(sp)
    ffe8:	07c12c03          	lw	s8,124(sp)
    ffec:	06412483          	lw	s1,100(sp)
    fff0:	06c12a03          	lw	s4,108(sp)
    fff4:	fff00713          	li	a4,-1
    fff8:	3ffe06b7          	lui	a3,0x3ffe0
    fffc:	000d0593          	mv	a1,s10
   10000:	000b8513          	mv	a0,s7
   10004:	02712223          	sw	t2,36(sp)
   10008:	03112023          	sw	a7,32(sp)
   1000c:	06e12423          	sw	a4,104(sp)
   10010:	0be12823          	sw	t5,176(sp)
   10014:	07e12223          	sw	t5,100(sp)
   10018:	0bd12a23          	sw	t4,180(sp)
   1001c:	05d12a23          	sw	t4,84(sp)
   10020:	0ac12c23          	sw	a2,184(sp)
   10024:	04c12823          	sw	a2,80(sp)
   10028:	0af12e23          	sw	a5,188(sp)
   1002c:	02f12423          	sw	a5,40(sp)
   10030:	0a012023          	sw	zero,160(sp)
   10034:	0a012223          	sw	zero,164(sp)
   10038:	0a012423          	sw	zero,168(sp)
   1003c:	0ad12623          	sw	a3,172(sp)
   10040:	cf0f10ef          	jal	1530 <__getf2>
   10044:	02012883          	lw	a7,32(sp)
   10048:	02412383          	lw	t2,36(sp)
   1004c:	44a04263          	bgtz	a0,10490 <_svfprintf_r+0x26f8>
   10050:	000d0593          	mv	a1,s10
   10054:	000b8513          	mv	a0,s7
   10058:	c04f10ef          	jal	145c <__eqtf2>
   1005c:	02012883          	lw	a7,32(sp)
   10060:	02412383          	lw	t2,36(sp)
   10064:	06812703          	lw	a4,104(sp)
   10068:	00051663          	bnez	a0,10074 <_svfprintf_r+0x22dc>
   1006c:	001dfd93          	and	s11,s11,1
   10070:	420d9063          	bnez	s11,10490 <_svfprintf_r+0x26f8>
   10074:	00170b93          	add	s7,a4,1
   10078:	017a8bb3          	add	s7,s5,s7
   1007c:	03000693          	li	a3,48
   10080:	44074c63          	bltz	a4,104d8 <_svfprintf_r+0x2740>
   10084:	001a8a93          	add	s5,s5,1
   10088:	feda8fa3          	sb	a3,-1(s5)
   1008c:	ff5b9ce3          	bne	s7,s5,10084 <_svfprintf_r+0x22ec>
   10090:	418b87b3          	sub	a5,s7,s8
   10094:	02f12223          	sw	a5,36(sp)
   10098:	fdf8fa93          	and	s5,a7,-33
   1009c:	a99ff06f          	j	fb34 <_svfprintf_r+0x1d9c>
   100a0:	02c12783          	lw	a5,44(sp)
   100a4:	0017f793          	and	a5,a5,1
   100a8:	3a079463          	bnez	a5,10450 <_svfprintf_r+0x26b8>
   100ac:	0dc12b83          	lw	s7,220(sp)
   100b0:	0cc12683          	lw	a3,204(sp)
   100b4:	418b87b3          	sub	a5,s7,s8
   100b8:	02f12223          	sw	a5,36(sp)
   100bc:	ffd00793          	li	a5,-3
   100c0:	02d12023          	sw	a3,32(sp)
   100c4:	00f6c463          	blt	a3,a5,100cc <_svfprintf_r+0x2334>
   100c8:	02d95863          	bge	s2,a3,100f8 <_svfprintf_r+0x2360>
   100cc:	fff68793          	add	a5,a3,-1 # 3ffdffff <_stack_top+0x1fedffff>
   100d0:	ffe88893          	add	a7,a7,-2
   100d4:	0cf12623          	sw	a5,204(sp)
   100d8:	0ff8f713          	zext.b	a4,a7
   100dc:	00000613          	li	a2,0
   100e0:	a8dff06f          	j	fb6c <_svfprintf_r+0x1dd4>
   100e4:	0c714703          	lbu	a4,199(sp)
   100e8:	00000913          	li	s2,0
   100ec:	00070463          	beqz	a4,100f4 <_svfprintf_r+0x235c>
   100f0:	8fcfe06f          	j	e1ec <_svfprintf_r+0x454>
   100f4:	e89fd06f          	j	df7c <_svfprintf_r+0x1e4>
   100f8:	02412783          	lw	a5,36(sp)
   100fc:	2cf6cc63          	blt	a3,a5,103d4 <_svfprintf_r+0x263c>
   10100:	02c12783          	lw	a5,44(sp)
   10104:	00068d13          	mv	s10,a3
   10108:	0017f793          	and	a5,a5,1
   1010c:	00078663          	beqz	a5,10118 <_svfprintf_r+0x2380>
   10110:	03412783          	lw	a5,52(sp)
   10114:	00f68d33          	add	s10,a3,a5
   10118:	02c12783          	lw	a5,44(sp)
   1011c:	4007f793          	and	a5,a5,1024
   10120:	00078463          	beqz	a5,10128 <_svfprintf_r+0x2390>
   10124:	44d04c63          	bgtz	a3,1057c <_svfprintf_r+0x27e4>
   10128:	fffd4693          	not	a3,s10
   1012c:	05812b83          	lw	s7,88(sp)
   10130:	41f6d693          	sra	a3,a3,0x1f
   10134:	00dd7cb3          	and	s9,s10,a3
   10138:	06700893          	li	a7,103
   1013c:	02012423          	sw	zero,40(sp)
   10140:	02012623          	sw	zero,44(sp)
   10144:	b01ff06f          	j	fc44 <_svfprintf_r+0x1eac>
   10148:	0e410613          	add	a2,sp,228
   1014c:	00048593          	mv	a1,s1
   10150:	00098513          	mv	a0,s3
   10154:	691020ef          	jal	12fe4 <__ssprint_r>
   10158:	00050463          	beqz	a0,10160 <_svfprintf_r+0x23c8>
   1015c:	a29fe06f          	j	eb84 <_svfprintf_r+0xdec>
   10160:	000bc683          	lbu	a3,0(s7)
   10164:	0ec12703          	lw	a4,236(sp)
   10168:	000b0613          	mv	a2,s6
   1016c:	00dc8cb3          	add	s9,s9,a3
   10170:	a58ff06f          	j	f3c8 <_svfprintf_r+0x1630>
   10174:	00900513          	li	a0,9
   10178:	c1956263          	bltu	a0,s9,f57c <_svfprintf_r+0x17e4>
   1017c:	c80ff06f          	j	f5fc <_svfprintf_r+0x1864>
   10180:	07800713          	li	a4,120
   10184:	03000693          	li	a3,48
   10188:	002be793          	or	a5,s7,2
   1018c:	0ce104a3          	sb	a4,201(sp)
   10190:	0cd10423          	sb	a3,200(sp)
   10194:	06300713          	li	a4,99
   10198:	02f12623          	sw	a5,44(sp)
   1019c:	00012a23          	sw	zero,20(sp)
   101a0:	14c10c13          	add	s8,sp,332
   101a4:	35274463          	blt	a4,s2,104ec <_svfprintf_r+0x2754>
   101a8:	0fc12d83          	lw	s11,252(sp)
   101ac:	102be793          	or	a5,s7,258
   101b0:	04f12c23          	sw	a5,88(sp)
   101b4:	06012023          	sw	zero,96(sp)
   101b8:	0f012f03          	lw	t5,240(sp)
   101bc:	0f412e83          	lw	t4,244(sp)
   101c0:	0f812e03          	lw	t3,248(sp)
   101c4:	100dc863          	bltz	s11,102d4 <_svfprintf_r+0x253c>
   101c8:	06100793          	li	a5,97
   101cc:	00f88463          	beq	a7,a5,101d4 <_svfprintf_r+0x243c>
   101d0:	9a0fe06f          	j	e370 <_svfprintf_r+0x5d8>
   101d4:	0b010b93          	add	s7,sp,176
   101d8:	000b8513          	mv	a0,s7
   101dc:	07112223          	sw	a7,100(sp)
   101e0:	0be12823          	sw	t5,176(sp)
   101e4:	0bd12a23          	sw	t4,180(sp)
   101e8:	0bc12c23          	sw	t3,184(sp)
   101ec:	0bb12e23          	sw	s11,188(sp)
   101f0:	f50f40ef          	jal	4940 <__trunctfdf2>
   101f4:	0cc10613          	add	a2,sp,204
   101f8:	f6cfd0ef          	jal	d964 <frexp>
   101fc:	00058613          	mv	a2,a1
   10200:	00050593          	mv	a1,a0
   10204:	000b8513          	mv	a0,s7
   10208:	d2cf40ef          	jal	4734 <__extenddftf2>
   1020c:	09010793          	add	a5,sp,144
   10210:	00078593          	mv	a1,a5
   10214:	02f12023          	sw	a5,32(sp)
   10218:	0b012783          	lw	a5,176(sp)
   1021c:	0a010d13          	add	s10,sp,160
   10220:	08010613          	add	a2,sp,128
   10224:	08f12823          	sw	a5,144(sp)
   10228:	0b412783          	lw	a5,180(sp)
   1022c:	000d0513          	mv	a0,s10
   10230:	04c12a23          	sw	a2,84(sp)
   10234:	08f12a23          	sw	a5,148(sp)
   10238:	0b812783          	lw	a5,184(sp)
   1023c:	08012023          	sw	zero,128(sp)
   10240:	08012223          	sw	zero,132(sp)
   10244:	08f12c23          	sw	a5,152(sp)
   10248:	0bc12783          	lw	a5,188(sp)
   1024c:	08012423          	sw	zero,136(sp)
   10250:	08f12e23          	sw	a5,156(sp)
   10254:	3ffc07b7          	lui	a5,0x3ffc0
   10258:	08f12623          	sw	a5,140(sp)
   1025c:	d9cf10ef          	jal	17f8 <__multf3>
   10260:	0a012703          	lw	a4,160(sp)
   10264:	0a412683          	lw	a3,164(sp)
   10268:	0a812803          	lw	a6,168(sp)
   1026c:	0ac12e03          	lw	t3,172(sp)
   10270:	000d0593          	mv	a1,s10
   10274:	000b8513          	mv	a0,s7
   10278:	0ae12823          	sw	a4,176(sp)
   1027c:	04e12e23          	sw	a4,92(sp)
   10280:	0ad12a23          	sw	a3,180(sp)
   10284:	04d12823          	sw	a3,80(sp)
   10288:	0b012c23          	sw	a6,184(sp)
   1028c:	03012423          	sw	a6,40(sp)
   10290:	0bc12e23          	sw	t3,188(sp)
   10294:	03c12223          	sw	t3,36(sp)
   10298:	0a012023          	sw	zero,160(sp)
   1029c:	0a012223          	sw	zero,164(sp)
   102a0:	0a012423          	sw	zero,168(sp)
   102a4:	0a012623          	sw	zero,172(sp)
   102a8:	9b4f10ef          	jal	145c <__eqtf2>
   102ac:	02412e03          	lw	t3,36(sp)
   102b0:	02812803          	lw	a6,40(sp)
   102b4:	05012683          	lw	a3,80(sp)
   102b8:	05c12703          	lw	a4,92(sp)
   102bc:	06412883          	lw	a7,100(sp)
   102c0:	b80508e3          	beqz	a0,fe50 <_svfprintf_r+0x20b8>
   102c4:	000157b7          	lui	a5,0x15
   102c8:	24c78393          	add	t2,a5,588 # 1524c <__clz_tab+0x6d0>
   102cc:	b9dff06f          	j	fe68 <_svfprintf_r+0x20d0>
   102d0:	00012a23          	sw	zero,20(sp)
   102d4:	800007b7          	lui	a5,0x80000
   102d8:	01b7cdb3          	xor	s11,a5,s11
   102dc:	02d00793          	li	a5,45
   102e0:	06f12023          	sw	a5,96(sp)
   102e4:	ee5ff06f          	j	101c8 <_svfprintf_r+0x2430>
   102e8:	00812583          	lw	a1,8(sp)
   102ec:	0e410613          	add	a2,sp,228
   102f0:	00098513          	mv	a0,s3
   102f4:	4f1020ef          	jal	12fe4 <__ssprint_r>
   102f8:	00050463          	beqz	a0,10300 <_svfprintf_r+0x2568>
   102fc:	889fe06f          	j	eb84 <_svfprintf_r+0xdec>
   10300:	0cc12603          	lw	a2,204(sp)
   10304:	0ec12703          	lw	a4,236(sp)
   10308:	000b0413          	mv	s0,s6
   1030c:	b31fe06f          	j	ee3c <_svfprintf_r+0x10a4>
   10310:	02d00713          	li	a4,45
   10314:	0ce103a3          	sb	a4,199(sp)
   10318:	c84ff06f          	j	f79c <_svfprintf_r+0x1a04>
   1031c:	0c714703          	lbu	a4,199(sp)
   10320:	01512c23          	sw	s5,24(sp)
   10324:	02012423          	sw	zero,40(sp)
   10328:	02012623          	sw	zero,44(sp)
   1032c:	02012023          	sw	zero,32(sp)
   10330:	00090c93          	mv	s9,s2
   10334:	00090d13          	mv	s10,s2
   10338:	00000913          	li	s2,0
   1033c:	00070463          	beqz	a4,10344 <_svfprintf_r+0x25ac>
   10340:	eadfd06f          	j	e1ec <_svfprintf_r+0x454>
   10344:	c39fd06f          	j	df7c <_svfprintf_r+0x1e4>
   10348:	00812583          	lw	a1,8(sp)
   1034c:	0e410613          	add	a2,sp,228
   10350:	00098513          	mv	a0,s3
   10354:	491020ef          	jal	12fe4 <__ssprint_r>
   10358:	00050463          	beqz	a0,10360 <_svfprintf_r+0x25c8>
   1035c:	829fe06f          	j	eb84 <_svfprintf_r+0xdec>
   10360:	0cc12603          	lw	a2,204(sp)
   10364:	02412783          	lw	a5,36(sp)
   10368:	0ec12703          	lw	a4,236(sp)
   1036c:	000b0413          	mv	s0,s6
   10370:	40c78633          	sub	a2,a5,a2
   10374:	b11fe06f          	j	ee84 <_svfprintf_r+0x10ec>
   10378:	000152b7          	lui	t0,0x15
   1037c:	24428c13          	add	s8,t0,580 # 15244 <__clz_tab+0x6c8>
   10380:	c2cff06f          	j	f7ac <_svfprintf_r+0x1a14>
   10384:	05800713          	li	a4,88
   10388:	dfdff06f          	j	10184 <_svfprintf_r+0x23ec>
   1038c:	02c12783          	lw	a5,44(sp)
   10390:	02012703          	lw	a4,32(sp)
   10394:	0017f793          	and	a5,a5,1
   10398:	0127e7b3          	or	a5,a5,s2
   1039c:	2ae05863          	blez	a4,1064c <_svfprintf_r+0x28b4>
   103a0:	26079063          	bnez	a5,10600 <_svfprintf_r+0x2868>
   103a4:	02012d03          	lw	s10,32(sp)
   103a8:	06600893          	li	a7,102
   103ac:	02c12783          	lw	a5,44(sp)
   103b0:	4007f793          	and	a5,a5,1024
   103b4:	1c079663          	bnez	a5,10580 <_svfprintf_r+0x27e8>
   103b8:	fffd4693          	not	a3,s10
   103bc:	41f6d693          	sra	a3,a3,0x1f
   103c0:	05812b83          	lw	s7,88(sp)
   103c4:	00dd7cb3          	and	s9,s10,a3
   103c8:	d75ff06f          	j	1013c <_svfprintf_r+0x23a4>
   103cc:	000b8d93          	mv	s11,s7
   103d0:	de5fd06f          	j	e1b4 <_svfprintf_r+0x41c>
   103d4:	02412783          	lw	a5,36(sp)
   103d8:	03412703          	lw	a4,52(sp)
   103dc:	06700893          	li	a7,103
   103e0:	00e78d33          	add	s10,a5,a4
   103e4:	02012783          	lw	a5,32(sp)
   103e8:	fcf042e3          	bgtz	a5,103ac <_svfprintf_r+0x2614>
   103ec:	40fd0e33          	sub	t3,s10,a5
   103f0:	001e0d13          	add	s10,t3,1
   103f4:	fffd4693          	not	a3,s10
   103f8:	41f6d693          	sra	a3,a3,0x1f
   103fc:	05812b83          	lw	s7,88(sp)
   10400:	00dd7cb3          	and	s9,s10,a3
   10404:	d39ff06f          	j	1013c <_svfprintf_r+0x23a4>
   10408:	01270733          	add	a4,a4,s2
   1040c:	00160613          	add	a2,a2,1
   10410:	01542023          	sw	s5,0(s0)
   10414:	01242223          	sw	s2,4(s0)
   10418:	0ee12623          	sw	a4,236(sp)
   1041c:	0ec12423          	sw	a2,232(sp)
   10420:	00700593          	li	a1,7
   10424:	a6c5d863          	bge	a1,a2,f694 <_svfprintf_r+0x18fc>
   10428:	00812583          	lw	a1,8(sp)
   1042c:	0e410613          	add	a2,sp,228
   10430:	00098513          	mv	a0,s3
   10434:	3b1020ef          	jal	12fe4 <__ssprint_r>
   10438:	00050463          	beqz	a0,10440 <_svfprintf_r+0x26a8>
   1043c:	f48fe06f          	j	eb84 <_svfprintf_r+0xdec>
   10440:	0ec12703          	lw	a4,236(sp)
   10444:	0e812603          	lw	a2,232(sp)
   10448:	000b0413          	mv	s0,s6
   1044c:	a4cff06f          	j	f698 <_svfprintf_r+0x1900>
   10450:	00dc0cb3          	add	s9,s8,a3
   10454:	04700a93          	li	s5,71
   10458:	0a010d13          	add	s10,sp,160
   1045c:	e74ff06f          	j	fad0 <_svfprintf_r+0x1d38>
   10460:	0d610713          	add	a4,sp,214
   10464:	00061863          	bnez	a2,10474 <_svfprintf_r+0x26dc>
   10468:	03000713          	li	a4,48
   1046c:	0ce10b23          	sb	a4,214(sp)
   10470:	0d710713          	add	a4,sp,215
   10474:	1b010693          	add	a3,sp,432
   10478:	03078793          	add	a5,a5,48 # 80000030 <_stack_top+0x5ff00030>
   1047c:	40d706b3          	sub	a3,a4,a3
   10480:	00f70023          	sb	a5,0(a4)
   10484:	0dd68793          	add	a5,a3,221
   10488:	04f12223          	sw	a5,68(sp)
   1048c:	f78ff06f          	j	fc04 <_svfprintf_r+0x1e6c>
   10490:	05c12783          	lw	a5,92(sp)
   10494:	00f3c603          	lbu	a2,15(t2)
   10498:	000a8713          	mv	a4,s5
   1049c:	0cf12e23          	sw	a5,220(sp)
   104a0:	fffac683          	lbu	a3,-1(s5)
   104a4:	02c69063          	bne	a3,a2,104c4 <_svfprintf_r+0x272c>
   104a8:	03000593          	li	a1,48
   104ac:	feb70fa3          	sb	a1,-1(a4)
   104b0:	0dc12703          	lw	a4,220(sp)
   104b4:	fff70793          	add	a5,a4,-1
   104b8:	0cf12e23          	sw	a5,220(sp)
   104bc:	fff74683          	lbu	a3,-1(a4)
   104c0:	fed606e3          	beq	a2,a3,104ac <_svfprintf_r+0x2714>
   104c4:	00168613          	add	a2,a3,1
   104c8:	03900593          	li	a1,57
   104cc:	0ff67613          	zext.b	a2,a2
   104d0:	00b68863          	beq	a3,a1,104e0 <_svfprintf_r+0x2748>
   104d4:	fec70fa3          	sb	a2,-1(a4)
   104d8:	000a8b93          	mv	s7,s5
   104dc:	bb5ff06f          	j	10090 <_svfprintf_r+0x22f8>
   104e0:	00a3c603          	lbu	a2,10(t2)
   104e4:	fec70fa3          	sb	a2,-1(a4)
   104e8:	ff1ff06f          	j	104d8 <_svfprintf_r+0x2740>
   104ec:	00190593          	add	a1,s2,1
   104f0:	00098513          	mv	a0,s3
   104f4:	01112a23          	sw	a7,20(sp)
   104f8:	e61f40ef          	jal	5358 <_malloc_r>
   104fc:	01412883          	lw	a7,20(sp)
   10500:	00050c13          	mv	s8,a0
   10504:	18050863          	beqz	a0,10694 <_svfprintf_r+0x28fc>
   10508:	00a12a23          	sw	a0,20(sp)
   1050c:	c9dff06f          	j	101a8 <_svfprintf_r+0x2410>
   10510:	02c12783          	lw	a5,44(sp)
   10514:	0017f793          	and	a5,a5,1
   10518:	f0078463          	beqz	a5,fc20 <_svfprintf_r+0x1e88>
   1051c:	efcff06f          	j	fc18 <_svfprintf_r+0x1e80>
   10520:	00090a93          	mv	s5,s2
   10524:	00048f13          	mv	t5,s1
   10528:	000a0e93          	mv	t4,s4
   1052c:	06812883          	lw	a7,104(sp)
   10530:	07412403          	lw	s0,116(sp)
   10534:	07012903          	lw	s2,112(sp)
   10538:	05012383          	lw	t2,80(sp)
   1053c:	07812983          	lw	s3,120(sp)
   10540:	07c12c03          	lw	s8,124(sp)
   10544:	06412483          	lw	s1,100(sp)
   10548:	06c12a03          	lw	s4,108(sp)
   1054c:	000c8713          	mv	a4,s9
   10550:	aa9ff06f          	j	fff8 <_svfprintf_r+0x2260>
   10554:	03012703          	lw	a4,48(sp)
   10558:	00c00793          	li	a5,12
   1055c:	00f72023          	sw	a5,0(a4)
   10560:	fff00793          	li	a5,-1
   10564:	00f12823          	sw	a5,16(sp)
   10568:	b5dfd06f          	j	e0c4 <_svfprintf_r+0x32c>
   1056c:	00090463          	beqz	s2,10574 <_svfprintf_r+0x27dc>
   10570:	dd5fd06f          	j	e344 <_svfprintf_r+0x5ac>
   10574:	00100913          	li	s2,1
   10578:	dcdfd06f          	j	e344 <_svfprintf_r+0x5ac>
   1057c:	06700893          	li	a7,103
   10580:	04012603          	lw	a2,64(sp)
   10584:	0ff00713          	li	a4,255
   10588:	00064783          	lbu	a5,0(a2)
   1058c:	0ee78e63          	beq	a5,a4,10688 <_svfprintf_r+0x28f0>
   10590:	02012683          	lw	a3,32(sp)
   10594:	00000593          	li	a1,0
   10598:	00000513          	li	a0,0
   1059c:	00d7de63          	bge	a5,a3,105b8 <_svfprintf_r+0x2820>
   105a0:	40f686b3          	sub	a3,a3,a5
   105a4:	00164783          	lbu	a5,1(a2)
   105a8:	04078663          	beqz	a5,105f4 <_svfprintf_r+0x285c>
   105ac:	00150513          	add	a0,a0,1
   105b0:	00160613          	add	a2,a2,1
   105b4:	fee794e3          	bne	a5,a4,1059c <_svfprintf_r+0x2804>
   105b8:	04c12023          	sw	a2,64(sp)
   105bc:	02b12423          	sw	a1,40(sp)
   105c0:	02d12023          	sw	a3,32(sp)
   105c4:	02a12623          	sw	a0,44(sp)
   105c8:	02812783          	lw	a5,40(sp)
   105cc:	02c12703          	lw	a4,44(sp)
   105d0:	05812b83          	lw	s7,88(sp)
   105d4:	00e78733          	add	a4,a5,a4
   105d8:	04c12783          	lw	a5,76(sp)
   105dc:	02f70733          	mul	a4,a4,a5
   105e0:	01a70d33          	add	s10,a4,s10
   105e4:	fffd4693          	not	a3,s10
   105e8:	41f6d693          	sra	a3,a3,0x1f
   105ec:	00dd7cb3          	and	s9,s10,a3
   105f0:	e54ff06f          	j	fc44 <_svfprintf_r+0x1eac>
   105f4:	00064783          	lbu	a5,0(a2)
   105f8:	00158593          	add	a1,a1,1
   105fc:	fb9ff06f          	j	105b4 <_svfprintf_r+0x281c>
   10600:	03412783          	lw	a5,52(sp)
   10604:	06600893          	li	a7,102
   10608:	00f70e33          	add	t3,a4,a5
   1060c:	012e0d33          	add	s10,t3,s2
   10610:	d9dff06f          	j	103ac <_svfprintf_r+0x2614>
   10614:	07000713          	li	a4,112
   10618:	d50ff06f          	j	fb68 <_svfprintf_r+0x1dd0>
   1061c:	00200793          	li	a5,2
   10620:	04f12223          	sw	a5,68(sp)
   10624:	de0ff06f          	j	fc04 <_svfprintf_r+0x1e6c>
   10628:	01812783          	lw	a5,24(sp)
   1062c:	0007a903          	lw	s2,0(a5)
   10630:	00478793          	add	a5,a5,4
   10634:	00095463          	bgez	s2,1063c <_svfprintf_r+0x28a4>
   10638:	fff00913          	li	s2,-1
   1063c:	0014c883          	lbu	a7,1(s1)
   10640:	00f12c23          	sw	a5,24(sp)
   10644:	00070493          	mv	s1,a4
   10648:	8b5fd06f          	j	defc <_svfprintf_r+0x164>
   1064c:	00079c63          	bnez	a5,10664 <_svfprintf_r+0x28cc>
   10650:	05812b83          	lw	s7,88(sp)
   10654:	00100c93          	li	s9,1
   10658:	06600893          	li	a7,102
   1065c:	00100d13          	li	s10,1
   10660:	addff06f          	j	1013c <_svfprintf_r+0x23a4>
   10664:	03412783          	lw	a5,52(sp)
   10668:	05812b83          	lw	s7,88(sp)
   1066c:	06600893          	li	a7,102
   10670:	00178e13          	add	t3,a5,1
   10674:	012e0d33          	add	s10,t3,s2
   10678:	fffd4693          	not	a3,s10
   1067c:	41f6d693          	sra	a3,a3,0x1f
   10680:	00dd7cb3          	and	s9,s10,a3
   10684:	ab9ff06f          	j	1013c <_svfprintf_r+0x23a4>
   10688:	02012423          	sw	zero,40(sp)
   1068c:	02012623          	sw	zero,44(sp)
   10690:	f39ff06f          	j	105c8 <_svfprintf_r+0x2830>
   10694:	00812703          	lw	a4,8(sp)
   10698:	00c75783          	lhu	a5,12(a4)
   1069c:	0407e793          	or	a5,a5,64
   106a0:	00f71623          	sh	a5,12(a4)
   106a4:	a0dfd06f          	j	e0b0 <_svfprintf_r+0x318>

000106a8 <__sprint_r.part.0>:
   106a8:	0645a703          	lw	a4,100(a1)
   106ac:	fd010113          	add	sp,sp,-48
   106b0:	000027b7          	lui	a5,0x2
   106b4:	01612823          	sw	s6,16(sp)
   106b8:	02112623          	sw	ra,44(sp)
   106bc:	02812423          	sw	s0,40(sp)
   106c0:	02912223          	sw	s1,36(sp)
   106c4:	03212023          	sw	s2,32(sp)
   106c8:	01312e23          	sw	s3,28(sp)
   106cc:	01412c23          	sw	s4,24(sp)
   106d0:	01512a23          	sw	s5,20(sp)
   106d4:	01712623          	sw	s7,12(sp)
   106d8:	01812423          	sw	s8,8(sp)
   106dc:	00e7f7b3          	and	a5,a5,a4
   106e0:	00060b13          	mv	s6,a2
   106e4:	0a078863          	beqz	a5,10794 <__sprint_r.part.0+0xec>
   106e8:	00862783          	lw	a5,8(a2)
   106ec:	00062b83          	lw	s7,0(a2)
   106f0:	00058913          	mv	s2,a1
   106f4:	00050993          	mv	s3,a0
   106f8:	fff00a93          	li	s5,-1
   106fc:	08078863          	beqz	a5,1078c <__sprint_r.part.0+0xe4>
   10700:	004bac03          	lw	s8,4(s7)
   10704:	000ba403          	lw	s0,0(s7)
   10708:	002c5a13          	srl	s4,s8,0x2
   1070c:	060a0663          	beqz	s4,10778 <__sprint_r.part.0+0xd0>
   10710:	00000493          	li	s1,0
   10714:	00c0006f          	j	10720 <__sprint_r.part.0+0x78>
   10718:	00440413          	add	s0,s0,4
   1071c:	049a0c63          	beq	s4,s1,10774 <__sprint_r.part.0+0xcc>
   10720:	00042583          	lw	a1,0(s0)
   10724:	00090613          	mv	a2,s2
   10728:	00098513          	mv	a0,s3
   1072c:	1bd010ef          	jal	120e8 <_fputwc_r>
   10730:	00148493          	add	s1,s1,1
   10734:	ff5512e3          	bne	a0,s5,10718 <__sprint_r.part.0+0x70>
   10738:	fff00513          	li	a0,-1
   1073c:	02c12083          	lw	ra,44(sp)
   10740:	02812403          	lw	s0,40(sp)
   10744:	000b2423          	sw	zero,8(s6)
   10748:	000b2223          	sw	zero,4(s6)
   1074c:	02412483          	lw	s1,36(sp)
   10750:	02012903          	lw	s2,32(sp)
   10754:	01c12983          	lw	s3,28(sp)
   10758:	01812a03          	lw	s4,24(sp)
   1075c:	01412a83          	lw	s5,20(sp)
   10760:	01012b03          	lw	s6,16(sp)
   10764:	00c12b83          	lw	s7,12(sp)
   10768:	00812c03          	lw	s8,8(sp)
   1076c:	03010113          	add	sp,sp,48
   10770:	00008067          	ret
   10774:	008b2783          	lw	a5,8(s6)
   10778:	ffcc7c13          	and	s8,s8,-4
   1077c:	418787b3          	sub	a5,a5,s8
   10780:	00fb2423          	sw	a5,8(s6)
   10784:	008b8b93          	add	s7,s7,8
   10788:	f6079ce3          	bnez	a5,10700 <__sprint_r.part.0+0x58>
   1078c:	00000513          	li	a0,0
   10790:	fadff06f          	j	1073c <__sprint_r.part.0+0x94>
   10794:	265010ef          	jal	121f8 <__sfvwrite_r>
   10798:	fa5ff06f          	j	1073c <__sprint_r.part.0+0x94>

0001079c <__sprint_r>:
   1079c:	00862703          	lw	a4,8(a2)
   107a0:	00070463          	beqz	a4,107a8 <__sprint_r+0xc>
   107a4:	f05ff06f          	j	106a8 <__sprint_r.part.0>
   107a8:	00062223          	sw	zero,4(a2)
   107ac:	00000513          	li	a0,0
   107b0:	00008067          	ret

000107b4 <_vfiprintf_r>:
   107b4:	ed010113          	add	sp,sp,-304
   107b8:	13212023          	sw	s2,288(sp)
   107bc:	11612823          	sw	s6,272(sp)
   107c0:	11712623          	sw	s7,268(sp)
   107c4:	11812423          	sw	s8,264(sp)
   107c8:	12112623          	sw	ra,300(sp)
   107cc:	12812423          	sw	s0,296(sp)
   107d0:	12912223          	sw	s1,292(sp)
   107d4:	11312e23          	sw	s3,284(sp)
   107d8:	11412c23          	sw	s4,280(sp)
   107dc:	11512a23          	sw	s5,276(sp)
   107e0:	11912223          	sw	s9,260(sp)
   107e4:	11a12023          	sw	s10,256(sp)
   107e8:	0fb12e23          	sw	s11,252(sp)
   107ec:	00050c13          	mv	s8,a0
   107f0:	00058b13          	mv	s6,a1
   107f4:	00060913          	mv	s2,a2
   107f8:	00068b93          	mv	s7,a3
   107fc:	00050663          	beqz	a0,10808 <_vfiprintf_r+0x54>
   10800:	03852783          	lw	a5,56(a0)
   10804:	60078663          	beqz	a5,10e10 <_vfiprintf_r+0x65c>
   10808:	00cb1783          	lh	a5,12(s6)
   1080c:	01279713          	sll	a4,a5,0x12
   10810:	02074663          	bltz	a4,1083c <_vfiprintf_r+0x88>
   10814:	064b2703          	lw	a4,100(s6)
   10818:	000026b7          	lui	a3,0x2
   1081c:	00d7e7b3          	or	a5,a5,a3
   10820:	ffffe6b7          	lui	a3,0xffffe
   10824:	01079793          	sll	a5,a5,0x10
   10828:	fff68693          	add	a3,a3,-1 # ffffdfff <_stack_top+0xdfefdfff>
   1082c:	4107d793          	sra	a5,a5,0x10
   10830:	00d77733          	and	a4,a4,a3
   10834:	00fb1623          	sh	a5,12(s6)
   10838:	06eb2223          	sw	a4,100(s6)
   1083c:	0087f713          	and	a4,a5,8
   10840:	10070e63          	beqz	a4,1095c <_vfiprintf_r+0x1a8>
   10844:	010b2703          	lw	a4,16(s6)
   10848:	10070a63          	beqz	a4,1095c <_vfiprintf_r+0x1a8>
   1084c:	01a7f793          	and	a5,a5,26
   10850:	00a00713          	li	a4,10
   10854:	12e78663          	beq	a5,a4,10980 <_vfiprintf_r+0x1cc>
   10858:	000167b7          	lui	a5,0x16
   1085c:	04c10a93          	add	s5,sp,76
   10860:	00000d13          	li	s10,0
   10864:	b0c78793          	add	a5,a5,-1268 # 15b0c <blanks.1+0x10>
   10868:	00016cb7          	lui	s9,0x16
   1086c:	000d0993          	mv	s3,s10
   10870:	05512023          	sw	s5,64(sp)
   10874:	04012423          	sw	zero,72(sp)
   10878:	04012223          	sw	zero,68(sp)
   1087c:	000a8413          	mv	s0,s5
   10880:	00012423          	sw	zero,8(sp)
   10884:	00012c23          	sw	zero,24(sp)
   10888:	00012e23          	sw	zero,28(sp)
   1088c:	02012023          	sw	zero,32(sp)
   10890:	00f12223          	sw	a5,4(sp)
   10894:	01000a13          	li	s4,16
   10898:	c78c8c93          	add	s9,s9,-904 # 15c78 <zeroes.0>
   1089c:	000b8d13          	mv	s10,s7
   108a0:	00094783          	lbu	a5,0(s2)
   108a4:	34078463          	beqz	a5,10bec <_vfiprintf_r+0x438>
   108a8:	00090493          	mv	s1,s2
   108ac:	02500713          	li	a4,37
   108b0:	3ce78663          	beq	a5,a4,10c7c <_vfiprintf_r+0x4c8>
   108b4:	0014c783          	lbu	a5,1(s1)
   108b8:	00148493          	add	s1,s1,1
   108bc:	fe079ae3          	bnez	a5,108b0 <_vfiprintf_r+0xfc>
   108c0:	41248bb3          	sub	s7,s1,s2
   108c4:	33248463          	beq	s1,s2,10bec <_vfiprintf_r+0x438>
   108c8:	04812703          	lw	a4,72(sp)
   108cc:	04412783          	lw	a5,68(sp)
   108d0:	01242023          	sw	s2,0(s0)
   108d4:	00eb8733          	add	a4,s7,a4
   108d8:	00178793          	add	a5,a5,1
   108dc:	01742223          	sw	s7,4(s0)
   108e0:	04e12423          	sw	a4,72(sp)
   108e4:	04f12223          	sw	a5,68(sp)
   108e8:	00700693          	li	a3,7
   108ec:	00840413          	add	s0,s0,8
   108f0:	02f6d063          	bge	a3,a5,10910 <_vfiprintf_r+0x15c>
   108f4:	4e0706e3          	beqz	a4,115e0 <_vfiprintf_r+0xe2c>
   108f8:	04010613          	add	a2,sp,64
   108fc:	000b0593          	mv	a1,s6
   10900:	000c0513          	mv	a0,s8
   10904:	da5ff0ef          	jal	106a8 <__sprint_r.part.0>
   10908:	0e051063          	bnez	a0,109e8 <_vfiprintf_r+0x234>
   1090c:	000a8413          	mv	s0,s5
   10910:	0004c783          	lbu	a5,0(s1)
   10914:	017989b3          	add	s3,s3,s7
   10918:	2c078a63          	beqz	a5,10bec <_vfiprintf_r+0x438>
   1091c:	0014c783          	lbu	a5,1(s1)
   10920:	00148913          	add	s2,s1,1
   10924:	02010da3          	sb	zero,59(sp)
   10928:	fff00d93          	li	s11,-1
   1092c:	00000b93          	li	s7,0
   10930:	00000893          	li	a7,0
   10934:	05a00493          	li	s1,90
   10938:	00190913          	add	s2,s2,1
   1093c:	00078693          	mv	a3,a5
   10940:	fe068713          	add	a4,a3,-32
   10944:	12e4e663          	bltu	s1,a4,10a70 <_vfiprintf_r+0x2bc>
   10948:	00412783          	lw	a5,4(sp)
   1094c:	00271713          	sll	a4,a4,0x2
   10950:	00f70733          	add	a4,a4,a5
   10954:	00072783          	lw	a5,0(a4)
   10958:	00078067          	jr	a5
   1095c:	000b0593          	mv	a1,s6
   10960:	000c0513          	mv	a0,s8
   10964:	d8df70ef          	jal	86f0 <__swsetup_r>
   10968:	00050463          	beqz	a0,10970 <_vfiprintf_r+0x1bc>
   1096c:	1740106f          	j	11ae0 <_vfiprintf_r+0x132c>
   10970:	00cb1783          	lh	a5,12(s6)
   10974:	00a00713          	li	a4,10
   10978:	01a7f793          	and	a5,a5,26
   1097c:	ece79ee3          	bne	a5,a4,10858 <_vfiprintf_r+0xa4>
   10980:	00eb1783          	lh	a5,14(s6)
   10984:	ec07cae3          	bltz	a5,10858 <_vfiprintf_r+0xa4>
   10988:	12812403          	lw	s0,296(sp)
   1098c:	12c12083          	lw	ra,300(sp)
   10990:	12412483          	lw	s1,292(sp)
   10994:	11c12983          	lw	s3,284(sp)
   10998:	11812a03          	lw	s4,280(sp)
   1099c:	11412a83          	lw	s5,276(sp)
   109a0:	10412c83          	lw	s9,260(sp)
   109a4:	10012d03          	lw	s10,256(sp)
   109a8:	0fc12d83          	lw	s11,252(sp)
   109ac:	000b8693          	mv	a3,s7
   109b0:	00090613          	mv	a2,s2
   109b4:	10c12b83          	lw	s7,268(sp)
   109b8:	12012903          	lw	s2,288(sp)
   109bc:	000b0593          	mv	a1,s6
   109c0:	000c0513          	mv	a0,s8
   109c4:	11012b03          	lw	s6,272(sp)
   109c8:	10812c03          	lw	s8,264(sp)
   109cc:	13010113          	add	sp,sp,304
   109d0:	15c0106f          	j	11b2c <__sbprintf>
   109d4:	04010613          	add	a2,sp,64
   109d8:	000b0593          	mv	a1,s6
   109dc:	000c0513          	mv	a0,s8
   109e0:	cc9ff0ef          	jal	106a8 <__sprint_r.part.0>
   109e4:	1e050c63          	beqz	a0,10bdc <_vfiprintf_r+0x428>
   109e8:	00098d13          	mv	s10,s3
   109ec:	00cb5783          	lhu	a5,12(s6)
   109f0:	0407f793          	and	a5,a5,64
   109f4:	00078463          	beqz	a5,109fc <_vfiprintf_r+0x248>
   109f8:	0e80106f          	j	11ae0 <_vfiprintf_r+0x132c>
   109fc:	12c12083          	lw	ra,300(sp)
   10a00:	12812403          	lw	s0,296(sp)
   10a04:	12412483          	lw	s1,292(sp)
   10a08:	12012903          	lw	s2,288(sp)
   10a0c:	11c12983          	lw	s3,284(sp)
   10a10:	11812a03          	lw	s4,280(sp)
   10a14:	11412a83          	lw	s5,276(sp)
   10a18:	11012b03          	lw	s6,272(sp)
   10a1c:	10c12b83          	lw	s7,268(sp)
   10a20:	10812c03          	lw	s8,264(sp)
   10a24:	10412c83          	lw	s9,260(sp)
   10a28:	0fc12d83          	lw	s11,252(sp)
   10a2c:	000d0513          	mv	a0,s10
   10a30:	10012d03          	lw	s10,256(sp)
   10a34:	13010113          	add	sp,sp,304
   10a38:	00008067          	ret
   10a3c:	00000b93          	li	s7,0
   10a40:	fd068793          	add	a5,a3,-48
   10a44:	00900613          	li	a2,9
   10a48:	00094683          	lbu	a3,0(s2)
   10a4c:	002b9713          	sll	a4,s7,0x2
   10a50:	01770bb3          	add	s7,a4,s7
   10a54:	001b9b93          	sll	s7,s7,0x1
   10a58:	01778bb3          	add	s7,a5,s7
   10a5c:	fd068793          	add	a5,a3,-48
   10a60:	00190913          	add	s2,s2,1
   10a64:	fef672e3          	bgeu	a2,a5,10a48 <_vfiprintf_r+0x294>
   10a68:	fe068713          	add	a4,a3,-32
   10a6c:	ece4fee3          	bgeu	s1,a4,10948 <_vfiprintf_r+0x194>
   10a70:	16068e63          	beqz	a3,10bec <_vfiprintf_r+0x438>
   10a74:	08d10623          	sb	a3,140(sp)
   10a78:	02010da3          	sb	zero,59(sp)
   10a7c:	00100313          	li	t1,1
   10a80:	00100e13          	li	t3,1
   10a84:	08c10493          	add	s1,sp,140
   10a88:	00000d93          	li	s11,0
   10a8c:	0028ff93          	and	t6,a7,2
   10a90:	000f8463          	beqz	t6,10a98 <_vfiprintf_r+0x2e4>
   10a94:	00230313          	add	t1,t1,2
   10a98:	04412703          	lw	a4,68(sp)
   10a9c:	0848f293          	and	t0,a7,132
   10aa0:	04812783          	lw	a5,72(sp)
   10aa4:	00170613          	add	a2,a4,1
   10aa8:	00060593          	mv	a1,a2
   10aac:	00029663          	bnez	t0,10ab8 <_vfiprintf_r+0x304>
   10ab0:	406b86b3          	sub	a3,s7,t1
   10ab4:	1cd048e3          	bgtz	a3,11484 <_vfiprintf_r+0xcd0>
   10ab8:	03b14683          	lbu	a3,59(sp)
   10abc:	02068a63          	beqz	a3,10af0 <_vfiprintf_r+0x33c>
   10ac0:	03b10713          	add	a4,sp,59
   10ac4:	00178793          	add	a5,a5,1
   10ac8:	00e42023          	sw	a4,0(s0)
   10acc:	00100713          	li	a4,1
   10ad0:	00e42223          	sw	a4,4(s0)
   10ad4:	04f12423          	sw	a5,72(sp)
   10ad8:	04b12223          	sw	a1,68(sp)
   10adc:	00700713          	li	a4,7
   10ae0:	0cb746e3          	blt	a4,a1,113ac <_vfiprintf_r+0xbf8>
   10ae4:	00058713          	mv	a4,a1
   10ae8:	00840413          	add	s0,s0,8
   10aec:	00158593          	add	a1,a1,1
   10af0:	060f8863          	beqz	t6,10b60 <_vfiprintf_r+0x3ac>
   10af4:	03c10713          	add	a4,sp,60
   10af8:	00278793          	add	a5,a5,2
   10afc:	00e42023          	sw	a4,0(s0)
   10b00:	00200713          	li	a4,2
   10b04:	00e42223          	sw	a4,4(s0)
   10b08:	04f12423          	sw	a5,72(sp)
   10b0c:	04b12223          	sw	a1,68(sp)
   10b10:	00700713          	li	a4,7
   10b14:	10b754e3          	bge	a4,a1,1141c <_vfiprintf_r+0xc68>
   10b18:	32078ae3          	beqz	a5,1164c <_vfiprintf_r+0xe98>
   10b1c:	04010613          	add	a2,sp,64
   10b20:	000b0593          	mv	a1,s6
   10b24:	000c0513          	mv	a0,s8
   10b28:	02612223          	sw	t1,36(sp)
   10b2c:	01112a23          	sw	a7,20(sp)
   10b30:	01c12823          	sw	t3,16(sp)
   10b34:	00512623          	sw	t0,12(sp)
   10b38:	b71ff0ef          	jal	106a8 <__sprint_r.part.0>
   10b3c:	ea0516e3          	bnez	a0,109e8 <_vfiprintf_r+0x234>
   10b40:	04412703          	lw	a4,68(sp)
   10b44:	04812783          	lw	a5,72(sp)
   10b48:	02412303          	lw	t1,36(sp)
   10b4c:	01412883          	lw	a7,20(sp)
   10b50:	01012e03          	lw	t3,16(sp)
   10b54:	00c12283          	lw	t0,12(sp)
   10b58:	000a8413          	mv	s0,s5
   10b5c:	00170593          	add	a1,a4,1
   10b60:	08000693          	li	a3,128
   10b64:	62d28863          	beq	t0,a3,11194 <_vfiprintf_r+0x9e0>
   10b68:	41cd8db3          	sub	s11,s11,t3
   10b6c:	75b04863          	bgtz	s11,112bc <_vfiprintf_r+0xb08>
   10b70:	00fe07b3          	add	a5,t3,a5
   10b74:	00942023          	sw	s1,0(s0)
   10b78:	01c42223          	sw	t3,4(s0)
   10b7c:	04f12423          	sw	a5,72(sp)
   10b80:	04b12223          	sw	a1,68(sp)
   10b84:	00700713          	li	a4,7
   10b88:	5eb75a63          	bge	a4,a1,1117c <_vfiprintf_r+0x9c8>
   10b8c:	10078063          	beqz	a5,10c8c <_vfiprintf_r+0x4d8>
   10b90:	04010613          	add	a2,sp,64
   10b94:	000b0593          	mv	a1,s6
   10b98:	000c0513          	mv	a0,s8
   10b9c:	00612823          	sw	t1,16(sp)
   10ba0:	01112623          	sw	a7,12(sp)
   10ba4:	b05ff0ef          	jal	106a8 <__sprint_r.part.0>
   10ba8:	e40510e3          	bnez	a0,109e8 <_vfiprintf_r+0x234>
   10bac:	04812783          	lw	a5,72(sp)
   10bb0:	01012303          	lw	t1,16(sp)
   10bb4:	00c12883          	lw	a7,12(sp)
   10bb8:	000a8413          	mv	s0,s5
   10bbc:	0048f893          	and	a7,a7,4
   10bc0:	00088663          	beqz	a7,10bcc <_vfiprintf_r+0x418>
   10bc4:	406b84b3          	sub	s1,s7,t1
   10bc8:	0c904e63          	bgtz	s1,10ca4 <_vfiprintf_r+0x4f0>
   10bcc:	006bd463          	bge	s7,t1,10bd4 <_vfiprintf_r+0x420>
   10bd0:	00030b93          	mv	s7,t1
   10bd4:	017989b3          	add	s3,s3,s7
   10bd8:	de079ee3          	bnez	a5,109d4 <_vfiprintf_r+0x220>
   10bdc:	00094783          	lbu	a5,0(s2)
   10be0:	04012223          	sw	zero,68(sp)
   10be4:	000a8413          	mv	s0,s5
   10be8:	cc0790e3          	bnez	a5,108a8 <_vfiprintf_r+0xf4>
   10bec:	04812783          	lw	a5,72(sp)
   10bf0:	00098d13          	mv	s10,s3
   10bf4:	de078ce3          	beqz	a5,109ec <_vfiprintf_r+0x238>
   10bf8:	04010613          	add	a2,sp,64
   10bfc:	000b0593          	mv	a1,s6
   10c00:	000c0513          	mv	a0,s8
   10c04:	aa5ff0ef          	jal	106a8 <__sprint_r.part.0>
   10c08:	de5ff06f          	j	109ec <_vfiprintf_r+0x238>
   10c0c:	000d2b83          	lw	s7,0(s10)
   10c10:	004d0d13          	add	s10,s10,4
   10c14:	280bc263          	bltz	s7,10e98 <_vfiprintf_r+0x6e4>
   10c18:	00094783          	lbu	a5,0(s2)
   10c1c:	d1dff06f          	j	10938 <_vfiprintf_r+0x184>
   10c20:	00094783          	lbu	a5,0(s2)
   10c24:	0208e893          	or	a7,a7,32
   10c28:	d11ff06f          	j	10938 <_vfiprintf_r+0x184>
   10c2c:	0108e893          	or	a7,a7,16
   10c30:	0208f793          	and	a5,a7,32
   10c34:	14078863          	beqz	a5,10d84 <_vfiprintf_r+0x5d0>
   10c38:	007d0d13          	add	s10,s10,7
   10c3c:	ff8d7d13          	and	s10,s10,-8
   10c40:	004d2703          	lw	a4,4(s10)
   10c44:	000d2783          	lw	a5,0(s10)
   10c48:	008d0d13          	add	s10,s10,8
   10c4c:	00070293          	mv	t0,a4
   10c50:	16074063          	bltz	a4,10db0 <_vfiprintf_r+0x5fc>
   10c54:	fff00713          	li	a4,-1
   10c58:	16ed8e63          	beq	s11,a4,10dd4 <_vfiprintf_r+0x620>
   10c5c:	0057e733          	or	a4,a5,t0
   10c60:	f7f8f893          	and	a7,a7,-129
   10c64:	16071863          	bnez	a4,10dd4 <_vfiprintf_r+0x620>
   10c68:	640d90e3          	bnez	s11,11aa8 <_vfiprintf_r+0x12f4>
   10c6c:	00000313          	li	t1,0
   10c70:	00000e13          	li	t3,0
   10c74:	0f010493          	add	s1,sp,240
   10c78:	1880006f          	j	10e00 <_vfiprintf_r+0x64c>
   10c7c:	41248bb3          	sub	s7,s1,s2
   10c80:	c52494e3          	bne	s1,s2,108c8 <_vfiprintf_r+0x114>
   10c84:	0004c783          	lbu	a5,0(s1)
   10c88:	c91ff06f          	j	10918 <_vfiprintf_r+0x164>
   10c8c:	04012223          	sw	zero,68(sp)
   10c90:	0048f893          	and	a7,a7,4
   10c94:	0e088ce3          	beqz	a7,1158c <_vfiprintf_r+0xdd8>
   10c98:	406b84b3          	sub	s1,s7,t1
   10c9c:	0e9058e3          	blez	s1,1158c <_vfiprintf_r+0xdd8>
   10ca0:	000a8413          	mv	s0,s5
   10ca4:	01000713          	li	a4,16
   10ca8:	04412683          	lw	a3,68(sp)
   10cac:	629752e3          	bge	a4,s1,11ad0 <_vfiprintf_r+0x131c>
   10cb0:	00016eb7          	lui	t4,0x16
   10cb4:	c88e8e93          	add	t4,t4,-888 # 15c88 <blanks.1>
   10cb8:	00040593          	mv	a1,s0
   10cbc:	01000d93          	li	s11,16
   10cc0:	00700893          	li	a7,7
   10cc4:	00612623          	sw	t1,12(sp)
   10cc8:	000e8413          	mv	s0,t4
   10ccc:	0180006f          	j	10ce4 <_vfiprintf_r+0x530>
   10cd0:	00268613          	add	a2,a3,2
   10cd4:	00858593          	add	a1,a1,8
   10cd8:	00070693          	mv	a3,a4
   10cdc:	ff048493          	add	s1,s1,-16
   10ce0:	049dda63          	bge	s11,s1,10d34 <_vfiprintf_r+0x580>
   10ce4:	01078793          	add	a5,a5,16
   10ce8:	00168713          	add	a4,a3,1
   10cec:	0085a023          	sw	s0,0(a1)
   10cf0:	01b5a223          	sw	s11,4(a1)
   10cf4:	04f12423          	sw	a5,72(sp)
   10cf8:	04e12223          	sw	a4,68(sp)
   10cfc:	fce8dae3          	bge	a7,a4,10cd0 <_vfiprintf_r+0x51c>
   10d00:	48078263          	beqz	a5,11184 <_vfiprintf_r+0x9d0>
   10d04:	04010613          	add	a2,sp,64
   10d08:	000b0593          	mv	a1,s6
   10d0c:	000c0513          	mv	a0,s8
   10d10:	999ff0ef          	jal	106a8 <__sprint_r.part.0>
   10d14:	cc051ae3          	bnez	a0,109e8 <_vfiprintf_r+0x234>
   10d18:	04412683          	lw	a3,68(sp)
   10d1c:	ff048493          	add	s1,s1,-16
   10d20:	04812783          	lw	a5,72(sp)
   10d24:	000a8593          	mv	a1,s5
   10d28:	00168613          	add	a2,a3,1
   10d2c:	00700893          	li	a7,7
   10d30:	fa9dcae3          	blt	s11,s1,10ce4 <_vfiprintf_r+0x530>
   10d34:	00c12303          	lw	t1,12(sp)
   10d38:	00040e93          	mv	t4,s0
   10d3c:	00058413          	mv	s0,a1
   10d40:	009787b3          	add	a5,a5,s1
   10d44:	01d42023          	sw	t4,0(s0)
   10d48:	00942223          	sw	s1,4(s0)
   10d4c:	04f12423          	sw	a5,72(sp)
   10d50:	04c12223          	sw	a2,68(sp)
   10d54:	00700713          	li	a4,7
   10d58:	e6c75ae3          	bge	a4,a2,10bcc <_vfiprintf_r+0x418>
   10d5c:	020788e3          	beqz	a5,1158c <_vfiprintf_r+0xdd8>
   10d60:	04010613          	add	a2,sp,64
   10d64:	000b0593          	mv	a1,s6
   10d68:	000c0513          	mv	a0,s8
   10d6c:	00612623          	sw	t1,12(sp)
   10d70:	939ff0ef          	jal	106a8 <__sprint_r.part.0>
   10d74:	c6051ae3          	bnez	a0,109e8 <_vfiprintf_r+0x234>
   10d78:	04812783          	lw	a5,72(sp)
   10d7c:	00c12303          	lw	t1,12(sp)
   10d80:	e4dff06f          	j	10bcc <_vfiprintf_r+0x418>
   10d84:	0108f713          	and	a4,a7,16
   10d88:	000d2783          	lw	a5,0(s10)
   10d8c:	004d0d13          	add	s10,s10,4
   10d90:	0e071e63          	bnez	a4,10e8c <_vfiprintf_r+0x6d8>
   10d94:	0408f713          	and	a4,a7,64
   10d98:	0e070663          	beqz	a4,10e84 <_vfiprintf_r+0x6d0>
   10d9c:	01079793          	sll	a5,a5,0x10
   10da0:	4107d793          	sra	a5,a5,0x10
   10da4:	41f7d293          	sra	t0,a5,0x1f
   10da8:	00028713          	mv	a4,t0
   10dac:	ea0754e3          	bgez	a4,10c54 <_vfiprintf_r+0x4a0>
   10db0:	02d00693          	li	a3,45
   10db4:	00f03733          	snez	a4,a5
   10db8:	405002b3          	neg	t0,t0
   10dbc:	02d10da3          	sb	a3,59(sp)
   10dc0:	fff00693          	li	a3,-1
   10dc4:	40e282b3          	sub	t0,t0,a4
   10dc8:	40f007b3          	neg	a5,a5
   10dcc:	00dd8463          	beq	s11,a3,10dd4 <_vfiprintf_r+0x620>
   10dd0:	f7f8f893          	and	a7,a7,-129
   10dd4:	0c029ee3          	bnez	t0,116b0 <_vfiprintf_r+0xefc>
   10dd8:	00900713          	li	a4,9
   10ddc:	0cf76ae3          	bltu	a4,a5,116b0 <_vfiprintf_r+0xefc>
   10de0:	03078793          	add	a5,a5,48
   10de4:	0ff7f793          	zext.b	a5,a5
   10de8:	0ef107a3          	sb	a5,239(sp)
   10dec:	000d8313          	mv	t1,s11
   10df0:	01b04463          	bgtz	s11,10df8 <_vfiprintf_r+0x644>
   10df4:	00100313          	li	t1,1
   10df8:	00100e13          	li	t3,1
   10dfc:	0ef10493          	add	s1,sp,239
   10e00:	03b14783          	lbu	a5,59(sp)
   10e04:	00f037b3          	snez	a5,a5
   10e08:	00f30333          	add	t1,t1,a5
   10e0c:	c81ff06f          	j	10a8c <_vfiprintf_r+0x2d8>
   10e10:	89cf80ef          	jal	8eac <__sinit>
   10e14:	9f5ff06f          	j	10808 <_vfiprintf_r+0x54>
   10e18:	000d2483          	lw	s1,0(s10)
   10e1c:	02010da3          	sb	zero,59(sp)
   10e20:	004d0d13          	add	s10,s10,4
   10e24:	3c048ee3          	beqz	s1,11a00 <_vfiprintf_r+0x124c>
   10e28:	fff00793          	li	a5,-1
   10e2c:	01112623          	sw	a7,12(sp)
   10e30:	26fd8ce3          	beq	s11,a5,118a8 <_vfiprintf_r+0x10f4>
   10e34:	000d8613          	mv	a2,s11
   10e38:	00000593          	li	a1,0
   10e3c:	00048513          	mv	a0,s1
   10e40:	eacfb0ef          	jal	c4ec <memchr>
   10e44:	00c12883          	lw	a7,12(sp)
   10e48:	460504e3          	beqz	a0,11ab0 <_vfiprintf_r+0x12fc>
   10e4c:	40950e33          	sub	t3,a0,s1
   10e50:	fffe4313          	not	t1,t3
   10e54:	41f35313          	sra	t1,t1,0x1f
   10e58:	006e7333          	and	t1,t3,t1
   10e5c:	00000d93          	li	s11,0
   10e60:	fa1ff06f          	j	10e00 <_vfiprintf_r+0x64c>
   10e64:	000d2783          	lw	a5,0(s10)
   10e68:	02010da3          	sb	zero,59(sp)
   10e6c:	004d0d13          	add	s10,s10,4
   10e70:	08f10623          	sb	a5,140(sp)
   10e74:	00100313          	li	t1,1
   10e78:	00100e13          	li	t3,1
   10e7c:	08c10493          	add	s1,sp,140
   10e80:	c09ff06f          	j	10a88 <_vfiprintf_r+0x2d4>
   10e84:	2008f713          	and	a4,a7,512
   10e88:	3e0718e3          	bnez	a4,11a78 <_vfiprintf_r+0x12c4>
   10e8c:	41f7d293          	sra	t0,a5,0x1f
   10e90:	00028713          	mv	a4,t0
   10e94:	dbdff06f          	j	10c50 <_vfiprintf_r+0x49c>
   10e98:	41700bb3          	neg	s7,s7
   10e9c:	00094783          	lbu	a5,0(s2)
   10ea0:	0048e893          	or	a7,a7,4
   10ea4:	a95ff06f          	j	10938 <_vfiprintf_r+0x184>
   10ea8:	02b00713          	li	a4,43
   10eac:	00094783          	lbu	a5,0(s2)
   10eb0:	02e10da3          	sb	a4,59(sp)
   10eb4:	a85ff06f          	j	10938 <_vfiprintf_r+0x184>
   10eb8:	00094783          	lbu	a5,0(s2)
   10ebc:	0808e893          	or	a7,a7,128
   10ec0:	a79ff06f          	j	10938 <_vfiprintf_r+0x184>
   10ec4:	00094683          	lbu	a3,0(s2)
   10ec8:	02a00793          	li	a5,42
   10ecc:	00190713          	add	a4,s2,1
   10ed0:	42f684e3          	beq	a3,a5,11af8 <_vfiprintf_r+0x1344>
   10ed4:	fd068793          	add	a5,a3,-48
   10ed8:	00900593          	li	a1,9
   10edc:	00070913          	mv	s2,a4
   10ee0:	00000d93          	li	s11,0
   10ee4:	00900613          	li	a2,9
   10ee8:	a4f5ece3          	bltu	a1,a5,10940 <_vfiprintf_r+0x18c>
   10eec:	00094683          	lbu	a3,0(s2)
   10ef0:	002d9713          	sll	a4,s11,0x2
   10ef4:	01b70db3          	add	s11,a4,s11
   10ef8:	001d9d93          	sll	s11,s11,0x1
   10efc:	00fd8db3          	add	s11,s11,a5
   10f00:	fd068793          	add	a5,a3,-48
   10f04:	00190913          	add	s2,s2,1
   10f08:	fef672e3          	bgeu	a2,a5,10eec <_vfiprintf_r+0x738>
   10f0c:	a35ff06f          	j	10940 <_vfiprintf_r+0x18c>
   10f10:	000c0513          	mv	a0,s8
   10f14:	01112623          	sw	a7,12(sp)
   10f18:	9ecfb0ef          	jal	c104 <_localeconv_r>
   10f1c:	00452783          	lw	a5,4(a0)
   10f20:	00078513          	mv	a0,a5
   10f24:	02f12023          	sw	a5,32(sp)
   10f28:	d39fc0ef          	jal	dc60 <strlen>
   10f2c:	00050793          	mv	a5,a0
   10f30:	000c0513          	mv	a0,s8
   10f34:	00f12e23          	sw	a5,28(sp)
   10f38:	9ccfb0ef          	jal	c104 <_localeconv_r>
   10f3c:	00852703          	lw	a4,8(a0)
   10f40:	01c12783          	lw	a5,28(sp)
   10f44:	00c12883          	lw	a7,12(sp)
   10f48:	00e12c23          	sw	a4,24(sp)
   10f4c:	cc0786e3          	beqz	a5,10c18 <_vfiprintf_r+0x464>
   10f50:	01812703          	lw	a4,24(sp)
   10f54:	00094783          	lbu	a5,0(s2)
   10f58:	9e0700e3          	beqz	a4,10938 <_vfiprintf_r+0x184>
   10f5c:	00074703          	lbu	a4,0(a4)
   10f60:	9c070ce3          	beqz	a4,10938 <_vfiprintf_r+0x184>
   10f64:	4008e893          	or	a7,a7,1024
   10f68:	9d1ff06f          	j	10938 <_vfiprintf_r+0x184>
   10f6c:	00094783          	lbu	a5,0(s2)
   10f70:	0018e893          	or	a7,a7,1
   10f74:	9c5ff06f          	j	10938 <_vfiprintf_r+0x184>
   10f78:	03b14703          	lbu	a4,59(sp)
   10f7c:	00094783          	lbu	a5,0(s2)
   10f80:	9a071ce3          	bnez	a4,10938 <_vfiprintf_r+0x184>
   10f84:	02000713          	li	a4,32
   10f88:	02e10da3          	sb	a4,59(sp)
   10f8c:	9adff06f          	j	10938 <_vfiprintf_r+0x184>
   10f90:	0108e713          	or	a4,a7,16
   10f94:	02077793          	and	a5,a4,32
   10f98:	64078a63          	beqz	a5,115ec <_vfiprintf_r+0xe38>
   10f9c:	007d0d13          	add	s10,s10,7
   10fa0:	ff8d7d13          	and	s10,s10,-8
   10fa4:	000d2783          	lw	a5,0(s10)
   10fa8:	004d2603          	lw	a2,4(s10)
   10fac:	008d0d13          	add	s10,s10,8
   10fb0:	02010da3          	sb	zero,59(sp)
   10fb4:	fff00693          	li	a3,-1
   10fb8:	bff77893          	and	a7,a4,-1025
   10fbc:	0add8863          	beq	s11,a3,1106c <_vfiprintf_r+0x8b8>
   10fc0:	00c7e6b3          	or	a3,a5,a2
   10fc4:	b7f77713          	and	a4,a4,-1153
   10fc8:	1e069ce3          	bnez	a3,119c0 <_vfiprintf_r+0x120c>
   10fcc:	00088e13          	mv	t3,a7
   10fd0:	00000793          	li	a5,0
   10fd4:	00070893          	mv	a7,a4
   10fd8:	060d9e63          	bnez	s11,11054 <_vfiprintf_r+0x8a0>
   10fdc:	c80798e3          	bnez	a5,10c6c <_vfiprintf_r+0x4b8>
   10fe0:	001e7e13          	and	t3,t3,1
   10fe4:	7c0e0c63          	beqz	t3,117bc <_vfiprintf_r+0x1008>
   10fe8:	03000793          	li	a5,48
   10fec:	0ef107a3          	sb	a5,239(sp)
   10ff0:	000e0313          	mv	t1,t3
   10ff4:	0ef10493          	add	s1,sp,239
   10ff8:	e09ff06f          	j	10e00 <_vfiprintf_r+0x64c>
   10ffc:	00094783          	lbu	a5,0(s2)
   11000:	06c00713          	li	a4,108
   11004:	1ce78ee3          	beq	a5,a4,119e0 <_vfiprintf_r+0x122c>
   11008:	0108e893          	or	a7,a7,16
   1100c:	92dff06f          	j	10938 <_vfiprintf_r+0x184>
   11010:	0108ee13          	or	t3,a7,16
   11014:	020e7793          	and	a5,t3,32
   11018:	60078663          	beqz	a5,11624 <_vfiprintf_r+0xe70>
   1101c:	007d0d13          	add	s10,s10,7
   11020:	ff8d7d13          	and	s10,s10,-8
   11024:	000d2783          	lw	a5,0(s10)
   11028:	004d2283          	lw	t0,4(s10)
   1102c:	008d0d13          	add	s10,s10,8
   11030:	02010da3          	sb	zero,59(sp)
   11034:	fff00713          	li	a4,-1
   11038:	000e0893          	mv	a7,t3
   1103c:	d8ed8ce3          	beq	s11,a4,10dd4 <_vfiprintf_r+0x620>
   11040:	0057e733          	or	a4,a5,t0
   11044:	f7fe7893          	and	a7,t3,-129
   11048:	d80716e3          	bnez	a4,10dd4 <_vfiprintf_r+0x620>
   1104c:	00100793          	li	a5,1
   11050:	f80d86e3          	beqz	s11,10fdc <_vfiprintf_r+0x828>
   11054:	00100713          	li	a4,1
   11058:	24e788e3          	beq	a5,a4,11aa8 <_vfiprintf_r+0x12f4>
   1105c:	00200713          	li	a4,2
   11060:	1ae78ee3          	beq	a5,a4,11a1c <_vfiprintf_r+0x1268>
   11064:	00000793          	li	a5,0
   11068:	00000613          	li	a2,0
   1106c:	0f010493          	add	s1,sp,240
   11070:	01d61693          	sll	a3,a2,0x1d
   11074:	0077f713          	and	a4,a5,7
   11078:	0037d793          	srl	a5,a5,0x3
   1107c:	03070713          	add	a4,a4,48
   11080:	00f6e7b3          	or	a5,a3,a5
   11084:	00365613          	srl	a2,a2,0x3
   11088:	fee48fa3          	sb	a4,-1(s1)
   1108c:	00c7e6b3          	or	a3,a5,a2
   11090:	00048593          	mv	a1,s1
   11094:	fff48493          	add	s1,s1,-1
   11098:	fc069ce3          	bnez	a3,11070 <_vfiprintf_r+0x8bc>
   1109c:	0018f793          	and	a5,a7,1
   110a0:	3c078663          	beqz	a5,1146c <_vfiprintf_r+0xcb8>
   110a4:	03000793          	li	a5,48
   110a8:	3cf70263          	beq	a4,a5,1146c <_vfiprintf_r+0xcb8>
   110ac:	ffe58593          	add	a1,a1,-2
   110b0:	0f010713          	add	a4,sp,240
   110b4:	40b70e33          	sub	t3,a4,a1
   110b8:	fef48fa3          	sb	a5,-1(s1)
   110bc:	000e0313          	mv	t1,t3
   110c0:	75be4063          	blt	t3,s11,11800 <_vfiprintf_r+0x104c>
   110c4:	00058493          	mv	s1,a1
   110c8:	d39ff06f          	j	10e00 <_vfiprintf_r+0x64c>
   110cc:	00094783          	lbu	a5,0(s2)
   110d0:	06800713          	li	a4,104
   110d4:	0ee78ee3          	beq	a5,a4,119d0 <_vfiprintf_r+0x121c>
   110d8:	0408e893          	or	a7,a7,64
   110dc:	85dff06f          	j	10938 <_vfiprintf_r+0x184>
   110e0:	ffff8737          	lui	a4,0xffff8
   110e4:	83074713          	xor	a4,a4,-2000
   110e8:	02e11e23          	sh	a4,60(sp)
   110ec:	00015737          	lui	a4,0x15
   110f0:	24c70713          	add	a4,a4,588 # 1524c <__clz_tab+0x6d0>
   110f4:	000d2783          	lw	a5,0(s10)
   110f8:	00000613          	li	a2,0
   110fc:	0028e893          	or	a7,a7,2
   11100:	004d0d13          	add	s10,s10,4
   11104:	00e12423          	sw	a4,8(sp)
   11108:	02010da3          	sb	zero,59(sp)
   1110c:	fff00713          	li	a4,-1
   11110:	32ed8463          	beq	s11,a4,11438 <_vfiprintf_r+0xc84>
   11114:	00c7e733          	or	a4,a5,a2
   11118:	f7f8f693          	and	a3,a7,-129
   1111c:	30071863          	bnez	a4,1142c <_vfiprintf_r+0xc78>
   11120:	00088e13          	mv	t3,a7
   11124:	00200793          	li	a5,2
   11128:	00068893          	mv	a7,a3
   1112c:	eadff06f          	j	10fd8 <_vfiprintf_r+0x824>
   11130:	0208f793          	and	a5,a7,32
   11134:	6a079263          	bnez	a5,117d8 <_vfiprintf_r+0x1024>
   11138:	0108f793          	and	a5,a7,16
   1113c:	0a079ae3          	bnez	a5,119f0 <_vfiprintf_r+0x123c>
   11140:	0408f793          	and	a5,a7,64
   11144:	14079ae3          	bnez	a5,11a98 <_vfiprintf_r+0x12e4>
   11148:	2008f893          	and	a7,a7,512
   1114c:	0a0882e3          	beqz	a7,119f0 <_vfiprintf_r+0x123c>
   11150:	000d2783          	lw	a5,0(s10)
   11154:	004d0d13          	add	s10,s10,4
   11158:	01378023          	sb	s3,0(a5)
   1115c:	f44ff06f          	j	108a0 <_vfiprintf_r+0xec>
   11160:	00100713          	li	a4,1
   11164:	000e0793          	mv	a5,t3
   11168:	04912623          	sw	s1,76(sp)
   1116c:	05c12823          	sw	t3,80(sp)
   11170:	05c12423          	sw	t3,72(sp)
   11174:	04e12223          	sw	a4,68(sp)
   11178:	000a8413          	mv	s0,s5
   1117c:	00840413          	add	s0,s0,8
   11180:	a3dff06f          	j	10bbc <_vfiprintf_r+0x408>
   11184:	00100613          	li	a2,1
   11188:	00000693          	li	a3,0
   1118c:	000a8593          	mv	a1,s5
   11190:	b4dff06f          	j	10cdc <_vfiprintf_r+0x528>
   11194:	406b8eb3          	sub	t4,s7,t1
   11198:	9dd058e3          	blez	t4,10b68 <_vfiprintf_r+0x3b4>
   1119c:	01000693          	li	a3,16
   111a0:	15d6d4e3          	bge	a3,t4,11ae8 <_vfiprintf_r+0x1334>
   111a4:	00016f37          	lui	t5,0x16
   111a8:	c78f0f13          	add	t5,t5,-904 # 15c78 <zeroes.0>
   111ac:	00912623          	sw	s1,12(sp)
   111b0:	00040593          	mv	a1,s0
   111b4:	01000f93          	li	t6,16
   111b8:	00700293          	li	t0,7
   111bc:	01c12823          	sw	t3,16(sp)
   111c0:	01112a23          	sw	a7,20(sp)
   111c4:	02612223          	sw	t1,36(sp)
   111c8:	000e8413          	mv	s0,t4
   111cc:	000f0493          	mv	s1,t5
   111d0:	0180006f          	j	111e8 <_vfiprintf_r+0xa34>
   111d4:	00270613          	add	a2,a4,2
   111d8:	00858593          	add	a1,a1,8
   111dc:	00068713          	mv	a4,a3
   111e0:	ff040413          	add	s0,s0,-16
   111e4:	048fdc63          	bge	t6,s0,1123c <_vfiprintf_r+0xa88>
   111e8:	01078793          	add	a5,a5,16
   111ec:	00170693          	add	a3,a4,1
   111f0:	0095a023          	sw	s1,0(a1)
   111f4:	01f5a223          	sw	t6,4(a1)
   111f8:	04f12423          	sw	a5,72(sp)
   111fc:	04d12223          	sw	a3,68(sp)
   11200:	fcd2dae3          	bge	t0,a3,111d4 <_vfiprintf_r+0xa20>
   11204:	18078c63          	beqz	a5,1139c <_vfiprintf_r+0xbe8>
   11208:	04010613          	add	a2,sp,64
   1120c:	000b0593          	mv	a1,s6
   11210:	000c0513          	mv	a0,s8
   11214:	c94ff0ef          	jal	106a8 <__sprint_r.part.0>
   11218:	fc051863          	bnez	a0,109e8 <_vfiprintf_r+0x234>
   1121c:	04412703          	lw	a4,68(sp)
   11220:	01000f93          	li	t6,16
   11224:	ff040413          	add	s0,s0,-16
   11228:	04812783          	lw	a5,72(sp)
   1122c:	000a8593          	mv	a1,s5
   11230:	00170613          	add	a2,a4,1
   11234:	00700293          	li	t0,7
   11238:	fa8fc8e3          	blt	t6,s0,111e8 <_vfiprintf_r+0xa34>
   1123c:	00048f13          	mv	t5,s1
   11240:	01012e03          	lw	t3,16(sp)
   11244:	01412883          	lw	a7,20(sp)
   11248:	02412303          	lw	t1,36(sp)
   1124c:	00c12483          	lw	s1,12(sp)
   11250:	00040e93          	mv	t4,s0
   11254:	00058413          	mv	s0,a1
   11258:	01d787b3          	add	a5,a5,t4
   1125c:	01e42023          	sw	t5,0(s0)
   11260:	01d42223          	sw	t4,4(s0)
   11264:	04f12423          	sw	a5,72(sp)
   11268:	04c12223          	sw	a2,68(sp)
   1126c:	00700713          	li	a4,7
   11270:	54c75c63          	bge	a4,a2,117c8 <_vfiprintf_r+0x1014>
   11274:	7c078463          	beqz	a5,11a3c <_vfiprintf_r+0x1288>
   11278:	04010613          	add	a2,sp,64
   1127c:	000b0593          	mv	a1,s6
   11280:	000c0513          	mv	a0,s8
   11284:	00612a23          	sw	t1,20(sp)
   11288:	01112823          	sw	a7,16(sp)
   1128c:	01c12623          	sw	t3,12(sp)
   11290:	c18ff0ef          	jal	106a8 <__sprint_r.part.0>
   11294:	f4051a63          	bnez	a0,109e8 <_vfiprintf_r+0x234>
   11298:	00c12e03          	lw	t3,12(sp)
   1129c:	04412703          	lw	a4,68(sp)
   112a0:	04812783          	lw	a5,72(sp)
   112a4:	41cd8db3          	sub	s11,s11,t3
   112a8:	01412303          	lw	t1,20(sp)
   112ac:	01012883          	lw	a7,16(sp)
   112b0:	000a8413          	mv	s0,s5
   112b4:	00170593          	add	a1,a4,1
   112b8:	8bb05ce3          	blez	s11,10b70 <_vfiprintf_r+0x3bc>
   112bc:	00016f37          	lui	t5,0x16
   112c0:	c78f0f13          	add	t5,t5,-904 # 15c78 <zeroes.0>
   112c4:	0bba5063          	bge	s4,s11,11364 <_vfiprintf_r+0xbb0>
   112c8:	00040613          	mv	a2,s0
   112cc:	00700e93          	li	t4,7
   112d0:	000d8413          	mv	s0,s11
   112d4:	01c12623          	sw	t3,12(sp)
   112d8:	01112823          	sw	a7,16(sp)
   112dc:	00612a23          	sw	t1,20(sp)
   112e0:	000c8d93          	mv	s11,s9
   112e4:	0180006f          	j	112fc <_vfiprintf_r+0xb48>
   112e8:	00270593          	add	a1,a4,2
   112ec:	00860613          	add	a2,a2,8
   112f0:	00068713          	mv	a4,a3
   112f4:	ff040413          	add	s0,s0,-16
   112f8:	048a5a63          	bge	s4,s0,1134c <_vfiprintf_r+0xb98>
   112fc:	01078793          	add	a5,a5,16
   11300:	00170693          	add	a3,a4,1
   11304:	01962023          	sw	s9,0(a2)
   11308:	01462223          	sw	s4,4(a2)
   1130c:	04f12423          	sw	a5,72(sp)
   11310:	04d12223          	sw	a3,68(sp)
   11314:	fcdedae3          	bge	t4,a3,112e8 <_vfiprintf_r+0xb34>
   11318:	06078a63          	beqz	a5,1138c <_vfiprintf_r+0xbd8>
   1131c:	04010613          	add	a2,sp,64
   11320:	000b0593          	mv	a1,s6
   11324:	000c0513          	mv	a0,s8
   11328:	b80ff0ef          	jal	106a8 <__sprint_r.part.0>
   1132c:	ea051e63          	bnez	a0,109e8 <_vfiprintf_r+0x234>
   11330:	04412703          	lw	a4,68(sp)
   11334:	ff040413          	add	s0,s0,-16
   11338:	04812783          	lw	a5,72(sp)
   1133c:	000a8613          	mv	a2,s5
   11340:	00170593          	add	a1,a4,1
   11344:	00700e93          	li	t4,7
   11348:	fa8a4ae3          	blt	s4,s0,112fc <_vfiprintf_r+0xb48>
   1134c:	00c12e03          	lw	t3,12(sp)
   11350:	01012883          	lw	a7,16(sp)
   11354:	01412303          	lw	t1,20(sp)
   11358:	000d8f13          	mv	t5,s11
   1135c:	00040d93          	mv	s11,s0
   11360:	00060413          	mv	s0,a2
   11364:	01b787b3          	add	a5,a5,s11
   11368:	01e42023          	sw	t5,0(s0)
   1136c:	01b42223          	sw	s11,4(s0)
   11370:	04f12423          	sw	a5,72(sp)
   11374:	04b12223          	sw	a1,68(sp)
   11378:	00700713          	li	a4,7
   1137c:	22b74063          	blt	a4,a1,1159c <_vfiprintf_r+0xde8>
   11380:	00840413          	add	s0,s0,8
   11384:	00158593          	add	a1,a1,1
   11388:	fe8ff06f          	j	10b70 <_vfiprintf_r+0x3bc>
   1138c:	00100593          	li	a1,1
   11390:	00000713          	li	a4,0
   11394:	000a8613          	mv	a2,s5
   11398:	f5dff06f          	j	112f4 <_vfiprintf_r+0xb40>
   1139c:	00100613          	li	a2,1
   113a0:	00000713          	li	a4,0
   113a4:	000a8593          	mv	a1,s5
   113a8:	e39ff06f          	j	111e0 <_vfiprintf_r+0xa2c>
   113ac:	04078a63          	beqz	a5,11400 <_vfiprintf_r+0xc4c>
   113b0:	04010613          	add	a2,sp,64
   113b4:	000b0593          	mv	a1,s6
   113b8:	000c0513          	mv	a0,s8
   113bc:	02612423          	sw	t1,40(sp)
   113c0:	03112223          	sw	a7,36(sp)
   113c4:	01c12a23          	sw	t3,20(sp)
   113c8:	00512823          	sw	t0,16(sp)
   113cc:	01f12623          	sw	t6,12(sp)
   113d0:	ad8ff0ef          	jal	106a8 <__sprint_r.part.0>
   113d4:	e0051a63          	bnez	a0,109e8 <_vfiprintf_r+0x234>
   113d8:	04412703          	lw	a4,68(sp)
   113dc:	04812783          	lw	a5,72(sp)
   113e0:	02812303          	lw	t1,40(sp)
   113e4:	02412883          	lw	a7,36(sp)
   113e8:	01412e03          	lw	t3,20(sp)
   113ec:	01012283          	lw	t0,16(sp)
   113f0:	00c12f83          	lw	t6,12(sp)
   113f4:	000a8413          	mv	s0,s5
   113f8:	00170593          	add	a1,a4,1
   113fc:	ef4ff06f          	j	10af0 <_vfiprintf_r+0x33c>
   11400:	3e0f8863          	beqz	t6,117f0 <_vfiprintf_r+0x103c>
   11404:	03c10793          	add	a5,sp,60
   11408:	04f12623          	sw	a5,76(sp)
   1140c:	00200793          	li	a5,2
   11410:	04f12823          	sw	a5,80(sp)
   11414:	00100593          	li	a1,1
   11418:	000a8413          	mv	s0,s5
   1141c:	00058713          	mv	a4,a1
   11420:	00840413          	add	s0,s0,8
   11424:	00158593          	add	a1,a1,1
   11428:	f38ff06f          	j	10b60 <_vfiprintf_r+0x3ac>
   1142c:	00200713          	li	a4,2
   11430:	00068893          	mv	a7,a3
   11434:	c2070ce3          	beqz	a4,1106c <_vfiprintf_r+0x8b8>
   11438:	00812583          	lw	a1,8(sp)
   1143c:	0f010493          	add	s1,sp,240
   11440:	00f7f713          	and	a4,a5,15
   11444:	00e58733          	add	a4,a1,a4
   11448:	00074683          	lbu	a3,0(a4)
   1144c:	0047d793          	srl	a5,a5,0x4
   11450:	01c61713          	sll	a4,a2,0x1c
   11454:	00f767b3          	or	a5,a4,a5
   11458:	00465613          	srl	a2,a2,0x4
   1145c:	fed48fa3          	sb	a3,-1(s1)
   11460:	00c7e733          	or	a4,a5,a2
   11464:	fff48493          	add	s1,s1,-1
   11468:	fc071ce3          	bnez	a4,11440 <_vfiprintf_r+0xc8c>
   1146c:	0f010793          	add	a5,sp,240
   11470:	40978e33          	sub	t3,a5,s1
   11474:	000e0313          	mv	t1,t3
   11478:	99be54e3          	bge	t3,s11,10e00 <_vfiprintf_r+0x64c>
   1147c:	000d8313          	mv	t1,s11
   11480:	981ff06f          	j	10e00 <_vfiprintf_r+0x64c>
   11484:	01000593          	li	a1,16
   11488:	62d5dc63          	bge	a1,a3,11ac0 <_vfiprintf_r+0x130c>
   1148c:	00016eb7          	lui	t4,0x16
   11490:	c88e8e93          	add	t4,t4,-888 # 15c88 <blanks.1>
   11494:	00912a23          	sw	s1,20(sp)
   11498:	00040593          	mv	a1,s0
   1149c:	01000f13          	li	t5,16
   114a0:	00700393          	li	t2,7
   114a4:	01f12623          	sw	t6,12(sp)
   114a8:	00512823          	sw	t0,16(sp)
   114ac:	03c12223          	sw	t3,36(sp)
   114b0:	03112423          	sw	a7,40(sp)
   114b4:	02612623          	sw	t1,44(sp)
   114b8:	00068413          	mv	s0,a3
   114bc:	000e8493          	mv	s1,t4
   114c0:	01c0006f          	j	114dc <_vfiprintf_r+0xd28>
   114c4:	00270513          	add	a0,a4,2
   114c8:	00858593          	add	a1,a1,8
   114cc:	00060713          	mv	a4,a2
   114d0:	ff040413          	add	s0,s0,-16
   114d4:	048f5c63          	bge	t5,s0,1152c <_vfiprintf_r+0xd78>
   114d8:	00170613          	add	a2,a4,1
   114dc:	01078793          	add	a5,a5,16
   114e0:	0095a023          	sw	s1,0(a1)
   114e4:	01e5a223          	sw	t5,4(a1)
   114e8:	04f12423          	sw	a5,72(sp)
   114ec:	04c12223          	sw	a2,68(sp)
   114f0:	fcc3dae3          	bge	t2,a2,114c4 <_vfiprintf_r+0xd10>
   114f4:	08078463          	beqz	a5,1157c <_vfiprintf_r+0xdc8>
   114f8:	04010613          	add	a2,sp,64
   114fc:	000b0593          	mv	a1,s6
   11500:	000c0513          	mv	a0,s8
   11504:	9a4ff0ef          	jal	106a8 <__sprint_r.part.0>
   11508:	ce051063          	bnez	a0,109e8 <_vfiprintf_r+0x234>
   1150c:	04412703          	lw	a4,68(sp)
   11510:	01000f13          	li	t5,16
   11514:	ff040413          	add	s0,s0,-16
   11518:	04812783          	lw	a5,72(sp)
   1151c:	000a8593          	mv	a1,s5
   11520:	00170513          	add	a0,a4,1
   11524:	00700393          	li	t2,7
   11528:	fa8f48e3          	blt	t5,s0,114d8 <_vfiprintf_r+0xd24>
   1152c:	00048e93          	mv	t4,s1
   11530:	00c12f83          	lw	t6,12(sp)
   11534:	01012283          	lw	t0,16(sp)
   11538:	02412e03          	lw	t3,36(sp)
   1153c:	02812883          	lw	a7,40(sp)
   11540:	02c12303          	lw	t1,44(sp)
   11544:	01412483          	lw	s1,20(sp)
   11548:	00040693          	mv	a3,s0
   1154c:	00058413          	mv	s0,a1
   11550:	00d787b3          	add	a5,a5,a3
   11554:	01d42023          	sw	t4,0(s0)
   11558:	00d42223          	sw	a3,4(s0)
   1155c:	04f12423          	sw	a5,72(sp)
   11560:	04a12223          	sw	a0,68(sp)
   11564:	00700713          	li	a4,7
   11568:	0ea74a63          	blt	a4,a0,1165c <_vfiprintf_r+0xea8>
   1156c:	00840413          	add	s0,s0,8
   11570:	00150593          	add	a1,a0,1
   11574:	00050713          	mv	a4,a0
   11578:	d40ff06f          	j	10ab8 <_vfiprintf_r+0x304>
   1157c:	00000713          	li	a4,0
   11580:	00100513          	li	a0,1
   11584:	000a8593          	mv	a1,s5
   11588:	f49ff06f          	j	114d0 <_vfiprintf_r+0xd1c>
   1158c:	006bd463          	bge	s7,t1,11594 <_vfiprintf_r+0xde0>
   11590:	00030b93          	mv	s7,t1
   11594:	017989b3          	add	s3,s3,s7
   11598:	e44ff06f          	j	10bdc <_vfiprintf_r+0x428>
   1159c:	bc0782e3          	beqz	a5,11160 <_vfiprintf_r+0x9ac>
   115a0:	04010613          	add	a2,sp,64
   115a4:	000b0593          	mv	a1,s6
   115a8:	000c0513          	mv	a0,s8
   115ac:	00612a23          	sw	t1,20(sp)
   115b0:	01112823          	sw	a7,16(sp)
   115b4:	01c12623          	sw	t3,12(sp)
   115b8:	8f0ff0ef          	jal	106a8 <__sprint_r.part.0>
   115bc:	c2051663          	bnez	a0,109e8 <_vfiprintf_r+0x234>
   115c0:	04412583          	lw	a1,68(sp)
   115c4:	04812783          	lw	a5,72(sp)
   115c8:	01412303          	lw	t1,20(sp)
   115cc:	01012883          	lw	a7,16(sp)
   115d0:	00c12e03          	lw	t3,12(sp)
   115d4:	000a8413          	mv	s0,s5
   115d8:	00158593          	add	a1,a1,1
   115dc:	d94ff06f          	j	10b70 <_vfiprintf_r+0x3bc>
   115e0:	04012223          	sw	zero,68(sp)
   115e4:	000a8413          	mv	s0,s5
   115e8:	b28ff06f          	j	10910 <_vfiprintf_r+0x15c>
   115ec:	01077693          	and	a3,a4,16
   115f0:	000d2783          	lw	a5,0(s10)
   115f4:	004d0d13          	add	s10,s10,4
   115f8:	02069263          	bnez	a3,1161c <_vfiprintf_r+0xe68>
   115fc:	04077693          	and	a3,a4,64
   11600:	00068a63          	beqz	a3,11614 <_vfiprintf_r+0xe60>
   11604:	01079793          	sll	a5,a5,0x10
   11608:	0107d793          	srl	a5,a5,0x10
   1160c:	00000613          	li	a2,0
   11610:	9a1ff06f          	j	10fb0 <_vfiprintf_r+0x7fc>
   11614:	20077693          	and	a3,a4,512
   11618:	44069a63          	bnez	a3,11a6c <_vfiprintf_r+0x12b8>
   1161c:	00000613          	li	a2,0
   11620:	991ff06f          	j	10fb0 <_vfiprintf_r+0x7fc>
   11624:	010e7713          	and	a4,t3,16
   11628:	000d2783          	lw	a5,0(s10)
   1162c:	004d0d13          	add	s10,s10,4
   11630:	00071a63          	bnez	a4,11644 <_vfiprintf_r+0xe90>
   11634:	040e7713          	and	a4,t3,64
   11638:	3e070863          	beqz	a4,11a28 <_vfiprintf_r+0x1274>
   1163c:	01079793          	sll	a5,a5,0x10
   11640:	0107d793          	srl	a5,a5,0x10
   11644:	00000293          	li	t0,0
   11648:	9e9ff06f          	j	11030 <_vfiprintf_r+0x87c>
   1164c:	00100593          	li	a1,1
   11650:	00000713          	li	a4,0
   11654:	000a8413          	mv	s0,s5
   11658:	d08ff06f          	j	10b60 <_vfiprintf_r+0x3ac>
   1165c:	26078863          	beqz	a5,118cc <_vfiprintf_r+0x1118>
   11660:	04010613          	add	a2,sp,64
   11664:	000b0593          	mv	a1,s6
   11668:	000c0513          	mv	a0,s8
   1166c:	02612423          	sw	t1,40(sp)
   11670:	03112223          	sw	a7,36(sp)
   11674:	01c12a23          	sw	t3,20(sp)
   11678:	00512823          	sw	t0,16(sp)
   1167c:	01f12623          	sw	t6,12(sp)
   11680:	828ff0ef          	jal	106a8 <__sprint_r.part.0>
   11684:	b6051263          	bnez	a0,109e8 <_vfiprintf_r+0x234>
   11688:	04412703          	lw	a4,68(sp)
   1168c:	04812783          	lw	a5,72(sp)
   11690:	02812303          	lw	t1,40(sp)
   11694:	02412883          	lw	a7,36(sp)
   11698:	01412e03          	lw	t3,20(sp)
   1169c:	01012283          	lw	t0,16(sp)
   116a0:	00c12f83          	lw	t6,12(sp)
   116a4:	000a8413          	mv	s0,s5
   116a8:	00170593          	add	a1,a4,1
   116ac:	c0cff06f          	j	10ab8 <_vfiprintf_r+0x304>
   116b0:	ccccdeb7          	lui	t4,0xccccd
   116b4:	ccde8313          	add	t1,t4,-819 # cccccccd <_stack_top+0xacbccccd>
   116b8:	01812803          	lw	a6,24(sp)
   116bc:	4008ff13          	and	t5,a7,1024
   116c0:	00000613          	li	a2,0
   116c4:	0f010593          	add	a1,sp,240
   116c8:	00500e13          	li	t3,5
   116cc:	ccce8e93          	add	t4,t4,-820
   116d0:	0ff00f93          	li	t6,255
   116d4:	0540006f          	j	11728 <_vfiprintf_r+0xf74>
   116d8:	00f4b733          	sltu	a4,s1,a5
   116dc:	00e48733          	add	a4,s1,a4
   116e0:	03c77733          	remu	a4,a4,t3
   116e4:	40e78733          	sub	a4,a5,a4
   116e8:	00e7b5b3          	sltu	a1,a5,a4
   116ec:	40b285b3          	sub	a1,t0,a1
   116f0:	03d703b3          	mul	t2,a4,t4
   116f4:	026585b3          	mul	a1,a1,t1
   116f8:	02673533          	mulhu	a0,a4,t1
   116fc:	007585b3          	add	a1,a1,t2
   11700:	02670733          	mul	a4,a4,t1
   11704:	00a585b3          	add	a1,a1,a0
   11708:	01f59513          	sll	a0,a1,0x1f
   1170c:	0015d593          	srl	a1,a1,0x1
   11710:	00175713          	srl	a4,a4,0x1
   11714:	00e56733          	or	a4,a0,a4
   11718:	32028a63          	beqz	t0,11a4c <_vfiprintf_r+0x1298>
   1171c:	00058293          	mv	t0,a1
   11720:	00070793          	mv	a5,a4
   11724:	00068593          	mv	a1,a3
   11728:	005784b3          	add	s1,a5,t0
   1172c:	00f4b733          	sltu	a4,s1,a5
   11730:	00e48733          	add	a4,s1,a4
   11734:	03c77733          	remu	a4,a4,t3
   11738:	fff58693          	add	a3,a1,-1
   1173c:	00160613          	add	a2,a2,1
   11740:	40e78733          	sub	a4,a5,a4
   11744:	00e7b3b3          	sltu	t2,a5,a4
   11748:	407283b3          	sub	t2,t0,t2
   1174c:	02673533          	mulhu	a0,a4,t1
   11750:	026383b3          	mul	t2,t2,t1
   11754:	02670733          	mul	a4,a4,t1
   11758:	00a383b3          	add	t2,t2,a0
   1175c:	01f39393          	sll	t2,t2,0x1f
   11760:	00175513          	srl	a0,a4,0x1
   11764:	00a3e533          	or	a0,t2,a0
   11768:	00251713          	sll	a4,a0,0x2
   1176c:	00a70733          	add	a4,a4,a0
   11770:	00171713          	sll	a4,a4,0x1
   11774:	40e78733          	sub	a4,a5,a4
   11778:	03070713          	add	a4,a4,48
   1177c:	fee58fa3          	sb	a4,-1(a1)
   11780:	f40f0ce3          	beqz	t5,116d8 <_vfiprintf_r+0xf24>
   11784:	00084703          	lbu	a4,0(a6)
   11788:	f4c718e3          	bne	a4,a2,116d8 <_vfiprintf_r+0xf24>
   1178c:	f5f606e3          	beq	a2,t6,116d8 <_vfiprintf_r+0xf24>
   11790:	16029063          	bnez	t0,118f0 <_vfiprintf_r+0x113c>
   11794:	00900713          	li	a4,9
   11798:	14f76c63          	bltu	a4,a5,118f0 <_vfiprintf_r+0x113c>
   1179c:	0f010793          	add	a5,sp,240
   117a0:	40d78e33          	sub	t3,a5,a3
   117a4:	01012c23          	sw	a6,24(sp)
   117a8:	00068493          	mv	s1,a3
   117ac:	000e0313          	mv	t1,t3
   117b0:	e5be5863          	bge	t3,s11,10e00 <_vfiprintf_r+0x64c>
   117b4:	000d8313          	mv	t1,s11
   117b8:	e48ff06f          	j	10e00 <_vfiprintf_r+0x64c>
   117bc:	00000313          	li	t1,0
   117c0:	0f010493          	add	s1,sp,240
   117c4:	e3cff06f          	j	10e00 <_vfiprintf_r+0x64c>
   117c8:	00840413          	add	s0,s0,8
   117cc:	00160593          	add	a1,a2,1
   117d0:	00060713          	mv	a4,a2
   117d4:	b94ff06f          	j	10b68 <_vfiprintf_r+0x3b4>
   117d8:	000d2783          	lw	a5,0(s10)
   117dc:	41f9d713          	sra	a4,s3,0x1f
   117e0:	004d0d13          	add	s10,s10,4
   117e4:	0137a023          	sw	s3,0(a5)
   117e8:	00e7a223          	sw	a4,4(a5)
   117ec:	8b4ff06f          	j	108a0 <_vfiprintf_r+0xec>
   117f0:	00000713          	li	a4,0
   117f4:	00100593          	li	a1,1
   117f8:	000a8413          	mv	s0,s5
   117fc:	b64ff06f          	j	10b60 <_vfiprintf_r+0x3ac>
   11800:	000d8313          	mv	t1,s11
   11804:	00058493          	mv	s1,a1
   11808:	df8ff06f          	j	10e00 <_vfiprintf_r+0x64c>
   1180c:	00088e13          	mv	t3,a7
   11810:	805ff06f          	j	11014 <_vfiprintf_r+0x860>
   11814:	000157b7          	lui	a5,0x15
   11818:	26078793          	add	a5,a5,608 # 15260 <__clz_tab+0x6e4>
   1181c:	00f12423          	sw	a5,8(sp)
   11820:	0208f793          	and	a5,a7,32
   11824:	04078e63          	beqz	a5,11880 <_vfiprintf_r+0x10cc>
   11828:	007d0d13          	add	s10,s10,7
   1182c:	ff8d7d13          	and	s10,s10,-8
   11830:	000d2783          	lw	a5,0(s10)
   11834:	004d2603          	lw	a2,4(s10)
   11838:	008d0d13          	add	s10,s10,8
   1183c:	0018f713          	and	a4,a7,1
   11840:	00070e63          	beqz	a4,1185c <_vfiprintf_r+0x10a8>
   11844:	00c7e733          	or	a4,a5,a2
   11848:	00070a63          	beqz	a4,1185c <_vfiprintf_r+0x10a8>
   1184c:	03000713          	li	a4,48
   11850:	02e10e23          	sb	a4,60(sp)
   11854:	02d10ea3          	sb	a3,61(sp)
   11858:	0028e893          	or	a7,a7,2
   1185c:	bff8f893          	and	a7,a7,-1025
   11860:	8a9ff06f          	j	11108 <_vfiprintf_r+0x954>
   11864:	00088713          	mv	a4,a7
   11868:	f2cff06f          	j	10f94 <_vfiprintf_r+0x7e0>
   1186c:	000157b7          	lui	a5,0x15
   11870:	24c78793          	add	a5,a5,588 # 1524c <__clz_tab+0x6d0>
   11874:	00f12423          	sw	a5,8(sp)
   11878:	0208f793          	and	a5,a7,32
   1187c:	fa0796e3          	bnez	a5,11828 <_vfiprintf_r+0x1074>
   11880:	0108f713          	and	a4,a7,16
   11884:	000d2783          	lw	a5,0(s10)
   11888:	004d0d13          	add	s10,s10,4
   1188c:	12071663          	bnez	a4,119b8 <_vfiprintf_r+0x1204>
   11890:	0408f713          	and	a4,a7,64
   11894:	10070e63          	beqz	a4,119b0 <_vfiprintf_r+0x11fc>
   11898:	01079793          	sll	a5,a5,0x10
   1189c:	0107d793          	srl	a5,a5,0x10
   118a0:	00000613          	li	a2,0
   118a4:	f99ff06f          	j	1183c <_vfiprintf_r+0x1088>
   118a8:	00048513          	mv	a0,s1
   118ac:	bb4fc0ef          	jal	dc60 <strlen>
   118b0:	fff54313          	not	t1,a0
   118b4:	41f35313          	sra	t1,t1,0x1f
   118b8:	00c12883          	lw	a7,12(sp)
   118bc:	00050e13          	mv	t3,a0
   118c0:	00657333          	and	t1,a0,t1
   118c4:	00000d93          	li	s11,0
   118c8:	d38ff06f          	j	10e00 <_vfiprintf_r+0x64c>
   118cc:	03b14703          	lbu	a4,59(sp)
   118d0:	18070863          	beqz	a4,11a60 <_vfiprintf_r+0x12ac>
   118d4:	03b10793          	add	a5,sp,59
   118d8:	04f12623          	sw	a5,76(sp)
   118dc:	00100793          	li	a5,1
   118e0:	04f12823          	sw	a5,80(sp)
   118e4:	00100593          	li	a1,1
   118e8:	000a8413          	mv	s0,s5
   118ec:	9f8ff06f          	j	10ae4 <_vfiprintf_r+0x330>
   118f0:	02f12223          	sw	a5,36(sp)
   118f4:	01c12783          	lw	a5,28(sp)
   118f8:	02012583          	lw	a1,32(sp)
   118fc:	02512423          	sw	t0,40(sp)
   11900:	40f686b3          	sub	a3,a3,a5
   11904:	00078613          	mv	a2,a5
   11908:	00068513          	mv	a0,a3
   1190c:	01e12c23          	sw	t5,24(sp)
   11910:	01112a23          	sw	a7,20(sp)
   11914:	01012823          	sw	a6,16(sp)
   11918:	00d12623          	sw	a3,12(sp)
   1191c:	bd0fc0ef          	jal	dcec <strncpy>
   11920:	02412783          	lw	a5,36(sp)
   11924:	00500613          	li	a2,5
   11928:	01012803          	lw	a6,16(sp)
   1192c:	00f4b733          	sltu	a4,s1,a5
   11930:	00e48733          	add	a4,s1,a4
   11934:	02c77733          	remu	a4,a4,a2
   11938:	00184583          	lbu	a1,1(a6)
   1193c:	02812283          	lw	t0,40(sp)
   11940:	ccccd3b7          	lui	t2,0xccccd
   11944:	00b035b3          	snez	a1,a1
   11948:	00b80833          	add	a6,a6,a1
   1194c:	ccd38513          	add	a0,t2,-819 # cccccccd <_stack_top+0xacbccccd>
   11950:	ccc38393          	add	t2,t2,-820
   11954:	00c12683          	lw	a3,12(sp)
   11958:	01412883          	lw	a7,20(sp)
   1195c:	01812f03          	lw	t5,24(sp)
   11960:	00000613          	li	a2,0
   11964:	00500e13          	li	t3,5
   11968:	00050313          	mv	t1,a0
   1196c:	0ff00f93          	li	t6,255
   11970:	40e78733          	sub	a4,a5,a4
   11974:	00e7b5b3          	sltu	a1,a5,a4
   11978:	40b285b3          	sub	a1,t0,a1
   1197c:	027703b3          	mul	t2,a4,t2
   11980:	02a585b3          	mul	a1,a1,a0
   11984:	02a732b3          	mulhu	t0,a4,a0
   11988:	007585b3          	add	a1,a1,t2
   1198c:	02a707b3          	mul	a5,a4,a0
   11990:	005585b3          	add	a1,a1,t0
   11994:	01f59713          	sll	a4,a1,0x1f
   11998:	0015d593          	srl	a1,a1,0x1
   1199c:	0017d793          	srl	a5,a5,0x1
   119a0:	00f76733          	or	a4,a4,a5
   119a4:	ccccd7b7          	lui	a5,0xccccd
   119a8:	ccc78e93          	add	t4,a5,-820 # cccccccc <_stack_top+0xacbccccc>
   119ac:	d71ff06f          	j	1171c <_vfiprintf_r+0xf68>
   119b0:	2008f713          	and	a4,a7,512
   119b4:	0c071c63          	bnez	a4,11a8c <_vfiprintf_r+0x12d8>
   119b8:	00000613          	li	a2,0
   119bc:	e81ff06f          	j	1183c <_vfiprintf_r+0x1088>
   119c0:	00070893          	mv	a7,a4
   119c4:	00000713          	li	a4,0
   119c8:	ea070263          	beqz	a4,1106c <_vfiprintf_r+0x8b8>
   119cc:	a6dff06f          	j	11438 <_vfiprintf_r+0xc84>
   119d0:	00194783          	lbu	a5,1(s2)
   119d4:	2008e893          	or	a7,a7,512
   119d8:	00190913          	add	s2,s2,1
   119dc:	f5dfe06f          	j	10938 <_vfiprintf_r+0x184>
   119e0:	00194783          	lbu	a5,1(s2)
   119e4:	0208e893          	or	a7,a7,32
   119e8:	00190913          	add	s2,s2,1
   119ec:	f4dfe06f          	j	10938 <_vfiprintf_r+0x184>
   119f0:	000d2783          	lw	a5,0(s10)
   119f4:	004d0d13          	add	s10,s10,4
   119f8:	0137a023          	sw	s3,0(a5)
   119fc:	ea5fe06f          	j	108a0 <_vfiprintf_r+0xec>
   11a00:	00600793          	li	a5,6
   11a04:	000d8e13          	mv	t3,s11
   11a08:	05b7e863          	bltu	a5,s11,11a58 <_vfiprintf_r+0x12a4>
   11a0c:	000154b7          	lui	s1,0x15
   11a10:	000e0313          	mv	t1,t3
   11a14:	27448493          	add	s1,s1,628 # 15274 <__clz_tab+0x6f8>
   11a18:	870ff06f          	j	10a88 <_vfiprintf_r+0x2d4>
   11a1c:	00000793          	li	a5,0
   11a20:	00000613          	li	a2,0
   11a24:	a15ff06f          	j	11438 <_vfiprintf_r+0xc84>
   11a28:	200e7713          	and	a4,t3,512
   11a2c:	c0070ce3          	beqz	a4,11644 <_vfiprintf_r+0xe90>
   11a30:	0ff7f793          	zext.b	a5,a5
   11a34:	00000293          	li	t0,0
   11a38:	df8ff06f          	j	11030 <_vfiprintf_r+0x87c>
   11a3c:	00100593          	li	a1,1
   11a40:	00000713          	li	a4,0
   11a44:	000a8413          	mv	s0,s5
   11a48:	920ff06f          	j	10b68 <_vfiprintf_r+0x3b4>
   11a4c:	00900513          	li	a0,9
   11a50:	ccf566e3          	bltu	a0,a5,1171c <_vfiprintf_r+0xf68>
   11a54:	d49ff06f          	j	1179c <_vfiprintf_r+0xfe8>
   11a58:	00600e13          	li	t3,6
   11a5c:	fb1ff06f          	j	11a0c <_vfiprintf_r+0x1258>
   11a60:	00100593          	li	a1,1
   11a64:	000a8413          	mv	s0,s5
   11a68:	888ff06f          	j	10af0 <_vfiprintf_r+0x33c>
   11a6c:	0ff7f793          	zext.b	a5,a5
   11a70:	00000613          	li	a2,0
   11a74:	d3cff06f          	j	10fb0 <_vfiprintf_r+0x7fc>
   11a78:	01879793          	sll	a5,a5,0x18
   11a7c:	4187d793          	sra	a5,a5,0x18
   11a80:	41f7d293          	sra	t0,a5,0x1f
   11a84:	00028713          	mv	a4,t0
   11a88:	9c8ff06f          	j	10c50 <_vfiprintf_r+0x49c>
   11a8c:	0ff7f793          	zext.b	a5,a5
   11a90:	00000613          	li	a2,0
   11a94:	da9ff06f          	j	1183c <_vfiprintf_r+0x1088>
   11a98:	000d2783          	lw	a5,0(s10)
   11a9c:	004d0d13          	add	s10,s10,4
   11aa0:	01379023          	sh	s3,0(a5)
   11aa4:	dfdfe06f          	j	108a0 <_vfiprintf_r+0xec>
   11aa8:	03000793          	li	a5,48
   11aac:	b3cff06f          	j	10de8 <_vfiprintf_r+0x634>
   11ab0:	000d8313          	mv	t1,s11
   11ab4:	000d8e13          	mv	t3,s11
   11ab8:	00000d93          	li	s11,0
   11abc:	b44ff06f          	j	10e00 <_vfiprintf_r+0x64c>
   11ac0:	00016eb7          	lui	t4,0x16
   11ac4:	00060513          	mv	a0,a2
   11ac8:	c88e8e93          	add	t4,t4,-888 # 15c88 <blanks.1>
   11acc:	a85ff06f          	j	11550 <_vfiprintf_r+0xd9c>
   11ad0:	00016eb7          	lui	t4,0x16
   11ad4:	00168613          	add	a2,a3,1
   11ad8:	c88e8e93          	add	t4,t4,-888 # 15c88 <blanks.1>
   11adc:	a64ff06f          	j	10d40 <_vfiprintf_r+0x58c>
   11ae0:	fff00d13          	li	s10,-1
   11ae4:	f19fe06f          	j	109fc <_vfiprintf_r+0x248>
   11ae8:	00016f37          	lui	t5,0x16
   11aec:	00058613          	mv	a2,a1
   11af0:	c78f0f13          	add	t5,t5,-904 # 15c78 <zeroes.0>
   11af4:	f64ff06f          	j	11258 <_vfiprintf_r+0xaa4>
   11af8:	000d2d83          	lw	s11,0(s10)
   11afc:	004d0d13          	add	s10,s10,4
   11b00:	000dd463          	bgez	s11,11b08 <_vfiprintf_r+0x1354>
   11b04:	fff00d93          	li	s11,-1
   11b08:	00194783          	lbu	a5,1(s2)
   11b0c:	00070913          	mv	s2,a4
   11b10:	e29fe06f          	j	10938 <_vfiprintf_r+0x184>

00011b14 <vfiprintf>:
   11b14:	00050793          	mv	a5,a0
   11b18:	1a41a503          	lw	a0,420(gp) # 200009a4 <_impure_ptr>
   11b1c:	00060693          	mv	a3,a2
   11b20:	00058613          	mv	a2,a1
   11b24:	00078593          	mv	a1,a5
   11b28:	c8dfe06f          	j	107b4 <_vfiprintf_r>

00011b2c <__sbprintf>:
   11b2c:	00c59783          	lh	a5,12(a1)
   11b30:	00e5d703          	lhu	a4,14(a1)
   11b34:	0645a303          	lw	t1,100(a1)
   11b38:	ffd7f793          	and	a5,a5,-3
   11b3c:	01079793          	sll	a5,a5,0x10
   11b40:	01c5a883          	lw	a7,28(a1)
   11b44:	0245a803          	lw	a6,36(a1)
   11b48:	01071713          	sll	a4,a4,0x10
   11b4c:	0107d793          	srl	a5,a5,0x10
   11b50:	b8010113          	add	sp,sp,-1152
   11b54:	00e7e7b3          	or	a5,a5,a4
   11b58:	46812c23          	sw	s0,1144(sp)
   11b5c:	40000713          	li	a4,1024
   11b60:	00f12a23          	sw	a5,20(sp)
   11b64:	00058413          	mv	s0,a1
   11b68:	07010793          	add	a5,sp,112
   11b6c:	00810593          	add	a1,sp,8
   11b70:	46912a23          	sw	s1,1140(sp)
   11b74:	47212823          	sw	s2,1136(sp)
   11b78:	46112e23          	sw	ra,1148(sp)
   11b7c:	00050913          	mv	s2,a0
   11b80:	06612623          	sw	t1,108(sp)
   11b84:	03112223          	sw	a7,36(sp)
   11b88:	03012623          	sw	a6,44(sp)
   11b8c:	00f12423          	sw	a5,8(sp)
   11b90:	00f12c23          	sw	a5,24(sp)
   11b94:	00e12823          	sw	a4,16(sp)
   11b98:	00e12e23          	sw	a4,28(sp)
   11b9c:	02012023          	sw	zero,32(sp)
   11ba0:	c15fe0ef          	jal	107b4 <_vfiprintf_r>
   11ba4:	00050493          	mv	s1,a0
   11ba8:	02055c63          	bgez	a0,11be0 <__sbprintf+0xb4>
   11bac:	01415783          	lhu	a5,20(sp)
   11bb0:	0407f793          	and	a5,a5,64
   11bb4:	00078863          	beqz	a5,11bc4 <__sbprintf+0x98>
   11bb8:	00c45783          	lhu	a5,12(s0)
   11bbc:	0407e793          	or	a5,a5,64
   11bc0:	00f41623          	sh	a5,12(s0)
   11bc4:	47c12083          	lw	ra,1148(sp)
   11bc8:	47812403          	lw	s0,1144(sp)
   11bcc:	47012903          	lw	s2,1136(sp)
   11bd0:	00048513          	mv	a0,s1
   11bd4:	47412483          	lw	s1,1140(sp)
   11bd8:	48010113          	add	sp,sp,1152
   11bdc:	00008067          	ret
   11be0:	00810593          	add	a1,sp,8
   11be4:	00090513          	mv	a0,s2
   11be8:	e95f60ef          	jal	8a7c <_fflush_r>
   11bec:	fc0500e3          	beqz	a0,11bac <__sbprintf+0x80>
   11bf0:	fff00493          	li	s1,-1
   11bf4:	fb9ff06f          	j	11bac <__sbprintf+0x80>

00011bf8 <_wctomb_r>:
   11bf8:	1101a783          	lw	a5,272(gp) # 20000910 <__global_locale+0xe0>
   11bfc:	00078067          	jr	a5

00011c00 <__ascii_wctomb>:
   11c00:	02058463          	beqz	a1,11c28 <__ascii_wctomb+0x28>
   11c04:	0ff00793          	li	a5,255
   11c08:	00c7e863          	bltu	a5,a2,11c18 <__ascii_wctomb+0x18>
   11c0c:	00c58023          	sb	a2,0(a1)
   11c10:	00100513          	li	a0,1
   11c14:	00008067          	ret
   11c18:	08a00793          	li	a5,138
   11c1c:	00f52023          	sw	a5,0(a0)
   11c20:	fff00513          	li	a0,-1
   11c24:	00008067          	ret
   11c28:	00000513          	li	a0,0
   11c2c:	00008067          	ret

00011c30 <_write_r>:
   11c30:	ff010113          	add	sp,sp,-16
   11c34:	00058713          	mv	a4,a1
   11c38:	00812423          	sw	s0,8(sp)
   11c3c:	00912223          	sw	s1,4(sp)
   11c40:	00060593          	mv	a1,a2
   11c44:	00050413          	mv	s0,a0
   11c48:	200034b7          	lui	s1,0x20003
   11c4c:	00068613          	mv	a2,a3
   11c50:	00070513          	mv	a0,a4
   11c54:	00112623          	sw	ra,12(sp)
   11c58:	1e04a423          	sw	zero,488(s1) # 200031e8 <errno>
   11c5c:	801ee0ef          	jal	45c <_write>
   11c60:	fff00793          	li	a5,-1
   11c64:	00f50c63          	beq	a0,a5,11c7c <_write_r+0x4c>
   11c68:	00c12083          	lw	ra,12(sp)
   11c6c:	00812403          	lw	s0,8(sp)
   11c70:	00412483          	lw	s1,4(sp)
   11c74:	01010113          	add	sp,sp,16
   11c78:	00008067          	ret
   11c7c:	1e84a783          	lw	a5,488(s1)
   11c80:	fe0784e3          	beqz	a5,11c68 <_write_r+0x38>
   11c84:	00c12083          	lw	ra,12(sp)
   11c88:	00f42023          	sw	a5,0(s0)
   11c8c:	00812403          	lw	s0,8(sp)
   11c90:	00412483          	lw	s1,4(sp)
   11c94:	01010113          	add	sp,sp,16
   11c98:	00008067          	ret

00011c9c <__assert_func>:
   11c9c:	1a41a703          	lw	a4,420(gp) # 200009a4 <_impure_ptr>
   11ca0:	ff010113          	add	sp,sp,-16
   11ca4:	00068793          	mv	a5,a3
   11ca8:	00060813          	mv	a6,a2
   11cac:	00112623          	sw	ra,12(sp)
   11cb0:	00c72883          	lw	a7,12(a4)
   11cb4:	00050693          	mv	a3,a0
   11cb8:	00058713          	mv	a4,a1
   11cbc:	00078613          	mv	a2,a5
   11cc0:	02080063          	beqz	a6,11ce0 <__assert_func+0x44>
   11cc4:	000167b7          	lui	a5,0x16
   11cc8:	c9878793          	add	a5,a5,-872 # 15c98 <blanks.1+0x10>
   11ccc:	000165b7          	lui	a1,0x16
   11cd0:	ca858593          	add	a1,a1,-856 # 15ca8 <blanks.1+0x20>
   11cd4:	00088513          	mv	a0,a7
   11cd8:	2d0000ef          	jal	11fa8 <fiprintf>
   11cdc:	089020ef          	jal	14564 <abort>
   11ce0:	00015837          	lui	a6,0x15
   11ce4:	20880793          	add	a5,a6,520 # 15208 <__clz_tab+0x68c>
   11ce8:	20880813          	add	a6,a6,520
   11cec:	fe1ff06f          	j	11ccc <__assert_func+0x30>

00011cf0 <__assert>:
   11cf0:	ff010113          	add	sp,sp,-16
   11cf4:	00060693          	mv	a3,a2
   11cf8:	00000613          	li	a2,0
   11cfc:	00112623          	sw	ra,12(sp)
   11d00:	f9dff0ef          	jal	11c9c <__assert_func>

00011d04 <_calloc_r>:
   11d04:	02c5b7b3          	mulhu	a5,a1,a2
   11d08:	ff010113          	add	sp,sp,-16
   11d0c:	00112623          	sw	ra,12(sp)
   11d10:	00812423          	sw	s0,8(sp)
   11d14:	02c585b3          	mul	a1,a1,a2
   11d18:	0a079063          	bnez	a5,11db8 <_calloc_r+0xb4>
   11d1c:	e3cf30ef          	jal	5358 <_malloc_r>
   11d20:	00050413          	mv	s0,a0
   11d24:	0a050063          	beqz	a0,11dc4 <_calloc_r+0xc0>
   11d28:	ffc52603          	lw	a2,-4(a0)
   11d2c:	02400713          	li	a4,36
   11d30:	ffc67613          	and	a2,a2,-4
   11d34:	ffc60613          	add	a2,a2,-4
   11d38:	04c76863          	bltu	a4,a2,11d88 <_calloc_r+0x84>
   11d3c:	01300693          	li	a3,19
   11d40:	00050793          	mv	a5,a0
   11d44:	02c6f263          	bgeu	a3,a2,11d68 <_calloc_r+0x64>
   11d48:	00052023          	sw	zero,0(a0)
   11d4c:	00052223          	sw	zero,4(a0)
   11d50:	01b00793          	li	a5,27
   11d54:	04c7f863          	bgeu	a5,a2,11da4 <_calloc_r+0xa0>
   11d58:	00052423          	sw	zero,8(a0)
   11d5c:	00052623          	sw	zero,12(a0)
   11d60:	01050793          	add	a5,a0,16
   11d64:	06e60c63          	beq	a2,a4,11ddc <_calloc_r+0xd8>
   11d68:	0007a023          	sw	zero,0(a5)
   11d6c:	0007a223          	sw	zero,4(a5)
   11d70:	0007a423          	sw	zero,8(a5)
   11d74:	00c12083          	lw	ra,12(sp)
   11d78:	00040513          	mv	a0,s0
   11d7c:	00812403          	lw	s0,8(sp)
   11d80:	01010113          	add	sp,sp,16
   11d84:	00008067          	ret
   11d88:	00000593          	li	a1,0
   11d8c:	931ee0ef          	jal	6bc <memset>
   11d90:	00c12083          	lw	ra,12(sp)
   11d94:	00040513          	mv	a0,s0
   11d98:	00812403          	lw	s0,8(sp)
   11d9c:	01010113          	add	sp,sp,16
   11da0:	00008067          	ret
   11da4:	00850793          	add	a5,a0,8
   11da8:	0007a023          	sw	zero,0(a5)
   11dac:	0007a223          	sw	zero,4(a5)
   11db0:	0007a423          	sw	zero,8(a5)
   11db4:	fc1ff06f          	j	11d74 <_calloc_r+0x70>
   11db8:	094000ef          	jal	11e4c <__errno>
   11dbc:	00c00793          	li	a5,12
   11dc0:	00f52023          	sw	a5,0(a0)
   11dc4:	00000413          	li	s0,0
   11dc8:	00c12083          	lw	ra,12(sp)
   11dcc:	00040513          	mv	a0,s0
   11dd0:	00812403          	lw	s0,8(sp)
   11dd4:	01010113          	add	sp,sp,16
   11dd8:	00008067          	ret
   11ddc:	00052823          	sw	zero,16(a0)
   11de0:	01850793          	add	a5,a0,24
   11de4:	00052a23          	sw	zero,20(a0)
   11de8:	f81ff06f          	j	11d68 <_calloc_r+0x64>

00011dec <_close_r>:
   11dec:	ff010113          	add	sp,sp,-16
   11df0:	00812423          	sw	s0,8(sp)
   11df4:	00912223          	sw	s1,4(sp)
   11df8:	00050413          	mv	s0,a0
   11dfc:	200034b7          	lui	s1,0x20003
   11e00:	00058513          	mv	a0,a1
   11e04:	00112623          	sw	ra,12(sp)
   11e08:	1e04a423          	sw	zero,488(s1) # 200031e8 <errno>
   11e0c:	ea4ee0ef          	jal	4b0 <_close>
   11e10:	fff00793          	li	a5,-1
   11e14:	00f50c63          	beq	a0,a5,11e2c <_close_r+0x40>
   11e18:	00c12083          	lw	ra,12(sp)
   11e1c:	00812403          	lw	s0,8(sp)
   11e20:	00412483          	lw	s1,4(sp)
   11e24:	01010113          	add	sp,sp,16
   11e28:	00008067          	ret
   11e2c:	1e84a783          	lw	a5,488(s1)
   11e30:	fe0784e3          	beqz	a5,11e18 <_close_r+0x2c>
   11e34:	00c12083          	lw	ra,12(sp)
   11e38:	00f42023          	sw	a5,0(s0)
   11e3c:	00812403          	lw	s0,8(sp)
   11e40:	00412483          	lw	s1,4(sp)
   11e44:	01010113          	add	sp,sp,16
   11e48:	00008067          	ret

00011e4c <__errno>:
   11e4c:	1a41a503          	lw	a0,420(gp) # 200009a4 <_impure_ptr>
   11e50:	00008067          	ret

00011e54 <_fclose_r>:
   11e54:	ff010113          	add	sp,sp,-16
   11e58:	00112623          	sw	ra,12(sp)
   11e5c:	00812423          	sw	s0,8(sp)
   11e60:	00912223          	sw	s1,4(sp)
   11e64:	01212023          	sw	s2,0(sp)
   11e68:	02058063          	beqz	a1,11e88 <_fclose_r+0x34>
   11e6c:	00058413          	mv	s0,a1
   11e70:	00050493          	mv	s1,a0
   11e74:	00050663          	beqz	a0,11e80 <_fclose_r+0x2c>
   11e78:	03852783          	lw	a5,56(a0)
   11e7c:	0a078c63          	beqz	a5,11f34 <_fclose_r+0xe0>
   11e80:	00c41783          	lh	a5,12(s0)
   11e84:	02079263          	bnez	a5,11ea8 <_fclose_r+0x54>
   11e88:	00c12083          	lw	ra,12(sp)
   11e8c:	00812403          	lw	s0,8(sp)
   11e90:	00000913          	li	s2,0
   11e94:	00412483          	lw	s1,4(sp)
   11e98:	00090513          	mv	a0,s2
   11e9c:	00012903          	lw	s2,0(sp)
   11ea0:	01010113          	add	sp,sp,16
   11ea4:	00008067          	ret
   11ea8:	00040593          	mv	a1,s0
   11eac:	00048513          	mv	a0,s1
   11eb0:	981f60ef          	jal	8830 <__sflush_r>
   11eb4:	02c42783          	lw	a5,44(s0)
   11eb8:	00050913          	mv	s2,a0
   11ebc:	00078a63          	beqz	a5,11ed0 <_fclose_r+0x7c>
   11ec0:	01c42583          	lw	a1,28(s0)
   11ec4:	00048513          	mv	a0,s1
   11ec8:	000780e7          	jalr	a5
   11ecc:	06054c63          	bltz	a0,11f44 <_fclose_r+0xf0>
   11ed0:	00c45783          	lhu	a5,12(s0)
   11ed4:	0807f793          	and	a5,a5,128
   11ed8:	06079e63          	bnez	a5,11f54 <_fclose_r+0x100>
   11edc:	03042583          	lw	a1,48(s0)
   11ee0:	00058c63          	beqz	a1,11ef8 <_fclose_r+0xa4>
   11ee4:	04040793          	add	a5,s0,64
   11ee8:	00f58663          	beq	a1,a5,11ef4 <_fclose_r+0xa0>
   11eec:	00048513          	mv	a0,s1
   11ef0:	938f70ef          	jal	9028 <_free_r>
   11ef4:	02042823          	sw	zero,48(s0)
   11ef8:	04442583          	lw	a1,68(s0)
   11efc:	00058863          	beqz	a1,11f0c <_fclose_r+0xb8>
   11f00:	00048513          	mv	a0,s1
   11f04:	924f70ef          	jal	9028 <_free_r>
   11f08:	04042223          	sw	zero,68(s0)
   11f0c:	fb1f60ef          	jal	8ebc <__sfp_lock_acquire>
   11f10:	00041623          	sh	zero,12(s0)
   11f14:	fadf60ef          	jal	8ec0 <__sfp_lock_release>
   11f18:	00c12083          	lw	ra,12(sp)
   11f1c:	00812403          	lw	s0,8(sp)
   11f20:	00412483          	lw	s1,4(sp)
   11f24:	00090513          	mv	a0,s2
   11f28:	00012903          	lw	s2,0(sp)
   11f2c:	01010113          	add	sp,sp,16
   11f30:	00008067          	ret
   11f34:	f79f60ef          	jal	8eac <__sinit>
   11f38:	00c41783          	lh	a5,12(s0)
   11f3c:	f40786e3          	beqz	a5,11e88 <_fclose_r+0x34>
   11f40:	f69ff06f          	j	11ea8 <_fclose_r+0x54>
   11f44:	00c45783          	lhu	a5,12(s0)
   11f48:	fff00913          	li	s2,-1
   11f4c:	0807f793          	and	a5,a5,128
   11f50:	f80786e3          	beqz	a5,11edc <_fclose_r+0x88>
   11f54:	01042583          	lw	a1,16(s0)
   11f58:	00048513          	mv	a0,s1
   11f5c:	8ccf70ef          	jal	9028 <_free_r>
   11f60:	f7dff06f          	j	11edc <_fclose_r+0x88>

00011f64 <fclose>:
   11f64:	00050593          	mv	a1,a0
   11f68:	1a41a503          	lw	a0,420(gp) # 200009a4 <_impure_ptr>
   11f6c:	ee9ff06f          	j	11e54 <_fclose_r>

00011f70 <_fiprintf_r>:
   11f70:	fc010113          	add	sp,sp,-64
   11f74:	02c10313          	add	t1,sp,44
   11f78:	02d12623          	sw	a3,44(sp)
   11f7c:	00030693          	mv	a3,t1
   11f80:	00112e23          	sw	ra,28(sp)
   11f84:	02e12823          	sw	a4,48(sp)
   11f88:	02f12a23          	sw	a5,52(sp)
   11f8c:	03012c23          	sw	a6,56(sp)
   11f90:	03112e23          	sw	a7,60(sp)
   11f94:	00612623          	sw	t1,12(sp)
   11f98:	81dfe0ef          	jal	107b4 <_vfiprintf_r>
   11f9c:	01c12083          	lw	ra,28(sp)
   11fa0:	04010113          	add	sp,sp,64
   11fa4:	00008067          	ret

00011fa8 <fiprintf>:
   11fa8:	00050e13          	mv	t3,a0
   11fac:	fc010113          	add	sp,sp,-64
   11fb0:	1a41a503          	lw	a0,420(gp) # 200009a4 <_impure_ptr>
   11fb4:	02810313          	add	t1,sp,40
   11fb8:	02c12423          	sw	a2,40(sp)
   11fbc:	02d12623          	sw	a3,44(sp)
   11fc0:	00058613          	mv	a2,a1
   11fc4:	00030693          	mv	a3,t1
   11fc8:	000e0593          	mv	a1,t3
   11fcc:	00112e23          	sw	ra,28(sp)
   11fd0:	02e12823          	sw	a4,48(sp)
   11fd4:	02f12a23          	sw	a5,52(sp)
   11fd8:	03012c23          	sw	a6,56(sp)
   11fdc:	03112e23          	sw	a7,60(sp)
   11fe0:	00612623          	sw	t1,12(sp)
   11fe4:	fd0fe0ef          	jal	107b4 <_vfiprintf_r>
   11fe8:	01c12083          	lw	ra,28(sp)
   11fec:	04010113          	add	sp,sp,64
   11ff0:	00008067          	ret

00011ff4 <__fputwc>:
   11ff4:	fe010113          	add	sp,sp,-32
   11ff8:	00812c23          	sw	s0,24(sp)
   11ffc:	00912a23          	sw	s1,20(sp)
   12000:	01212823          	sw	s2,16(sp)
   12004:	00112e23          	sw	ra,28(sp)
   12008:	00050913          	mv	s2,a0
   1200c:	00058493          	mv	s1,a1
   12010:	00060413          	mv	s0,a2
   12014:	97cfa0ef          	jal	c190 <__locale_mb_cur_max>
   12018:	00100793          	li	a5,1
   1201c:	00f51c63          	bne	a0,a5,12034 <__fputwc+0x40>
   12020:	fff48793          	add	a5,s1,-1
   12024:	0fe00713          	li	a4,254
   12028:	00f76663          	bltu	a4,a5,12034 <__fputwc+0x40>
   1202c:	00910623          	sb	s1,12(sp)
   12030:	0240006f          	j	12054 <__fputwc+0x60>
   12034:	05c40693          	add	a3,s0,92
   12038:	00048613          	mv	a2,s1
   1203c:	00c10593          	add	a1,sp,12
   12040:	00090513          	mv	a0,s2
   12044:	420020ef          	jal	14464 <_wcrtomb_r>
   12048:	fff00793          	li	a5,-1
   1204c:	08f50463          	beq	a0,a5,120d4 <__fputwc+0xe0>
   12050:	02050c63          	beqz	a0,12088 <__fputwc+0x94>
   12054:	00842783          	lw	a5,8(s0)
   12058:	00c14583          	lbu	a1,12(sp)
   1205c:	fff78793          	add	a5,a5,-1
   12060:	00f42423          	sw	a5,8(s0)
   12064:	0007da63          	bgez	a5,12078 <__fputwc+0x84>
   12068:	01842703          	lw	a4,24(s0)
   1206c:	02e7cc63          	blt	a5,a4,120a4 <__fputwc+0xb0>
   12070:	00a00793          	li	a5,10
   12074:	02f58863          	beq	a1,a5,120a4 <__fputwc+0xb0>
   12078:	00042783          	lw	a5,0(s0)
   1207c:	00178713          	add	a4,a5,1
   12080:	00e42023          	sw	a4,0(s0)
   12084:	00b78023          	sb	a1,0(a5)
   12088:	01c12083          	lw	ra,28(sp)
   1208c:	01812403          	lw	s0,24(sp)
   12090:	01012903          	lw	s2,16(sp)
   12094:	00048513          	mv	a0,s1
   12098:	01412483          	lw	s1,20(sp)
   1209c:	02010113          	add	sp,sp,32
   120a0:	00008067          	ret
   120a4:	00040613          	mv	a2,s0
   120a8:	00090513          	mv	a0,s2
   120ac:	230020ef          	jal	142dc <__swbuf_r>
   120b0:	fff00793          	li	a5,-1
   120b4:	fcf51ae3          	bne	a0,a5,12088 <__fputwc+0x94>
   120b8:	fff00513          	li	a0,-1
   120bc:	01c12083          	lw	ra,28(sp)
   120c0:	01812403          	lw	s0,24(sp)
   120c4:	01412483          	lw	s1,20(sp)
   120c8:	01012903          	lw	s2,16(sp)
   120cc:	02010113          	add	sp,sp,32
   120d0:	00008067          	ret
   120d4:	00c45783          	lhu	a5,12(s0)
   120d8:	fff00513          	li	a0,-1
   120dc:	0407e793          	or	a5,a5,64
   120e0:	00f41623          	sh	a5,12(s0)
   120e4:	fd9ff06f          	j	120bc <__fputwc+0xc8>

000120e8 <_fputwc_r>:
   120e8:	00c61783          	lh	a5,12(a2)
   120ec:	01279713          	sll	a4,a5,0x12
   120f0:	02074063          	bltz	a4,12110 <_fputwc_r+0x28>
   120f4:	06462703          	lw	a4,100(a2)
   120f8:	000026b7          	lui	a3,0x2
   120fc:	00d7e7b3          	or	a5,a5,a3
   12100:	000026b7          	lui	a3,0x2
   12104:	00d76733          	or	a4,a4,a3
   12108:	00f61623          	sh	a5,12(a2)
   1210c:	06e62223          	sw	a4,100(a2)
   12110:	ee5ff06f          	j	11ff4 <__fputwc>

00012114 <fputwc>:
   12114:	fe010113          	add	sp,sp,-32
   12118:	00812c23          	sw	s0,24(sp)
   1211c:	1a41a403          	lw	s0,420(gp) # 200009a4 <_impure_ptr>
   12120:	00112e23          	sw	ra,28(sp)
   12124:	00058613          	mv	a2,a1
   12128:	00050593          	mv	a1,a0
   1212c:	00040663          	beqz	s0,12138 <fputwc+0x24>
   12130:	03842783          	lw	a5,56(s0)
   12134:	04078063          	beqz	a5,12174 <fputwc+0x60>
   12138:	00c61783          	lh	a5,12(a2)
   1213c:	01279713          	sll	a4,a5,0x12
   12140:	02074063          	bltz	a4,12160 <fputwc+0x4c>
   12144:	06462703          	lw	a4,100(a2)
   12148:	000026b7          	lui	a3,0x2
   1214c:	00d7e7b3          	or	a5,a5,a3
   12150:	000026b7          	lui	a3,0x2
   12154:	00d76733          	or	a4,a4,a3
   12158:	00f61623          	sh	a5,12(a2)
   1215c:	06e62223          	sw	a4,100(a2)
   12160:	00040513          	mv	a0,s0
   12164:	01812403          	lw	s0,24(sp)
   12168:	01c12083          	lw	ra,28(sp)
   1216c:	02010113          	add	sp,sp,32
   12170:	e85ff06f          	j	11ff4 <__fputwc>
   12174:	00a12423          	sw	a0,8(sp)
   12178:	00040513          	mv	a0,s0
   1217c:	00c12623          	sw	a2,12(sp)
   12180:	d2df60ef          	jal	8eac <__sinit>
   12184:	00c12603          	lw	a2,12(sp)
   12188:	00812583          	lw	a1,8(sp)
   1218c:	fadff06f          	j	12138 <fputwc+0x24>

00012190 <_fstat_r>:
   12190:	ff010113          	add	sp,sp,-16
   12194:	00058713          	mv	a4,a1
   12198:	00812423          	sw	s0,8(sp)
   1219c:	00912223          	sw	s1,4(sp)
   121a0:	00050413          	mv	s0,a0
   121a4:	200034b7          	lui	s1,0x20003
   121a8:	00060593          	mv	a1,a2
   121ac:	00070513          	mv	a0,a4
   121b0:	00112623          	sw	ra,12(sp)
   121b4:	1e04a423          	sw	zero,488(s1) # 200031e8 <errno>
   121b8:	b00ee0ef          	jal	4b8 <_fstat>
   121bc:	fff00793          	li	a5,-1
   121c0:	00f50c63          	beq	a0,a5,121d8 <_fstat_r+0x48>
   121c4:	00c12083          	lw	ra,12(sp)
   121c8:	00812403          	lw	s0,8(sp)
   121cc:	00412483          	lw	s1,4(sp)
   121d0:	01010113          	add	sp,sp,16
   121d4:	00008067          	ret
   121d8:	1e84a783          	lw	a5,488(s1)
   121dc:	fe0784e3          	beqz	a5,121c4 <_fstat_r+0x34>
   121e0:	00c12083          	lw	ra,12(sp)
   121e4:	00f42023          	sw	a5,0(s0)
   121e8:	00812403          	lw	s0,8(sp)
   121ec:	00412483          	lw	s1,4(sp)
   121f0:	01010113          	add	sp,sp,16
   121f4:	00008067          	ret

000121f8 <__sfvwrite_r>:
   121f8:	00862783          	lw	a5,8(a2)
   121fc:	30078a63          	beqz	a5,12510 <__sfvwrite_r+0x318>
   12200:	00c59683          	lh	a3,12(a1)
   12204:	fd010113          	add	sp,sp,-48
   12208:	02812423          	sw	s0,40(sp)
   1220c:	01412c23          	sw	s4,24(sp)
   12210:	01612823          	sw	s6,16(sp)
   12214:	02112623          	sw	ra,44(sp)
   12218:	02912223          	sw	s1,36(sp)
   1221c:	03212023          	sw	s2,32(sp)
   12220:	01312e23          	sw	s3,28(sp)
   12224:	01512a23          	sw	s5,20(sp)
   12228:	01712623          	sw	s7,12(sp)
   1222c:	01812423          	sw	s8,8(sp)
   12230:	01912223          	sw	s9,4(sp)
   12234:	0086f793          	and	a5,a3,8
   12238:	00060b13          	mv	s6,a2
   1223c:	00050a13          	mv	s4,a0
   12240:	00058413          	mv	s0,a1
   12244:	08078663          	beqz	a5,122d0 <__sfvwrite_r+0xd8>
   12248:	0105a783          	lw	a5,16(a1)
   1224c:	08078263          	beqz	a5,122d0 <__sfvwrite_r+0xd8>
   12250:	0026f793          	and	a5,a3,2
   12254:	000b2483          	lw	s1,0(s6)
   12258:	08078c63          	beqz	a5,122f0 <__sfvwrite_r+0xf8>
   1225c:	02442783          	lw	a5,36(s0)
   12260:	01c42583          	lw	a1,28(s0)
   12264:	80000ab7          	lui	s5,0x80000
   12268:	00000993          	li	s3,0
   1226c:	00000913          	li	s2,0
   12270:	c00aca93          	xor	s5,s5,-1024
   12274:	00098613          	mv	a2,s3
   12278:	000a0513          	mv	a0,s4
   1227c:	04090263          	beqz	s2,122c0 <__sfvwrite_r+0xc8>
   12280:	00090693          	mv	a3,s2
   12284:	012af463          	bgeu	s5,s2,1228c <__sfvwrite_r+0x94>
   12288:	000a8693          	mv	a3,s5
   1228c:	000780e7          	jalr	a5
   12290:	26a05663          	blez	a0,124fc <__sfvwrite_r+0x304>
   12294:	008b2783          	lw	a5,8(s6)
   12298:	00a989b3          	add	s3,s3,a0
   1229c:	40a90933          	sub	s2,s2,a0
   122a0:	40a787b3          	sub	a5,a5,a0
   122a4:	00fb2423          	sw	a5,8(s6)
   122a8:	20078663          	beqz	a5,124b4 <__sfvwrite_r+0x2bc>
   122ac:	02442783          	lw	a5,36(s0)
   122b0:	01c42583          	lw	a1,28(s0)
   122b4:	00098613          	mv	a2,s3
   122b8:	000a0513          	mv	a0,s4
   122bc:	fc0912e3          	bnez	s2,12280 <__sfvwrite_r+0x88>
   122c0:	0004a983          	lw	s3,0(s1)
   122c4:	0044a903          	lw	s2,4(s1)
   122c8:	00848493          	add	s1,s1,8
   122cc:	fa9ff06f          	j	12274 <__sfvwrite_r+0x7c>
   122d0:	00040593          	mv	a1,s0
   122d4:	000a0513          	mv	a0,s4
   122d8:	c18f60ef          	jal	86f0 <__swsetup_r>
   122dc:	22051663          	bnez	a0,12508 <__sfvwrite_r+0x310>
   122e0:	00c41683          	lh	a3,12(s0)
   122e4:	000b2483          	lw	s1,0(s6)
   122e8:	0026f793          	and	a5,a3,2
   122ec:	f60798e3          	bnez	a5,1225c <__sfvwrite_r+0x64>
   122f0:	0016f793          	and	a5,a3,1
   122f4:	12079c63          	bnez	a5,1242c <__sfvwrite_r+0x234>
   122f8:	00042783          	lw	a5,0(s0)
   122fc:	00842703          	lw	a4,8(s0)
   12300:	80000ab7          	lui	s5,0x80000
   12304:	00000b93          	li	s7,0
   12308:	00000993          	li	s3,0
   1230c:	fffaca93          	not	s5,s5
   12310:	00078513          	mv	a0,a5
   12314:	00070c13          	mv	s8,a4
   12318:	10098263          	beqz	s3,1241c <__sfvwrite_r+0x224>
   1231c:	2006f613          	and	a2,a3,512
   12320:	24060c63          	beqz	a2,12578 <__sfvwrite_r+0x380>
   12324:	00070c93          	mv	s9,a4
   12328:	2ee9e463          	bltu	s3,a4,12610 <__sfvwrite_r+0x418>
   1232c:	4806f713          	and	a4,a3,1152
   12330:	08070a63          	beqz	a4,123c4 <__sfvwrite_r+0x1cc>
   12334:	01442603          	lw	a2,20(s0)
   12338:	01042583          	lw	a1,16(s0)
   1233c:	00161713          	sll	a4,a2,0x1
   12340:	00c70733          	add	a4,a4,a2
   12344:	40b78933          	sub	s2,a5,a1
   12348:	01f75c13          	srl	s8,a4,0x1f
   1234c:	00ec0c33          	add	s8,s8,a4
   12350:	00190793          	add	a5,s2,1
   12354:	401c5c13          	sra	s8,s8,0x1
   12358:	013787b3          	add	a5,a5,s3
   1235c:	000c0613          	mv	a2,s8
   12360:	00fc7663          	bgeu	s8,a5,1236c <__sfvwrite_r+0x174>
   12364:	00078c13          	mv	s8,a5
   12368:	00078613          	mv	a2,a5
   1236c:	4006f693          	and	a3,a3,1024
   12370:	2c068c63          	beqz	a3,12648 <__sfvwrite_r+0x450>
   12374:	00060593          	mv	a1,a2
   12378:	000a0513          	mv	a0,s4
   1237c:	fddf20ef          	jal	5358 <_malloc_r>
   12380:	00050c93          	mv	s9,a0
   12384:	30050063          	beqz	a0,12684 <__sfvwrite_r+0x48c>
   12388:	01042583          	lw	a1,16(s0)
   1238c:	00090613          	mv	a2,s2
   12390:	3d0000ef          	jal	12760 <memcpy>
   12394:	00c45783          	lhu	a5,12(s0)
   12398:	b7f7f793          	and	a5,a5,-1153
   1239c:	0807e793          	or	a5,a5,128
   123a0:	00f41623          	sh	a5,12(s0)
   123a4:	012c8533          	add	a0,s9,s2
   123a8:	412c07b3          	sub	a5,s8,s2
   123ac:	01942823          	sw	s9,16(s0)
   123b0:	01842a23          	sw	s8,20(s0)
   123b4:	00a42023          	sw	a0,0(s0)
   123b8:	00098c13          	mv	s8,s3
   123bc:	00f42423          	sw	a5,8(s0)
   123c0:	00098c93          	mv	s9,s3
   123c4:	000c8613          	mv	a2,s9
   123c8:	000b8593          	mv	a1,s7
   123cc:	538000ef          	jal	12904 <memmove>
   123d0:	00842703          	lw	a4,8(s0)
   123d4:	00042783          	lw	a5,0(s0)
   123d8:	00098913          	mv	s2,s3
   123dc:	41870733          	sub	a4,a4,s8
   123e0:	019787b3          	add	a5,a5,s9
   123e4:	00e42423          	sw	a4,8(s0)
   123e8:	00f42023          	sw	a5,0(s0)
   123ec:	00000993          	li	s3,0
   123f0:	008b2783          	lw	a5,8(s6)
   123f4:	012b8bb3          	add	s7,s7,s2
   123f8:	412787b3          	sub	a5,a5,s2
   123fc:	00fb2423          	sw	a5,8(s6)
   12400:	0a078a63          	beqz	a5,124b4 <__sfvwrite_r+0x2bc>
   12404:	00042783          	lw	a5,0(s0)
   12408:	00842703          	lw	a4,8(s0)
   1240c:	00c41683          	lh	a3,12(s0)
   12410:	00078513          	mv	a0,a5
   12414:	00070c13          	mv	s8,a4
   12418:	f00992e3          	bnez	s3,1231c <__sfvwrite_r+0x124>
   1241c:	0004ab83          	lw	s7,0(s1)
   12420:	0044a983          	lw	s3,4(s1)
   12424:	00848493          	add	s1,s1,8
   12428:	ee9ff06f          	j	12310 <__sfvwrite_r+0x118>
   1242c:	00000a93          	li	s5,0
   12430:	00000513          	li	a0,0
   12434:	00000c13          	li	s8,0
   12438:	00000993          	li	s3,0
   1243c:	0c098e63          	beqz	s3,12518 <__sfvwrite_r+0x320>
   12440:	0e050663          	beqz	a0,1252c <__sfvwrite_r+0x334>
   12444:	000a8793          	mv	a5,s5
   12448:	00098b93          	mv	s7,s3
   1244c:	0137f463          	bgeu	a5,s3,12454 <__sfvwrite_r+0x25c>
   12450:	00078b93          	mv	s7,a5
   12454:	00042503          	lw	a0,0(s0)
   12458:	01042783          	lw	a5,16(s0)
   1245c:	00842903          	lw	s2,8(s0)
   12460:	01442683          	lw	a3,20(s0)
   12464:	00a7f663          	bgeu	a5,a0,12470 <__sfvwrite_r+0x278>
   12468:	00d90933          	add	s2,s2,a3
   1246c:	0f794063          	blt	s2,s7,1254c <__sfvwrite_r+0x354>
   12470:	1adbc663          	blt	s7,a3,1261c <__sfvwrite_r+0x424>
   12474:	02442783          	lw	a5,36(s0)
   12478:	01c42583          	lw	a1,28(s0)
   1247c:	000c0613          	mv	a2,s8
   12480:	000a0513          	mv	a0,s4
   12484:	000780e7          	jalr	a5
   12488:	00050913          	mv	s2,a0
   1248c:	06a05863          	blez	a0,124fc <__sfvwrite_r+0x304>
   12490:	412a8ab3          	sub	s5,s5,s2
   12494:	00100513          	li	a0,1
   12498:	040a8a63          	beqz	s5,124ec <__sfvwrite_r+0x2f4>
   1249c:	008b2783          	lw	a5,8(s6)
   124a0:	012c0c33          	add	s8,s8,s2
   124a4:	412989b3          	sub	s3,s3,s2
   124a8:	412787b3          	sub	a5,a5,s2
   124ac:	00fb2423          	sw	a5,8(s6)
   124b0:	f80796e3          	bnez	a5,1243c <__sfvwrite_r+0x244>
   124b4:	00000513          	li	a0,0
   124b8:	02c12083          	lw	ra,44(sp)
   124bc:	02812403          	lw	s0,40(sp)
   124c0:	02412483          	lw	s1,36(sp)
   124c4:	02012903          	lw	s2,32(sp)
   124c8:	01c12983          	lw	s3,28(sp)
   124cc:	01812a03          	lw	s4,24(sp)
   124d0:	01412a83          	lw	s5,20(sp)
   124d4:	01012b03          	lw	s6,16(sp)
   124d8:	00c12b83          	lw	s7,12(sp)
   124dc:	00812c03          	lw	s8,8(sp)
   124e0:	00412c83          	lw	s9,4(sp)
   124e4:	03010113          	add	sp,sp,48
   124e8:	00008067          	ret
   124ec:	00040593          	mv	a1,s0
   124f0:	000a0513          	mv	a0,s4
   124f4:	d88f60ef          	jal	8a7c <_fflush_r>
   124f8:	fa0502e3          	beqz	a0,1249c <__sfvwrite_r+0x2a4>
   124fc:	00c41783          	lh	a5,12(s0)
   12500:	0407e793          	or	a5,a5,64
   12504:	00f41623          	sh	a5,12(s0)
   12508:	fff00513          	li	a0,-1
   1250c:	fadff06f          	j	124b8 <__sfvwrite_r+0x2c0>
   12510:	00000513          	li	a0,0
   12514:	00008067          	ret
   12518:	0044a983          	lw	s3,4(s1)
   1251c:	00048793          	mv	a5,s1
   12520:	00848493          	add	s1,s1,8
   12524:	fe098ae3          	beqz	s3,12518 <__sfvwrite_r+0x320>
   12528:	0007ac03          	lw	s8,0(a5)
   1252c:	00098613          	mv	a2,s3
   12530:	00a00593          	li	a1,10
   12534:	000c0513          	mv	a0,s8
   12538:	fb5f90ef          	jal	c4ec <memchr>
   1253c:	12050e63          	beqz	a0,12678 <__sfvwrite_r+0x480>
   12540:	00150513          	add	a0,a0,1
   12544:	41850ab3          	sub	s5,a0,s8
   12548:	efdff06f          	j	12444 <__sfvwrite_r+0x24c>
   1254c:	000c0593          	mv	a1,s8
   12550:	00090613          	mv	a2,s2
   12554:	3b0000ef          	jal	12904 <memmove>
   12558:	00042783          	lw	a5,0(s0)
   1255c:	00040593          	mv	a1,s0
   12560:	000a0513          	mv	a0,s4
   12564:	012787b3          	add	a5,a5,s2
   12568:	00f42023          	sw	a5,0(s0)
   1256c:	d10f60ef          	jal	8a7c <_fflush_r>
   12570:	f20500e3          	beqz	a0,12490 <__sfvwrite_r+0x298>
   12574:	f89ff06f          	j	124fc <__sfvwrite_r+0x304>
   12578:	01042683          	lw	a3,16(s0)
   1257c:	04f6e263          	bltu	a3,a5,125c0 <__sfvwrite_r+0x3c8>
   12580:	01442603          	lw	a2,20(s0)
   12584:	02c9ee63          	bltu	s3,a2,125c0 <__sfvwrite_r+0x3c8>
   12588:	00098793          	mv	a5,s3
   1258c:	013af463          	bgeu	s5,s3,12594 <__sfvwrite_r+0x39c>
   12590:	000a8793          	mv	a5,s5
   12594:	02c7e6b3          	rem	a3,a5,a2
   12598:	02442703          	lw	a4,36(s0)
   1259c:	01c42583          	lw	a1,28(s0)
   125a0:	000b8613          	mv	a2,s7
   125a4:	000a0513          	mv	a0,s4
   125a8:	40d786b3          	sub	a3,a5,a3
   125ac:	000700e7          	jalr	a4
   125b0:	00050913          	mv	s2,a0
   125b4:	f4a054e3          	blez	a0,124fc <__sfvwrite_r+0x304>
   125b8:	412989b3          	sub	s3,s3,s2
   125bc:	e35ff06f          	j	123f0 <__sfvwrite_r+0x1f8>
   125c0:	00070913          	mv	s2,a4
   125c4:	00e9f463          	bgeu	s3,a4,125cc <__sfvwrite_r+0x3d4>
   125c8:	00098913          	mv	s2,s3
   125cc:	00078513          	mv	a0,a5
   125d0:	00090613          	mv	a2,s2
   125d4:	000b8593          	mv	a1,s7
   125d8:	32c000ef          	jal	12904 <memmove>
   125dc:	00842703          	lw	a4,8(s0)
   125e0:	00042783          	lw	a5,0(s0)
   125e4:	41270733          	sub	a4,a4,s2
   125e8:	012787b3          	add	a5,a5,s2
   125ec:	00e42423          	sw	a4,8(s0)
   125f0:	00f42023          	sw	a5,0(s0)
   125f4:	fc0712e3          	bnez	a4,125b8 <__sfvwrite_r+0x3c0>
   125f8:	00040593          	mv	a1,s0
   125fc:	000a0513          	mv	a0,s4
   12600:	c7cf60ef          	jal	8a7c <_fflush_r>
   12604:	ee051ce3          	bnez	a0,124fc <__sfvwrite_r+0x304>
   12608:	412989b3          	sub	s3,s3,s2
   1260c:	de5ff06f          	j	123f0 <__sfvwrite_r+0x1f8>
   12610:	00098c13          	mv	s8,s3
   12614:	00098c93          	mv	s9,s3
   12618:	dadff06f          	j	123c4 <__sfvwrite_r+0x1cc>
   1261c:	000b8613          	mv	a2,s7
   12620:	000c0593          	mv	a1,s8
   12624:	2e0000ef          	jal	12904 <memmove>
   12628:	00842703          	lw	a4,8(s0)
   1262c:	00042783          	lw	a5,0(s0)
   12630:	000b8913          	mv	s2,s7
   12634:	41770733          	sub	a4,a4,s7
   12638:	017787b3          	add	a5,a5,s7
   1263c:	00e42423          	sw	a4,8(s0)
   12640:	00f42023          	sw	a5,0(s0)
   12644:	e4dff06f          	j	12490 <__sfvwrite_r+0x298>
   12648:	000a0513          	mv	a0,s4
   1264c:	440000ef          	jal	12a8c <_realloc_r>
   12650:	00050c93          	mv	s9,a0
   12654:	d40518e3          	bnez	a0,123a4 <__sfvwrite_r+0x1ac>
   12658:	01042583          	lw	a1,16(s0)
   1265c:	000a0513          	mv	a0,s4
   12660:	9c9f60ef          	jal	9028 <_free_r>
   12664:	00c41783          	lh	a5,12(s0)
   12668:	00c00713          	li	a4,12
   1266c:	00ea2023          	sw	a4,0(s4)
   12670:	f7f7f793          	and	a5,a5,-129
   12674:	e8dff06f          	j	12500 <__sfvwrite_r+0x308>
   12678:	00198793          	add	a5,s3,1
   1267c:	00078a93          	mv	s5,a5
   12680:	dc9ff06f          	j	12448 <__sfvwrite_r+0x250>
   12684:	00c00713          	li	a4,12
   12688:	00c41783          	lh	a5,12(s0)
   1268c:	00ea2023          	sw	a4,0(s4)
   12690:	e71ff06f          	j	12500 <__sfvwrite_r+0x308>

00012694 <_isatty_r>:
   12694:	ff010113          	add	sp,sp,-16
   12698:	00812423          	sw	s0,8(sp)
   1269c:	00912223          	sw	s1,4(sp)
   126a0:	00050413          	mv	s0,a0
   126a4:	200034b7          	lui	s1,0x20003
   126a8:	00058513          	mv	a0,a1
   126ac:	00112623          	sw	ra,12(sp)
   126b0:	1e04a423          	sw	zero,488(s1) # 200031e8 <errno>
   126b4:	e15ed0ef          	jal	4c8 <_isatty>
   126b8:	fff00793          	li	a5,-1
   126bc:	00f50c63          	beq	a0,a5,126d4 <_isatty_r+0x40>
   126c0:	00c12083          	lw	ra,12(sp)
   126c4:	00812403          	lw	s0,8(sp)
   126c8:	00412483          	lw	s1,4(sp)
   126cc:	01010113          	add	sp,sp,16
   126d0:	00008067          	ret
   126d4:	1e84a783          	lw	a5,488(s1)
   126d8:	fe0784e3          	beqz	a5,126c0 <_isatty_r+0x2c>
   126dc:	00c12083          	lw	ra,12(sp)
   126e0:	00f42023          	sw	a5,0(s0)
   126e4:	00812403          	lw	s0,8(sp)
   126e8:	00412483          	lw	s1,4(sp)
   126ec:	01010113          	add	sp,sp,16
   126f0:	00008067          	ret

000126f4 <_lseek_r>:
   126f4:	ff010113          	add	sp,sp,-16
   126f8:	00058713          	mv	a4,a1
   126fc:	00812423          	sw	s0,8(sp)
   12700:	00912223          	sw	s1,4(sp)
   12704:	00060593          	mv	a1,a2
   12708:	00050413          	mv	s0,a0
   1270c:	200034b7          	lui	s1,0x20003
   12710:	00068613          	mv	a2,a3
   12714:	00070513          	mv	a0,a4
   12718:	00112623          	sw	ra,12(sp)
   1271c:	1e04a423          	sw	zero,488(s1) # 200031e8 <errno>
   12720:	db1ed0ef          	jal	4d0 <_lseek>
   12724:	fff00793          	li	a5,-1
   12728:	00f50c63          	beq	a0,a5,12740 <_lseek_r+0x4c>
   1272c:	00c12083          	lw	ra,12(sp)
   12730:	00812403          	lw	s0,8(sp)
   12734:	00412483          	lw	s1,4(sp)
   12738:	01010113          	add	sp,sp,16
   1273c:	00008067          	ret
   12740:	1e84a783          	lw	a5,488(s1)
   12744:	fe0784e3          	beqz	a5,1272c <_lseek_r+0x38>
   12748:	00c12083          	lw	ra,12(sp)
   1274c:	00f42023          	sw	a5,0(s0)
   12750:	00812403          	lw	s0,8(sp)
   12754:	00412483          	lw	s1,4(sp)
   12758:	01010113          	add	sp,sp,16
   1275c:	00008067          	ret

00012760 <memcpy>:
   12760:	00b547b3          	xor	a5,a0,a1
   12764:	0037f793          	and	a5,a5,3
   12768:	00c508b3          	add	a7,a0,a2
   1276c:	06079463          	bnez	a5,127d4 <memcpy+0x74>
   12770:	00300793          	li	a5,3
   12774:	06c7f063          	bgeu	a5,a2,127d4 <memcpy+0x74>
   12778:	00357793          	and	a5,a0,3
   1277c:	00050713          	mv	a4,a0
   12780:	06079a63          	bnez	a5,127f4 <memcpy+0x94>
   12784:	ffc8f613          	and	a2,a7,-4
   12788:	40e606b3          	sub	a3,a2,a4
   1278c:	02000793          	li	a5,32
   12790:	08d7ce63          	blt	a5,a3,1282c <memcpy+0xcc>
   12794:	00058693          	mv	a3,a1
   12798:	00070793          	mv	a5,a4
   1279c:	02c77863          	bgeu	a4,a2,127cc <memcpy+0x6c>
   127a0:	0006a803          	lw	a6,0(a3) # 2000 <__multf3+0x808>
   127a4:	00478793          	add	a5,a5,4
   127a8:	00468693          	add	a3,a3,4
   127ac:	ff07ae23          	sw	a6,-4(a5)
   127b0:	fec7e8e3          	bltu	a5,a2,127a0 <memcpy+0x40>
   127b4:	fff60793          	add	a5,a2,-1
   127b8:	40e787b3          	sub	a5,a5,a4
   127bc:	ffc7f793          	and	a5,a5,-4
   127c0:	00478793          	add	a5,a5,4
   127c4:	00f70733          	add	a4,a4,a5
   127c8:	00f585b3          	add	a1,a1,a5
   127cc:	01176863          	bltu	a4,a7,127dc <memcpy+0x7c>
   127d0:	00008067          	ret
   127d4:	00050713          	mv	a4,a0
   127d8:	05157863          	bgeu	a0,a7,12828 <memcpy+0xc8>
   127dc:	0005c783          	lbu	a5,0(a1)
   127e0:	00170713          	add	a4,a4,1
   127e4:	00158593          	add	a1,a1,1
   127e8:	fef70fa3          	sb	a5,-1(a4)
   127ec:	fee898e3          	bne	a7,a4,127dc <memcpy+0x7c>
   127f0:	00008067          	ret
   127f4:	0005c683          	lbu	a3,0(a1)
   127f8:	00170713          	add	a4,a4,1
   127fc:	00377793          	and	a5,a4,3
   12800:	fed70fa3          	sb	a3,-1(a4)
   12804:	00158593          	add	a1,a1,1
   12808:	f6078ee3          	beqz	a5,12784 <memcpy+0x24>
   1280c:	0005c683          	lbu	a3,0(a1)
   12810:	00170713          	add	a4,a4,1
   12814:	00377793          	and	a5,a4,3
   12818:	fed70fa3          	sb	a3,-1(a4)
   1281c:	00158593          	add	a1,a1,1
   12820:	fc079ae3          	bnez	a5,127f4 <memcpy+0x94>
   12824:	f61ff06f          	j	12784 <memcpy+0x24>
   12828:	00008067          	ret
   1282c:	ff010113          	add	sp,sp,-16
   12830:	00812623          	sw	s0,12(sp)
   12834:	02000413          	li	s0,32
   12838:	0005a383          	lw	t2,0(a1)
   1283c:	0045a283          	lw	t0,4(a1)
   12840:	0085af83          	lw	t6,8(a1)
   12844:	00c5af03          	lw	t5,12(a1)
   12848:	0105ae83          	lw	t4,16(a1)
   1284c:	0145ae03          	lw	t3,20(a1)
   12850:	0185a303          	lw	t1,24(a1)
   12854:	01c5a803          	lw	a6,28(a1)
   12858:	0205a683          	lw	a3,32(a1)
   1285c:	02470713          	add	a4,a4,36
   12860:	40e607b3          	sub	a5,a2,a4
   12864:	fc772e23          	sw	t2,-36(a4)
   12868:	fe572023          	sw	t0,-32(a4)
   1286c:	fff72223          	sw	t6,-28(a4)
   12870:	ffe72423          	sw	t5,-24(a4)
   12874:	ffd72623          	sw	t4,-20(a4)
   12878:	ffc72823          	sw	t3,-16(a4)
   1287c:	fe672a23          	sw	t1,-12(a4)
   12880:	ff072c23          	sw	a6,-8(a4)
   12884:	fed72e23          	sw	a3,-4(a4)
   12888:	02458593          	add	a1,a1,36
   1288c:	faf446e3          	blt	s0,a5,12838 <memcpy+0xd8>
   12890:	00058693          	mv	a3,a1
   12894:	00070793          	mv	a5,a4
   12898:	02c77863          	bgeu	a4,a2,128c8 <memcpy+0x168>
   1289c:	0006a803          	lw	a6,0(a3)
   128a0:	00478793          	add	a5,a5,4
   128a4:	00468693          	add	a3,a3,4
   128a8:	ff07ae23          	sw	a6,-4(a5)
   128ac:	fec7e8e3          	bltu	a5,a2,1289c <memcpy+0x13c>
   128b0:	fff60793          	add	a5,a2,-1
   128b4:	40e787b3          	sub	a5,a5,a4
   128b8:	ffc7f793          	and	a5,a5,-4
   128bc:	00478793          	add	a5,a5,4
   128c0:	00f70733          	add	a4,a4,a5
   128c4:	00f585b3          	add	a1,a1,a5
   128c8:	01176863          	bltu	a4,a7,128d8 <memcpy+0x178>
   128cc:	00c12403          	lw	s0,12(sp)
   128d0:	01010113          	add	sp,sp,16
   128d4:	00008067          	ret
   128d8:	0005c783          	lbu	a5,0(a1)
   128dc:	00170713          	add	a4,a4,1
   128e0:	00158593          	add	a1,a1,1
   128e4:	fef70fa3          	sb	a5,-1(a4)
   128e8:	fee882e3          	beq	a7,a4,128cc <memcpy+0x16c>
   128ec:	0005c783          	lbu	a5,0(a1)
   128f0:	00170713          	add	a4,a4,1
   128f4:	00158593          	add	a1,a1,1
   128f8:	fef70fa3          	sb	a5,-1(a4)
   128fc:	fce89ee3          	bne	a7,a4,128d8 <memcpy+0x178>
   12900:	fcdff06f          	j	128cc <memcpy+0x16c>

00012904 <memmove>:
   12904:	02a5f663          	bgeu	a1,a0,12930 <memmove+0x2c>
   12908:	00c58733          	add	a4,a1,a2
   1290c:	02e57263          	bgeu	a0,a4,12930 <memmove+0x2c>
   12910:	00c507b3          	add	a5,a0,a2
   12914:	04060663          	beqz	a2,12960 <memmove+0x5c>
   12918:	fff74683          	lbu	a3,-1(a4)
   1291c:	fff78793          	add	a5,a5,-1
   12920:	fff70713          	add	a4,a4,-1
   12924:	00d78023          	sb	a3,0(a5)
   12928:	fef518e3          	bne	a0,a5,12918 <memmove+0x14>
   1292c:	00008067          	ret
   12930:	00f00793          	li	a5,15
   12934:	02c7e863          	bltu	a5,a2,12964 <memmove+0x60>
   12938:	00050793          	mv	a5,a0
   1293c:	fff60693          	add	a3,a2,-1
   12940:	0c060a63          	beqz	a2,12a14 <memmove+0x110>
   12944:	00168693          	add	a3,a3,1
   12948:	00d786b3          	add	a3,a5,a3
   1294c:	0005c703          	lbu	a4,0(a1)
   12950:	00178793          	add	a5,a5,1
   12954:	00158593          	add	a1,a1,1
   12958:	fee78fa3          	sb	a4,-1(a5)
   1295c:	fed798e3          	bne	a5,a3,1294c <memmove+0x48>
   12960:	00008067          	ret
   12964:	00b567b3          	or	a5,a0,a1
   12968:	0037f793          	and	a5,a5,3
   1296c:	08079e63          	bnez	a5,12a08 <memmove+0x104>
   12970:	ff060893          	add	a7,a2,-16
   12974:	ff08f893          	and	a7,a7,-16
   12978:	01088893          	add	a7,a7,16
   1297c:	011507b3          	add	a5,a0,a7
   12980:	00058693          	mv	a3,a1
   12984:	00050713          	mv	a4,a0
   12988:	0006a803          	lw	a6,0(a3)
   1298c:	01068693          	add	a3,a3,16
   12990:	01070713          	add	a4,a4,16
   12994:	ff072823          	sw	a6,-16(a4)
   12998:	ff46a803          	lw	a6,-12(a3)
   1299c:	ff072a23          	sw	a6,-12(a4)
   129a0:	ff86a803          	lw	a6,-8(a3)
   129a4:	ff072c23          	sw	a6,-8(a4)
   129a8:	ffc6a803          	lw	a6,-4(a3)
   129ac:	ff072e23          	sw	a6,-4(a4)
   129b0:	fcf71ce3          	bne	a4,a5,12988 <memmove+0x84>
   129b4:	00c67713          	and	a4,a2,12
   129b8:	011585b3          	add	a1,a1,a7
   129bc:	00f67813          	and	a6,a2,15
   129c0:	04070c63          	beqz	a4,12a18 <memmove+0x114>
   129c4:	00058693          	mv	a3,a1
   129c8:	00078713          	mv	a4,a5
   129cc:	01078eb3          	add	t4,a5,a6
   129d0:	00300e13          	li	t3,3
   129d4:	0006a303          	lw	t1,0(a3)
   129d8:	00470713          	add	a4,a4,4
   129dc:	40ee88b3          	sub	a7,t4,a4
   129e0:	fe672e23          	sw	t1,-4(a4)
   129e4:	00468693          	add	a3,a3,4
   129e8:	ff1e66e3          	bltu	t3,a7,129d4 <memmove+0xd0>
   129ec:	ffc80713          	add	a4,a6,-4
   129f0:	ffc77713          	and	a4,a4,-4
   129f4:	00470713          	add	a4,a4,4
   129f8:	00367613          	and	a2,a2,3
   129fc:	00e787b3          	add	a5,a5,a4
   12a00:	00e585b3          	add	a1,a1,a4
   12a04:	f39ff06f          	j	1293c <memmove+0x38>
   12a08:	fff60693          	add	a3,a2,-1
   12a0c:	00050793          	mv	a5,a0
   12a10:	f35ff06f          	j	12944 <memmove+0x40>
   12a14:	00008067          	ret
   12a18:	00080613          	mv	a2,a6
   12a1c:	f21ff06f          	j	1293c <memmove+0x38>

00012a20 <_read_r>:
   12a20:	ff010113          	add	sp,sp,-16
   12a24:	00058713          	mv	a4,a1
   12a28:	00812423          	sw	s0,8(sp)
   12a2c:	00912223          	sw	s1,4(sp)
   12a30:	00060593          	mv	a1,a2
   12a34:	00050413          	mv	s0,a0
   12a38:	200034b7          	lui	s1,0x20003
   12a3c:	00068613          	mv	a2,a3
   12a40:	00070513          	mv	a0,a4
   12a44:	00112623          	sw	ra,12(sp)
   12a48:	1e04a423          	sw	zero,488(s1) # 200031e8 <errno>
   12a4c:	a8ded0ef          	jal	4d8 <_read>
   12a50:	fff00793          	li	a5,-1
   12a54:	00f50c63          	beq	a0,a5,12a6c <_read_r+0x4c>
   12a58:	00c12083          	lw	ra,12(sp)
   12a5c:	00812403          	lw	s0,8(sp)
   12a60:	00412483          	lw	s1,4(sp)
   12a64:	01010113          	add	sp,sp,16
   12a68:	00008067          	ret
   12a6c:	1e84a783          	lw	a5,488(s1)
   12a70:	fe0784e3          	beqz	a5,12a58 <_read_r+0x38>
   12a74:	00c12083          	lw	ra,12(sp)
   12a78:	00f42023          	sw	a5,0(s0)
   12a7c:	00812403          	lw	s0,8(sp)
   12a80:	00412483          	lw	s1,4(sp)
   12a84:	01010113          	add	sp,sp,16
   12a88:	00008067          	ret

00012a8c <_realloc_r>:
   12a8c:	fd010113          	add	sp,sp,-48
   12a90:	02912223          	sw	s1,36(sp)
   12a94:	02112623          	sw	ra,44(sp)
   12a98:	02812423          	sw	s0,40(sp)
   12a9c:	03212023          	sw	s2,32(sp)
   12aa0:	01312e23          	sw	s3,28(sp)
   12aa4:	01412c23          	sw	s4,24(sp)
   12aa8:	01512a23          	sw	s5,20(sp)
   12aac:	01612823          	sw	s6,16(sp)
   12ab0:	01712623          	sw	s7,12(sp)
   12ab4:	01812423          	sw	s8,8(sp)
   12ab8:	00060493          	mv	s1,a2
   12abc:	1c058263          	beqz	a1,12c80 <_realloc_r+0x1f4>
   12ac0:	00058413          	mv	s0,a1
   12ac4:	00050913          	mv	s2,a0
   12ac8:	824f30ef          	jal	5aec <__malloc_lock>
   12acc:	ffc42703          	lw	a4,-4(s0)
   12ad0:	00b48793          	add	a5,s1,11
   12ad4:	01600693          	li	a3,22
   12ad8:	ff840a93          	add	s5,s0,-8
   12adc:	ffc77993          	and	s3,a4,-4
   12ae0:	0ef6f663          	bgeu	a3,a5,12bcc <_realloc_r+0x140>
   12ae4:	ff87fa13          	and	s4,a5,-8
   12ae8:	0e07c663          	bltz	a5,12bd4 <_realloc_r+0x148>
   12aec:	0e9a6463          	bltu	s4,s1,12bd4 <_realloc_r+0x148>
   12af0:	1149d463          	bge	s3,s4,12bf8 <_realloc_r+0x16c>
   12af4:	200007b7          	lui	a5,0x20000
   12af8:	00078c13          	mv	s8,a5
   12afc:	008c2603          	lw	a2,8(s8)
   12b00:	013a86b3          	add	a3,s5,s3
   12b04:	0046a783          	lw	a5,4(a3)
   12b08:	1cd60e63          	beq	a2,a3,12ce4 <_realloc_r+0x258>
   12b0c:	ffe7f613          	and	a2,a5,-2
   12b10:	00c68633          	add	a2,a3,a2
   12b14:	00462603          	lw	a2,4(a2)
   12b18:	00167613          	and	a2,a2,1
   12b1c:	14061463          	bnez	a2,12c64 <_realloc_r+0x1d8>
   12b20:	ffc7f793          	and	a5,a5,-4
   12b24:	00f98633          	add	a2,s3,a5
   12b28:	0b465e63          	bge	a2,s4,12be4 <_realloc_r+0x158>
   12b2c:	00177713          	and	a4,a4,1
   12b30:	02071463          	bnez	a4,12b58 <_realloc_r+0xcc>
   12b34:	ff842b83          	lw	s7,-8(s0)
   12b38:	417a8bb3          	sub	s7,s5,s7
   12b3c:	004ba703          	lw	a4,4(s7)
   12b40:	ffc77713          	and	a4,a4,-4
   12b44:	00e787b3          	add	a5,a5,a4
   12b48:	01378b33          	add	s6,a5,s3
   12b4c:	334b5463          	bge	s6,s4,12e74 <_realloc_r+0x3e8>
   12b50:	00e98b33          	add	s6,s3,a4
   12b54:	294b5663          	bge	s6,s4,12de0 <_realloc_r+0x354>
   12b58:	00048593          	mv	a1,s1
   12b5c:	00090513          	mv	a0,s2
   12b60:	ff8f20ef          	jal	5358 <_malloc_r>
   12b64:	00050493          	mv	s1,a0
   12b68:	40050263          	beqz	a0,12f6c <_realloc_r+0x4e0>
   12b6c:	ffc42783          	lw	a5,-4(s0)
   12b70:	ff850713          	add	a4,a0,-8
   12b74:	ffe7f793          	and	a5,a5,-2
   12b78:	00fa87b3          	add	a5,s5,a5
   12b7c:	24e78a63          	beq	a5,a4,12dd0 <_realloc_r+0x344>
   12b80:	ffc98613          	add	a2,s3,-4
   12b84:	02400793          	li	a5,36
   12b88:	2ec7e063          	bltu	a5,a2,12e68 <_realloc_r+0x3dc>
   12b8c:	01300713          	li	a4,19
   12b90:	20c76e63          	bltu	a4,a2,12dac <_realloc_r+0x320>
   12b94:	00050793          	mv	a5,a0
   12b98:	00040713          	mv	a4,s0
   12b9c:	00072683          	lw	a3,0(a4)
   12ba0:	00d7a023          	sw	a3,0(a5) # 20000000 <__malloc_av_>
   12ba4:	00472683          	lw	a3,4(a4)
   12ba8:	00d7a223          	sw	a3,4(a5)
   12bac:	00872703          	lw	a4,8(a4)
   12bb0:	00e7a423          	sw	a4,8(a5)
   12bb4:	00090513          	mv	a0,s2
   12bb8:	00040593          	mv	a1,s0
   12bbc:	c6cf60ef          	jal	9028 <_free_r>
   12bc0:	00090513          	mv	a0,s2
   12bc4:	f2df20ef          	jal	5af0 <__malloc_unlock>
   12bc8:	0680006f          	j	12c30 <_realloc_r+0x1a4>
   12bcc:	01000a13          	li	s4,16
   12bd0:	f29a70e3          	bgeu	s4,s1,12af0 <_realloc_r+0x64>
   12bd4:	00c00793          	li	a5,12
   12bd8:	00f92023          	sw	a5,0(s2)
   12bdc:	00000493          	li	s1,0
   12be0:	0500006f          	j	12c30 <_realloc_r+0x1a4>
   12be4:	00c6a783          	lw	a5,12(a3)
   12be8:	0086a703          	lw	a4,8(a3)
   12bec:	00060993          	mv	s3,a2
   12bf0:	00f72623          	sw	a5,12(a4)
   12bf4:	00e7a423          	sw	a4,8(a5)
   12bf8:	004aa783          	lw	a5,4(s5) # 80000004 <_stack_top+0x5ff00004>
   12bfc:	414986b3          	sub	a3,s3,s4
   12c00:	00f00613          	li	a2,15
   12c04:	0017f793          	and	a5,a5,1
   12c08:	013a8733          	add	a4,s5,s3
   12c0c:	0ad66463          	bltu	a2,a3,12cb4 <_realloc_r+0x228>
   12c10:	0137e7b3          	or	a5,a5,s3
   12c14:	00faa223          	sw	a5,4(s5)
   12c18:	00472783          	lw	a5,4(a4)
   12c1c:	0017e793          	or	a5,a5,1
   12c20:	00f72223          	sw	a5,4(a4)
   12c24:	00090513          	mv	a0,s2
   12c28:	ec9f20ef          	jal	5af0 <__malloc_unlock>
   12c2c:	00040493          	mv	s1,s0
   12c30:	02c12083          	lw	ra,44(sp)
   12c34:	02812403          	lw	s0,40(sp)
   12c38:	02012903          	lw	s2,32(sp)
   12c3c:	01c12983          	lw	s3,28(sp)
   12c40:	01812a03          	lw	s4,24(sp)
   12c44:	01412a83          	lw	s5,20(sp)
   12c48:	01012b03          	lw	s6,16(sp)
   12c4c:	00c12b83          	lw	s7,12(sp)
   12c50:	00812c03          	lw	s8,8(sp)
   12c54:	00048513          	mv	a0,s1
   12c58:	02412483          	lw	s1,36(sp)
   12c5c:	03010113          	add	sp,sp,48
   12c60:	00008067          	ret
   12c64:	00177713          	and	a4,a4,1
   12c68:	ee0718e3          	bnez	a4,12b58 <_realloc_r+0xcc>
   12c6c:	ff842b83          	lw	s7,-8(s0)
   12c70:	417a8bb3          	sub	s7,s5,s7
   12c74:	004ba703          	lw	a4,4(s7)
   12c78:	ffc77713          	and	a4,a4,-4
   12c7c:	ed5ff06f          	j	12b50 <_realloc_r+0xc4>
   12c80:	02812403          	lw	s0,40(sp)
   12c84:	02c12083          	lw	ra,44(sp)
   12c88:	02412483          	lw	s1,36(sp)
   12c8c:	02012903          	lw	s2,32(sp)
   12c90:	01c12983          	lw	s3,28(sp)
   12c94:	01812a03          	lw	s4,24(sp)
   12c98:	01412a83          	lw	s5,20(sp)
   12c9c:	01012b03          	lw	s6,16(sp)
   12ca0:	00c12b83          	lw	s7,12(sp)
   12ca4:	00812c03          	lw	s8,8(sp)
   12ca8:	00060593          	mv	a1,a2
   12cac:	03010113          	add	sp,sp,48
   12cb0:	ea8f206f          	j	5358 <_malloc_r>
   12cb4:	0147e7b3          	or	a5,a5,s4
   12cb8:	00faa223          	sw	a5,4(s5)
   12cbc:	014a85b3          	add	a1,s5,s4
   12cc0:	0016e693          	or	a3,a3,1
   12cc4:	00d5a223          	sw	a3,4(a1)
   12cc8:	00472783          	lw	a5,4(a4)
   12ccc:	00858593          	add	a1,a1,8
   12cd0:	00090513          	mv	a0,s2
   12cd4:	0017e793          	or	a5,a5,1
   12cd8:	00f72223          	sw	a5,4(a4)
   12cdc:	b4cf60ef          	jal	9028 <_free_r>
   12ce0:	f45ff06f          	j	12c24 <_realloc_r+0x198>
   12ce4:	ffc7f793          	and	a5,a5,-4
   12ce8:	013786b3          	add	a3,a5,s3
   12cec:	010a0613          	add	a2,s4,16
   12cf0:	22c6de63          	bge	a3,a2,12f2c <_realloc_r+0x4a0>
   12cf4:	00177713          	and	a4,a4,1
   12cf8:	e60710e3          	bnez	a4,12b58 <_realloc_r+0xcc>
   12cfc:	ff842b83          	lw	s7,-8(s0)
   12d00:	417a8bb3          	sub	s7,s5,s7
   12d04:	004ba703          	lw	a4,4(s7)
   12d08:	ffc77713          	and	a4,a4,-4
   12d0c:	00e787b3          	add	a5,a5,a4
   12d10:	01378b33          	add	s6,a5,s3
   12d14:	e2cb4ee3          	blt	s6,a2,12b50 <_realloc_r+0xc4>
   12d18:	00cba783          	lw	a5,12(s7)
   12d1c:	008ba703          	lw	a4,8(s7)
   12d20:	ffc98613          	add	a2,s3,-4
   12d24:	02400693          	li	a3,36
   12d28:	00f72623          	sw	a5,12(a4)
   12d2c:	00e7a423          	sw	a4,8(a5)
   12d30:	008b8493          	add	s1,s7,8
   12d34:	26c6e263          	bltu	a3,a2,12f98 <_realloc_r+0x50c>
   12d38:	01300713          	li	a4,19
   12d3c:	00048793          	mv	a5,s1
   12d40:	02c77263          	bgeu	a4,a2,12d64 <_realloc_r+0x2d8>
   12d44:	00042703          	lw	a4,0(s0)
   12d48:	01b00793          	li	a5,27
   12d4c:	00eba423          	sw	a4,8(s7)
   12d50:	00442703          	lw	a4,4(s0)
   12d54:	00eba623          	sw	a4,12(s7)
   12d58:	24c7e863          	bltu	a5,a2,12fa8 <_realloc_r+0x51c>
   12d5c:	00840413          	add	s0,s0,8
   12d60:	010b8793          	add	a5,s7,16
   12d64:	00042703          	lw	a4,0(s0)
   12d68:	00e7a023          	sw	a4,0(a5)
   12d6c:	00442703          	lw	a4,4(s0)
   12d70:	00e7a223          	sw	a4,4(a5)
   12d74:	00842703          	lw	a4,8(s0)
   12d78:	00e7a423          	sw	a4,8(a5)
   12d7c:	014b8733          	add	a4,s7,s4
   12d80:	414b0b33          	sub	s6,s6,s4
   12d84:	00ec2423          	sw	a4,8(s8)
   12d88:	001b6793          	or	a5,s6,1
   12d8c:	00f72223          	sw	a5,4(a4)
   12d90:	004ba783          	lw	a5,4(s7)
   12d94:	00090513          	mv	a0,s2
   12d98:	0017f793          	and	a5,a5,1
   12d9c:	0147e7b3          	or	a5,a5,s4
   12da0:	00fba223          	sw	a5,4(s7)
   12da4:	d4df20ef          	jal	5af0 <__malloc_unlock>
   12da8:	e89ff06f          	j	12c30 <_realloc_r+0x1a4>
   12dac:	00042683          	lw	a3,0(s0)
   12db0:	01b00713          	li	a4,27
   12db4:	00d52023          	sw	a3,0(a0)
   12db8:	00442683          	lw	a3,4(s0)
   12dbc:	00d52223          	sw	a3,4(a0)
   12dc0:	14c76663          	bltu	a4,a2,12f0c <_realloc_r+0x480>
   12dc4:	00840713          	add	a4,s0,8
   12dc8:	00850793          	add	a5,a0,8
   12dcc:	dd1ff06f          	j	12b9c <_realloc_r+0x110>
   12dd0:	ffc52783          	lw	a5,-4(a0)
   12dd4:	ffc7f793          	and	a5,a5,-4
   12dd8:	00f989b3          	add	s3,s3,a5
   12ddc:	e1dff06f          	j	12bf8 <_realloc_r+0x16c>
   12de0:	00cba783          	lw	a5,12(s7)
   12de4:	008ba703          	lw	a4,8(s7)
   12de8:	ffc98613          	add	a2,s3,-4
   12dec:	02400693          	li	a3,36
   12df0:	00f72623          	sw	a5,12(a4)
   12df4:	00e7a423          	sw	a4,8(a5)
   12df8:	008b8493          	add	s1,s7,8
   12dfc:	10c6e063          	bltu	a3,a2,12efc <_realloc_r+0x470>
   12e00:	01300713          	li	a4,19
   12e04:	00048793          	mv	a5,s1
   12e08:	02c77c63          	bgeu	a4,a2,12e40 <_realloc_r+0x3b4>
   12e0c:	00042703          	lw	a4,0(s0)
   12e10:	01b00793          	li	a5,27
   12e14:	00eba423          	sw	a4,8(s7)
   12e18:	00442703          	lw	a4,4(s0)
   12e1c:	00eba623          	sw	a4,12(s7)
   12e20:	14c7f063          	bgeu	a5,a2,12f60 <_realloc_r+0x4d4>
   12e24:	00842783          	lw	a5,8(s0)
   12e28:	00fba823          	sw	a5,16(s7)
   12e2c:	00c42783          	lw	a5,12(s0)
   12e30:	00fbaa23          	sw	a5,20(s7)
   12e34:	0ad60663          	beq	a2,a3,12ee0 <_realloc_r+0x454>
   12e38:	01040413          	add	s0,s0,16
   12e3c:	018b8793          	add	a5,s7,24
   12e40:	00042703          	lw	a4,0(s0)
   12e44:	00e7a023          	sw	a4,0(a5)
   12e48:	00442703          	lw	a4,4(s0)
   12e4c:	00e7a223          	sw	a4,4(a5)
   12e50:	00842703          	lw	a4,8(s0)
   12e54:	00e7a423          	sw	a4,8(a5)
   12e58:	00048413          	mv	s0,s1
   12e5c:	000b0993          	mv	s3,s6
   12e60:	000b8a93          	mv	s5,s7
   12e64:	d95ff06f          	j	12bf8 <_realloc_r+0x16c>
   12e68:	00040593          	mv	a1,s0
   12e6c:	a99ff0ef          	jal	12904 <memmove>
   12e70:	d45ff06f          	j	12bb4 <_realloc_r+0x128>
   12e74:	00c6a783          	lw	a5,12(a3)
   12e78:	0086a703          	lw	a4,8(a3)
   12e7c:	ffc98613          	add	a2,s3,-4
   12e80:	02400693          	li	a3,36
   12e84:	00f72623          	sw	a5,12(a4)
   12e88:	00e7a423          	sw	a4,8(a5)
   12e8c:	008ba703          	lw	a4,8(s7)
   12e90:	00cba783          	lw	a5,12(s7)
   12e94:	008b8493          	add	s1,s7,8
   12e98:	00f72623          	sw	a5,12(a4)
   12e9c:	00e7a423          	sw	a4,8(a5)
   12ea0:	04c6ee63          	bltu	a3,a2,12efc <_realloc_r+0x470>
   12ea4:	01300713          	li	a4,19
   12ea8:	00048793          	mv	a5,s1
   12eac:	f8c77ae3          	bgeu	a4,a2,12e40 <_realloc_r+0x3b4>
   12eb0:	00042703          	lw	a4,0(s0)
   12eb4:	01b00793          	li	a5,27
   12eb8:	00eba423          	sw	a4,8(s7)
   12ebc:	00442703          	lw	a4,4(s0)
   12ec0:	00eba623          	sw	a4,12(s7)
   12ec4:	08c7fe63          	bgeu	a5,a2,12f60 <_realloc_r+0x4d4>
   12ec8:	00842703          	lw	a4,8(s0)
   12ecc:	02400793          	li	a5,36
   12ed0:	00eba823          	sw	a4,16(s7)
   12ed4:	00c42703          	lw	a4,12(s0)
   12ed8:	00ebaa23          	sw	a4,20(s7)
   12edc:	f4f61ee3          	bne	a2,a5,12e38 <_realloc_r+0x3ac>
   12ee0:	01042703          	lw	a4,16(s0)
   12ee4:	020b8793          	add	a5,s7,32
   12ee8:	01840413          	add	s0,s0,24
   12eec:	00ebac23          	sw	a4,24(s7)
   12ef0:	ffc42703          	lw	a4,-4(s0)
   12ef4:	00ebae23          	sw	a4,28(s7)
   12ef8:	f49ff06f          	j	12e40 <_realloc_r+0x3b4>
   12efc:	00040593          	mv	a1,s0
   12f00:	00048513          	mv	a0,s1
   12f04:	a01ff0ef          	jal	12904 <memmove>
   12f08:	f51ff06f          	j	12e58 <_realloc_r+0x3cc>
   12f0c:	00842703          	lw	a4,8(s0)
   12f10:	00e52423          	sw	a4,8(a0)
   12f14:	00c42703          	lw	a4,12(s0)
   12f18:	00e52623          	sw	a4,12(a0)
   12f1c:	06f60063          	beq	a2,a5,12f7c <_realloc_r+0x4f0>
   12f20:	01040713          	add	a4,s0,16
   12f24:	01050793          	add	a5,a0,16
   12f28:	c75ff06f          	j	12b9c <_realloc_r+0x110>
   12f2c:	014a8ab3          	add	s5,s5,s4
   12f30:	414686b3          	sub	a3,a3,s4
   12f34:	015c2423          	sw	s5,8(s8)
   12f38:	0016e793          	or	a5,a3,1
   12f3c:	00faa223          	sw	a5,4(s5)
   12f40:	ffc42783          	lw	a5,-4(s0)
   12f44:	00090513          	mv	a0,s2
   12f48:	00040493          	mv	s1,s0
   12f4c:	0017f793          	and	a5,a5,1
   12f50:	0147e7b3          	or	a5,a5,s4
   12f54:	fef42e23          	sw	a5,-4(s0)
   12f58:	b99f20ef          	jal	5af0 <__malloc_unlock>
   12f5c:	cd5ff06f          	j	12c30 <_realloc_r+0x1a4>
   12f60:	00840413          	add	s0,s0,8
   12f64:	010b8793          	add	a5,s7,16
   12f68:	ed9ff06f          	j	12e40 <_realloc_r+0x3b4>
   12f6c:	00090513          	mv	a0,s2
   12f70:	b81f20ef          	jal	5af0 <__malloc_unlock>
   12f74:	00000493          	li	s1,0
   12f78:	cb9ff06f          	j	12c30 <_realloc_r+0x1a4>
   12f7c:	01042683          	lw	a3,16(s0)
   12f80:	01840713          	add	a4,s0,24
   12f84:	01850793          	add	a5,a0,24
   12f88:	00d52823          	sw	a3,16(a0)
   12f8c:	01442683          	lw	a3,20(s0)
   12f90:	00d52a23          	sw	a3,20(a0)
   12f94:	c09ff06f          	j	12b9c <_realloc_r+0x110>
   12f98:	00040593          	mv	a1,s0
   12f9c:	00048513          	mv	a0,s1
   12fa0:	965ff0ef          	jal	12904 <memmove>
   12fa4:	dd9ff06f          	j	12d7c <_realloc_r+0x2f0>
   12fa8:	00842783          	lw	a5,8(s0)
   12fac:	00fba823          	sw	a5,16(s7)
   12fb0:	00c42783          	lw	a5,12(s0)
   12fb4:	00fbaa23          	sw	a5,20(s7)
   12fb8:	00d60863          	beq	a2,a3,12fc8 <_realloc_r+0x53c>
   12fbc:	01040413          	add	s0,s0,16
   12fc0:	018b8793          	add	a5,s7,24
   12fc4:	da1ff06f          	j	12d64 <_realloc_r+0x2d8>
   12fc8:	01042703          	lw	a4,16(s0)
   12fcc:	020b8793          	add	a5,s7,32
   12fd0:	01840413          	add	s0,s0,24
   12fd4:	00ebac23          	sw	a4,24(s7)
   12fd8:	ffc42703          	lw	a4,-4(s0)
   12fdc:	00ebae23          	sw	a4,28(s7)
   12fe0:	d85ff06f          	j	12d64 <_realloc_r+0x2d8>

00012fe4 <__ssprint_r>:
   12fe4:	00862783          	lw	a5,8(a2)
   12fe8:	fd010113          	add	sp,sp,-48
   12fec:	01312e23          	sw	s3,28(sp)
   12ff0:	01412c23          	sw	s4,24(sp)
   12ff4:	02112623          	sw	ra,44(sp)
   12ff8:	02812423          	sw	s0,40(sp)
   12ffc:	02912223          	sw	s1,36(sp)
   13000:	03212023          	sw	s2,32(sp)
   13004:	01512a23          	sw	s5,20(sp)
   13008:	01612823          	sw	s6,16(sp)
   1300c:	01712623          	sw	s7,12(sp)
   13010:	01812423          	sw	s8,8(sp)
   13014:	00062983          	lw	s3,0(a2)
   13018:	00060a13          	mv	s4,a2
   1301c:	14078c63          	beqz	a5,13174 <__ssprint_r+0x190>
   13020:	0085a703          	lw	a4,8(a1)
   13024:	0005a783          	lw	a5,0(a1)
   13028:	00050a93          	mv	s5,a0
   1302c:	00058493          	mv	s1,a1
   13030:	00000b93          	li	s7,0
   13034:	00000913          	li	s2,0
   13038:	0e00006f          	j	13118 <__ssprint_r+0x134>
   1303c:	00c49703          	lh	a4,12(s1)
   13040:	48077693          	and	a3,a4,1152
   13044:	08068a63          	beqz	a3,130d8 <__ssprint_r+0xf4>
   13048:	0144a603          	lw	a2,20(s1)
   1304c:	0104a583          	lw	a1,16(s1)
   13050:	00161693          	sll	a3,a2,0x1
   13054:	00c686b3          	add	a3,a3,a2
   13058:	40b78433          	sub	s0,a5,a1
   1305c:	01f6db13          	srl	s6,a3,0x1f
   13060:	00db0b33          	add	s6,s6,a3
   13064:	00140793          	add	a5,s0,1
   13068:	401b5b13          	sra	s6,s6,0x1
   1306c:	012787b3          	add	a5,a5,s2
   13070:	000b0613          	mv	a2,s6
   13074:	00fb7663          	bgeu	s6,a5,13080 <__ssprint_r+0x9c>
   13078:	00078b13          	mv	s6,a5
   1307c:	00078613          	mv	a2,a5
   13080:	40077713          	and	a4,a4,1024
   13084:	0a070a63          	beqz	a4,13138 <__ssprint_r+0x154>
   13088:	00060593          	mv	a1,a2
   1308c:	000a8513          	mv	a0,s5
   13090:	ac8f20ef          	jal	5358 <_malloc_r>
   13094:	00050c13          	mv	s8,a0
   13098:	0a050e63          	beqz	a0,13154 <__ssprint_r+0x170>
   1309c:	0104a583          	lw	a1,16(s1)
   130a0:	00040613          	mv	a2,s0
   130a4:	ebcff0ef          	jal	12760 <memcpy>
   130a8:	00c4d783          	lhu	a5,12(s1)
   130ac:	b7f7f793          	and	a5,a5,-1153
   130b0:	0807e793          	or	a5,a5,128
   130b4:	00f49623          	sh	a5,12(s1)
   130b8:	408b07b3          	sub	a5,s6,s0
   130bc:	008c0533          	add	a0,s8,s0
   130c0:	0164aa23          	sw	s6,20(s1)
   130c4:	0184a823          	sw	s8,16(s1)
   130c8:	00a4a023          	sw	a0,0(s1)
   130cc:	00090b13          	mv	s6,s2
   130d0:	00f4a423          	sw	a5,8(s1)
   130d4:	00090413          	mv	s0,s2
   130d8:	00040613          	mv	a2,s0
   130dc:	000b8593          	mv	a1,s7
   130e0:	825ff0ef          	jal	12904 <memmove>
   130e4:	0084a703          	lw	a4,8(s1)
   130e8:	0004a783          	lw	a5,0(s1)
   130ec:	008a2683          	lw	a3,8(s4)
   130f0:	41670733          	sub	a4,a4,s6
   130f4:	008787b3          	add	a5,a5,s0
   130f8:	00e4a423          	sw	a4,8(s1)
   130fc:	00f4a023          	sw	a5,0(s1)
   13100:	412686b3          	sub	a3,a3,s2
   13104:	00da2423          	sw	a3,8(s4)
   13108:	06068663          	beqz	a3,13174 <__ssprint_r+0x190>
   1310c:	0009ab83          	lw	s7,0(s3)
   13110:	0049a903          	lw	s2,4(s3)
   13114:	00898993          	add	s3,s3,8
   13118:	00070b13          	mv	s6,a4
   1311c:	00078513          	mv	a0,a5
   13120:	fe0906e3          	beqz	s2,1310c <__ssprint_r+0x128>
   13124:	00070413          	mv	s0,a4
   13128:	f0e97ae3          	bgeu	s2,a4,1303c <__ssprint_r+0x58>
   1312c:	00090b13          	mv	s6,s2
   13130:	00090413          	mv	s0,s2
   13134:	fa5ff06f          	j	130d8 <__ssprint_r+0xf4>
   13138:	000a8513          	mv	a0,s5
   1313c:	951ff0ef          	jal	12a8c <_realloc_r>
   13140:	00050c13          	mv	s8,a0
   13144:	f6051ae3          	bnez	a0,130b8 <__ssprint_r+0xd4>
   13148:	0104a583          	lw	a1,16(s1)
   1314c:	000a8513          	mv	a0,s5
   13150:	ed9f50ef          	jal	9028 <_free_r>
   13154:	00c4d783          	lhu	a5,12(s1)
   13158:	00c00713          	li	a4,12
   1315c:	00eaa023          	sw	a4,0(s5)
   13160:	0407e793          	or	a5,a5,64
   13164:	00f49623          	sh	a5,12(s1)
   13168:	000a2423          	sw	zero,8(s4)
   1316c:	fff00513          	li	a0,-1
   13170:	0080006f          	j	13178 <__ssprint_r+0x194>
   13174:	00000513          	li	a0,0
   13178:	02c12083          	lw	ra,44(sp)
   1317c:	02812403          	lw	s0,40(sp)
   13180:	000a2223          	sw	zero,4(s4)
   13184:	02412483          	lw	s1,36(sp)
   13188:	02012903          	lw	s2,32(sp)
   1318c:	01c12983          	lw	s3,28(sp)
   13190:	01812a03          	lw	s4,24(sp)
   13194:	01412a83          	lw	s5,20(sp)
   13198:	01012b03          	lw	s6,16(sp)
   1319c:	00c12b83          	lw	s7,12(sp)
   131a0:	00812c03          	lw	s8,8(sp)
   131a4:	03010113          	add	sp,sp,48
   131a8:	00008067          	ret

000131ac <_svfiprintf_r>:
   131ac:	00c5d783          	lhu	a5,12(a1)
   131b0:	ed010113          	add	sp,sp,-304
   131b4:	11312e23          	sw	s3,284(sp)
   131b8:	11612823          	sw	s6,272(sp)
   131bc:	11712623          	sw	s7,268(sp)
   131c0:	11912223          	sw	s9,260(sp)
   131c4:	12112623          	sw	ra,300(sp)
   131c8:	12812423          	sw	s0,296(sp)
   131cc:	12912223          	sw	s1,292(sp)
   131d0:	13212023          	sw	s2,288(sp)
   131d4:	11412c23          	sw	s4,280(sp)
   131d8:	11512a23          	sw	s5,276(sp)
   131dc:	11812423          	sw	s8,264(sp)
   131e0:	11a12023          	sw	s10,256(sp)
   131e4:	0fb12e23          	sw	s11,252(sp)
   131e8:	0807f793          	and	a5,a5,128
   131ec:	00058b93          	mv	s7,a1
   131f0:	00050c93          	mv	s9,a0
   131f4:	00060993          	mv	s3,a2
   131f8:	00068b13          	mv	s6,a3
   131fc:	00078663          	beqz	a5,13208 <_svfiprintf_r+0x5c>
   13200:	0105a783          	lw	a5,16(a1)
   13204:	6c078ee3          	beqz	a5,140e0 <_svfiprintf_r+0xf34>
   13208:	000167b7          	lui	a5,0x16
   1320c:	04c10c13          	add	s8,sp,76
   13210:	00000d93          	li	s11,0
   13214:	ddc78793          	add	a5,a5,-548 # 15ddc <_ctype_+0x104>
   13218:	00016d37          	lui	s10,0x16
   1321c:	01912223          	sw	s9,4(sp)
   13220:	05812023          	sw	s8,64(sp)
   13224:	04012423          	sw	zero,72(sp)
   13228:	04012223          	sw	zero,68(sp)
   1322c:	00000493          	li	s1,0
   13230:	000c0413          	mv	s0,s8
   13234:	00012623          	sw	zero,12(sp)
   13238:	00012c23          	sw	zero,24(sp)
   1323c:	00012e23          	sw	zero,28(sp)
   13240:	02012023          	sw	zero,32(sp)
   13244:	00f12423          	sw	a5,8(sp)
   13248:	01000a93          	li	s5,16
   1324c:	f48d0d13          	add	s10,s10,-184 # 15f48 <zeroes.0>
   13250:	000d8c93          	mv	s9,s11
   13254:	000b0813          	mv	a6,s6
   13258:	0009c783          	lbu	a5,0(s3)
   1325c:	1c078863          	beqz	a5,1342c <_svfiprintf_r+0x280>
   13260:	00098913          	mv	s2,s3
   13264:	02500713          	li	a4,37
   13268:	26e78263          	beq	a5,a4,134cc <_svfiprintf_r+0x320>
   1326c:	00194783          	lbu	a5,1(s2)
   13270:	00190913          	add	s2,s2,1
   13274:	fe079ae3          	bnez	a5,13268 <_svfiprintf_r+0xbc>
   13278:	41390a33          	sub	s4,s2,s3
   1327c:	1b390863          	beq	s2,s3,1342c <_svfiprintf_r+0x280>
   13280:	04412783          	lw	a5,68(sp)
   13284:	014484b3          	add	s1,s1,s4
   13288:	01342023          	sw	s3,0(s0)
   1328c:	00178793          	add	a5,a5,1
   13290:	01442223          	sw	s4,4(s0)
   13294:	04912423          	sw	s1,72(sp)
   13298:	04f12223          	sw	a5,68(sp)
   1329c:	00700713          	li	a4,7
   132a0:	00840413          	add	s0,s0,8
   132a4:	22f74c63          	blt	a4,a5,134dc <_svfiprintf_r+0x330>
   132a8:	00094783          	lbu	a5,0(s2)
   132ac:	014c8cb3          	add	s9,s9,s4
   132b0:	16078e63          	beqz	a5,1342c <_svfiprintf_r+0x280>
   132b4:	00194783          	lbu	a5,1(s2)
   132b8:	00190993          	add	s3,s2,1
   132bc:	02010da3          	sb	zero,59(sp)
   132c0:	fff00913          	li	s2,-1
   132c4:	00000b13          	li	s6,0
   132c8:	00000d93          	li	s11,0
   132cc:	05a00a13          	li	s4,90
   132d0:	00198993          	add	s3,s3,1
   132d4:	00078693          	mv	a3,a5
   132d8:	fe068713          	add	a4,a3,-32
   132dc:	04ea6663          	bltu	s4,a4,13328 <_svfiprintf_r+0x17c>
   132e0:	00812783          	lw	a5,8(sp)
   132e4:	00271713          	sll	a4,a4,0x2
   132e8:	00f70733          	add	a4,a4,a5
   132ec:	00072783          	lw	a5,0(a4)
   132f0:	00078067          	jr	a5
   132f4:	00000b13          	li	s6,0
   132f8:	fd068793          	add	a5,a3,-48
   132fc:	00900613          	li	a2,9
   13300:	0009c683          	lbu	a3,0(s3)
   13304:	002b1713          	sll	a4,s6,0x2
   13308:	01670b33          	add	s6,a4,s6
   1330c:	001b1b13          	sll	s6,s6,0x1
   13310:	01678b33          	add	s6,a5,s6
   13314:	fd068793          	add	a5,a3,-48
   13318:	00198993          	add	s3,s3,1
   1331c:	fef672e3          	bgeu	a2,a5,13300 <_svfiprintf_r+0x154>
   13320:	fe068713          	add	a4,a3,-32
   13324:	faea7ee3          	bgeu	s4,a4,132e0 <_svfiprintf_r+0x134>
   13328:	10068263          	beqz	a3,1342c <_svfiprintf_r+0x280>
   1332c:	08d10623          	sb	a3,140(sp)
   13330:	02010da3          	sb	zero,59(sp)
   13334:	00100693          	li	a3,1
   13338:	00100e93          	li	t4,1
   1333c:	08c10a13          	add	s4,sp,140
   13340:	00000913          	li	s2,0
   13344:	002dff93          	and	t6,s11,2
   13348:	000f8463          	beqz	t6,13350 <_svfiprintf_r+0x1a4>
   1334c:	00268693          	add	a3,a3,2
   13350:	084dff13          	and	t5,s11,132
   13354:	04412783          	lw	a5,68(sp)
   13358:	000f1663          	bnez	t5,13364 <_svfiprintf_r+0x1b8>
   1335c:	40db0733          	sub	a4,s6,a3
   13360:	2ce040e3          	bgtz	a4,13e20 <_svfiprintf_r+0xc74>
   13364:	03b14703          	lbu	a4,59(sp)
   13368:	02070863          	beqz	a4,13398 <_svfiprintf_r+0x1ec>
   1336c:	03b10713          	add	a4,sp,59
   13370:	00e42023          	sw	a4,0(s0)
   13374:	00178793          	add	a5,a5,1
   13378:	00100713          	li	a4,1
   1337c:	00148493          	add	s1,s1,1
   13380:	00e42223          	sw	a4,4(s0)
   13384:	04912423          	sw	s1,72(sp)
   13388:	04f12223          	sw	a5,68(sp)
   1338c:	00700713          	li	a4,7
   13390:	00840413          	add	s0,s0,8
   13394:	1cf74063          	blt	a4,a5,13554 <_svfiprintf_r+0x3a8>
   13398:	020f8863          	beqz	t6,133c8 <_svfiprintf_r+0x21c>
   1339c:	03c10713          	add	a4,sp,60
   133a0:	00e42023          	sw	a4,0(s0)
   133a4:	00178793          	add	a5,a5,1
   133a8:	00200713          	li	a4,2
   133ac:	00248493          	add	s1,s1,2
   133b0:	00e42223          	sw	a4,4(s0)
   133b4:	04912423          	sw	s1,72(sp)
   133b8:	04f12223          	sw	a5,68(sp)
   133bc:	00700713          	li	a4,7
   133c0:	00840413          	add	s0,s0,8
   133c4:	38f744e3          	blt	a4,a5,13f4c <_svfiprintf_r+0xda0>
   133c8:	08000713          	li	a4,128
   133cc:	68ef0263          	beq	t5,a4,13a50 <_svfiprintf_r+0x8a4>
   133d0:	41d90933          	sub	s2,s2,t4
   133d4:	79204a63          	bgtz	s2,13b68 <_svfiprintf_r+0x9bc>
   133d8:	01d484b3          	add	s1,s1,t4
   133dc:	00178793          	add	a5,a5,1
   133e0:	01442023          	sw	s4,0(s0)
   133e4:	01d42223          	sw	t4,4(s0)
   133e8:	04912423          	sw	s1,72(sp)
   133ec:	04f12223          	sw	a5,68(sp)
   133f0:	00700713          	li	a4,7
   133f4:	00840413          	add	s0,s0,8
   133f8:	06f748e3          	blt	a4,a5,13c68 <_svfiprintf_r+0xabc>
   133fc:	004dfd93          	and	s11,s11,4
   13400:	000d8663          	beqz	s11,1340c <_svfiprintf_r+0x260>
   13404:	40db0933          	sub	s2,s6,a3
   13408:	19204c63          	bgtz	s2,135a0 <_svfiprintf_r+0x3f4>
   1340c:	00db5463          	bge	s6,a3,13414 <_svfiprintf_r+0x268>
   13410:	00068b13          	mv	s6,a3
   13414:	016c8cb3          	add	s9,s9,s6
   13418:	080490e3          	bnez	s1,13c98 <_svfiprintf_r+0xaec>
   1341c:	0009c783          	lbu	a5,0(s3)
   13420:	04012223          	sw	zero,68(sp)
   13424:	000c0413          	mv	s0,s8
   13428:	e2079ce3          	bnez	a5,13260 <_svfiprintf_r+0xb4>
   1342c:	000c8d93          	mv	s11,s9
   13430:	00412c83          	lw	s9,4(sp)
   13434:	0c048a63          	beqz	s1,13508 <_svfiprintf_r+0x35c>
   13438:	04010613          	add	a2,sp,64
   1343c:	000b8593          	mv	a1,s7
   13440:	000c8513          	mv	a0,s9
   13444:	ba1ff0ef          	jal	12fe4 <__ssprint_r>
   13448:	0c00006f          	j	13508 <_svfiprintf_r+0x35c>
   1344c:	00082b03          	lw	s6,0(a6)
   13450:	00480813          	add	a6,a6,4
   13454:	060b4463          	bltz	s6,134bc <_svfiprintf_r+0x310>
   13458:	0009c783          	lbu	a5,0(s3)
   1345c:	e75ff06f          	j	132d0 <_svfiprintf_r+0x124>
   13460:	0009c783          	lbu	a5,0(s3)
   13464:	020ded93          	or	s11,s11,32
   13468:	e69ff06f          	j	132d0 <_svfiprintf_r+0x124>
   1346c:	010ded93          	or	s11,s11,16
   13470:	020df793          	and	a5,s11,32
   13474:	20078c63          	beqz	a5,1368c <_svfiprintf_r+0x4e0>
   13478:	00780813          	add	a6,a6,7
   1347c:	ff887813          	and	a6,a6,-8
   13480:	00482703          	lw	a4,4(a6)
   13484:	00082783          	lw	a5,0(a6)
   13488:	00880813          	add	a6,a6,8
   1348c:	00070893          	mv	a7,a4
   13490:	22074463          	bltz	a4,136b8 <_svfiprintf_r+0x50c>
   13494:	fff00713          	li	a4,-1
   13498:	24e90263          	beq	s2,a4,136dc <_svfiprintf_r+0x530>
   1349c:	0117e733          	or	a4,a5,a7
   134a0:	f7fdfd93          	and	s11,s11,-129
   134a4:	22071c63          	bnez	a4,136dc <_svfiprintf_r+0x530>
   134a8:	5e0918e3          	bnez	s2,14298 <_svfiprintf_r+0x10ec>
   134ac:	00000693          	li	a3,0
   134b0:	00000e93          	li	t4,0
   134b4:	0f010a13          	add	s4,sp,240
   134b8:	3400006f          	j	137f8 <_svfiprintf_r+0x64c>
   134bc:	41600b33          	neg	s6,s6
   134c0:	0009c783          	lbu	a5,0(s3)
   134c4:	004ded93          	or	s11,s11,4
   134c8:	e09ff06f          	j	132d0 <_svfiprintf_r+0x124>
   134cc:	41390a33          	sub	s4,s2,s3
   134d0:	db3918e3          	bne	s2,s3,13280 <_svfiprintf_r+0xd4>
   134d4:	00094783          	lbu	a5,0(s2)
   134d8:	dd9ff06f          	j	132b0 <_svfiprintf_r+0x104>
   134dc:	00412503          	lw	a0,4(sp)
   134e0:	04010613          	add	a2,sp,64
   134e4:	000b8593          	mv	a1,s7
   134e8:	01012823          	sw	a6,16(sp)
   134ec:	af9ff0ef          	jal	12fe4 <__ssprint_r>
   134f0:	00051a63          	bnez	a0,13504 <_svfiprintf_r+0x358>
   134f4:	04812483          	lw	s1,72(sp)
   134f8:	01012803          	lw	a6,16(sp)
   134fc:	000c0413          	mv	s0,s8
   13500:	da9ff06f          	j	132a8 <_svfiprintf_r+0xfc>
   13504:	000c8d93          	mv	s11,s9
   13508:	00cbd783          	lhu	a5,12(s7)
   1350c:	0407f793          	and	a5,a5,64
   13510:	5a0794e3          	bnez	a5,142b8 <_svfiprintf_r+0x110c>
   13514:	12c12083          	lw	ra,300(sp)
   13518:	12812403          	lw	s0,296(sp)
   1351c:	12412483          	lw	s1,292(sp)
   13520:	12012903          	lw	s2,288(sp)
   13524:	11c12983          	lw	s3,284(sp)
   13528:	11812a03          	lw	s4,280(sp)
   1352c:	11412a83          	lw	s5,276(sp)
   13530:	11012b03          	lw	s6,272(sp)
   13534:	10c12b83          	lw	s7,268(sp)
   13538:	10812c03          	lw	s8,264(sp)
   1353c:	10412c83          	lw	s9,260(sp)
   13540:	10012d03          	lw	s10,256(sp)
   13544:	000d8513          	mv	a0,s11
   13548:	0fc12d83          	lw	s11,252(sp)
   1354c:	13010113          	add	sp,sp,304
   13550:	00008067          	ret
   13554:	00412503          	lw	a0,4(sp)
   13558:	04010613          	add	a2,sp,64
   1355c:	000b8593          	mv	a1,s7
   13560:	03012623          	sw	a6,44(sp)
   13564:	03d12423          	sw	t4,40(sp)
   13568:	02d12223          	sw	a3,36(sp)
   1356c:	01e12a23          	sw	t5,20(sp)
   13570:	01f12823          	sw	t6,16(sp)
   13574:	a71ff0ef          	jal	12fe4 <__ssprint_r>
   13578:	f80516e3          	bnez	a0,13504 <_svfiprintf_r+0x358>
   1357c:	04812483          	lw	s1,72(sp)
   13580:	04412783          	lw	a5,68(sp)
   13584:	02c12803          	lw	a6,44(sp)
   13588:	02812e83          	lw	t4,40(sp)
   1358c:	02412683          	lw	a3,36(sp)
   13590:	01412f03          	lw	t5,20(sp)
   13594:	01012f83          	lw	t6,16(sp)
   13598:	000c0413          	mv	s0,s8
   1359c:	dfdff06f          	j	13398 <_svfiprintf_r+0x1ec>
   135a0:	00016e37          	lui	t3,0x16
   135a4:	01000713          	li	a4,16
   135a8:	04412783          	lw	a5,68(sp)
   135ac:	f58e0e13          	add	t3,t3,-168 # 15f58 <blanks.1>
   135b0:	09275863          	bge	a4,s2,13640 <_svfiprintf_r+0x494>
   135b4:	00d12823          	sw	a3,16(sp)
   135b8:	00040713          	mv	a4,s0
   135bc:	00048693          	mv	a3,s1
   135c0:	00090413          	mv	s0,s2
   135c4:	01000a13          	li	s4,16
   135c8:	00700d93          	li	s11,7
   135cc:	00080913          	mv	s2,a6
   135d0:	000e0493          	mv	s1,t3
   135d4:	00c0006f          	j	135e0 <_svfiprintf_r+0x434>
   135d8:	ff040413          	add	s0,s0,-16
   135dc:	048a5663          	bge	s4,s0,13628 <_svfiprintf_r+0x47c>
   135e0:	01068693          	add	a3,a3,16
   135e4:	00178793          	add	a5,a5,1
   135e8:	00972023          	sw	s1,0(a4)
   135ec:	01472223          	sw	s4,4(a4)
   135f0:	04d12423          	sw	a3,72(sp)
   135f4:	04f12223          	sw	a5,68(sp)
   135f8:	00870713          	add	a4,a4,8
   135fc:	fcfddee3          	bge	s11,a5,135d8 <_svfiprintf_r+0x42c>
   13600:	00412503          	lw	a0,4(sp)
   13604:	04010613          	add	a2,sp,64
   13608:	000b8593          	mv	a1,s7
   1360c:	9d9ff0ef          	jal	12fe4 <__ssprint_r>
   13610:	ee051ae3          	bnez	a0,13504 <_svfiprintf_r+0x358>
   13614:	ff040413          	add	s0,s0,-16
   13618:	04812683          	lw	a3,72(sp)
   1361c:	04412783          	lw	a5,68(sp)
   13620:	000c0713          	mv	a4,s8
   13624:	fa8a4ee3          	blt	s4,s0,135e0 <_svfiprintf_r+0x434>
   13628:	00048e13          	mv	t3,s1
   1362c:	00068493          	mv	s1,a3
   13630:	01012683          	lw	a3,16(sp)
   13634:	00090813          	mv	a6,s2
   13638:	00040913          	mv	s2,s0
   1363c:	00070413          	mv	s0,a4
   13640:	012484b3          	add	s1,s1,s2
   13644:	00178793          	add	a5,a5,1
   13648:	01c42023          	sw	t3,0(s0)
   1364c:	01242223          	sw	s2,4(s0)
   13650:	04912423          	sw	s1,72(sp)
   13654:	04f12223          	sw	a5,68(sp)
   13658:	00700713          	li	a4,7
   1365c:	daf758e3          	bge	a4,a5,1340c <_svfiprintf_r+0x260>
   13660:	00412503          	lw	a0,4(sp)
   13664:	04010613          	add	a2,sp,64
   13668:	000b8593          	mv	a1,s7
   1366c:	01012a23          	sw	a6,20(sp)
   13670:	00d12823          	sw	a3,16(sp)
   13674:	971ff0ef          	jal	12fe4 <__ssprint_r>
   13678:	e80516e3          	bnez	a0,13504 <_svfiprintf_r+0x358>
   1367c:	04812483          	lw	s1,72(sp)
   13680:	01412803          	lw	a6,20(sp)
   13684:	01012683          	lw	a3,16(sp)
   13688:	d85ff06f          	j	1340c <_svfiprintf_r+0x260>
   1368c:	010df713          	and	a4,s11,16
   13690:	00082783          	lw	a5,0(a6)
   13694:	00480813          	add	a6,a6,4
   13698:	0e071463          	bnez	a4,13780 <_svfiprintf_r+0x5d4>
   1369c:	040df713          	and	a4,s11,64
   136a0:	0c070c63          	beqz	a4,13778 <_svfiprintf_r+0x5cc>
   136a4:	01079793          	sll	a5,a5,0x10
   136a8:	4107d793          	sra	a5,a5,0x10
   136ac:	41f7d893          	sra	a7,a5,0x1f
   136b0:	00088713          	mv	a4,a7
   136b4:	de0750e3          	bgez	a4,13494 <_svfiprintf_r+0x2e8>
   136b8:	02d00693          	li	a3,45
   136bc:	00f03733          	snez	a4,a5
   136c0:	411008b3          	neg	a7,a7
   136c4:	02d10da3          	sb	a3,59(sp)
   136c8:	fff00693          	li	a3,-1
   136cc:	40e888b3          	sub	a7,a7,a4
   136d0:	40f007b3          	neg	a5,a5
   136d4:	00d90463          	beq	s2,a3,136dc <_svfiprintf_r+0x530>
   136d8:	f7fdfd93          	and	s11,s11,-129
   136dc:	62089c63          	bnez	a7,13d14 <_svfiprintf_r+0xb68>
   136e0:	00900713          	li	a4,9
   136e4:	62f76863          	bltu	a4,a5,13d14 <_svfiprintf_r+0xb68>
   136e8:	03078793          	add	a5,a5,48
   136ec:	0ff7f793          	zext.b	a5,a5
   136f0:	0ef107a3          	sb	a5,239(sp)
   136f4:	00090693          	mv	a3,s2
   136f8:	01204463          	bgtz	s2,13700 <_svfiprintf_r+0x554>
   136fc:	00100693          	li	a3,1
   13700:	00100e93          	li	t4,1
   13704:	0ef10a13          	add	s4,sp,239
   13708:	0f00006f          	j	137f8 <_svfiprintf_r+0x64c>
   1370c:	00082a03          	lw	s4,0(a6)
   13710:	02010da3          	sb	zero,59(sp)
   13714:	00480813          	add	a6,a6,4
   13718:	2e0a0ce3          	beqz	s4,14210 <_svfiprintf_r+0x1064>
   1371c:	fff00793          	li	a5,-1
   13720:	01012823          	sw	a6,16(sp)
   13724:	18f90ce3          	beq	s2,a5,140bc <_svfiprintf_r+0xf10>
   13728:	00090613          	mv	a2,s2
   1372c:	00000593          	li	a1,0
   13730:	000a0513          	mv	a0,s4
   13734:	db9f80ef          	jal	c4ec <memchr>
   13738:	01012803          	lw	a6,16(sp)
   1373c:	360502e3          	beqz	a0,142a0 <_svfiprintf_r+0x10f4>
   13740:	41450eb3          	sub	t4,a0,s4
   13744:	fffec693          	not	a3,t4
   13748:	41f6d693          	sra	a3,a3,0x1f
   1374c:	00def6b3          	and	a3,t4,a3
   13750:	00000913          	li	s2,0
   13754:	0a40006f          	j	137f8 <_svfiprintf_r+0x64c>
   13758:	00082783          	lw	a5,0(a6)
   1375c:	02010da3          	sb	zero,59(sp)
   13760:	00480813          	add	a6,a6,4
   13764:	08f10623          	sb	a5,140(sp)
   13768:	00100693          	li	a3,1
   1376c:	00100e93          	li	t4,1
   13770:	08c10a13          	add	s4,sp,140
   13774:	bcdff06f          	j	13340 <_svfiprintf_r+0x194>
   13778:	200df713          	and	a4,s11,512
   1377c:	300714e3          	bnez	a4,14284 <_svfiprintf_r+0x10d8>
   13780:	41f7d893          	sra	a7,a5,0x1f
   13784:	00088713          	mv	a4,a7
   13788:	d09ff06f          	j	13490 <_svfiprintf_r+0x2e4>
   1378c:	ffff8737          	lui	a4,0xffff8
   13790:	83074713          	xor	a4,a4,-2000
   13794:	02e11e23          	sh	a4,60(sp)
   13798:	00015737          	lui	a4,0x15
   1379c:	24c70713          	add	a4,a4,588 # 1524c <__clz_tab+0x6d0>
   137a0:	00082783          	lw	a5,0(a6)
   137a4:	00000613          	li	a2,0
   137a8:	002ded93          	or	s11,s11,2
   137ac:	00480813          	add	a6,a6,4
   137b0:	00e12623          	sw	a4,12(sp)
   137b4:	02010da3          	sb	zero,59(sp)
   137b8:	fff00713          	li	a4,-1
   137bc:	50e90663          	beq	s2,a4,13cc8 <_svfiprintf_r+0xb1c>
   137c0:	00c7e733          	or	a4,a5,a2
   137c4:	f7fdf693          	and	a3,s11,-129
   137c8:	4e071a63          	bnez	a4,13cbc <_svfiprintf_r+0xb10>
   137cc:	000d8e93          	mv	t4,s11
   137d0:	00200793          	li	a5,2
   137d4:	00068d93          	mv	s11,a3
   137d8:	06091a63          	bnez	s2,1384c <_svfiprintf_r+0x6a0>
   137dc:	cc0798e3          	bnez	a5,134ac <_svfiprintf_r+0x300>
   137e0:	001efe93          	and	t4,t4,1
   137e4:	000e86e3          	beqz	t4,13ff0 <_svfiprintf_r+0xe44>
   137e8:	03000793          	li	a5,48
   137ec:	0ef107a3          	sb	a5,239(sp)
   137f0:	000e8693          	mv	a3,t4
   137f4:	0ef10a13          	add	s4,sp,239
   137f8:	03b14783          	lbu	a5,59(sp)
   137fc:	00f037b3          	snez	a5,a5
   13800:	00f686b3          	add	a3,a3,a5
   13804:	b41ff06f          	j	13344 <_svfiprintf_r+0x198>
   13808:	010dee93          	or	t4,s11,16
   1380c:	020ef793          	and	a5,t4,32
   13810:	7a078c63          	beqz	a5,13fc8 <_svfiprintf_r+0xe1c>
   13814:	00780813          	add	a6,a6,7
   13818:	ff887813          	and	a6,a6,-8
   1381c:	00082783          	lw	a5,0(a6)
   13820:	00482883          	lw	a7,4(a6)
   13824:	00880813          	add	a6,a6,8
   13828:	02010da3          	sb	zero,59(sp)
   1382c:	fff00713          	li	a4,-1
   13830:	000e8d93          	mv	s11,t4
   13834:	eae904e3          	beq	s2,a4,136dc <_svfiprintf_r+0x530>
   13838:	0117e733          	or	a4,a5,a7
   1383c:	f7fefd93          	and	s11,t4,-129
   13840:	e8071ee3          	bnez	a4,136dc <_svfiprintf_r+0x530>
   13844:	00100793          	li	a5,1
   13848:	f8090ae3          	beqz	s2,137dc <_svfiprintf_r+0x630>
   1384c:	00100713          	li	a4,1
   13850:	24e784e3          	beq	a5,a4,14298 <_svfiprintf_r+0x10ec>
   13854:	00200713          	li	a4,2
   13858:	1ce78ce3          	beq	a5,a4,14230 <_svfiprintf_r+0x1084>
   1385c:	00000793          	li	a5,0
   13860:	00000613          	li	a2,0
   13864:	0f010a13          	add	s4,sp,240
   13868:	01d61693          	sll	a3,a2,0x1d
   1386c:	0077f713          	and	a4,a5,7
   13870:	0037d793          	srl	a5,a5,0x3
   13874:	03070713          	add	a4,a4,48
   13878:	00f6e7b3          	or	a5,a3,a5
   1387c:	00365613          	srl	a2,a2,0x3
   13880:	feea0fa3          	sb	a4,-1(s4)
   13884:	00c7e6b3          	or	a3,a5,a2
   13888:	000a0593          	mv	a1,s4
   1388c:	fffa0a13          	add	s4,s4,-1
   13890:	fc069ce3          	bnez	a3,13868 <_svfiprintf_r+0x6bc>
   13894:	001df793          	and	a5,s11,1
   13898:	56078863          	beqz	a5,13e08 <_svfiprintf_r+0xc5c>
   1389c:	03000793          	li	a5,48
   138a0:	56f70463          	beq	a4,a5,13e08 <_svfiprintf_r+0xc5c>
   138a4:	ffe58593          	add	a1,a1,-2
   138a8:	0f010713          	add	a4,sp,240
   138ac:	40b70eb3          	sub	t4,a4,a1
   138b0:	fefa0fa3          	sb	a5,-1(s4)
   138b4:	000e8693          	mv	a3,t4
   138b8:	752ece63          	blt	t4,s2,14014 <_svfiprintf_r+0xe68>
   138bc:	00058a13          	mv	s4,a1
   138c0:	f39ff06f          	j	137f8 <_svfiprintf_r+0x64c>
   138c4:	0009c783          	lbu	a5,0(s3)
   138c8:	080ded93          	or	s11,s11,128
   138cc:	a05ff06f          	j	132d0 <_svfiprintf_r+0x124>
   138d0:	020df793          	and	a5,s11,32
   138d4:	72079463          	bnez	a5,13ffc <_svfiprintf_r+0xe50>
   138d8:	010df793          	and	a5,s11,16
   138dc:	120792e3          	bnez	a5,14200 <_svfiprintf_r+0x1054>
   138e0:	040df793          	and	a5,s11,64
   138e4:	16079ce3          	bnez	a5,1425c <_svfiprintf_r+0x10b0>
   138e8:	200dfd93          	and	s11,s11,512
   138ec:	100d8ae3          	beqz	s11,14200 <_svfiprintf_r+0x1054>
   138f0:	00082783          	lw	a5,0(a6)
   138f4:	00480813          	add	a6,a6,4
   138f8:	01978023          	sb	s9,0(a5)
   138fc:	95dff06f          	j	13258 <_svfiprintf_r+0xac>
   13900:	0009c783          	lbu	a5,0(s3)
   13904:	06c00713          	li	a4,108
   13908:	0ee784e3          	beq	a5,a4,141f0 <_svfiprintf_r+0x1044>
   1390c:	010ded93          	or	s11,s11,16
   13910:	9c1ff06f          	j	132d0 <_svfiprintf_r+0x124>
   13914:	0009c783          	lbu	a5,0(s3)
   13918:	06800713          	li	a4,104
   1391c:	0ce782e3          	beq	a5,a4,141e0 <_svfiprintf_r+0x1034>
   13920:	040ded93          	or	s11,s11,64
   13924:	9adff06f          	j	132d0 <_svfiprintf_r+0x124>
   13928:	010de713          	or	a4,s11,16
   1392c:	02077793          	and	a5,a4,32
   13930:	66078063          	beqz	a5,13f90 <_svfiprintf_r+0xde4>
   13934:	00780813          	add	a6,a6,7
   13938:	ff887813          	and	a6,a6,-8
   1393c:	00082783          	lw	a5,0(a6)
   13940:	00482603          	lw	a2,4(a6)
   13944:	00880813          	add	a6,a6,8
   13948:	02010da3          	sb	zero,59(sp)
   1394c:	fff00693          	li	a3,-1
   13950:	bff77d93          	and	s11,a4,-1025
   13954:	f0d908e3          	beq	s2,a3,13864 <_svfiprintf_r+0x6b8>
   13958:	00c7e6b3          	or	a3,a5,a2
   1395c:	b7f77713          	and	a4,a4,-1153
   13960:	060698e3          	bnez	a3,141d0 <_svfiprintf_r+0x1024>
   13964:	000d8e93          	mv	t4,s11
   13968:	00000793          	li	a5,0
   1396c:	00070d93          	mv	s11,a4
   13970:	e69ff06f          	j	137d8 <_svfiprintf_r+0x62c>
   13974:	00412503          	lw	a0,4(sp)
   13978:	01012823          	sw	a6,16(sp)
   1397c:	f88f80ef          	jal	c104 <_localeconv_r>
   13980:	00452783          	lw	a5,4(a0)
   13984:	00078513          	mv	a0,a5
   13988:	02f12023          	sw	a5,32(sp)
   1398c:	ad4fa0ef          	jal	dc60 <strlen>
   13990:	00050793          	mv	a5,a0
   13994:	00412503          	lw	a0,4(sp)
   13998:	00f12e23          	sw	a5,28(sp)
   1399c:	f68f80ef          	jal	c104 <_localeconv_r>
   139a0:	00852703          	lw	a4,8(a0)
   139a4:	01c12783          	lw	a5,28(sp)
   139a8:	01012803          	lw	a6,16(sp)
   139ac:	00e12c23          	sw	a4,24(sp)
   139b0:	aa0784e3          	beqz	a5,13458 <_svfiprintf_r+0x2ac>
   139b4:	01812703          	lw	a4,24(sp)
   139b8:	0009c783          	lbu	a5,0(s3)
   139bc:	90070ae3          	beqz	a4,132d0 <_svfiprintf_r+0x124>
   139c0:	00074703          	lbu	a4,0(a4)
   139c4:	900706e3          	beqz	a4,132d0 <_svfiprintf_r+0x124>
   139c8:	400ded93          	or	s11,s11,1024
   139cc:	905ff06f          	j	132d0 <_svfiprintf_r+0x124>
   139d0:	0009c783          	lbu	a5,0(s3)
   139d4:	001ded93          	or	s11,s11,1
   139d8:	8f9ff06f          	j	132d0 <_svfiprintf_r+0x124>
   139dc:	03b14703          	lbu	a4,59(sp)
   139e0:	0009c783          	lbu	a5,0(s3)
   139e4:	8e0716e3          	bnez	a4,132d0 <_svfiprintf_r+0x124>
   139e8:	02000713          	li	a4,32
   139ec:	02e10da3          	sb	a4,59(sp)
   139f0:	8e1ff06f          	j	132d0 <_svfiprintf_r+0x124>
   139f4:	0009c683          	lbu	a3,0(s3)
   139f8:	02a00793          	li	a5,42
   139fc:	00198713          	add	a4,s3,1
   13a00:	0cf680e3          	beq	a3,a5,142c0 <_svfiprintf_r+0x1114>
   13a04:	fd068793          	add	a5,a3,-48
   13a08:	00900593          	li	a1,9
   13a0c:	00070993          	mv	s3,a4
   13a10:	00000913          	li	s2,0
   13a14:	00900613          	li	a2,9
   13a18:	8cf5e0e3          	bltu	a1,a5,132d8 <_svfiprintf_r+0x12c>
   13a1c:	0009c683          	lbu	a3,0(s3)
   13a20:	00291713          	sll	a4,s2,0x2
   13a24:	01270933          	add	s2,a4,s2
   13a28:	00191913          	sll	s2,s2,0x1
   13a2c:	00f90933          	add	s2,s2,a5
   13a30:	fd068793          	add	a5,a3,-48
   13a34:	00198993          	add	s3,s3,1
   13a38:	fef672e3          	bgeu	a2,a5,13a1c <_svfiprintf_r+0x870>
   13a3c:	89dff06f          	j	132d8 <_svfiprintf_r+0x12c>
   13a40:	02b00713          	li	a4,43
   13a44:	0009c783          	lbu	a5,0(s3)
   13a48:	02e10da3          	sb	a4,59(sp)
   13a4c:	885ff06f          	j	132d0 <_svfiprintf_r+0x124>
   13a50:	40db0733          	sub	a4,s6,a3
   13a54:	96e05ee3          	blez	a4,133d0 <_svfiprintf_r+0x224>
   13a58:	00016e37          	lui	t3,0x16
   13a5c:	01000613          	li	a2,16
   13a60:	f48e0e13          	add	t3,t3,-184 # 15f48 <zeroes.0>
   13a64:	0ae65063          	bge	a2,a4,13b04 <_svfiprintf_r+0x958>
   13a68:	00d12823          	sw	a3,16(sp)
   13a6c:	00048613          	mv	a2,s1
   13a70:	00040693          	mv	a3,s0
   13a74:	01000893          	li	a7,16
   13a78:	00700f13          	li	t5,7
   13a7c:	01d12a23          	sw	t4,20(sp)
   13a80:	00070413          	mv	s0,a4
   13a84:	03012223          	sw	a6,36(sp)
   13a88:	000e0493          	mv	s1,t3
   13a8c:	00c0006f          	j	13a98 <_svfiprintf_r+0x8ec>
   13a90:	ff040413          	add	s0,s0,-16
   13a94:	0488da63          	bge	a7,s0,13ae8 <_svfiprintf_r+0x93c>
   13a98:	01060613          	add	a2,a2,16
   13a9c:	00178793          	add	a5,a5,1
   13aa0:	0096a023          	sw	s1,0(a3)
   13aa4:	0116a223          	sw	a7,4(a3)
   13aa8:	04c12423          	sw	a2,72(sp)
   13aac:	04f12223          	sw	a5,68(sp)
   13ab0:	00868693          	add	a3,a3,8
   13ab4:	fcff5ee3          	bge	t5,a5,13a90 <_svfiprintf_r+0x8e4>
   13ab8:	00412503          	lw	a0,4(sp)
   13abc:	04010613          	add	a2,sp,64
   13ac0:	000b8593          	mv	a1,s7
   13ac4:	d20ff0ef          	jal	12fe4 <__ssprint_r>
   13ac8:	a2051ee3          	bnez	a0,13504 <_svfiprintf_r+0x358>
   13acc:	01000893          	li	a7,16
   13ad0:	ff040413          	add	s0,s0,-16
   13ad4:	04812603          	lw	a2,72(sp)
   13ad8:	04412783          	lw	a5,68(sp)
   13adc:	000c0693          	mv	a3,s8
   13ae0:	00700f13          	li	t5,7
   13ae4:	fa88cae3          	blt	a7,s0,13a98 <_svfiprintf_r+0x8ec>
   13ae8:	00040713          	mv	a4,s0
   13aec:	01412e83          	lw	t4,20(sp)
   13af0:	00068413          	mv	s0,a3
   13af4:	02412803          	lw	a6,36(sp)
   13af8:	01012683          	lw	a3,16(sp)
   13afc:	00048e13          	mv	t3,s1
   13b00:	00060493          	mv	s1,a2
   13b04:	00e484b3          	add	s1,s1,a4
   13b08:	00178793          	add	a5,a5,1
   13b0c:	00e42223          	sw	a4,4(s0)
   13b10:	01c42023          	sw	t3,0(s0)
   13b14:	04912423          	sw	s1,72(sp)
   13b18:	04f12223          	sw	a5,68(sp)
   13b1c:	00700713          	li	a4,7
   13b20:	00840413          	add	s0,s0,8
   13b24:	8af756e3          	bge	a4,a5,133d0 <_svfiprintf_r+0x224>
   13b28:	00412503          	lw	a0,4(sp)
   13b2c:	04010613          	add	a2,sp,64
   13b30:	000b8593          	mv	a1,s7
   13b34:	03012223          	sw	a6,36(sp)
   13b38:	01d12a23          	sw	t4,20(sp)
   13b3c:	00d12823          	sw	a3,16(sp)
   13b40:	ca4ff0ef          	jal	12fe4 <__ssprint_r>
   13b44:	9c0510e3          	bnez	a0,13504 <_svfiprintf_r+0x358>
   13b48:	01412e83          	lw	t4,20(sp)
   13b4c:	04812483          	lw	s1,72(sp)
   13b50:	04412783          	lw	a5,68(sp)
   13b54:	41d90933          	sub	s2,s2,t4
   13b58:	02412803          	lw	a6,36(sp)
   13b5c:	01012683          	lw	a3,16(sp)
   13b60:	000c0413          	mv	s0,s8
   13b64:	87205ae3          	blez	s2,133d8 <_svfiprintf_r+0x22c>
   13b68:	00016e37          	lui	t3,0x16
   13b6c:	f48e0e13          	add	t3,t3,-184 # 15f48 <zeroes.0>
   13b70:	092adc63          	bge	s5,s2,13c08 <_svfiprintf_r+0xa5c>
   13b74:	00d12823          	sw	a3,16(sp)
   13b78:	00048613          	mv	a2,s1
   13b7c:	00040693          	mv	a3,s0
   13b80:	00700713          	li	a4,7
   13b84:	00090413          	mv	s0,s2
   13b88:	01d12a23          	sw	t4,20(sp)
   13b8c:	00080493          	mv	s1,a6
   13b90:	000d0913          	mv	s2,s10
   13b94:	00c0006f          	j	13ba0 <_svfiprintf_r+0x9f4>
   13b98:	ff040413          	add	s0,s0,-16
   13b9c:	048ad863          	bge	s5,s0,13bec <_svfiprintf_r+0xa40>
   13ba0:	01060613          	add	a2,a2,16
   13ba4:	00178793          	add	a5,a5,1
   13ba8:	01a6a023          	sw	s10,0(a3)
   13bac:	0156a223          	sw	s5,4(a3)
   13bb0:	04c12423          	sw	a2,72(sp)
   13bb4:	04f12223          	sw	a5,68(sp)
   13bb8:	00868693          	add	a3,a3,8
   13bbc:	fcf75ee3          	bge	a4,a5,13b98 <_svfiprintf_r+0x9ec>
   13bc0:	00412503          	lw	a0,4(sp)
   13bc4:	04010613          	add	a2,sp,64
   13bc8:	000b8593          	mv	a1,s7
   13bcc:	c18ff0ef          	jal	12fe4 <__ssprint_r>
   13bd0:	92051ae3          	bnez	a0,13504 <_svfiprintf_r+0x358>
   13bd4:	ff040413          	add	s0,s0,-16
   13bd8:	04812603          	lw	a2,72(sp)
   13bdc:	04412783          	lw	a5,68(sp)
   13be0:	000c0693          	mv	a3,s8
   13be4:	00700713          	li	a4,7
   13be8:	fa8acce3          	blt	s5,s0,13ba0 <_svfiprintf_r+0x9f4>
   13bec:	00090e13          	mv	t3,s2
   13bf0:	01412e83          	lw	t4,20(sp)
   13bf4:	00040913          	mv	s2,s0
   13bf8:	00068413          	mv	s0,a3
   13bfc:	01012683          	lw	a3,16(sp)
   13c00:	00048813          	mv	a6,s1
   13c04:	00060493          	mv	s1,a2
   13c08:	012484b3          	add	s1,s1,s2
   13c0c:	00178793          	add	a5,a5,1
   13c10:	01c42023          	sw	t3,0(s0)
   13c14:	01242223          	sw	s2,4(s0)
   13c18:	04912423          	sw	s1,72(sp)
   13c1c:	04f12223          	sw	a5,68(sp)
   13c20:	00700713          	li	a4,7
   13c24:	00840413          	add	s0,s0,8
   13c28:	faf75863          	bge	a4,a5,133d8 <_svfiprintf_r+0x22c>
   13c2c:	00412503          	lw	a0,4(sp)
   13c30:	04010613          	add	a2,sp,64
   13c34:	000b8593          	mv	a1,s7
   13c38:	03012223          	sw	a6,36(sp)
   13c3c:	01d12a23          	sw	t4,20(sp)
   13c40:	00d12823          	sw	a3,16(sp)
   13c44:	ba0ff0ef          	jal	12fe4 <__ssprint_r>
   13c48:	8a051ee3          	bnez	a0,13504 <_svfiprintf_r+0x358>
   13c4c:	04812483          	lw	s1,72(sp)
   13c50:	04412783          	lw	a5,68(sp)
   13c54:	02412803          	lw	a6,36(sp)
   13c58:	01412e83          	lw	t4,20(sp)
   13c5c:	01012683          	lw	a3,16(sp)
   13c60:	000c0413          	mv	s0,s8
   13c64:	f74ff06f          	j	133d8 <_svfiprintf_r+0x22c>
   13c68:	00412503          	lw	a0,4(sp)
   13c6c:	04010613          	add	a2,sp,64
   13c70:	000b8593          	mv	a1,s7
   13c74:	01012a23          	sw	a6,20(sp)
   13c78:	00d12823          	sw	a3,16(sp)
   13c7c:	b68ff0ef          	jal	12fe4 <__ssprint_r>
   13c80:	880512e3          	bnez	a0,13504 <_svfiprintf_r+0x358>
   13c84:	04812483          	lw	s1,72(sp)
   13c88:	01412803          	lw	a6,20(sp)
   13c8c:	01012683          	lw	a3,16(sp)
   13c90:	000c0413          	mv	s0,s8
   13c94:	f68ff06f          	j	133fc <_svfiprintf_r+0x250>
   13c98:	00412503          	lw	a0,4(sp)
   13c9c:	04010613          	add	a2,sp,64
   13ca0:	000b8593          	mv	a1,s7
   13ca4:	01012823          	sw	a6,16(sp)
   13ca8:	b3cff0ef          	jal	12fe4 <__ssprint_r>
   13cac:	84051ce3          	bnez	a0,13504 <_svfiprintf_r+0x358>
   13cb0:	04812483          	lw	s1,72(sp)
   13cb4:	01012803          	lw	a6,16(sp)
   13cb8:	f64ff06f          	j	1341c <_svfiprintf_r+0x270>
   13cbc:	00200713          	li	a4,2
   13cc0:	00068d93          	mv	s11,a3
   13cc4:	ba0700e3          	beqz	a4,13864 <_svfiprintf_r+0x6b8>
   13cc8:	00c12583          	lw	a1,12(sp)
   13ccc:	0f010a13          	add	s4,sp,240
   13cd0:	00f7f713          	and	a4,a5,15
   13cd4:	00e58733          	add	a4,a1,a4
   13cd8:	00074683          	lbu	a3,0(a4)
   13cdc:	0047d793          	srl	a5,a5,0x4
   13ce0:	01c61713          	sll	a4,a2,0x1c
   13ce4:	00f767b3          	or	a5,a4,a5
   13ce8:	00465613          	srl	a2,a2,0x4
   13cec:	feda0fa3          	sb	a3,-1(s4)
   13cf0:	00c7e733          	or	a4,a5,a2
   13cf4:	fffa0a13          	add	s4,s4,-1
   13cf8:	fc071ce3          	bnez	a4,13cd0 <_svfiprintf_r+0xb24>
   13cfc:	0f010793          	add	a5,sp,240
   13d00:	41478eb3          	sub	t4,a5,s4
   13d04:	00090693          	mv	a3,s2
   13d08:	afd958e3          	bge	s2,t4,137f8 <_svfiprintf_r+0x64c>
   13d0c:	000e8693          	mv	a3,t4
   13d10:	ae9ff06f          	j	137f8 <_svfiprintf_r+0x64c>
   13d14:	ccccdf37          	lui	t5,0xccccd
   13d18:	ccdf0e13          	add	t3,t5,-819 # cccccccd <_stack_top+0xacbccccd>
   13d1c:	01812303          	lw	t1,24(sp)
   13d20:	400dff93          	and	t6,s11,1024
   13d24:	00000513          	li	a0,0
   13d28:	0f010593          	add	a1,sp,240
   13d2c:	00500e93          	li	t4,5
   13d30:	cccf0f13          	add	t5,t5,-820
   13d34:	0ff00293          	li	t0,255
   13d38:	0540006f          	j	13d8c <_svfiprintf_r+0xbe0>
   13d3c:	00fa3733          	sltu	a4,s4,a5
   13d40:	00ea0733          	add	a4,s4,a4
   13d44:	03d77733          	remu	a4,a4,t4
   13d48:	40e78733          	sub	a4,a5,a4
   13d4c:	00e7b633          	sltu	a2,a5,a4
   13d50:	40c88633          	sub	a2,a7,a2
   13d54:	03e703b3          	mul	t2,a4,t5
   13d58:	03c60633          	mul	a2,a2,t3
   13d5c:	03c735b3          	mulhu	a1,a4,t3
   13d60:	00760633          	add	a2,a2,t2
   13d64:	03c70733          	mul	a4,a4,t3
   13d68:	00b60633          	add	a2,a2,a1
   13d6c:	01f61593          	sll	a1,a2,0x1f
   13d70:	00165613          	srl	a2,a2,0x1
   13d74:	00175713          	srl	a4,a4,0x1
   13d78:	00e5e733          	or	a4,a1,a4
   13d7c:	4c088a63          	beqz	a7,14250 <_svfiprintf_r+0x10a4>
   13d80:	00070793          	mv	a5,a4
   13d84:	00060893          	mv	a7,a2
   13d88:	00068593          	mv	a1,a3
   13d8c:	01178a33          	add	s4,a5,a7
   13d90:	00fa3733          	sltu	a4,s4,a5
   13d94:	00ea0733          	add	a4,s4,a4
   13d98:	03d77733          	remu	a4,a4,t4
   13d9c:	fff58693          	add	a3,a1,-1
   13da0:	00150513          	add	a0,a0,1
   13da4:	40e78733          	sub	a4,a5,a4
   13da8:	00e7b3b3          	sltu	t2,a5,a4
   13dac:	407883b3          	sub	t2,a7,t2
   13db0:	03c73633          	mulhu	a2,a4,t3
   13db4:	03c383b3          	mul	t2,t2,t3
   13db8:	03c70733          	mul	a4,a4,t3
   13dbc:	00c383b3          	add	t2,t2,a2
   13dc0:	01f39393          	sll	t2,t2,0x1f
   13dc4:	00175613          	srl	a2,a4,0x1
   13dc8:	00c3e633          	or	a2,t2,a2
   13dcc:	00261713          	sll	a4,a2,0x2
   13dd0:	00c70733          	add	a4,a4,a2
   13dd4:	00171713          	sll	a4,a4,0x1
   13dd8:	40e78733          	sub	a4,a5,a4
   13ddc:	03070713          	add	a4,a4,48
   13de0:	fee58fa3          	sb	a4,-1(a1)
   13de4:	f40f8ce3          	beqz	t6,13d3c <_svfiprintf_r+0xb90>
   13de8:	00034703          	lbu	a4,0(t1)
   13dec:	f4a718e3          	bne	a4,a0,13d3c <_svfiprintf_r+0xb90>
   13df0:	f45506e3          	beq	a0,t0,13d3c <_svfiprintf_r+0xb90>
   13df4:	30089663          	bnez	a7,14100 <_svfiprintf_r+0xf54>
   13df8:	00900713          	li	a4,9
   13dfc:	30f76263          	bltu	a4,a5,14100 <_svfiprintf_r+0xf54>
   13e00:	00068a13          	mv	s4,a3
   13e04:	00612c23          	sw	t1,24(sp)
   13e08:	0f010793          	add	a5,sp,240
   13e0c:	41478eb3          	sub	t4,a5,s4
   13e10:	000e8693          	mv	a3,t4
   13e14:	9f2ed2e3          	bge	t4,s2,137f8 <_svfiprintf_r+0x64c>
   13e18:	00090693          	mv	a3,s2
   13e1c:	9ddff06f          	j	137f8 <_svfiprintf_r+0x64c>
   13e20:	00016e37          	lui	t3,0x16
   13e24:	01000613          	li	a2,16
   13e28:	f58e0e13          	add	t3,t3,-168 # 15f58 <blanks.1>
   13e2c:	0ae65863          	bge	a2,a4,13edc <_svfiprintf_r+0xd30>
   13e30:	02d12223          	sw	a3,36(sp)
   13e34:	00048613          	mv	a2,s1
   13e38:	00040693          	mv	a3,s0
   13e3c:	01000893          	li	a7,16
   13e40:	00700293          	li	t0,7
   13e44:	01f12823          	sw	t6,16(sp)
   13e48:	01e12a23          	sw	t5,20(sp)
   13e4c:	03d12423          	sw	t4,40(sp)
   13e50:	00070413          	mv	s0,a4
   13e54:	03012623          	sw	a6,44(sp)
   13e58:	000e0493          	mv	s1,t3
   13e5c:	00c0006f          	j	13e68 <_svfiprintf_r+0xcbc>
   13e60:	ff040413          	add	s0,s0,-16
   13e64:	0488da63          	bge	a7,s0,13eb8 <_svfiprintf_r+0xd0c>
   13e68:	01060613          	add	a2,a2,16
   13e6c:	00178793          	add	a5,a5,1
   13e70:	0096a023          	sw	s1,0(a3)
   13e74:	0116a223          	sw	a7,4(a3)
   13e78:	04c12423          	sw	a2,72(sp)
   13e7c:	04f12223          	sw	a5,68(sp)
   13e80:	00868693          	add	a3,a3,8
   13e84:	fcf2dee3          	bge	t0,a5,13e60 <_svfiprintf_r+0xcb4>
   13e88:	00412503          	lw	a0,4(sp)
   13e8c:	04010613          	add	a2,sp,64
   13e90:	000b8593          	mv	a1,s7
   13e94:	950ff0ef          	jal	12fe4 <__ssprint_r>
   13e98:	e6051663          	bnez	a0,13504 <_svfiprintf_r+0x358>
   13e9c:	01000893          	li	a7,16
   13ea0:	ff040413          	add	s0,s0,-16
   13ea4:	04812603          	lw	a2,72(sp)
   13ea8:	04412783          	lw	a5,68(sp)
   13eac:	000c0693          	mv	a3,s8
   13eb0:	00700293          	li	t0,7
   13eb4:	fa88cae3          	blt	a7,s0,13e68 <_svfiprintf_r+0xcbc>
   13eb8:	00040713          	mv	a4,s0
   13ebc:	01012f83          	lw	t6,16(sp)
   13ec0:	00068413          	mv	s0,a3
   13ec4:	01412f03          	lw	t5,20(sp)
   13ec8:	02812e83          	lw	t4,40(sp)
   13ecc:	02412683          	lw	a3,36(sp)
   13ed0:	02c12803          	lw	a6,44(sp)
   13ed4:	00048e13          	mv	t3,s1
   13ed8:	00060493          	mv	s1,a2
   13edc:	00e484b3          	add	s1,s1,a4
   13ee0:	00178793          	add	a5,a5,1
   13ee4:	00e42223          	sw	a4,4(s0)
   13ee8:	01c42023          	sw	t3,0(s0)
   13eec:	04912423          	sw	s1,72(sp)
   13ef0:	04f12223          	sw	a5,68(sp)
   13ef4:	00700713          	li	a4,7
   13ef8:	00840413          	add	s0,s0,8
   13efc:	c6f75463          	bge	a4,a5,13364 <_svfiprintf_r+0x1b8>
   13f00:	00412503          	lw	a0,4(sp)
   13f04:	04010613          	add	a2,sp,64
   13f08:	000b8593          	mv	a1,s7
   13f0c:	03012623          	sw	a6,44(sp)
   13f10:	03d12423          	sw	t4,40(sp)
   13f14:	02d12223          	sw	a3,36(sp)
   13f18:	01e12a23          	sw	t5,20(sp)
   13f1c:	01f12823          	sw	t6,16(sp)
   13f20:	8c4ff0ef          	jal	12fe4 <__ssprint_r>
   13f24:	de051063          	bnez	a0,13504 <_svfiprintf_r+0x358>
   13f28:	04812483          	lw	s1,72(sp)
   13f2c:	04412783          	lw	a5,68(sp)
   13f30:	02c12803          	lw	a6,44(sp)
   13f34:	02812e83          	lw	t4,40(sp)
   13f38:	02412683          	lw	a3,36(sp)
   13f3c:	01412f03          	lw	t5,20(sp)
   13f40:	01012f83          	lw	t6,16(sp)
   13f44:	000c0413          	mv	s0,s8
   13f48:	c1cff06f          	j	13364 <_svfiprintf_r+0x1b8>
   13f4c:	00412503          	lw	a0,4(sp)
   13f50:	04010613          	add	a2,sp,64
   13f54:	000b8593          	mv	a1,s7
   13f58:	03012423          	sw	a6,40(sp)
   13f5c:	03d12223          	sw	t4,36(sp)
   13f60:	00d12a23          	sw	a3,20(sp)
   13f64:	01e12823          	sw	t5,16(sp)
   13f68:	87cff0ef          	jal	12fe4 <__ssprint_r>
   13f6c:	d8051c63          	bnez	a0,13504 <_svfiprintf_r+0x358>
   13f70:	04812483          	lw	s1,72(sp)
   13f74:	04412783          	lw	a5,68(sp)
   13f78:	02812803          	lw	a6,40(sp)
   13f7c:	02412e83          	lw	t4,36(sp)
   13f80:	01412683          	lw	a3,20(sp)
   13f84:	01012f03          	lw	t5,16(sp)
   13f88:	000c0413          	mv	s0,s8
   13f8c:	c3cff06f          	j	133c8 <_svfiprintf_r+0x21c>
   13f90:	01077693          	and	a3,a4,16
   13f94:	00082783          	lw	a5,0(a6)
   13f98:	00480813          	add	a6,a6,4
   13f9c:	02069263          	bnez	a3,13fc0 <_svfiprintf_r+0xe14>
   13fa0:	04077693          	and	a3,a4,64
   13fa4:	00068a63          	beqz	a3,13fb8 <_svfiprintf_r+0xe0c>
   13fa8:	01079793          	sll	a5,a5,0x10
   13fac:	0107d793          	srl	a5,a5,0x10
   13fb0:	00000613          	li	a2,0
   13fb4:	995ff06f          	j	13948 <_svfiprintf_r+0x79c>
   13fb8:	20077693          	and	a3,a4,512
   13fbc:	2a069e63          	bnez	a3,14278 <_svfiprintf_r+0x10cc>
   13fc0:	00000613          	li	a2,0
   13fc4:	985ff06f          	j	13948 <_svfiprintf_r+0x79c>
   13fc8:	010ef713          	and	a4,t4,16
   13fcc:	00082783          	lw	a5,0(a6)
   13fd0:	00480813          	add	a6,a6,4
   13fd4:	00071a63          	bnez	a4,13fe8 <_svfiprintf_r+0xe3c>
   13fd8:	040ef713          	and	a4,t4,64
   13fdc:	26070063          	beqz	a4,1423c <_svfiprintf_r+0x1090>
   13fe0:	01079793          	sll	a5,a5,0x10
   13fe4:	0107d793          	srl	a5,a5,0x10
   13fe8:	00000893          	li	a7,0
   13fec:	83dff06f          	j	13828 <_svfiprintf_r+0x67c>
   13ff0:	00000693          	li	a3,0
   13ff4:	0f010a13          	add	s4,sp,240
   13ff8:	801ff06f          	j	137f8 <_svfiprintf_r+0x64c>
   13ffc:	00082783          	lw	a5,0(a6)
   14000:	41fcd713          	sra	a4,s9,0x1f
   14004:	00480813          	add	a6,a6,4
   14008:	0197a023          	sw	s9,0(a5)
   1400c:	00e7a223          	sw	a4,4(a5)
   14010:	a48ff06f          	j	13258 <_svfiprintf_r+0xac>
   14014:	00090693          	mv	a3,s2
   14018:	00058a13          	mv	s4,a1
   1401c:	fdcff06f          	j	137f8 <_svfiprintf_r+0x64c>
   14020:	000d8e93          	mv	t4,s11
   14024:	fe8ff06f          	j	1380c <_svfiprintf_r+0x660>
   14028:	000d8713          	mv	a4,s11
   1402c:	901ff06f          	j	1392c <_svfiprintf_r+0x780>
   14030:	000157b7          	lui	a5,0x15
   14034:	26078793          	add	a5,a5,608 # 15260 <__clz_tab+0x6e4>
   14038:	00f12623          	sw	a5,12(sp)
   1403c:	020df793          	and	a5,s11,32
   14040:	04078a63          	beqz	a5,14094 <_svfiprintf_r+0xee8>
   14044:	00780813          	add	a6,a6,7
   14048:	ff887813          	and	a6,a6,-8
   1404c:	00082783          	lw	a5,0(a6)
   14050:	00482603          	lw	a2,4(a6)
   14054:	00880813          	add	a6,a6,8
   14058:	001df713          	and	a4,s11,1
   1405c:	00070e63          	beqz	a4,14078 <_svfiprintf_r+0xecc>
   14060:	00c7e733          	or	a4,a5,a2
   14064:	00070a63          	beqz	a4,14078 <_svfiprintf_r+0xecc>
   14068:	03000713          	li	a4,48
   1406c:	02e10e23          	sb	a4,60(sp)
   14070:	02d10ea3          	sb	a3,61(sp)
   14074:	002ded93          	or	s11,s11,2
   14078:	bffdfd93          	and	s11,s11,-1025
   1407c:	f38ff06f          	j	137b4 <_svfiprintf_r+0x608>
   14080:	000157b7          	lui	a5,0x15
   14084:	24c78793          	add	a5,a5,588 # 1524c <__clz_tab+0x6d0>
   14088:	00f12623          	sw	a5,12(sp)
   1408c:	020df793          	and	a5,s11,32
   14090:	fa079ae3          	bnez	a5,14044 <_svfiprintf_r+0xe98>
   14094:	010df713          	and	a4,s11,16
   14098:	00082783          	lw	a5,0(a6)
   1409c:	00480813          	add	a6,a6,4
   140a0:	12071463          	bnez	a4,141c8 <_svfiprintf_r+0x101c>
   140a4:	040df713          	and	a4,s11,64
   140a8:	10070c63          	beqz	a4,141c0 <_svfiprintf_r+0x1014>
   140ac:	01079793          	sll	a5,a5,0x10
   140b0:	0107d793          	srl	a5,a5,0x10
   140b4:	00000613          	li	a2,0
   140b8:	fa1ff06f          	j	14058 <_svfiprintf_r+0xeac>
   140bc:	000a0513          	mv	a0,s4
   140c0:	ba1f90ef          	jal	dc60 <strlen>
   140c4:	fff54693          	not	a3,a0
   140c8:	41f6d693          	sra	a3,a3,0x1f
   140cc:	01012803          	lw	a6,16(sp)
   140d0:	00050e93          	mv	t4,a0
   140d4:	00d576b3          	and	a3,a0,a3
   140d8:	00000913          	li	s2,0
   140dc:	f1cff06f          	j	137f8 <_svfiprintf_r+0x64c>
   140e0:	04000593          	li	a1,64
   140e4:	a74f10ef          	jal	5358 <_malloc_r>
   140e8:	00aba023          	sw	a0,0(s7)
   140ec:	00aba823          	sw	a0,16(s7)
   140f0:	1c050063          	beqz	a0,142b0 <_svfiprintf_r+0x1104>
   140f4:	04000793          	li	a5,64
   140f8:	00fbaa23          	sw	a5,20(s7)
   140fc:	90cff06f          	j	13208 <_svfiprintf_r+0x5c>
   14100:	02f12423          	sw	a5,40(sp)
   14104:	01c12783          	lw	a5,28(sp)
   14108:	02012583          	lw	a1,32(sp)
   1410c:	03112623          	sw	a7,44(sp)
   14110:	40f686b3          	sub	a3,a3,a5
   14114:	00078613          	mv	a2,a5
   14118:	00068513          	mv	a0,a3
   1411c:	03012223          	sw	a6,36(sp)
   14120:	00612c23          	sw	t1,24(sp)
   14124:	01f12a23          	sw	t6,20(sp)
   14128:	00d12823          	sw	a3,16(sp)
   1412c:	bc1f90ef          	jal	dcec <strncpy>
   14130:	02812783          	lw	a5,40(sp)
   14134:	00500613          	li	a2,5
   14138:	01812303          	lw	t1,24(sp)
   1413c:	00fa3733          	sltu	a4,s4,a5
   14140:	00ea0733          	add	a4,s4,a4
   14144:	02c77733          	remu	a4,a4,a2
   14148:	00134603          	lbu	a2,1(t1)
   1414c:	02c12883          	lw	a7,44(sp)
   14150:	ccccd3b7          	lui	t2,0xccccd
   14154:	00c03633          	snez	a2,a2
   14158:	00c30333          	add	t1,t1,a2
   1415c:	ccd38593          	add	a1,t2,-819 # cccccccd <_stack_top+0xacbccccd>
   14160:	ccc38393          	add	t2,t2,-820
   14164:	01012683          	lw	a3,16(sp)
   14168:	01412f83          	lw	t6,20(sp)
   1416c:	02412803          	lw	a6,36(sp)
   14170:	00000513          	li	a0,0
   14174:	00500e93          	li	t4,5
   14178:	00058e13          	mv	t3,a1
   1417c:	0ff00293          	li	t0,255
   14180:	40e78733          	sub	a4,a5,a4
   14184:	00e7b633          	sltu	a2,a5,a4
   14188:	40c88633          	sub	a2,a7,a2
   1418c:	027703b3          	mul	t2,a4,t2
   14190:	02b60633          	mul	a2,a2,a1
   14194:	02b738b3          	mulhu	a7,a4,a1
   14198:	00760633          	add	a2,a2,t2
   1419c:	02b707b3          	mul	a5,a4,a1
   141a0:	01160633          	add	a2,a2,a7
   141a4:	01f61713          	sll	a4,a2,0x1f
   141a8:	00165613          	srl	a2,a2,0x1
   141ac:	0017d793          	srl	a5,a5,0x1
   141b0:	00f76733          	or	a4,a4,a5
   141b4:	ccccd7b7          	lui	a5,0xccccd
   141b8:	ccc78f13          	add	t5,a5,-820 # cccccccc <_stack_top+0xacbccccc>
   141bc:	bc5ff06f          	j	13d80 <_svfiprintf_r+0xbd4>
   141c0:	200df713          	and	a4,s11,512
   141c4:	0a071463          	bnez	a4,1426c <_svfiprintf_r+0x10c0>
   141c8:	00000613          	li	a2,0
   141cc:	e8dff06f          	j	14058 <_svfiprintf_r+0xeac>
   141d0:	00070d93          	mv	s11,a4
   141d4:	00000713          	li	a4,0
   141d8:	e8070663          	beqz	a4,13864 <_svfiprintf_r+0x6b8>
   141dc:	aedff06f          	j	13cc8 <_svfiprintf_r+0xb1c>
   141e0:	0019c783          	lbu	a5,1(s3)
   141e4:	200ded93          	or	s11,s11,512
   141e8:	00198993          	add	s3,s3,1
   141ec:	8e4ff06f          	j	132d0 <_svfiprintf_r+0x124>
   141f0:	0019c783          	lbu	a5,1(s3)
   141f4:	020ded93          	or	s11,s11,32
   141f8:	00198993          	add	s3,s3,1
   141fc:	8d4ff06f          	j	132d0 <_svfiprintf_r+0x124>
   14200:	00082783          	lw	a5,0(a6)
   14204:	00480813          	add	a6,a6,4
   14208:	0197a023          	sw	s9,0(a5)
   1420c:	84cff06f          	j	13258 <_svfiprintf_r+0xac>
   14210:	00600793          	li	a5,6
   14214:	00090e93          	mv	t4,s2
   14218:	0127f463          	bgeu	a5,s2,14220 <_svfiprintf_r+0x1074>
   1421c:	00600e93          	li	t4,6
   14220:	00015a37          	lui	s4,0x15
   14224:	000e8693          	mv	a3,t4
   14228:	274a0a13          	add	s4,s4,628 # 15274 <__clz_tab+0x6f8>
   1422c:	914ff06f          	j	13340 <_svfiprintf_r+0x194>
   14230:	00000793          	li	a5,0
   14234:	00000613          	li	a2,0
   14238:	a91ff06f          	j	13cc8 <_svfiprintf_r+0xb1c>
   1423c:	200ef713          	and	a4,t4,512
   14240:	da0704e3          	beqz	a4,13fe8 <_svfiprintf_r+0xe3c>
   14244:	0ff7f793          	zext.b	a5,a5
   14248:	00000893          	li	a7,0
   1424c:	ddcff06f          	j	13828 <_svfiprintf_r+0x67c>
   14250:	00900593          	li	a1,9
   14254:	b2f5e6e3          	bltu	a1,a5,13d80 <_svfiprintf_r+0xbd4>
   14258:	ba9ff06f          	j	13e00 <_svfiprintf_r+0xc54>
   1425c:	00082783          	lw	a5,0(a6)
   14260:	00480813          	add	a6,a6,4
   14264:	01979023          	sh	s9,0(a5)
   14268:	ff1fe06f          	j	13258 <_svfiprintf_r+0xac>
   1426c:	0ff7f793          	zext.b	a5,a5
   14270:	00000613          	li	a2,0
   14274:	de5ff06f          	j	14058 <_svfiprintf_r+0xeac>
   14278:	0ff7f793          	zext.b	a5,a5
   1427c:	00000613          	li	a2,0
   14280:	ec8ff06f          	j	13948 <_svfiprintf_r+0x79c>
   14284:	01879793          	sll	a5,a5,0x18
   14288:	4187d793          	sra	a5,a5,0x18
   1428c:	41f7d893          	sra	a7,a5,0x1f
   14290:	00088713          	mv	a4,a7
   14294:	9fcff06f          	j	13490 <_svfiprintf_r+0x2e4>
   14298:	03000793          	li	a5,48
   1429c:	c54ff06f          	j	136f0 <_svfiprintf_r+0x544>
   142a0:	00090693          	mv	a3,s2
   142a4:	00090e93          	mv	t4,s2
   142a8:	00000913          	li	s2,0
   142ac:	d4cff06f          	j	137f8 <_svfiprintf_r+0x64c>
   142b0:	00c00793          	li	a5,12
   142b4:	00fca023          	sw	a5,0(s9)
   142b8:	fff00d93          	li	s11,-1
   142bc:	a58ff06f          	j	13514 <_svfiprintf_r+0x368>
   142c0:	00082903          	lw	s2,0(a6)
   142c4:	00480813          	add	a6,a6,4
   142c8:	00095463          	bgez	s2,142d0 <_svfiprintf_r+0x1124>
   142cc:	fff00913          	li	s2,-1
   142d0:	0019c783          	lbu	a5,1(s3)
   142d4:	00070993          	mv	s3,a4
   142d8:	ff9fe06f          	j	132d0 <_svfiprintf_r+0x124>

000142dc <__swbuf_r>:
   142dc:	fe010113          	add	sp,sp,-32
   142e0:	00812c23          	sw	s0,24(sp)
   142e4:	00912a23          	sw	s1,20(sp)
   142e8:	01212823          	sw	s2,16(sp)
   142ec:	00112e23          	sw	ra,28(sp)
   142f0:	01312623          	sw	s3,12(sp)
   142f4:	00050913          	mv	s2,a0
   142f8:	00058493          	mv	s1,a1
   142fc:	00060413          	mv	s0,a2
   14300:	00050663          	beqz	a0,1430c <__swbuf_r+0x30>
   14304:	03852783          	lw	a5,56(a0)
   14308:	14078063          	beqz	a5,14448 <__swbuf_r+0x16c>
   1430c:	01842783          	lw	a5,24(s0)
   14310:	00c41703          	lh	a4,12(s0)
   14314:	00f42423          	sw	a5,8(s0)
   14318:	00877793          	and	a5,a4,8
   1431c:	08078263          	beqz	a5,143a0 <__swbuf_r+0xc4>
   14320:	01042783          	lw	a5,16(s0)
   14324:	06078e63          	beqz	a5,143a0 <__swbuf_r+0xc4>
   14328:	01271693          	sll	a3,a4,0x12
   1432c:	0ff4f993          	zext.b	s3,s1
   14330:	0ff4f493          	zext.b	s1,s1
   14334:	0806da63          	bgez	a3,143c8 <__swbuf_r+0xec>
   14338:	00042703          	lw	a4,0(s0)
   1433c:	01442683          	lw	a3,20(s0)
   14340:	40f707b3          	sub	a5,a4,a5
   14344:	0ad7da63          	bge	a5,a3,143f8 <__swbuf_r+0x11c>
   14348:	00842683          	lw	a3,8(s0)
   1434c:	00170613          	add	a2,a4,1
   14350:	00c42023          	sw	a2,0(s0)
   14354:	fff68693          	add	a3,a3,-1
   14358:	00d42423          	sw	a3,8(s0)
   1435c:	01370023          	sb	s3,0(a4)
   14360:	01442703          	lw	a4,20(s0)
   14364:	00178793          	add	a5,a5,1
   14368:	0cf70463          	beq	a4,a5,14430 <__swbuf_r+0x154>
   1436c:	00c45783          	lhu	a5,12(s0)
   14370:	0017f793          	and	a5,a5,1
   14374:	00078663          	beqz	a5,14380 <__swbuf_r+0xa4>
   14378:	00a00793          	li	a5,10
   1437c:	0af48a63          	beq	s1,a5,14430 <__swbuf_r+0x154>
   14380:	01c12083          	lw	ra,28(sp)
   14384:	01812403          	lw	s0,24(sp)
   14388:	01012903          	lw	s2,16(sp)
   1438c:	00c12983          	lw	s3,12(sp)
   14390:	00048513          	mv	a0,s1
   14394:	01412483          	lw	s1,20(sp)
   14398:	02010113          	add	sp,sp,32
   1439c:	00008067          	ret
   143a0:	00040593          	mv	a1,s0
   143a4:	00090513          	mv	a0,s2
   143a8:	b48f40ef          	jal	86f0 <__swsetup_r>
   143ac:	08051a63          	bnez	a0,14440 <__swbuf_r+0x164>
   143b0:	00c41703          	lh	a4,12(s0)
   143b4:	0ff4f993          	zext.b	s3,s1
   143b8:	01042783          	lw	a5,16(s0)
   143bc:	01271693          	sll	a3,a4,0x12
   143c0:	0ff4f493          	zext.b	s1,s1
   143c4:	f606cae3          	bltz	a3,14338 <__swbuf_r+0x5c>
   143c8:	06442683          	lw	a3,100(s0)
   143cc:	00002637          	lui	a2,0x2
   143d0:	00c76733          	or	a4,a4,a2
   143d4:	ffffe637          	lui	a2,0xffffe
   143d8:	fff60613          	add	a2,a2,-1 # ffffdfff <_stack_top+0xdfefdfff>
   143dc:	00c6f6b3          	and	a3,a3,a2
   143e0:	00e41623          	sh	a4,12(s0)
   143e4:	00042703          	lw	a4,0(s0)
   143e8:	06d42223          	sw	a3,100(s0)
   143ec:	01442683          	lw	a3,20(s0)
   143f0:	40f707b3          	sub	a5,a4,a5
   143f4:	f4d7cae3          	blt	a5,a3,14348 <__swbuf_r+0x6c>
   143f8:	00040593          	mv	a1,s0
   143fc:	00090513          	mv	a0,s2
   14400:	e7cf40ef          	jal	8a7c <_fflush_r>
   14404:	02051e63          	bnez	a0,14440 <__swbuf_r+0x164>
   14408:	00042703          	lw	a4,0(s0)
   1440c:	00842683          	lw	a3,8(s0)
   14410:	00100793          	li	a5,1
   14414:	00170613          	add	a2,a4,1
   14418:	fff68693          	add	a3,a3,-1
   1441c:	00c42023          	sw	a2,0(s0)
   14420:	00d42423          	sw	a3,8(s0)
   14424:	01370023          	sb	s3,0(a4)
   14428:	01442703          	lw	a4,20(s0)
   1442c:	f4f710e3          	bne	a4,a5,1436c <__swbuf_r+0x90>
   14430:	00040593          	mv	a1,s0
   14434:	00090513          	mv	a0,s2
   14438:	e44f40ef          	jal	8a7c <_fflush_r>
   1443c:	f40502e3          	beqz	a0,14380 <__swbuf_r+0xa4>
   14440:	fff00493          	li	s1,-1
   14444:	f3dff06f          	j	14380 <__swbuf_r+0xa4>
   14448:	a65f40ef          	jal	8eac <__sinit>
   1444c:	ec1ff06f          	j	1430c <__swbuf_r+0x30>

00014450 <__swbuf>:
   14450:	00050793          	mv	a5,a0
   14454:	1a41a503          	lw	a0,420(gp) # 200009a4 <_impure_ptr>
   14458:	00058613          	mv	a2,a1
   1445c:	00078593          	mv	a1,a5
   14460:	e7dff06f          	j	142dc <__swbuf_r>

00014464 <_wcrtomb_r>:
   14464:	fe010113          	add	sp,sp,-32
   14468:	00812c23          	sw	s0,24(sp)
   1446c:	00912a23          	sw	s1,20(sp)
   14470:	00112e23          	sw	ra,28(sp)
   14474:	1101a783          	lw	a5,272(gp) # 20000910 <__global_locale+0xe0>
   14478:	00050413          	mv	s0,a0
   1447c:	00068493          	mv	s1,a3
   14480:	02058263          	beqz	a1,144a4 <_wcrtomb_r+0x40>
   14484:	000780e7          	jalr	a5
   14488:	fff00793          	li	a5,-1
   1448c:	02f50663          	beq	a0,a5,144b8 <_wcrtomb_r+0x54>
   14490:	01c12083          	lw	ra,28(sp)
   14494:	01812403          	lw	s0,24(sp)
   14498:	01412483          	lw	s1,20(sp)
   1449c:	02010113          	add	sp,sp,32
   144a0:	00008067          	ret
   144a4:	00000613          	li	a2,0
   144a8:	00410593          	add	a1,sp,4
   144ac:	000780e7          	jalr	a5
   144b0:	fff00793          	li	a5,-1
   144b4:	fcf51ee3          	bne	a0,a5,14490 <_wcrtomb_r+0x2c>
   144b8:	0004a023          	sw	zero,0(s1)
   144bc:	08a00793          	li	a5,138
   144c0:	01c12083          	lw	ra,28(sp)
   144c4:	00f42023          	sw	a5,0(s0)
   144c8:	01812403          	lw	s0,24(sp)
   144cc:	01412483          	lw	s1,20(sp)
   144d0:	02010113          	add	sp,sp,32
   144d4:	00008067          	ret

000144d8 <wcrtomb>:
   144d8:	fe010113          	add	sp,sp,-32
   144dc:	00812c23          	sw	s0,24(sp)
   144e0:	00912a23          	sw	s1,20(sp)
   144e4:	00112e23          	sw	ra,28(sp)
   144e8:	1a41a483          	lw	s1,420(gp) # 200009a4 <_impure_ptr>
   144ec:	1101a783          	lw	a5,272(gp) # 20000910 <__global_locale+0xe0>
   144f0:	00060413          	mv	s0,a2
   144f4:	02050a63          	beqz	a0,14528 <wcrtomb+0x50>
   144f8:	00058613          	mv	a2,a1
   144fc:	00040693          	mv	a3,s0
   14500:	00050593          	mv	a1,a0
   14504:	00048513          	mv	a0,s1
   14508:	000780e7          	jalr	a5
   1450c:	fff00793          	li	a5,-1
   14510:	02f50a63          	beq	a0,a5,14544 <wcrtomb+0x6c>
   14514:	01c12083          	lw	ra,28(sp)
   14518:	01812403          	lw	s0,24(sp)
   1451c:	01412483          	lw	s1,20(sp)
   14520:	02010113          	add	sp,sp,32
   14524:	00008067          	ret
   14528:	00060693          	mv	a3,a2
   1452c:	00410593          	add	a1,sp,4
   14530:	00000613          	li	a2,0
   14534:	00048513          	mv	a0,s1
   14538:	000780e7          	jalr	a5
   1453c:	fff00793          	li	a5,-1
   14540:	fcf51ae3          	bne	a0,a5,14514 <wcrtomb+0x3c>
   14544:	00042023          	sw	zero,0(s0)
   14548:	01c12083          	lw	ra,28(sp)
   1454c:	01812403          	lw	s0,24(sp)
   14550:	08a00793          	li	a5,138
   14554:	00f4a023          	sw	a5,0(s1)
   14558:	01412483          	lw	s1,20(sp)
   1455c:	02010113          	add	sp,sp,32
   14560:	00008067          	ret

00014564 <abort>:
   14564:	ff010113          	add	sp,sp,-16
   14568:	00600513          	li	a0,6
   1456c:	00112623          	sw	ra,12(sp)
   14570:	29c000ef          	jal	1480c <raise>
   14574:	00100513          	li	a0,1
   14578:	f35eb0ef          	jal	4ac <_exit>

0001457c <_init_signal_r>:
   1457c:	2dc52783          	lw	a5,732(a0)
   14580:	00078663          	beqz	a5,1458c <_init_signal_r+0x10>
   14584:	00000513          	li	a0,0
   14588:	00008067          	ret
   1458c:	ff010113          	add	sp,sp,-16
   14590:	08000593          	li	a1,128
   14594:	00812423          	sw	s0,8(sp)
   14598:	00112623          	sw	ra,12(sp)
   1459c:	00050413          	mv	s0,a0
   145a0:	db9f00ef          	jal	5358 <_malloc_r>
   145a4:	2ca42e23          	sw	a0,732(s0)
   145a8:	02050463          	beqz	a0,145d0 <_init_signal_r+0x54>
   145ac:	08050793          	add	a5,a0,128
   145b0:	00052023          	sw	zero,0(a0)
   145b4:	00450513          	add	a0,a0,4
   145b8:	fef51ce3          	bne	a0,a5,145b0 <_init_signal_r+0x34>
   145bc:	00000513          	li	a0,0
   145c0:	00c12083          	lw	ra,12(sp)
   145c4:	00812403          	lw	s0,8(sp)
   145c8:	01010113          	add	sp,sp,16
   145cc:	00008067          	ret
   145d0:	fff00513          	li	a0,-1
   145d4:	fedff06f          	j	145c0 <_init_signal_r+0x44>

000145d8 <_signal_r>:
   145d8:	fe010113          	add	sp,sp,-32
   145dc:	00912a23          	sw	s1,20(sp)
   145e0:	00112e23          	sw	ra,28(sp)
   145e4:	00812c23          	sw	s0,24(sp)
   145e8:	01f00793          	li	a5,31
   145ec:	00050493          	mv	s1,a0
   145f0:	02b7ea63          	bltu	a5,a1,14624 <_signal_r+0x4c>
   145f4:	2dc52783          	lw	a5,732(a0)
   145f8:	00058413          	mv	s0,a1
   145fc:	02078c63          	beqz	a5,14634 <_signal_r+0x5c>
   14600:	00241413          	sll	s0,s0,0x2
   14604:	008787b3          	add	a5,a5,s0
   14608:	0007a503          	lw	a0,0(a5)
   1460c:	00c7a023          	sw	a2,0(a5)
   14610:	01c12083          	lw	ra,28(sp)
   14614:	01812403          	lw	s0,24(sp)
   14618:	01412483          	lw	s1,20(sp)
   1461c:	02010113          	add	sp,sp,32
   14620:	00008067          	ret
   14624:	01600793          	li	a5,22
   14628:	00f52023          	sw	a5,0(a0)
   1462c:	fff00513          	li	a0,-1
   14630:	fe1ff06f          	j	14610 <_signal_r+0x38>
   14634:	08000593          	li	a1,128
   14638:	00c12623          	sw	a2,12(sp)
   1463c:	d1df00ef          	jal	5358 <_malloc_r>
   14640:	2ca4ae23          	sw	a0,732(s1)
   14644:	00c12603          	lw	a2,12(sp)
   14648:	00050793          	mv	a5,a0
   1464c:	00050713          	mv	a4,a0
   14650:	08050693          	add	a3,a0,128
   14654:	fc050ce3          	beqz	a0,1462c <_signal_r+0x54>
   14658:	00072023          	sw	zero,0(a4)
   1465c:	00470713          	add	a4,a4,4
   14660:	fed71ce3          	bne	a4,a3,14658 <_signal_r+0x80>
   14664:	f9dff06f          	j	14600 <_signal_r+0x28>

00014668 <_raise_r>:
   14668:	ff010113          	add	sp,sp,-16
   1466c:	00912223          	sw	s1,4(sp)
   14670:	00112623          	sw	ra,12(sp)
   14674:	00812423          	sw	s0,8(sp)
   14678:	01f00793          	li	a5,31
   1467c:	00050493          	mv	s1,a0
   14680:	08b7ee63          	bltu	a5,a1,1471c <_raise_r+0xb4>
   14684:	2dc52783          	lw	a5,732(a0)
   14688:	00058413          	mv	s0,a1
   1468c:	04078463          	beqz	a5,146d4 <_raise_r+0x6c>
   14690:	00259713          	sll	a4,a1,0x2
   14694:	00e787b3          	add	a5,a5,a4
   14698:	0007a703          	lw	a4,0(a5)
   1469c:	02070c63          	beqz	a4,146d4 <_raise_r+0x6c>
   146a0:	00100693          	li	a3,1
   146a4:	00d70c63          	beq	a4,a3,146bc <_raise_r+0x54>
   146a8:	fff00693          	li	a3,-1
   146ac:	04d70863          	beq	a4,a3,146fc <_raise_r+0x94>
   146b0:	0007a023          	sw	zero,0(a5)
   146b4:	00058513          	mv	a0,a1
   146b8:	000700e7          	jalr	a4
   146bc:	00000513          	li	a0,0
   146c0:	00c12083          	lw	ra,12(sp)
   146c4:	00812403          	lw	s0,8(sp)
   146c8:	00412483          	lw	s1,4(sp)
   146cc:	01010113          	add	sp,sp,16
   146d0:	00008067          	ret
   146d4:	00048513          	mv	a0,s1
   146d8:	428000ef          	jal	14b00 <_getpid_r>
   146dc:	00040613          	mv	a2,s0
   146e0:	00812403          	lw	s0,8(sp)
   146e4:	00c12083          	lw	ra,12(sp)
   146e8:	00050593          	mv	a1,a0
   146ec:	00048513          	mv	a0,s1
   146f0:	00412483          	lw	s1,4(sp)
   146f4:	01010113          	add	sp,sp,16
   146f8:	3a00006f          	j	14a98 <_kill_r>
   146fc:	00c12083          	lw	ra,12(sp)
   14700:	00812403          	lw	s0,8(sp)
   14704:	01600793          	li	a5,22
   14708:	00f52023          	sw	a5,0(a0)
   1470c:	00412483          	lw	s1,4(sp)
   14710:	00100513          	li	a0,1
   14714:	01010113          	add	sp,sp,16
   14718:	00008067          	ret
   1471c:	01600793          	li	a5,22
   14720:	00f52023          	sw	a5,0(a0)
   14724:	fff00513          	li	a0,-1
   14728:	f99ff06f          	j	146c0 <_raise_r+0x58>

0001472c <__sigtramp_r>:
   1472c:	01f00793          	li	a5,31
   14730:	0cb7ea63          	bltu	a5,a1,14804 <__sigtramp_r+0xd8>
   14734:	2dc52783          	lw	a5,732(a0)
   14738:	ff010113          	add	sp,sp,-16
   1473c:	00812423          	sw	s0,8(sp)
   14740:	00912223          	sw	s1,4(sp)
   14744:	00112623          	sw	ra,12(sp)
   14748:	00058413          	mv	s0,a1
   1474c:	00050493          	mv	s1,a0
   14750:	08078063          	beqz	a5,147d0 <__sigtramp_r+0xa4>
   14754:	00241713          	sll	a4,s0,0x2
   14758:	00e787b3          	add	a5,a5,a4
   1475c:	0007a703          	lw	a4,0(a5)
   14760:	02070c63          	beqz	a4,14798 <__sigtramp_r+0x6c>
   14764:	fff00693          	li	a3,-1
   14768:	06d70063          	beq	a4,a3,147c8 <__sigtramp_r+0x9c>
   1476c:	00100693          	li	a3,1
   14770:	04d70063          	beq	a4,a3,147b0 <__sigtramp_r+0x84>
   14774:	00040513          	mv	a0,s0
   14778:	0007a023          	sw	zero,0(a5)
   1477c:	000700e7          	jalr	a4
   14780:	00000513          	li	a0,0
   14784:	00c12083          	lw	ra,12(sp)
   14788:	00812403          	lw	s0,8(sp)
   1478c:	00412483          	lw	s1,4(sp)
   14790:	01010113          	add	sp,sp,16
   14794:	00008067          	ret
   14798:	00c12083          	lw	ra,12(sp)
   1479c:	00812403          	lw	s0,8(sp)
   147a0:	00412483          	lw	s1,4(sp)
   147a4:	00100513          	li	a0,1
   147a8:	01010113          	add	sp,sp,16
   147ac:	00008067          	ret
   147b0:	00c12083          	lw	ra,12(sp)
   147b4:	00812403          	lw	s0,8(sp)
   147b8:	00412483          	lw	s1,4(sp)
   147bc:	00300513          	li	a0,3
   147c0:	01010113          	add	sp,sp,16
   147c4:	00008067          	ret
   147c8:	00200513          	li	a0,2
   147cc:	fb9ff06f          	j	14784 <__sigtramp_r+0x58>
   147d0:	08000593          	li	a1,128
   147d4:	b85f00ef          	jal	5358 <_malloc_r>
   147d8:	2ca4ae23          	sw	a0,732(s1)
   147dc:	00050793          	mv	a5,a0
   147e0:	00050e63          	beqz	a0,147fc <__sigtramp_r+0xd0>
   147e4:	00050713          	mv	a4,a0
   147e8:	08050693          	add	a3,a0,128
   147ec:	00072023          	sw	zero,0(a4)
   147f0:	00470713          	add	a4,a4,4
   147f4:	fee69ce3          	bne	a3,a4,147ec <__sigtramp_r+0xc0>
   147f8:	f5dff06f          	j	14754 <__sigtramp_r+0x28>
   147fc:	fff00513          	li	a0,-1
   14800:	f85ff06f          	j	14784 <__sigtramp_r+0x58>
   14804:	fff00513          	li	a0,-1
   14808:	00008067          	ret

0001480c <raise>:
   1480c:	ff010113          	add	sp,sp,-16
   14810:	00912223          	sw	s1,4(sp)
   14814:	00112623          	sw	ra,12(sp)
   14818:	00812423          	sw	s0,8(sp)
   1481c:	01f00793          	li	a5,31
   14820:	1a41a483          	lw	s1,420(gp) # 200009a4 <_impure_ptr>
   14824:	08a7ec63          	bltu	a5,a0,148bc <raise+0xb0>
   14828:	2dc4a783          	lw	a5,732(s1)
   1482c:	00050413          	mv	s0,a0
   14830:	04078263          	beqz	a5,14874 <raise+0x68>
   14834:	00251713          	sll	a4,a0,0x2
   14838:	00e787b3          	add	a5,a5,a4
   1483c:	0007a703          	lw	a4,0(a5)
   14840:	02070a63          	beqz	a4,14874 <raise+0x68>
   14844:	00100693          	li	a3,1
   14848:	00d70a63          	beq	a4,a3,1485c <raise+0x50>
   1484c:	fff00693          	li	a3,-1
   14850:	04d70663          	beq	a4,a3,1489c <raise+0x90>
   14854:	0007a023          	sw	zero,0(a5)
   14858:	000700e7          	jalr	a4
   1485c:	00000513          	li	a0,0
   14860:	00c12083          	lw	ra,12(sp)
   14864:	00812403          	lw	s0,8(sp)
   14868:	00412483          	lw	s1,4(sp)
   1486c:	01010113          	add	sp,sp,16
   14870:	00008067          	ret
   14874:	00048513          	mv	a0,s1
   14878:	288000ef          	jal	14b00 <_getpid_r>
   1487c:	00040613          	mv	a2,s0
   14880:	00812403          	lw	s0,8(sp)
   14884:	00c12083          	lw	ra,12(sp)
   14888:	00050593          	mv	a1,a0
   1488c:	00048513          	mv	a0,s1
   14890:	00412483          	lw	s1,4(sp)
   14894:	01010113          	add	sp,sp,16
   14898:	2000006f          	j	14a98 <_kill_r>
   1489c:	00c12083          	lw	ra,12(sp)
   148a0:	00812403          	lw	s0,8(sp)
   148a4:	01600793          	li	a5,22
   148a8:	00f4a023          	sw	a5,0(s1)
   148ac:	00100513          	li	a0,1
   148b0:	00412483          	lw	s1,4(sp)
   148b4:	01010113          	add	sp,sp,16
   148b8:	00008067          	ret
   148bc:	01600793          	li	a5,22
   148c0:	00f4a023          	sw	a5,0(s1)
   148c4:	fff00513          	li	a0,-1
   148c8:	f99ff06f          	j	14860 <raise+0x54>

000148cc <signal>:
   148cc:	ff010113          	add	sp,sp,-16
   148d0:	01212023          	sw	s2,0(sp)
   148d4:	00112623          	sw	ra,12(sp)
   148d8:	00812423          	sw	s0,8(sp)
   148dc:	00912223          	sw	s1,4(sp)
   148e0:	01f00793          	li	a5,31
   148e4:	1a41a903          	lw	s2,420(gp) # 200009a4 <_impure_ptr>
   148e8:	02a7ee63          	bltu	a5,a0,14924 <signal+0x58>
   148ec:	00050413          	mv	s0,a0
   148f0:	2dc92503          	lw	a0,732(s2)
   148f4:	00058493          	mv	s1,a1
   148f8:	02050e63          	beqz	a0,14934 <signal+0x68>
   148fc:	00241413          	sll	s0,s0,0x2
   14900:	008507b3          	add	a5,a0,s0
   14904:	0007a503          	lw	a0,0(a5)
   14908:	0097a023          	sw	s1,0(a5)
   1490c:	00c12083          	lw	ra,12(sp)
   14910:	00812403          	lw	s0,8(sp)
   14914:	00412483          	lw	s1,4(sp)
   14918:	00012903          	lw	s2,0(sp)
   1491c:	01010113          	add	sp,sp,16
   14920:	00008067          	ret
   14924:	01600793          	li	a5,22
   14928:	00f92023          	sw	a5,0(s2)
   1492c:	fff00513          	li	a0,-1
   14930:	fddff06f          	j	1490c <signal+0x40>
   14934:	08000593          	li	a1,128
   14938:	00090513          	mv	a0,s2
   1493c:	a1df00ef          	jal	5358 <_malloc_r>
   14940:	2ca92e23          	sw	a0,732(s2)
   14944:	00050793          	mv	a5,a0
   14948:	08050713          	add	a4,a0,128
   1494c:	fe0500e3          	beqz	a0,1492c <signal+0x60>
   14950:	0007a023          	sw	zero,0(a5)
   14954:	00478793          	add	a5,a5,4
   14958:	fee79ce3          	bne	a5,a4,14950 <signal+0x84>
   1495c:	fa1ff06f          	j	148fc <signal+0x30>

00014960 <_init_signal>:
   14960:	ff010113          	add	sp,sp,-16
   14964:	00812423          	sw	s0,8(sp)
   14968:	1a41a403          	lw	s0,420(gp) # 200009a4 <_impure_ptr>
   1496c:	00112623          	sw	ra,12(sp)
   14970:	2dc42783          	lw	a5,732(s0)
   14974:	00078c63          	beqz	a5,1498c <_init_signal+0x2c>
   14978:	00000513          	li	a0,0
   1497c:	00c12083          	lw	ra,12(sp)
   14980:	00812403          	lw	s0,8(sp)
   14984:	01010113          	add	sp,sp,16
   14988:	00008067          	ret
   1498c:	08000593          	li	a1,128
   14990:	00040513          	mv	a0,s0
   14994:	9c5f00ef          	jal	5358 <_malloc_r>
   14998:	2ca42e23          	sw	a0,732(s0)
   1499c:	00050c63          	beqz	a0,149b4 <_init_signal+0x54>
   149a0:	08050793          	add	a5,a0,128
   149a4:	00052023          	sw	zero,0(a0)
   149a8:	00450513          	add	a0,a0,4
   149ac:	fef51ce3          	bne	a0,a5,149a4 <_init_signal+0x44>
   149b0:	fc9ff06f          	j	14978 <_init_signal+0x18>
   149b4:	fff00513          	li	a0,-1
   149b8:	fc5ff06f          	j	1497c <_init_signal+0x1c>

000149bc <__sigtramp>:
   149bc:	ff010113          	add	sp,sp,-16
   149c0:	00912223          	sw	s1,4(sp)
   149c4:	00112623          	sw	ra,12(sp)
   149c8:	00812423          	sw	s0,8(sp)
   149cc:	01f00793          	li	a5,31
   149d0:	1a41a483          	lw	s1,420(gp) # 200009a4 <_impure_ptr>
   149d4:	0aa7ee63          	bltu	a5,a0,14a90 <__sigtramp+0xd4>
   149d8:	2dc4a783          	lw	a5,732(s1)
   149dc:	00050413          	mv	s0,a0
   149e0:	08078063          	beqz	a5,14a60 <__sigtramp+0xa4>
   149e4:	00241713          	sll	a4,s0,0x2
   149e8:	00e787b3          	add	a5,a5,a4
   149ec:	0007a703          	lw	a4,0(a5)
   149f0:	02070c63          	beqz	a4,14a28 <__sigtramp+0x6c>
   149f4:	fff00693          	li	a3,-1
   149f8:	06d70063          	beq	a4,a3,14a58 <__sigtramp+0x9c>
   149fc:	00100693          	li	a3,1
   14a00:	04d70063          	beq	a4,a3,14a40 <__sigtramp+0x84>
   14a04:	00040513          	mv	a0,s0
   14a08:	0007a023          	sw	zero,0(a5)
   14a0c:	000700e7          	jalr	a4
   14a10:	00000513          	li	a0,0
   14a14:	00c12083          	lw	ra,12(sp)
   14a18:	00812403          	lw	s0,8(sp)
   14a1c:	00412483          	lw	s1,4(sp)
   14a20:	01010113          	add	sp,sp,16
   14a24:	00008067          	ret
   14a28:	00c12083          	lw	ra,12(sp)
   14a2c:	00812403          	lw	s0,8(sp)
   14a30:	00412483          	lw	s1,4(sp)
   14a34:	00100513          	li	a0,1
   14a38:	01010113          	add	sp,sp,16
   14a3c:	00008067          	ret
   14a40:	00c12083          	lw	ra,12(sp)
   14a44:	00812403          	lw	s0,8(sp)
   14a48:	00412483          	lw	s1,4(sp)
   14a4c:	00300513          	li	a0,3
   14a50:	01010113          	add	sp,sp,16
   14a54:	00008067          	ret
   14a58:	00200513          	li	a0,2
   14a5c:	fb9ff06f          	j	14a14 <__sigtramp+0x58>
   14a60:	08000593          	li	a1,128
   14a64:	00048513          	mv	a0,s1
   14a68:	8f1f00ef          	jal	5358 <_malloc_r>
   14a6c:	2ca4ae23          	sw	a0,732(s1)
   14a70:	00050793          	mv	a5,a0
   14a74:	00050e63          	beqz	a0,14a90 <__sigtramp+0xd4>
   14a78:	00050713          	mv	a4,a0
   14a7c:	08050693          	add	a3,a0,128
   14a80:	00072023          	sw	zero,0(a4)
   14a84:	00470713          	add	a4,a4,4
   14a88:	fee69ce3          	bne	a3,a4,14a80 <__sigtramp+0xc4>
   14a8c:	f59ff06f          	j	149e4 <__sigtramp+0x28>
   14a90:	fff00513          	li	a0,-1
   14a94:	f81ff06f          	j	14a14 <__sigtramp+0x58>

00014a98 <_kill_r>:
   14a98:	ff010113          	add	sp,sp,-16
   14a9c:	00058713          	mv	a4,a1
   14aa0:	00812423          	sw	s0,8(sp)
   14aa4:	00912223          	sw	s1,4(sp)
   14aa8:	00050413          	mv	s0,a0
   14aac:	200034b7          	lui	s1,0x20003
   14ab0:	00060593          	mv	a1,a2
   14ab4:	00070513          	mv	a0,a4
   14ab8:	00112623          	sw	ra,12(sp)
   14abc:	1e04a423          	sw	zero,488(s1) # 200031e8 <errno>
   14ac0:	a21eb0ef          	jal	4e0 <_kill>
   14ac4:	fff00793          	li	a5,-1
   14ac8:	00f50c63          	beq	a0,a5,14ae0 <_kill_r+0x48>
   14acc:	00c12083          	lw	ra,12(sp)
   14ad0:	00812403          	lw	s0,8(sp)
   14ad4:	00412483          	lw	s1,4(sp)
   14ad8:	01010113          	add	sp,sp,16
   14adc:	00008067          	ret
   14ae0:	1e84a783          	lw	a5,488(s1)
   14ae4:	fe0784e3          	beqz	a5,14acc <_kill_r+0x34>
   14ae8:	00c12083          	lw	ra,12(sp)
   14aec:	00f42023          	sw	a5,0(s0)
   14af0:	00812403          	lw	s0,8(sp)
   14af4:	00412483          	lw	s1,4(sp)
   14af8:	01010113          	add	sp,sp,16
   14afc:	00008067          	ret

00014b00 <_getpid_r>:
   14b00:	9e9eb06f          	j	4e8 <_getpid>
   14b04:	0e40                	.2byte	0xe40
   14b06:	0000                	.2byte	0x0
   14b08:	09f0                	.2byte	0x9f0
   14b0a:	0000                	.2byte	0x0
   14b0c:	0d68                	.2byte	0xd68
   14b0e:	0000                	.2byte	0x0
   14b10:	09f0                	.2byte	0x9f0
   14b12:	0000                	.2byte	0x0
   14b14:	0e2c                	.2byte	0xe2c
   14b16:	0000                	.2byte	0x0
   14b18:	09f0                	.2byte	0x9f0
   14b1a:	0000                	.2byte	0x0
   14b1c:	0d68                	.2byte	0xd68
   14b1e:	0000                	.2byte	0x0
   14b20:	0e40                	.2byte	0xe40
   14b22:	0000                	.2byte	0x0
   14b24:	0e40                	.2byte	0xe40
   14b26:	0000                	.2byte	0x0
   14b28:	0e2c                	.2byte	0xe2c
   14b2a:	0000                	.2byte	0x0
   14b2c:	0d68                	.2byte	0xd68
   14b2e:	0000                	.2byte	0x0
   14b30:	09cc                	.2byte	0x9cc
   14b32:	0000                	.2byte	0x0
   14b34:	09cc                	.2byte	0x9cc
   14b36:	0000                	.2byte	0x0
   14b38:	09cc                	.2byte	0x9cc
   14b3a:	0000                	.2byte	0x0
   14b3c:	0e2c                	.2byte	0xe2c
   14b3e:	0000                	.2byte	0x0
   14b40:	4270                	.2byte	0x4270
   14b42:	0000                	.2byte	0x0
   14b44:	40b0                	.2byte	0x40b0
   14b46:	0000                	.2byte	0x0
   14b48:	41f4                	.2byte	0x41f4
   14b4a:	0000                	.2byte	0x0
   14b4c:	40b0                	.2byte	0x40b0
   14b4e:	0000                	.2byte	0x0
   14b50:	4260                	.2byte	0x4260
   14b52:	0000                	.2byte	0x0
   14b54:	40b0                	.2byte	0x40b0
   14b56:	0000                	.2byte	0x0
   14b58:	41f4                	.2byte	0x41f4
   14b5a:	0000                	.2byte	0x0
   14b5c:	4270                	.2byte	0x4270
   14b5e:	0000                	.2byte	0x0
   14b60:	4270                	.2byte	0x4270
   14b62:	0000                	.2byte	0x0
   14b64:	4260                	.2byte	0x4260
   14b66:	0000                	.2byte	0x0
   14b68:	41f4                	.2byte	0x41f4
   14b6a:	0000                	.2byte	0x0
   14b6c:	408c                	.2byte	0x408c
   14b6e:	0000                	.2byte	0x0
   14b70:	408c                	.2byte	0x408c
   14b72:	0000                	.2byte	0x0
   14b74:	408c                	.2byte	0x408c
   14b76:	0000                	.2byte	0x0
   14b78:	4260                	.2byte	0x4260
	...

00014b7c <__clz_tab>:
   14b7c:	0100 0202 0303 0303 0404 0404 0404 0404     ................
   14b8c:	0505 0505 0505 0505 0505 0505 0505 0505     ................
   14b9c:	0606 0606 0606 0606 0606 0606 0606 0606     ................
   14bac:	0606 0606 0606 0606 0606 0606 0606 0606     ................
   14bbc:	0707 0707 0707 0707 0707 0707 0707 0707     ................
   14bcc:	0707 0707 0707 0707 0707 0707 0707 0707     ................
   14bdc:	0707 0707 0707 0707 0707 0707 0707 0707     ................
   14bec:	0707 0707 0707 0707 0707 0707 0707 0707     ................
   14bfc:	0808 0808 0808 0808 0808 0808 0808 0808     ................
   14c0c:	0808 0808 0808 0808 0808 0808 0808 0808     ................
   14c1c:	0808 0808 0808 0808 0808 0808 0808 0808     ................
   14c2c:	0808 0808 0808 0808 0808 0808 0808 0808     ................
   14c3c:	0808 0808 0808 0808 0808 0808 0808 0808     ................
   14c4c:	0808 0808 0808 0808 0808 0808 0808 0808     ................
   14c5c:	0808 0808 0808 0808 0808 0808 0808 0808     ................
   14c6c:	0808 0808 0808 0808 0808 0808 0808 0808     ................
   14c7c:	4844 5952 5453 4e4f 2045 5250 474f 4152     DHRYSTONE PROGRA
   14c8c:	2c4d 5320 4d4f 2045 5453 4952 474e 0000     M, SOME STRING..
   14c9c:	4844 5952 5453 4e4f 2045 5250 474f 4152     DHRYSTONE PROGRA
   14cac:	2c4d 3120 5327 2054 5453 4952 474e 0000     M, 1'ST STRING..
   14cbc:	6844 7972 7473 6e6f 2065 6542 636e 6d68     Dhrystone Benchm
   14ccc:	7261 2c6b 5620 7265 6973 6e6f 3220 312e     ark, Version 2.1
   14cdc:	2820 614c 676e 6175 6567 203a 2943 000a      (Language: C)..
   14cec:	7250 676f 6172 206d 6f63 706d 6c69 6465     Program compiled
   14cfc:	7720 7469 2068 7227 6765 7369 6574 2772      with 'register'
   14d0c:	6120 7474 6972 7562 6574 000a 7250 676f      attribute..Prog
   14d1c:	6172 206d 6f63 706d 6c69 6465 7720 7469     ram compiled wit
   14d2c:	6f68 7475 2720 6572 6967 7473 7265 2027     hout 'register' 
   14d3c:	7461 7274 6269 7475 0a65 0000 7845 6365     attribute...Exec
   14d4c:	7475 6f69 206e 7473 7261 7374 202c 6425     ution starts, %d
   14d5c:	7220 6e75 2073 6874 6f72 6775 2068 6844      runs through Dh
   14d6c:	7972 7473 6e6f 0a65 0000 0000 4844 5952     rystone.....DHRY
   14d7c:	5453 4e4f 2045 5250 474f 4152 2c4d 3220     STONE PROGRAM, 2
   14d8c:	4e27 2044 5453 4952 474e 0000 4844 5952     'ND STRING..DHRY
   14d9c:	5453 4e4f 2045 5250 474f 4152 2c4d 3320     STONE PROGRAM, 3
   14dac:	5227 2044 5453 4952 474e 0000 7845 6365     'RD STRING..Exec
   14dbc:	7475 6f69 206e 6e65 7364 000a 6946 616e     ution ends..Fina
   14dcc:	206c 6176 756c 7365 6f20 2066 6874 2065     l values of the 
   14ddc:	6176 6972 6261 656c 2073 7375 6465 6920     variables used i
   14dec:	206e 6874 2065 6562 636e 6d68 7261 3a6b     n the benchmark:
   14dfc:	000a 0000 6e49 5f74 6c47 626f 203a 2020     ....Int_Glob:   
   14e0c:	2020 2020 2020 2020 2520 0a64 0000 0000              %d.....
   14e1c:	2020 2020 2020 2020 6873 756f 646c 6220             should b
   14e2c:	3a65 2020 2520 0a64 0000 0000 6f42 6c6f     e:   %d.....Bool
   14e3c:	475f 6f6c 3a62 2020 2020 2020 2020 2020     _Glob:          
   14e4c:	2520 0a64 0000 0000 6843 315f 475f 6f6c      %d.....Ch_1_Glo
   14e5c:	3a62 2020 2020 2020 2020 2020 2520 0a63     b:           %c.
   14e6c:	0000 0000 2020 2020 2020 2020 6873 756f     ....        shou
   14e7c:	646c 6220 3a65 2020 2520 0a63 0000 0000     ld be:   %c.....
   14e8c:	6843 325f 475f 6f6c 3a62 2020 2020 2020     Ch_2_Glob:      
   14e9c:	2020 2020 2520 0a63 0000 0000 7241 5f72          %c.....Arr_
   14eac:	5f31 6c47 626f 385b 3a5d 2020 2020 2020     1_Glob[8]:      
   14ebc:	2520 0a64 0000 0000 7241 5f72 5f32 6c47      %d.....Arr_2_Gl
   14ecc:	626f 385b 5b5d 5d37 203a 2020 2520 0a64     ob[8][7]:    %d.
   14edc:	0000 0000 2020 2020 2020 2020 6873 756f     ....        shou
   14eec:	646c 6220 3a65 2020 4e20 6d75 6562 5f72     ld be:   Number_
   14efc:	664f 525f 6e75 2073 202b 3031 000a 0000     Of_Runs + 10....
   14f0c:	7450 5f72 6c47 626f 3e2d 000a 2020 7450     Ptr_Glob->..  Pt
   14f1c:	5f72 6f43 706d 203a 2020 2020 2020 2020     r_Comp:         
   14f2c:	2520 0a64 0000 0000 2020 2020 2020 2020      %d.....        
   14f3c:	6873 756f 646c 6220 3a65 2020 2820 6d69     should be:   (im
   14f4c:	6c70 6d65 6e65 6174 6974 6e6f 642d 7065     plementation-dep
   14f5c:	6e65 6564 746e 0a29 0000 0000 2020 6944     endent).....  Di
   14f6c:	6373 3a72 2020 2020 2020 2020 2020 2020     scr:            
   14f7c:	2520 0a64 0000 0000 2020 6e45 6d75 435f      %d.....  Enum_C
   14f8c:	6d6f 3a70 2020 2020 2020 2020 2520 0a64     omp:         %d.
   14f9c:	0000 0000 2020 6e49 5f74 6f43 706d 203a     ....  Int_Comp: 
   14fac:	2020 2020 2020 2020 2520 0a64 0000 0000              %d.....
   14fbc:	2020 7453 5f72 6f43 706d 203a 2020 2020       Str_Comp:     
   14fcc:	2020 2020 2520 0a73 0000 0000 2020 2020          %s.....    
   14fdc:	2020 2020 6873 756f 646c 6220 3a65 2020         should be:  
   14fec:	4420 5248 5359 4f54 454e 5020 4f52 5247      DHRYSTONE PROGR
   14ffc:	4d41 202c 4f53 454d 5320 5254 4e49 0a47     AM, SOME STRING.
   1500c:	0000 0000 654e 7478 505f 7274 475f 6f6c     ....Next_Ptr_Glo
   1501c:	2d62 0a3e 0000 0000 2020 2020 2020 2020     b->.....        
   1502c:	6873 756f 646c 6220 3a65 2020 2820 6d69     should be:   (im
   1503c:	6c70 6d65 6e65 6174 6974 6e6f 642d 7065     plementation-dep
   1504c:	6e65 6564 746e 2c29 7320 6d61 2065 7361     endent), same as
   1505c:	6120 6f62 6576 000a 6e49 5f74 5f31 6f4c      above..Int_1_Lo
   1506c:	3a63 2020 2020 2020 2020 2020 2520 0a64     c:           %d.
   1507c:	0000 0000 6e49 5f74 5f32 6f4c 3a63 2020     ....Int_2_Loc:  
   1508c:	2020 2020 2020 2020 2520 0a64 0000 0000              %d.....
   1509c:	6e49 5f74 5f33 6f4c 3a63 2020 2020 2020     Int_3_Loc:      
   150ac:	2020 2020 2520 0a64 0000 0000 6e45 6d75          %d.....Enum
   150bc:	4c5f 636f 203a 2020 2020 2020 2020 2020     _Loc:           
   150cc:	2520 0a64 0000 0000 7453 5f72 5f31 6f4c      %d.....Str_1_Lo
   150dc:	3a63 2020 2020 2020 2020 2020 2520 0a73     c:           %s.
   150ec:	0000 0000 2020 2020 2020 2020 6873 756f     ....        shou
   150fc:	646c 6220 3a65 2020 4420 5248 5359 4f54     ld be:   DHRYSTO
   1510c:	454e 5020 4f52 5247 4d41 202c 2731 5453     NE PROGRAM, 1'ST
   1511c:	5320 5254 4e49 0a47 0000 0000 7453 5f72      STRING.....Str_
   1512c:	5f32 6f4c 3a63 2020 2020 2020 2020 2020     2_Loc:          
   1513c:	2520 0a73 0000 0000 2020 2020 2020 2020      %s.....        
   1514c:	6873 756f 646c 6220 3a65 2020 4420 5248     should be:   DHR
   1515c:	5359 4f54 454e 5020 4f52 5247 4d41 202c     YSTONE PROGRAM, 
   1516c:	2732 444e 5320 5254 4e49 0a47 0000 0000     2'ND STRING.....
   1517c:	654d 7361 7275 6465 7420 6d69 2065 6f74     Measured time to
   1518c:	206f 6d73 6c61 206c 6f74 6f20 7462 6961     o small to obtai
   1519c:	206e 656d 6e61 6e69 6667 6c75 7220 7365     n meaningful res
   151ac:	6c75 7374 000a 0000 6c50 6165 6573 6920     ults....Please i
   151bc:	636e 6572 7361 2065 756e 626d 7265 6f20     ncrease number o
   151cc:	2066 7572 736e 000a 694d 7263 736f 6365     f runs..Microsec
   151dc:	6e6f 7364 6620 726f 6f20 656e 7220 6e75     onds for one run
   151ec:	7420 7268 756f 6867 4420 7268 7379 6f74      through Dhrysto
   151fc:	656e 203a 0000 0000 6425 0a20 0000 0000     ne: ....%d .....
   1520c:	6844 7972 7473 6e6f 7365 7020 7265 5320     Dhrystones per S
   1521c:	6365 6e6f 3a64 2020 2020 2020 2020 2020     econd:          
   1522c:	2020 2020 2020 2020 2020 2020 0000 0000                 ....
   1523c:	4e49 0046 6e69 0066 414e 004e 616e 006e     INF.inf.NAN.nan.
   1524c:	3130 3332 3534 3736 3938 6261 6463 6665     0123456789abcdef
   1525c:	0000 0000 3130 3332 3534 3736 3938 4241     ....0123456789AB
   1526c:	4443 4645 0000 0000 6e28 6c75 296c 0000     CDEF....(null)..
   1527c:	0030 0000 66d4 0000 5e94 0000 5e94 0000     0....f...^...^..
   1528c:	66c8 0000 5e94 0000 5e94 0000 5e94 0000     .f...^...^...^..
   1529c:	60a0 0000 5e94 0000 5e94 0000 6638 0000     .`...^...^..8f..
   152ac:	665c 0000 5e94 0000 6650 0000 6678 0000     \f...^..Pf..xf..
   152bc:	5e94 0000 666c 0000 5e60 0000 5e60 0000     .^..lf..`^..`^..
   152cc:	5e60 0000 5e60 0000 5e60 0000 5e60 0000     `^..`^..`^..`^..
   152dc:	5e60 0000 5e60 0000 5e60 0000 5e94 0000     `^..`^..`^...^..
   152ec:	5e94 0000 5e94 0000 5e94 0000 5e94 0000     .^...^...^...^..
   152fc:	5e94 0000 5e94 0000 6210 0000 5e94 0000     .^...^...b...^..
   1530c:	6570 0000 60f0 0000 6210 0000 6210 0000     pe...`...b...b..
   1531c:	6210 0000 5e94 0000 5e94 0000 5e94 0000     .b...^...^...^..
   1532c:	5e94 0000 66ec 0000 5e94 0000 5e94 0000     .^...f...^...^..
   1533c:	6174 0000 5e94 0000 5e94 0000 5e94 0000     ta...^...^...^..
   1534c:	6598 0000 5e94 0000 66f8 0000 5e94 0000     .e...^...f...^..
   1535c:	5e94 0000 70b8 0000 5e94 0000 5e94 0000     .^...p...^...^..
   1536c:	5e94 0000 5e94 0000 5e94 0000 5e94 0000     .^...^...^...^..
   1537c:	5e94 0000 5e94 0000 6210 0000 5e94 0000     .^...^...b...^..
   1538c:	6570 0000 60f4 0000 6210 0000 6210 0000     pe...`...b...b..
   1539c:	6210 0000 6778 0000 60f4 0000 60e4 0000     .b..xg...`...`..
   153ac:	5e94 0000 6764 0000 5e94 0000 678c 0000     .^..dg...^...g..
   153bc:	6178 0000 6728 0000 60e4 0000 5e94 0000     xa..(g...`...^..
   153cc:	6598 0000 60dc 0000 70b0 0000 5e94 0000     .e...`...p...^..
   153dc:	5e94 0000 7124 0000 5e94 0000 60dc 0000     .^..$q...^...`..
   153ec:	7fd4 0000 78d8 0000 78d8 0000 78d8 0000     .....x...x...x..
   153fc:	7fbc 0000 7fc8 0000 78d8 0000 78d8 0000     .........x...x..
   1540c:	78d8 0000 78d8 0000 78d8 0000 78d8 0000     .x...x...x...x..
   1541c:	78d8 0000 78d8 0000 78d8 0000 78d8 0000     .x...x...x...x..
   1542c:	78d8 0000 78d8 0000 78d8 0000 78d8 0000     .x...x...x...x..
   1543c:	78d8 0000 78d8 0000 78d8 0000 78d8 0000     .x...x...x...x..
   1544c:	78d8 0000 78d8 0000 78d8 0000 78d8 0000     .x...x...x...x..
   1545c:	78d8 0000 78d8 0000 78d8 0000 78d8 0000     .x...x...x...x..
   1546c:	78d8 0000 78d8 0000 78d8 0000 78d8 0000     .x...x...x...x..
   1547c:	7fbc 0000 7fc8 0000                         ........

00015484 <zeroes.0>:
   15484:	3030 3030 3030 3030 3030 3030 3030 3030     0000000000000000

00015494 <blanks.1>:
   15494:	2020 2020 2020 2020 2020 2020 2020 2020                     
   154a4:	2d20 6e49 6966 696e 7974 0020 4920 666e      -Infinity . Inf
   154b4:	6e69 7469 2079 0000 614e 004e 2545 0064     inity ..NaN.E%d.
   154c4:	6142 6c6c 636f 7320 6375 6563 6465 6465     Balloc succeeded
   154d4:	0000 0000 632f 6968 7370 722f 7369 7663     ..../chips/riscv
   154e4:	672d 756e 742d 6f6f 636c 6168 6e69 6e2f     -gnu-toolchain/n
   154f4:	7765 696c 2f62 656e 6c77 6269 6c2f 6269     ewlib/newlib/lib
   15504:	2f63 7473 6c64 6269 6c2f 7464 616f 632e     c/stdlib/ldtoa.c
   15514:	0000 0000 4e20 4e61 0020 0000               .... NaN ...

00015520 <bmask>:
   15520:	ffff fffe fffc fff8 fff0 ffe0 ffc0 ff80     ................
   15530:	ff00 fe00 fc00 f800 f000 e000 c000 8000     ................
   15540:	0000 0000                                   ....

00015544 <emtens>:
   15544:	2030 cffc a1c3 8123 2de3 9fde d2ce 04c8     0 ....#..-......
   15554:	a6dd 0ad8 8264 d2cb f2ea 12d4 4925 2de4     ....d.......%I.-
   15564:	3436 534f ceae 256b f53f f698 6bd3 0158     64OS..k%?....kX.
   15574:	87a6 c0bd da57 82a5 a2a6 32b5 e731 04d4     ....W......21...
   15584:	e3f2 d332 7132 d21c db23 ee32 9049 395a     ..2.2q..#.2.I.Z9
   15594:	a23e 5308 fefb 1155 fa91 1939 637a 4325     >..S..U...9.zc%C
   155a4:	c031 3cac e26d dbde d05d b3f6 ac7c e4a0     1..<m...]...|...
   155b4:	64bc 467c ddd0 3e55 2a20 6224 47b3 98d7     .d|F..U> *$b.G..
   155c4:	3f23 e9a5 a539 ea27 a87f 3f2a 0b5b 4af2     #?..9.'...*?[..J
   155d4:	a581 18ed 67de 94ba 4539 1ead cfb1 3f94     .....g..9E.....?
   155e4:	bf71 a9b3 7989 be68 4c2e e15b c44d 94be     q....yh..L[.M...
   155f4:	e695 3fc9 3d4d 7c3d 36ba 0d2b fdc2 cefc     ...?M==|.6+.....
   15604:	8461 7711 abcc 3fe4 c155 a4a8 404e 6113     a..w...?U...N@.a
   15614:	d3c3 652b e219 1758 d1b7 3ff1 d70a 70a3     ..+e..X....?...p
   15624:	0a3d a3d7 3d70 d70a 70a3 0a3d a3d7 3ff8     =...p=...p=....?
   15634:	cccd cccc cccc cccc cccc cccc cccc cccc     ................
   15644:	cccc 3ffb                                   ...?

00015648 <etens>:
   15648:	6576 4a92 804a 153f c94c 979a 8a20 5202     ve.JJ.?.L... ..R
   15658:	c460 7525 6a32 ce52 329a 28ce a74d 5de4     `.%u2jR..2.(M..]
   15668:	c53d 3b5d 9e8b 5a92 526c 50ce f18b 3d28     =.];...ZlR.P..(=
   15678:	650d 0c17 8175 7586 c976 4d48 9c66 58f8     .e..u..uv.HMf..X
   15688:	bc50 5c54 cc65 91c6 a60e a0ae e319 46a3     P.T\e..........F
   15698:	851e eab7 98fe 901b ddbb de8d 9df9 ebfb     ................
   156a8:	aa7e 4351 0235 0137 36b1 336c c66f 8cdf     ~.QC5.7..6l3o...
   156b8:	80e9 47c9 93ba 41a8 50f8 25fb c76b 6b71     ...G...A.P.%k.qk
   156c8:	3cbf a6d5 ffcf 1f49 c278 40d3 0000 0000     .<....I.x..@....
   156d8:	0000 0000 f020 b59d 2b70 ada8 9dc5 4069     .... ...p+....i@
	...
   156f4:	0400 c9bf 8e1b 4034 0000 0000 0000 0000     ......4@........
   15704:	0000 0000 0000 2000 bebc 4019 0000 0000     ....... ...@....
	...
   15720:	9c40 400c 0000 0000 0000 0000 0000 0000     @..@............
   15730:	0000 0000 c800 4005 0000 0000 0000 0000     .......@........
	...
   15748:	a000 4002                                   ...@

0001574c <eone>:
	...
   1575c:	8000 3fff                                   ...?

00015760 <ezero>:
	...
   15774:	0043 0000 4f50 4953 0058 0000 002e 0000     C...POSIX.......
   15784:	632f 6968 7370 722f 7369 7663 672d 756e     /chips/riscv-gnu
   15794:	742d 6f6f 636c 6168 6e69 6e2f 7765 696c     -toolchain/newli
   157a4:	2f62 656e 6c77 6269 6c2f 6269 2f63 7473     b/newlib/libc/st
   157b4:	6c64 6269 6d2f 7270 6365 632e 0000 0000     dlib/mprec.c....

000157c4 <p05.0>:
   157c4:	0005 0000 0019 0000 007d 0000               ........}...

000157d0 <__mprec_tinytens>:
   157d0:	89bc 97d8 d2b2 3c9c a733 d5a8 f623 3949     .......<3...#.I9
   157e0:	a73d 44f4 0ffd 32a5 979d cf8c ba08 255b     =..D...2......[%
   157f0:	6f43 64ac 0628 0ac8                         Co.d(...

000157f8 <__mprec_bigtens>:
   157f8:	8000 37e0 c379 4341 6e17 b505 b8b5 4693     ...7y.AC.n.....F
   15808:	f9f5 e93f 4f03 4d38 1d32 f930 7748 5a82     ..?..O8M2.0.Hw.Z
   15818:	bf3c 7f73 4fdd 7515                         <.s..O.u

00015820 <__mprec_tens>:
   15820:	0000 0000 0000 3ff0 0000 0000 0000 4024     .......?......$@
   15830:	0000 0000 0000 4059 0000 0000 4000 408f     ......Y@.....@.@
   15840:	0000 0000 8800 40c3 0000 0000 6a00 40f8     .......@.....j.@
   15850:	0000 0000 8480 412e 0000 0000 12d0 4163     .......A......cA
   15860:	0000 0000 d784 4197 0000 0000 cd65 41cd     .......A....e..A
   15870:	0000 2000 a05f 4202 0000 e800 4876 4237     ... _..B....vH7B
   15880:	0000 a200 1a94 426d 0000 e540 309c 42a2     ......mB..@..0.B
   15890:	0000 1e90 bcc4 42d6 0000 2634 6bf5 430c     .......B..4&.k.C
   158a0:	8000 37e0 c379 4341 a000 85d8 3457 4376     ...7y.AC....W4vC
   158b0:	c800 674e c16d 43ab 3d00 6091 58e4 43e1     ..Ngm..C.=.`.X.C
   158c0:	8c40 78b5 af1d 4415 ef50 d6e2 1ae4 444b     @..x...DP.....KD
   158d0:	d592 064d f0cf 4480 4af6 c7e1 2d02 44b5     ..M....D.J...-.D
   158e0:	9db4 79d9 7843 44ea e720 0000 df50 0000     ...yCx.D ...P...
   158f0:	df50 0000 e714 0000 df50 0000 df50 0000     P.......P...P...
   15900:	df50 0000 e104 0000 df50 0000 df50 0000     P.......P...P...
   15910:	e684 0000 e6a8 0000 df50 0000 e69c 0000     ........P.......
   15920:	e6c4 0000 df50 0000 e6b8 0000 df1c 0000     ....P...........
   15930:	df1c 0000 df1c 0000 df1c 0000 df1c 0000     ................
   15940:	df1c 0000 df1c 0000 df1c 0000 df1c 0000     ................
   15950:	df50 0000 df50 0000 df50 0000 df50 0000     P...P...P...P...
   15960:	df50 0000 df50 0000 df50 0000 e290 0000     P...P...P.......
   15970:	df50 0000 e65c 0000 e154 0000 e290 0000     P...\...T.......
   15980:	e290 0000 e290 0000 df50 0000 df50 0000     ........P...P...
   15990:	df50 0000 df50 0000 e768 0000 df50 0000     P...P...h...P...
   159a0:	df50 0000 e1f4 0000 df50 0000 df50 0000     P.......P...P...
   159b0:	df50 0000 e5e0 0000 df50 0000 e738 0000     P.......P...8...
   159c0:	df50 0000 df50 0000 f15c 0000 df50 0000     P...P...\...P...
   159d0:	df50 0000 df50 0000 df50 0000 df50 0000     P...P...P...P...
   159e0:	df50 0000 df50 0000 df50 0000 e290 0000     P...P...P.......
   159f0:	df50 0000 e65c 0000 e158 0000 e290 0000     P...\...X.......
   15a00:	e290 0000 e290 0000 e7f8 0000 e158 0000     ............X...
   15a10:	e148 0000 df50 0000 e7e4 0000 df50 0000     H...P.......P...
   15a20:	e7b0 0000 e1f8 0000 e774 0000 e148 0000     ........t...H...
   15a30:	df50 0000 e5e0 0000 e140 0000 f1b8 0000     P.......@.......
   15a40:	df50 0000 df50 0000 f200 0000 df50 0000     P...P.......P...
   15a50:	e140 0000 fd60 0000 fa38 0000 fa38 0000     @...`...8...8...
   15a60:	fa38 0000 fd48 0000 fd54 0000 fa38 0000     8...H...T...8...
   15a70:	fa38 0000 fa38 0000 fa38 0000 fa38 0000     8...8...8...8...
   15a80:	fa38 0000 fa38 0000 fa38 0000 fa38 0000     8...8...8...8...
   15a90:	fa38 0000 fa38 0000 fa38 0000 fa38 0000     8...8...8...8...
   15aa0:	fa38 0000 fa38 0000 fa38 0000 fa38 0000     8...8...8...8...
   15ab0:	fa38 0000 fa38 0000 fa38 0000 fa38 0000     8...8...8...8...
   15ac0:	fa38 0000 fa38 0000 fa38 0000 fa38 0000     8...8...8...8...
   15ad0:	fa38 0000 fa38 0000 fa38 0000 fa38 0000     8...8...8...8...
   15ae0:	fa38 0000 fd48 0000 fd54 0000               8...H...T...

00015aec <zeroes.0>:
   15aec:	3030 3030 3030 3030 3030 3030 3030 3030     0000000000000000

00015afc <blanks.1>:
   15afc:	2020 2020 2020 2020 2020 2020 2020 2020                     
   15b0c:	0f78 0001 0a70 0001 0a70 0001 0f6c 0001     x...p...p...l...
   15b1c:	0a70 0001 0a70 0001 0a70 0001 0f10 0001     p...p...p.......
   15b2c:	0a70 0001 0a70 0001 0c0c 0001 0ea8 0001     p...p...........
   15b3c:	0a70 0001 0e9c 0001 0ec4 0001 0a70 0001     p...........p...
   15b4c:	0eb8 0001 0a3c 0001 0a3c 0001 0a3c 0001     ....<...<...<...
   15b5c:	0a3c 0001 0a3c 0001 0a3c 0001 0a3c 0001     <...<...<...<...
   15b6c:	0a3c 0001 0a3c 0001 0a70 0001 0a70 0001     <...<...p...p...
   15b7c:	0a70 0001 0a70 0001 0a70 0001 0a70 0001     p...p...p...p...
   15b8c:	0a70 0001 0a70 0001 0a70 0001 0e64 0001     p...p...p...d...
   15b9c:	0c2c 0001 0a70 0001 0a70 0001 0a70 0001     ,...p...p...p...
   15bac:	0a70 0001 0a70 0001 0a70 0001 0a70 0001     p...p...p...p...
   15bbc:	0a70 0001 0a70 0001 0a70 0001 0f90 0001     p...p...p.......
   15bcc:	0a70 0001 0a70 0001 0a70 0001 0e18 0001     p...p...p.......
   15bdc:	0a70 0001 1010 0001 0a70 0001 0a70 0001     p.......p...p...
   15bec:	1814 0001 0a70 0001 0a70 0001 0a70 0001     ....p...p...p...
   15bfc:	0a70 0001 0a70 0001 0a70 0001 0a70 0001     p...p...p...p...
   15c0c:	0a70 0001 0a70 0001 0a70 0001 0e64 0001     p...p...p...d...
   15c1c:	0c30 0001 0a70 0001 0a70 0001 0a70 0001     0...p...p...p...
   15c2c:	10cc 0001 0c30 0001 0c20 0001 0a70 0001     ....0... ...p...
   15c3c:	0ffc 0001 0a70 0001 1130 0001 1864 0001     ....p...0...d...
   15c4c:	10e0 0001 0c20 0001 0a70 0001 0e18 0001     .... ...p.......
   15c5c:	0c18 0001 180c 0001 0a70 0001 0a70 0001     ........p...p...
   15c6c:	186c 0001 0a70 0001 0c18 0001               l...p.......

00015c78 <zeroes.0>:
   15c78:	3030 3030 3030 3030 3030 3030 3030 3030     0000000000000000

00015c88 <blanks.1>:
   15c88:	2020 2020 2020 2020 2020 2020 2020 2020                     
   15c98:	202c 7566 636e 6974 6e6f 203a 0000 0000     , function: ....
   15ca8:	7361 6573 7472 6f69 206e 2522 2273 6620     assertion "%s" f
   15cb8:	6961 656c 3a64 6620 6c69 2065 2522 2273     ailed: file "%s"
   15cc8:	202c 696c 656e 2520 2564 2573 0a73 0000     , line %d%s%s...

00015cd8 <_ctype_>:
   15cd8:	2000 2020 2020 2020 2020 2828 2828 2028     .         ((((( 
   15ce8:	2020 2020 2020 2020 2020 2020 2020 2020                     
   15cf8:	8820 1010 1010 1010 1010 1010 1010 1010      ...............
   15d08:	0410 0404 0404 0404 0404 1004 1010 1010     ................
   15d18:	1010 4141 4141 4141 0101 0101 0101 0101     ..AAAAAA........
   15d28:	0101 0101 0101 0101 0101 0101 1010 1010     ................
   15d38:	1010 4242 4242 4242 0202 0202 0202 0202     ..BBBBBB........
   15d48:	0202 0202 0202 0202 0202 0202 1010 1010     ................
   15d58:	0020 0000 0000 0000 0000 0000 0000 0000      ...............
	...
   15ddc:	39dc 0001 3328 0001 3328 0001 39d0 0001     .9..(3..(3...9..
   15dec:	3328 0001 3328 0001 3328 0001 3974 0001     (3..(3..(3..t9..
   15dfc:	3328 0001 3328 0001 344c 0001 3a40 0001     (3..(3..L4..@:..
   15e0c:	3328 0001 34c0 0001 39f4 0001 3328 0001     (3...4...9..(3..
   15e1c:	38c4 0001 32f4 0001 32f4 0001 32f4 0001     .8...2...2...2..
   15e2c:	32f4 0001 32f4 0001 32f4 0001 32f4 0001     .2...2...2...2..
   15e3c:	32f4 0001 32f4 0001 3328 0001 3328 0001     .2...2..(3..(3..
   15e4c:	3328 0001 3328 0001 3328 0001 3328 0001     (3..(3..(3..(3..
   15e5c:	3328 0001 3328 0001 3328 0001 3758 0001     (3..(3..(3..X7..
   15e6c:	346c 0001 3328 0001 3328 0001 3328 0001     l4..(3..(3..(3..
   15e7c:	3328 0001 3328 0001 3328 0001 3328 0001     (3..(3..(3..(3..
   15e8c:	3328 0001 3328 0001 3328 0001 3928 0001     (3..(3..(3..(9..
   15e9c:	3328 0001 3328 0001 3328 0001 370c 0001     (3..(3..(3...7..
   15eac:	3328 0001 3808 0001 3328 0001 3328 0001     (3...8..(3..(3..
   15ebc:	4030 0001 3328 0001 3328 0001 3328 0001     0@..(3..(3..(3..
   15ecc:	3328 0001 3328 0001 3328 0001 3328 0001     (3..(3..(3..(3..
   15edc:	3328 0001 3328 0001 3328 0001 3758 0001     (3..(3..(3..X7..
   15eec:	3470 0001 3328 0001 3328 0001 3328 0001     p4..(3..(3..(3..
   15efc:	3914 0001 3470 0001 3460 0001 3328 0001     .9..p4..`4..(3..
   15f0c:	3900 0001 3328 0001 38d0 0001 4028 0001     .9..(3...8..(@..
   15f1c:	378c 0001 3460 0001 3328 0001 370c 0001     .7..`4..(3...7..
   15f2c:	3458 0001 4020 0001 3328 0001 3328 0001     X4.. @..(3..(3..
   15f3c:	4080 0001 3328 0001 3458 0001               .@..(3..X4..

00015f48 <zeroes.0>:
   15f48:	3030 3030 3030 3030 3030 3030 3030 3030     0000000000000000

00015f58 <blanks.1>:
   15f58:	2020 2020 2020 2020 2020 2020 2020 2020                     
   15f68:	2400 4974 0000 41a0                         .$tI...A

00015f70 <_global_impure_ptr>:
   15f70:	0408 2000 0000 0000 0000 0000 0000 3ff0     ... ...........?
   15f80:	0000 0000 0000 4024 0000 0000 0000 4350     ......$@......PC
