
hello.elf:     file format elf32-littleriscv


Disassembly of section .text:

00000000 <_start>:
       0:	20100117          	auipc	sp,0x20100
       4:	00010113          	mv	sp,sp
       8:	20000197          	auipc	gp,0x20000
       c:	7f818193          	add	gp,gp,2040 # 20000800 <__global_pointer$>
      10:	00014517          	auipc	a0,0x14
      14:	6f850513          	add	a0,a0,1784 # 14708 <_sidata>
      18:	20000597          	auipc	a1,0x20000
      1c:	fe858593          	add	a1,a1,-24 # 20000000 <impure_data>
      20:	1a818613          	add	a2,gp,424 # 200009a8 <__malloc_current_mallinfo>
      24:	00c5fc63          	bgeu	a1,a2,3c <_start+0x3c>
      28:	00052283          	lw	t0,0(a0)
      2c:	0055a023          	sw	t0,0(a1)
      30:	00450513          	add	a0,a0,4
      34:	00458593          	add	a1,a1,4
      38:	fec5e8e3          	bltu	a1,a2,28 <_start+0x28>
      3c:	1a818513          	add	a0,gp,424 # 200009a8 <__malloc_current_mallinfo>
      40:	1e818593          	add	a1,gp,488 # 200009e8 <_ebss>
      44:	00b57863          	bgeu	a0,a1,54 <_start+0x54>
      48:	00052023          	sw	zero,0(a0)
      4c:	00450513          	add	a0,a0,4
      50:	feb56ce3          	bltu	a0,a1,48 <_start+0x48>
      54:	094040ef          	jal	40e8 <main>
      58:	0000006f          	j	58 <_start+0x58>

0000005c <uart_init>:
      5c:	300007b7          	lui	a5,0x30000
      60:	00200713          	li	a4,2
      64:	00e7a623          	sw	a4,12(a5) # 3000000c <_stack_top+0xff0000c>
      68:	00300713          	li	a4,3
      6c:	00e7a423          	sw	a4,8(a5)
      70:	00008067          	ret

00000074 <uart_putchar>:
      74:	30000737          	lui	a4,0x30000
      78:	00472783          	lw	a5,4(a4) # 30000004 <_stack_top+0xff00004>
      7c:	0027f793          	and	a5,a5,2
      80:	fe078ce3          	beqz	a5,78 <uart_putchar+0x4>
      84:	00a72023          	sw	a0,0(a4)
      88:	00008067          	ret

0000008c <_write>:
      8c:	00060513          	mv	a0,a2
      90:	02c05463          	blez	a2,b8 <_write+0x2c>
      94:	00c58833          	add	a6,a1,a2
      98:	30000737          	lui	a4,0x30000
      9c:	0005c683          	lbu	a3,0(a1)
      a0:	00472783          	lw	a5,4(a4) # 30000004 <_stack_top+0xff00004>
      a4:	0027f793          	and	a5,a5,2
      a8:	fe078ce3          	beqz	a5,a0 <_write+0x14>
      ac:	00d72023          	sw	a3,0(a4)
      b0:	00158593          	add	a1,a1,1
      b4:	feb814e3          	bne	a6,a1,9c <_write+0x10>
      b8:	00008067          	ret

000000bc <_exit>:
      bc:	0000006f          	j	bc <_exit>

000000c0 <_close>:
      c0:	fff00513          	li	a0,-1
      c4:	00008067          	ret

000000c8 <_fstat>:
      c8:	000027b7          	lui	a5,0x2
      cc:	00f5a223          	sw	a5,4(a1)
      d0:	00000513          	li	a0,0
      d4:	00008067          	ret

000000d8 <_isatty>:
      d8:	00100513          	li	a0,1
      dc:	00008067          	ret

000000e0 <_lseek>:
      e0:	00000513          	li	a0,0
      e4:	00008067          	ret

000000e8 <_read>:
      e8:	00000513          	li	a0,0
      ec:	00008067          	ret

000000f0 <_kill>:
      f0:	fff00513          	li	a0,-1
      f4:	00008067          	ret

000000f8 <_getpid>:
      f8:	00100513          	li	a0,1
      fc:	00008067          	ret

00000100 <_sbrk>:
     100:	1d01a783          	lw	a5,464(gp) # 200009d0 <heap_end>
     104:	00078a63          	beqz	a5,118 <_sbrk+0x18>
     108:	00a78533          	add	a0,a5,a0
     10c:	1ca1a823          	sw	a0,464(gp) # 200009d0 <heap_end>
     110:	00078513          	mv	a0,a5
     114:	00008067          	ret
     118:	1e818793          	add	a5,gp,488 # 200009e8 <_ebss>
     11c:	00a78533          	add	a0,a5,a0
     120:	1ca1a823          	sw	a0,464(gp) # 200009d0 <heap_end>
     124:	00078513          	mv	a0,a5
     128:	00008067          	ret

0000012c <memset>:
     12c:	00f00313          	li	t1,15
     130:	00050713          	mv	a4,a0
     134:	02c37e63          	bgeu	t1,a2,170 <memset+0x44>
     138:	00f77793          	and	a5,a4,15
     13c:	0a079063          	bnez	a5,1dc <memset+0xb0>
     140:	08059263          	bnez	a1,1c4 <memset+0x98>
     144:	ff067693          	and	a3,a2,-16
     148:	00f67613          	and	a2,a2,15
     14c:	00e686b3          	add	a3,a3,a4
     150:	00b72023          	sw	a1,0(a4)
     154:	00b72223          	sw	a1,4(a4)
     158:	00b72423          	sw	a1,8(a4)
     15c:	00b72623          	sw	a1,12(a4)
     160:	01070713          	add	a4,a4,16
     164:	fed766e3          	bltu	a4,a3,150 <memset+0x24>
     168:	00061463          	bnez	a2,170 <memset+0x44>
     16c:	00008067          	ret
     170:	40c306b3          	sub	a3,t1,a2
     174:	00269693          	sll	a3,a3,0x2
     178:	00000297          	auipc	t0,0x0
     17c:	005686b3          	add	a3,a3,t0
     180:	00c68067          	jr	12(a3)
     184:	00b70723          	sb	a1,14(a4)
     188:	00b706a3          	sb	a1,13(a4)
     18c:	00b70623          	sb	a1,12(a4)
     190:	00b705a3          	sb	a1,11(a4)
     194:	00b70523          	sb	a1,10(a4)
     198:	00b704a3          	sb	a1,9(a4)
     19c:	00b70423          	sb	a1,8(a4)
     1a0:	00b703a3          	sb	a1,7(a4)
     1a4:	00b70323          	sb	a1,6(a4)
     1a8:	00b702a3          	sb	a1,5(a4)
     1ac:	00b70223          	sb	a1,4(a4)
     1b0:	00b701a3          	sb	a1,3(a4)
     1b4:	00b70123          	sb	a1,2(a4)
     1b8:	00b700a3          	sb	a1,1(a4)
     1bc:	00b70023          	sb	a1,0(a4)
     1c0:	00008067          	ret
     1c4:	0ff5f593          	zext.b	a1,a1
     1c8:	00859693          	sll	a3,a1,0x8
     1cc:	00d5e5b3          	or	a1,a1,a3
     1d0:	01059693          	sll	a3,a1,0x10
     1d4:	00d5e5b3          	or	a1,a1,a3
     1d8:	f6dff06f          	j	144 <memset+0x18>
     1dc:	00279693          	sll	a3,a5,0x2
     1e0:	00000297          	auipc	t0,0x0
     1e4:	005686b3          	add	a3,a3,t0
     1e8:	00008293          	mv	t0,ra
     1ec:	fa0680e7          	jalr	-96(a3)
     1f0:	00028093          	mv	ra,t0
     1f4:	ff078793          	add	a5,a5,-16 # 1ff0 <__multf3+0xc0c>
     1f8:	40f70733          	sub	a4,a4,a5
     1fc:	00f60633          	add	a2,a2,a5
     200:	f6c378e3          	bgeu	t1,a2,170 <memset+0x44>
     204:	f3dff06f          	j	140 <memset+0x14>

00000208 <strcmp>:
     208:	00b56733          	or	a4,a0,a1
     20c:	fff00393          	li	t2,-1
     210:	00377713          	and	a4,a4,3
     214:	10071063          	bnez	a4,314 <strcmp+0x10c>
     218:	7f7f87b7          	lui	a5,0x7f7f8
     21c:	f7f78793          	add	a5,a5,-129 # 7f7f7f7f <_stack_top+0x5f6f7f7f>
     220:	00052603          	lw	a2,0(a0)
     224:	0005a683          	lw	a3,0(a1)
     228:	00f672b3          	and	t0,a2,a5
     22c:	00f66333          	or	t1,a2,a5
     230:	00f282b3          	add	t0,t0,a5
     234:	0062e2b3          	or	t0,t0,t1
     238:	10729263          	bne	t0,t2,33c <strcmp+0x134>
     23c:	08d61663          	bne	a2,a3,2c8 <strcmp+0xc0>
     240:	00452603          	lw	a2,4(a0)
     244:	0045a683          	lw	a3,4(a1)
     248:	00f672b3          	and	t0,a2,a5
     24c:	00f66333          	or	t1,a2,a5
     250:	00f282b3          	add	t0,t0,a5
     254:	0062e2b3          	or	t0,t0,t1
     258:	0c729e63          	bne	t0,t2,334 <strcmp+0x12c>
     25c:	06d61663          	bne	a2,a3,2c8 <strcmp+0xc0>
     260:	00852603          	lw	a2,8(a0)
     264:	0085a683          	lw	a3,8(a1)
     268:	00f672b3          	and	t0,a2,a5
     26c:	00f66333          	or	t1,a2,a5
     270:	00f282b3          	add	t0,t0,a5
     274:	0062e2b3          	or	t0,t0,t1
     278:	0c729863          	bne	t0,t2,348 <strcmp+0x140>
     27c:	04d61663          	bne	a2,a3,2c8 <strcmp+0xc0>
     280:	00c52603          	lw	a2,12(a0)
     284:	00c5a683          	lw	a3,12(a1)
     288:	00f672b3          	and	t0,a2,a5
     28c:	00f66333          	or	t1,a2,a5
     290:	00f282b3          	add	t0,t0,a5
     294:	0062e2b3          	or	t0,t0,t1
     298:	0c729263          	bne	t0,t2,35c <strcmp+0x154>
     29c:	02d61663          	bne	a2,a3,2c8 <strcmp+0xc0>
     2a0:	01052603          	lw	a2,16(a0)
     2a4:	0105a683          	lw	a3,16(a1)
     2a8:	00f672b3          	and	t0,a2,a5
     2ac:	00f66333          	or	t1,a2,a5
     2b0:	00f282b3          	add	t0,t0,a5
     2b4:	0062e2b3          	or	t0,t0,t1
     2b8:	0a729c63          	bne	t0,t2,370 <strcmp+0x168>
     2bc:	01450513          	add	a0,a0,20
     2c0:	01458593          	add	a1,a1,20
     2c4:	f4d60ee3          	beq	a2,a3,220 <strcmp+0x18>
     2c8:	01061713          	sll	a4,a2,0x10
     2cc:	01069793          	sll	a5,a3,0x10
     2d0:	00f71e63          	bne	a4,a5,2ec <strcmp+0xe4>
     2d4:	01065713          	srl	a4,a2,0x10
     2d8:	0106d793          	srl	a5,a3,0x10
     2dc:	40f70533          	sub	a0,a4,a5
     2e0:	0ff57593          	zext.b	a1,a0
     2e4:	02059063          	bnez	a1,304 <strcmp+0xfc>
     2e8:	00008067          	ret
     2ec:	01075713          	srl	a4,a4,0x10
     2f0:	0107d793          	srl	a5,a5,0x10
     2f4:	40f70533          	sub	a0,a4,a5
     2f8:	0ff57593          	zext.b	a1,a0
     2fc:	00059463          	bnez	a1,304 <strcmp+0xfc>
     300:	00008067          	ret
     304:	0ff77713          	zext.b	a4,a4
     308:	0ff7f793          	zext.b	a5,a5
     30c:	40f70533          	sub	a0,a4,a5
     310:	00008067          	ret
     314:	00054603          	lbu	a2,0(a0)
     318:	0005c683          	lbu	a3,0(a1)
     31c:	00150513          	add	a0,a0,1
     320:	00158593          	add	a1,a1,1
     324:	00d61463          	bne	a2,a3,32c <strcmp+0x124>
     328:	fe0616e3          	bnez	a2,314 <strcmp+0x10c>
     32c:	40d60533          	sub	a0,a2,a3
     330:	00008067          	ret
     334:	00450513          	add	a0,a0,4
     338:	00458593          	add	a1,a1,4
     33c:	fcd61ce3          	bne	a2,a3,314 <strcmp+0x10c>
     340:	00000513          	li	a0,0
     344:	00008067          	ret
     348:	00850513          	add	a0,a0,8
     34c:	00858593          	add	a1,a1,8
     350:	fcd612e3          	bne	a2,a3,314 <strcmp+0x10c>
     354:	00000513          	li	a0,0
     358:	00008067          	ret
     35c:	00c50513          	add	a0,a0,12
     360:	00c58593          	add	a1,a1,12
     364:	fad618e3          	bne	a2,a3,314 <strcmp+0x10c>
     368:	00000513          	li	a0,0
     36c:	00008067          	ret
     370:	01050513          	add	a0,a0,16
     374:	01058593          	add	a1,a1,16
     378:	f8d61ee3          	bne	a2,a3,314 <strcmp+0x10c>
     37c:	00000513          	li	a0,0
     380:	00008067          	ret

00000384 <__divdf3>:
     384:	fd010113          	add	sp,sp,-48 # 200fffd0 <_ebss+0xff5e8>
     388:	01712623          	sw	s7,12(sp)
     38c:	00060b93          	mv	s7,a2
     390:	0145d613          	srl	a2,a1,0x14
     394:	02812423          	sw	s0,40(sp)
     398:	03212023          	sw	s2,32(sp)
     39c:	01312e23          	sw	s3,28(sp)
     3a0:	01612823          	sw	s6,16(sp)
     3a4:	00c59413          	sll	s0,a1,0xc
     3a8:	02112623          	sw	ra,44(sp)
     3ac:	02912223          	sw	s1,36(sp)
     3b0:	01412c23          	sw	s4,24(sp)
     3b4:	01512a23          	sw	s5,20(sp)
     3b8:	7ff67613          	and	a2,a2,2047
     3bc:	00050b13          	mv	s6,a0
     3c0:	00068913          	mv	s2,a3
     3c4:	00c45413          	srl	s0,s0,0xc
     3c8:	01f5d993          	srl	s3,a1,0x1f
     3cc:	0a060063          	beqz	a2,46c <__divdf3+0xe8>
     3d0:	7ff00793          	li	a5,2047
     3d4:	10f60063          	beq	a2,a5,4d4 <__divdf3+0x150>
     3d8:	01d55693          	srl	a3,a0,0x1d
     3dc:	00341413          	sll	s0,s0,0x3
     3e0:	0086e6b3          	or	a3,a3,s0
     3e4:	008007b7          	lui	a5,0x800
     3e8:	00f6ea33          	or	s4,a3,a5
     3ec:	00351493          	sll	s1,a0,0x3
     3f0:	c0160a93          	add	s5,a2,-1023
     3f4:	00000b13          	li	s6,0
     3f8:	01495793          	srl	a5,s2,0x14
     3fc:	00c91413          	sll	s0,s2,0xc
     400:	7ff7f793          	and	a5,a5,2047
     404:	00c45413          	srl	s0,s0,0xc
     408:	01f95913          	srl	s2,s2,0x1f
     40c:	10078263          	beqz	a5,510 <__divdf3+0x18c>
     410:	7ff00713          	li	a4,2047
     414:	16e78663          	beq	a5,a4,580 <__divdf3+0x1fc>
     418:	00341413          	sll	s0,s0,0x3
     41c:	01dbd713          	srl	a4,s7,0x1d
     420:	00876733          	or	a4,a4,s0
     424:	00800437          	lui	s0,0x800
     428:	00876433          	or	s0,a4,s0
     42c:	003b9f13          	sll	t5,s7,0x3
     430:	c0178693          	add	a3,a5,-1023 # 7ffc01 <_sidata+0x7eb4f9>
     434:	00000593          	li	a1,0
     438:	002b1793          	sll	a5,s6,0x2
     43c:	00b7e7b3          	or	a5,a5,a1
     440:	40da8633          	sub	a2,s5,a3
     444:	fff78793          	add	a5,a5,-1
     448:	00e00693          	li	a3,14
     44c:	0129c733          	xor	a4,s3,s2
     450:	18f6ec63          	bltu	a3,a5,5e8 <__divdf3+0x264>
     454:	000146b7          	lui	a3,0x14
     458:	00279793          	sll	a5,a5,0x2
     45c:	85c68693          	add	a3,a3,-1956 # 1385c <_getpid_r+0x4>
     460:	00d787b3          	add	a5,a5,a3
     464:	0007a783          	lw	a5,0(a5)
     468:	00078067          	jr	a5
     46c:	00a46a33          	or	s4,s0,a0
     470:	080a0063          	beqz	s4,4f0 <__divdf3+0x16c>
     474:	02040e63          	beqz	s0,4b0 <__divdf3+0x12c>
     478:	00040513          	mv	a0,s0
     47c:	421030ef          	jal	409c <__clzsi2>
     480:	ff550793          	add	a5,a0,-11
     484:	01d00693          	li	a3,29
     488:	ff850713          	add	a4,a0,-8
     48c:	40f686b3          	sub	a3,a3,a5
     490:	00e41433          	sll	s0,s0,a4
     494:	00db56b3          	srl	a3,s6,a3
     498:	0086ea33          	or	s4,a3,s0
     49c:	00eb1433          	sll	s0,s6,a4
     4a0:	c0d00613          	li	a2,-1011
     4a4:	40a60ab3          	sub	s5,a2,a0
     4a8:	00040493          	mv	s1,s0
     4ac:	f49ff06f          	j	3f4 <__divdf3+0x70>
     4b0:	3ed030ef          	jal	409c <__clzsi2>
     4b4:	00050a13          	mv	s4,a0
     4b8:	015a0793          	add	a5,s4,21
     4bc:	01c00713          	li	a4,28
     4c0:	02050513          	add	a0,a0,32
     4c4:	fcf750e3          	bge	a4,a5,484 <__divdf3+0x100>
     4c8:	ff8a0a13          	add	s4,s4,-8
     4cc:	014b1a33          	sll	s4,s6,s4
     4d0:	fd1ff06f          	j	4a0 <__divdf3+0x11c>
     4d4:	00a46a33          	or	s4,s0,a0
     4d8:	020a0463          	beqz	s4,500 <__divdf3+0x17c>
     4dc:	00050493          	mv	s1,a0
     4e0:	00040a13          	mv	s4,s0
     4e4:	7ff00a93          	li	s5,2047
     4e8:	00300b13          	li	s6,3
     4ec:	f0dff06f          	j	3f8 <__divdf3+0x74>
     4f0:	00000493          	li	s1,0
     4f4:	00000a93          	li	s5,0
     4f8:	00100b13          	li	s6,1
     4fc:	efdff06f          	j	3f8 <__divdf3+0x74>
     500:	00000493          	li	s1,0
     504:	7ff00a93          	li	s5,2047
     508:	00200b13          	li	s6,2
     50c:	eedff06f          	j	3f8 <__divdf3+0x74>
     510:	01746f33          	or	t5,s0,s7
     514:	080f0263          	beqz	t5,598 <__divdf3+0x214>
     518:	04040063          	beqz	s0,558 <__divdf3+0x1d4>
     51c:	00040513          	mv	a0,s0
     520:	37d030ef          	jal	409c <__clzsi2>
     524:	ff550713          	add	a4,a0,-11
     528:	01d00793          	li	a5,29
     52c:	ff850693          	add	a3,a0,-8
     530:	40e787b3          	sub	a5,a5,a4
     534:	00d41433          	sll	s0,s0,a3
     538:	00fbd7b3          	srl	a5,s7,a5
     53c:	0087e7b3          	or	a5,a5,s0
     540:	00db9433          	sll	s0,s7,a3
     544:	c0d00693          	li	a3,-1011
     548:	00040f13          	mv	t5,s0
     54c:	40a686b3          	sub	a3,a3,a0
     550:	00078413          	mv	s0,a5
     554:	ee1ff06f          	j	434 <__divdf3+0xb0>
     558:	000b8513          	mv	a0,s7
     55c:	341030ef          	jal	409c <__clzsi2>
     560:	00050793          	mv	a5,a0
     564:	01578713          	add	a4,a5,21
     568:	01c00693          	li	a3,28
     56c:	02050513          	add	a0,a0,32
     570:	fae6dce3          	bge	a3,a4,528 <__divdf3+0x1a4>
     574:	ff878793          	add	a5,a5,-8
     578:	00fb97b3          	sll	a5,s7,a5
     57c:	fc9ff06f          	j	544 <__divdf3+0x1c0>
     580:	01746f33          	or	t5,s0,s7
     584:	020f0263          	beqz	t5,5a8 <__divdf3+0x224>
     588:	000b8f13          	mv	t5,s7
     58c:	7ff00693          	li	a3,2047
     590:	00300593          	li	a1,3
     594:	ea5ff06f          	j	438 <__divdf3+0xb4>
     598:	00000413          	li	s0,0
     59c:	00000693          	li	a3,0
     5a0:	00100593          	li	a1,1
     5a4:	e95ff06f          	j	438 <__divdf3+0xb4>
     5a8:	00000413          	li	s0,0
     5ac:	7ff00693          	li	a3,2047
     5b0:	00200593          	li	a1,2
     5b4:	e85ff06f          	j	438 <__divdf3+0xb4>
     5b8:	00098713          	mv	a4,s3
     5bc:	000a0413          	mv	s0,s4
     5c0:	00048f13          	mv	t5,s1
     5c4:	00200793          	li	a5,2
     5c8:	46fb0263          	beq	s6,a5,a2c <__divdf3+0x6a8>
     5cc:	00300793          	li	a5,3
     5d0:	44fb0463          	beq	s6,a5,a18 <__divdf3+0x694>
     5d4:	00100793          	li	a5,1
     5d8:	2cfb1263          	bne	s6,a5,89c <__divdf3+0x518>
     5dc:	00000413          	li	s0,0
     5e0:	00000693          	li	a3,0
     5e4:	3f80006f          	j	9dc <__divdf3+0x658>
     5e8:	01446663          	bltu	s0,s4,5f4 <__divdf3+0x270>
     5ec:	348a1e63          	bne	s4,s0,948 <__divdf3+0x5c4>
     5f0:	35e4ec63          	bltu	s1,t5,948 <__divdf3+0x5c4>
     5f4:	01fa1693          	sll	a3,s4,0x1f
     5f8:	0014d793          	srl	a5,s1,0x1
     5fc:	01f49313          	sll	t1,s1,0x1f
     600:	001a5a13          	srl	s4,s4,0x1
     604:	00f6e4b3          	or	s1,a3,a5
     608:	00841413          	sll	s0,s0,0x8
     60c:	01045893          	srl	a7,s0,0x10
     610:	031a5eb3          	divu	t4,s4,a7
     614:	018f5593          	srl	a1,t5,0x18
     618:	0085e5b3          	or	a1,a1,s0
     61c:	01059813          	sll	a6,a1,0x10
     620:	01085813          	srl	a6,a6,0x10
     624:	0104d793          	srl	a5,s1,0x10
     628:	008f1513          	sll	a0,t5,0x8
     62c:	031a76b3          	remu	a3,s4,a7
     630:	03d80e33          	mul	t3,a6,t4
     634:	01069693          	sll	a3,a3,0x10
     638:	00d7e7b3          	or	a5,a5,a3
     63c:	000e8693          	mv	a3,t4
     640:	01c7fe63          	bgeu	a5,t3,65c <__divdf3+0x2d8>
     644:	00f587b3          	add	a5,a1,a5
     648:	fffe8693          	add	a3,t4,-1
     64c:	00b7e863          	bltu	a5,a1,65c <__divdf3+0x2d8>
     650:	01c7f663          	bgeu	a5,t3,65c <__divdf3+0x2d8>
     654:	ffee8693          	add	a3,t4,-2
     658:	00b787b3          	add	a5,a5,a1
     65c:	41c787b3          	sub	a5,a5,t3
     660:	0317deb3          	divu	t4,a5,a7
     664:	01049493          	sll	s1,s1,0x10
     668:	0104d493          	srl	s1,s1,0x10
     66c:	0317f7b3          	remu	a5,a5,a7
     670:	03d80e33          	mul	t3,a6,t4
     674:	01079793          	sll	a5,a5,0x10
     678:	00f4e4b3          	or	s1,s1,a5
     67c:	000e8793          	mv	a5,t4
     680:	01c4fe63          	bgeu	s1,t3,69c <__divdf3+0x318>
     684:	009584b3          	add	s1,a1,s1
     688:	fffe8793          	add	a5,t4,-1
     68c:	00b4e863          	bltu	s1,a1,69c <__divdf3+0x318>
     690:	01c4f663          	bgeu	s1,t3,69c <__divdf3+0x318>
     694:	ffee8793          	add	a5,t4,-2
     698:	00b484b3          	add	s1,s1,a1
     69c:	01069693          	sll	a3,a3,0x10
     6a0:	000103b7          	lui	t2,0x10
     6a4:	00f6efb3          	or	t6,a3,a5
     6a8:	41c484b3          	sub	s1,s1,t3
     6ac:	fff38e13          	add	t3,t2,-1 # ffff <_vfiprintf_r+0xc83>
     6b0:	01cff7b3          	and	a5,t6,t3
     6b4:	010fdf13          	srl	t5,t6,0x10
     6b8:	01055e93          	srl	t4,a0,0x10
     6bc:	01c57e33          	and	t3,a0,t3
     6c0:	02fe02b3          	mul	t0,t3,a5
     6c4:	03cf0433          	mul	s0,t5,t3
     6c8:	0102d693          	srl	a3,t0,0x10
     6cc:	02fe87b3          	mul	a5,t4,a5
     6d0:	008787b3          	add	a5,a5,s0
     6d4:	00f686b3          	add	a3,a3,a5
     6d8:	03df0f33          	mul	t5,t5,t4
     6dc:	0086f463          	bgeu	a3,s0,6e4 <__divdf3+0x360>
     6e0:	007f0f33          	add	t5,t5,t2
     6e4:	0106d793          	srl	a5,a3,0x10
     6e8:	01e787b3          	add	a5,a5,t5
     6ec:	00010f37          	lui	t5,0x10
     6f0:	ffff0f13          	add	t5,t5,-1 # ffff <_vfiprintf_r+0xc83>
     6f4:	01e6f6b3          	and	a3,a3,t5
     6f8:	01069693          	sll	a3,a3,0x10
     6fc:	01e2f2b3          	and	t0,t0,t5
     700:	005686b3          	add	a3,a3,t0
     704:	00f4e863          	bltu	s1,a5,714 <__divdf3+0x390>
     708:	000f8413          	mv	s0,t6
     70c:	04f49863          	bne	s1,a5,75c <__divdf3+0x3d8>
     710:	04d37663          	bgeu	t1,a3,75c <__divdf3+0x3d8>
     714:	00a30f33          	add	t5,t1,a0
     718:	006f32b3          	sltu	t0,t5,t1
     71c:	00b283b3          	add	t2,t0,a1
     720:	007484b3          	add	s1,s1,t2
     724:	ffff8413          	add	s0,t6,-1
     728:	000f0313          	mv	t1,t5
     72c:	0095e663          	bltu	a1,s1,738 <__divdf3+0x3b4>
     730:	02959663          	bne	a1,s1,75c <__divdf3+0x3d8>
     734:	02029463          	bnez	t0,75c <__divdf3+0x3d8>
     738:	00f4e663          	bltu	s1,a5,744 <__divdf3+0x3c0>
     73c:	02979063          	bne	a5,s1,75c <__divdf3+0x3d8>
     740:	00df7e63          	bgeu	t5,a3,75c <__divdf3+0x3d8>
     744:	01e50f33          	add	t5,a0,t5
     748:	000f0313          	mv	t1,t5
     74c:	00af3f33          	sltu	t5,t5,a0
     750:	00bf0f33          	add	t5,t5,a1
     754:	ffef8413          	add	s0,t6,-2
     758:	01e484b3          	add	s1,s1,t5
     75c:	40d306b3          	sub	a3,t1,a3
     760:	40f484b3          	sub	s1,s1,a5
     764:	00d33333          	sltu	t1,t1,a3
     768:	406484b3          	sub	s1,s1,t1
     76c:	fff00f13          	li	t5,-1
     770:	12958663          	beq	a1,s1,89c <__divdf3+0x518>
     774:	0314dfb3          	divu	t6,s1,a7
     778:	0106d793          	srl	a5,a3,0x10
     77c:	0314f4b3          	remu	s1,s1,a7
     780:	000f8313          	mv	t1,t6
     784:	03f80f33          	mul	t5,a6,t6
     788:	01049493          	sll	s1,s1,0x10
     78c:	0097e7b3          	or	a5,a5,s1
     790:	01e7fe63          	bgeu	a5,t5,7ac <__divdf3+0x428>
     794:	00f587b3          	add	a5,a1,a5
     798:	ffff8313          	add	t1,t6,-1
     79c:	00b7e863          	bltu	a5,a1,7ac <__divdf3+0x428>
     7a0:	01e7f663          	bgeu	a5,t5,7ac <__divdf3+0x428>
     7a4:	ffef8313          	add	t1,t6,-2
     7a8:	00b787b3          	add	a5,a5,a1
     7ac:	41e787b3          	sub	a5,a5,t5
     7b0:	0317df33          	divu	t5,a5,a7
     7b4:	01069693          	sll	a3,a3,0x10
     7b8:	0106d693          	srl	a3,a3,0x10
     7bc:	0317f7b3          	remu	a5,a5,a7
     7c0:	03e80833          	mul	a6,a6,t5
     7c4:	01079793          	sll	a5,a5,0x10
     7c8:	00f6e7b3          	or	a5,a3,a5
     7cc:	000f0693          	mv	a3,t5
     7d0:	0107fe63          	bgeu	a5,a6,7ec <__divdf3+0x468>
     7d4:	00f587b3          	add	a5,a1,a5
     7d8:	ffff0693          	add	a3,t5,-1
     7dc:	00b7e863          	bltu	a5,a1,7ec <__divdf3+0x468>
     7e0:	0107f663          	bgeu	a5,a6,7ec <__divdf3+0x468>
     7e4:	ffef0693          	add	a3,t5,-2
     7e8:	00b787b3          	add	a5,a5,a1
     7ec:	01031313          	sll	t1,t1,0x10
     7f0:	00d36333          	or	t1,t1,a3
     7f4:	01031693          	sll	a3,t1,0x10
     7f8:	0106d693          	srl	a3,a3,0x10
     7fc:	01035893          	srl	a7,t1,0x10
     800:	03c68f33          	mul	t5,a3,t3
     804:	410787b3          	sub	a5,a5,a6
     808:	03c88e33          	mul	t3,a7,t3
     80c:	031e88b3          	mul	a7,t4,a7
     810:	02de8eb3          	mul	t4,t4,a3
     814:	010f5693          	srl	a3,t5,0x10
     818:	01ce8eb3          	add	t4,t4,t3
     81c:	01d686b3          	add	a3,a3,t4
     820:	01c6f663          	bgeu	a3,t3,82c <__divdf3+0x4a8>
     824:	00010837          	lui	a6,0x10
     828:	010888b3          	add	a7,a7,a6
     82c:	0106d813          	srl	a6,a3,0x10
     830:	01180833          	add	a6,a6,a7
     834:	000108b7          	lui	a7,0x10
     838:	fff88893          	add	a7,a7,-1 # ffff <_vfiprintf_r+0xc83>
     83c:	0116f6b3          	and	a3,a3,a7
     840:	01069693          	sll	a3,a3,0x10
     844:	011f7f33          	and	t5,t5,a7
     848:	01e686b3          	add	a3,a3,t5
     84c:	0107e863          	bltu	a5,a6,85c <__divdf3+0x4d8>
     850:	00030f13          	mv	t5,t1
     854:	05079263          	bne	a5,a6,898 <__divdf3+0x514>
     858:	04068263          	beqz	a3,89c <__divdf3+0x518>
     85c:	00f587b3          	add	a5,a1,a5
     860:	fff30f13          	add	t5,t1,-1
     864:	00078893          	mv	a7,a5
     868:	02b7e463          	bltu	a5,a1,890 <__divdf3+0x50c>
     86c:	0107e663          	bltu	a5,a6,878 <__divdf3+0x4f4>
     870:	03079463          	bne	a5,a6,898 <__divdf3+0x514>
     874:	02d57063          	bgeu	a0,a3,894 <__divdf3+0x510>
     878:	ffe30f13          	add	t5,t1,-2
     87c:	00151313          	sll	t1,a0,0x1
     880:	00a338b3          	sltu	a7,t1,a0
     884:	00b888b3          	add	a7,a7,a1
     888:	011788b3          	add	a7,a5,a7
     88c:	00030513          	mv	a0,t1
     890:	01089463          	bne	a7,a6,898 <__divdf3+0x514>
     894:	00a68463          	beq	a3,a0,89c <__divdf3+0x518>
     898:	001f6f13          	or	t5,t5,1
     89c:	3ff60793          	add	a5,a2,1023
     8a0:	0cf05063          	blez	a5,960 <__divdf3+0x5dc>
     8a4:	007f7693          	and	a3,t5,7
     8a8:	02068063          	beqz	a3,8c8 <__divdf3+0x544>
     8ac:	00ff7693          	and	a3,t5,15
     8b0:	00400593          	li	a1,4
     8b4:	00b68a63          	beq	a3,a1,8c8 <__divdf3+0x544>
     8b8:	004f0693          	add	a3,t5,4
     8bc:	01e6b5b3          	sltu	a1,a3,t5
     8c0:	00b40433          	add	s0,s0,a1
     8c4:	00068f13          	mv	t5,a3
     8c8:	010006b7          	lui	a3,0x1000
     8cc:	00d476b3          	and	a3,s0,a3
     8d0:	00068a63          	beqz	a3,8e4 <__divdf3+0x560>
     8d4:	ff0007b7          	lui	a5,0xff000
     8d8:	fff78793          	add	a5,a5,-1 # feffffff <_stack_top+0xdeefffff>
     8dc:	00f47433          	and	s0,s0,a5
     8e0:	40060793          	add	a5,a2,1024
     8e4:	7fe00693          	li	a3,2046
     8e8:	14f6c263          	blt	a3,a5,a2c <__divdf3+0x6a8>
     8ec:	01d41693          	sll	a3,s0,0x1d
     8f0:	003f5f13          	srl	t5,t5,0x3
     8f4:	01e6e6b3          	or	a3,a3,t5
     8f8:	00345413          	srl	s0,s0,0x3
     8fc:	00c41413          	sll	s0,s0,0xc
     900:	00c45413          	srl	s0,s0,0xc
     904:	01479793          	sll	a5,a5,0x14
     908:	02c12083          	lw	ra,44(sp)
     90c:	0087e7b3          	or	a5,a5,s0
     910:	02812403          	lw	s0,40(sp)
     914:	01f71713          	sll	a4,a4,0x1f
     918:	00e7e633          	or	a2,a5,a4
     91c:	02412483          	lw	s1,36(sp)
     920:	02012903          	lw	s2,32(sp)
     924:	01c12983          	lw	s3,28(sp)
     928:	01812a03          	lw	s4,24(sp)
     92c:	01412a83          	lw	s5,20(sp)
     930:	01012b03          	lw	s6,16(sp)
     934:	00c12b83          	lw	s7,12(sp)
     938:	00068513          	mv	a0,a3
     93c:	00060593          	mv	a1,a2
     940:	03010113          	add	sp,sp,48
     944:	00008067          	ret
     948:	fff60613          	add	a2,a2,-1
     94c:	00000313          	li	t1,0
     950:	cb9ff06f          	j	608 <__divdf3+0x284>
     954:	00090713          	mv	a4,s2
     958:	00058b13          	mv	s6,a1
     95c:	c69ff06f          	j	5c4 <__divdf3+0x240>
     960:	00100593          	li	a1,1
     964:	00078c63          	beqz	a5,97c <__divdf3+0x5f8>
     968:	40f585b3          	sub	a1,a1,a5
     96c:	03800693          	li	a3,56
     970:	c6b6c6e3          	blt	a3,a1,5dc <__divdf3+0x258>
     974:	01f00693          	li	a3,31
     978:	06b6c663          	blt	a3,a1,9e4 <__divdf3+0x660>
     97c:	41e60613          	add	a2,a2,1054
     980:	00bf57b3          	srl	a5,t5,a1
     984:	00cf1f33          	sll	t5,t5,a2
     988:	01e03f33          	snez	t5,t5
     98c:	00c41633          	sll	a2,s0,a2
     990:	00cf6f33          	or	t5,t5,a2
     994:	01e7e7b3          	or	a5,a5,t5
     998:	00b45433          	srl	s0,s0,a1
     99c:	0077f693          	and	a3,a5,7
     9a0:	02068063          	beqz	a3,9c0 <__divdf3+0x63c>
     9a4:	00f7f693          	and	a3,a5,15
     9a8:	00400613          	li	a2,4
     9ac:	00c68a63          	beq	a3,a2,9c0 <__divdf3+0x63c>
     9b0:	00478693          	add	a3,a5,4
     9b4:	00f6b633          	sltu	a2,a3,a5
     9b8:	00c40433          	add	s0,s0,a2
     9bc:	00068793          	mv	a5,a3
     9c0:	008006b7          	lui	a3,0x800
     9c4:	00d476b3          	and	a3,s0,a3
     9c8:	06069a63          	bnez	a3,a3c <__divdf3+0x6b8>
     9cc:	01d41693          	sll	a3,s0,0x1d
     9d0:	0037d793          	srl	a5,a5,0x3
     9d4:	00f6e6b3          	or	a3,a3,a5
     9d8:	00345413          	srl	s0,s0,0x3
     9dc:	00000793          	li	a5,0
     9e0:	f1dff06f          	j	8fc <__divdf3+0x578>
     9e4:	fe100693          	li	a3,-31
     9e8:	40f687b3          	sub	a5,a3,a5
     9ec:	02000513          	li	a0,32
     9f0:	00f457b3          	srl	a5,s0,a5
     9f4:	00000693          	li	a3,0
     9f8:	00a58663          	beq	a1,a0,a04 <__divdf3+0x680>
     9fc:	43e60613          	add	a2,a2,1086
     a00:	00c416b3          	sll	a3,s0,a2
     a04:	01e6e6b3          	or	a3,a3,t5
     a08:	00d036b3          	snez	a3,a3
     a0c:	00d7e7b3          	or	a5,a5,a3
     a10:	00000413          	li	s0,0
     a14:	f89ff06f          	j	99c <__divdf3+0x618>
     a18:	00080437          	lui	s0,0x80
     a1c:	00000693          	li	a3,0
     a20:	7ff00793          	li	a5,2047
     a24:	00000713          	li	a4,0
     a28:	ed5ff06f          	j	8fc <__divdf3+0x578>
     a2c:	00000413          	li	s0,0
     a30:	00000693          	li	a3,0
     a34:	7ff00793          	li	a5,2047
     a38:	ec5ff06f          	j	8fc <__divdf3+0x578>
     a3c:	00000413          	li	s0,0
     a40:	00000693          	li	a3,0
     a44:	00100793          	li	a5,1
     a48:	eb5ff06f          	j	8fc <__divdf3+0x578>

00000a4c <__muldf3>:
     a4c:	fd010113          	add	sp,sp,-48
     a50:	01512a23          	sw	s5,20(sp)
     a54:	0145da93          	srl	s5,a1,0x14
     a58:	02812423          	sw	s0,40(sp)
     a5c:	02912223          	sw	s1,36(sp)
     a60:	01312e23          	sw	s3,28(sp)
     a64:	01412c23          	sw	s4,24(sp)
     a68:	01612823          	sw	s6,16(sp)
     a6c:	00c59493          	sll	s1,a1,0xc
     a70:	02112623          	sw	ra,44(sp)
     a74:	03212023          	sw	s2,32(sp)
     a78:	01712623          	sw	s7,12(sp)
     a7c:	7ffafa93          	and	s5,s5,2047
     a80:	00050413          	mv	s0,a0
     a84:	00060b13          	mv	s6,a2
     a88:	00068993          	mv	s3,a3
     a8c:	00c4d493          	srl	s1,s1,0xc
     a90:	01f5da13          	srl	s4,a1,0x1f
     a94:	300a8063          	beqz	s5,d94 <__muldf3+0x348>
     a98:	7ff00793          	li	a5,2047
     a9c:	36fa8263          	beq	s5,a5,e00 <__muldf3+0x3b4>
     aa0:	00349493          	sll	s1,s1,0x3
     aa4:	01d55793          	srl	a5,a0,0x1d
     aa8:	0097e7b3          	or	a5,a5,s1
     aac:	008004b7          	lui	s1,0x800
     ab0:	0097e4b3          	or	s1,a5,s1
     ab4:	00351913          	sll	s2,a0,0x3
     ab8:	c01a8a93          	add	s5,s5,-1023
     abc:	00000b93          	li	s7,0
     ac0:	0149d713          	srl	a4,s3,0x14
     ac4:	00c99413          	sll	s0,s3,0xc
     ac8:	7ff77713          	and	a4,a4,2047
     acc:	00c45413          	srl	s0,s0,0xc
     ad0:	01f9d993          	srl	s3,s3,0x1f
     ad4:	36070263          	beqz	a4,e38 <__muldf3+0x3ec>
     ad8:	7ff00793          	li	a5,2047
     adc:	3cf70663          	beq	a4,a5,ea8 <__muldf3+0x45c>
     ae0:	00341413          	sll	s0,s0,0x3
     ae4:	01db5793          	srl	a5,s6,0x1d
     ae8:	0087e7b3          	or	a5,a5,s0
     aec:	00800437          	lui	s0,0x800
     af0:	0087e433          	or	s0,a5,s0
     af4:	c0170693          	add	a3,a4,-1023
     af8:	003b1793          	sll	a5,s6,0x3
     afc:	00000513          	li	a0,0
     b00:	002b9713          	sll	a4,s7,0x2
     b04:	00da8ab3          	add	s5,s5,a3
     b08:	00a76733          	or	a4,a4,a0
     b0c:	00a00693          	li	a3,10
     b10:	013a4633          	xor	a2,s4,s3
     b14:	001a8593          	add	a1,s5,1
     b18:	40e6c863          	blt	a3,a4,f28 <__muldf3+0x4dc>
     b1c:	00200693          	li	a3,2
     b20:	3ce6c063          	blt	a3,a4,ee0 <__muldf3+0x494>
     b24:	fff70713          	add	a4,a4,-1
     b28:	00100693          	li	a3,1
     b2c:	3ce6fc63          	bgeu	a3,a4,f04 <__muldf3+0x4b8>
     b30:	00010837          	lui	a6,0x10
     b34:	fff80e93          	add	t4,a6,-1 # ffff <_vfiprintf_r+0xc83>
     b38:	01095693          	srl	a3,s2,0x10
     b3c:	0107d893          	srl	a7,a5,0x10
     b40:	01d97933          	and	s2,s2,t4
     b44:	01d7ff33          	and	t5,a5,t4
     b48:	03e907b3          	mul	a5,s2,t5
     b4c:	03e68333          	mul	t1,a3,t5
     b50:	0107d513          	srl	a0,a5,0x10
     b54:	03288733          	mul	a4,a7,s2
     b58:	00670733          	add	a4,a4,t1
     b5c:	00e50533          	add	a0,a0,a4
     b60:	03168e33          	mul	t3,a3,a7
     b64:	00657463          	bgeu	a0,t1,b6c <__muldf3+0x120>
     b68:	010e0e33          	add	t3,t3,a6
     b6c:	01055713          	srl	a4,a0,0x10
     b70:	01d57533          	and	a0,a0,t4
     b74:	01d7f7b3          	and	a5,a5,t4
     b78:	01045813          	srl	a6,s0,0x10
     b7c:	01d47eb3          	and	t4,s0,t4
     b80:	01051513          	sll	a0,a0,0x10
     b84:	00f50533          	add	a0,a0,a5
     b88:	03d90fb3          	mul	t6,s2,t4
     b8c:	03d687b3          	mul	a5,a3,t4
     b90:	03280933          	mul	s2,a6,s2
     b94:	03068333          	mul	t1,a3,a6
     b98:	00f90933          	add	s2,s2,a5
     b9c:	010fd693          	srl	a3,t6,0x10
     ba0:	012686b3          	add	a3,a3,s2
     ba4:	00f6f663          	bgeu	a3,a5,bb0 <__muldf3+0x164>
     ba8:	000107b7          	lui	a5,0x10
     bac:	00f30333          	add	t1,t1,a5
     bb0:	000103b7          	lui	t2,0x10
     bb4:	0106d793          	srl	a5,a3,0x10
     bb8:	fff38293          	add	t0,t2,-1 # ffff <_vfiprintf_r+0xc83>
     bbc:	00678333          	add	t1,a5,t1
     bc0:	0056f7b3          	and	a5,a3,t0
     bc4:	005fffb3          	and	t6,t6,t0
     bc8:	0104d913          	srl	s2,s1,0x10
     bcc:	0054f2b3          	and	t0,s1,t0
     bd0:	01079793          	sll	a5,a5,0x10
     bd4:	01f787b3          	add	a5,a5,t6
     bd8:	03288433          	mul	s0,a7,s2
     bdc:	00f70733          	add	a4,a4,a5
     be0:	025f0fb3          	mul	t6,t5,t0
     be4:	025888b3          	mul	a7,a7,t0
     be8:	010fd693          	srl	a3,t6,0x10
     bec:	03e90f33          	mul	t5,s2,t5
     bf0:	01e888b3          	add	a7,a7,t5
     bf4:	011686b3          	add	a3,a3,a7
     bf8:	01e6f463          	bgeu	a3,t5,c00 <__muldf3+0x1b4>
     bfc:	00740433          	add	s0,s0,t2
     c00:	025e83b3          	mul	t2,t4,t0
     c04:	0106df13          	srl	t5,a3,0x10
     c08:	000104b7          	lui	s1,0x10
     c0c:	008f0f33          	add	t5,t5,s0
     c10:	fff48413          	add	s0,s1,-1 # ffff <_vfiprintf_r+0xc83>
     c14:	0086f6b3          	and	a3,a3,s0
     c18:	01069693          	sll	a3,a3,0x10
     c1c:	008fffb3          	and	t6,t6,s0
     c20:	01f68fb3          	add	t6,a3,t6
     c24:	03d90eb3          	mul	t4,s2,t4
     c28:	0103d693          	srl	a3,t2,0x10
     c2c:	032808b3          	mul	a7,a6,s2
     c30:	02580833          	mul	a6,a6,t0
     c34:	01d80833          	add	a6,a6,t4
     c38:	01068833          	add	a6,a3,a6
     c3c:	01d87463          	bgeu	a6,t4,c44 <__muldf3+0x1f8>
     c40:	009888b3          	add	a7,a7,s1
     c44:	008876b3          	and	a3,a6,s0
     c48:	0083f3b3          	and	t2,t2,s0
     c4c:	01069693          	sll	a3,a3,0x10
     c50:	01c70733          	add	a4,a4,t3
     c54:	007686b3          	add	a3,a3,t2
     c58:	00668333          	add	t1,a3,t1
     c5c:	00f737b3          	sltu	a5,a4,a5
     c60:	00f307b3          	add	a5,t1,a5
     c64:	00d336b3          	sltu	a3,t1,a3
     c68:	0067b333          	sltu	t1,a5,t1
     c6c:	01085813          	srl	a6,a6,0x10
     c70:	0066e6b3          	or	a3,a3,t1
     c74:	010686b3          	add	a3,a3,a6
     c78:	01f70833          	add	a6,a4,t6
     c7c:	01e78f33          	add	t5,a5,t5
     c80:	00e83733          	sltu	a4,a6,a4
     c84:	00ef0733          	add	a4,t5,a4
     c88:	00ff3433          	sltu	s0,t5,a5
     c8c:	01e73f33          	sltu	t5,a4,t5
     c90:	01e46433          	or	s0,s0,t5
     c94:	00d40433          	add	s0,s0,a3
     c98:	01140433          	add	s0,s0,a7
     c9c:	01775793          	srl	a5,a4,0x17
     ca0:	00941413          	sll	s0,s0,0x9
     ca4:	00f46433          	or	s0,s0,a5
     ca8:	00981793          	sll	a5,a6,0x9
     cac:	00a7e7b3          	or	a5,a5,a0
     cb0:	00f037b3          	snez	a5,a5
     cb4:	01785813          	srl	a6,a6,0x17
     cb8:	00971713          	sll	a4,a4,0x9
     cbc:	0107e7b3          	or	a5,a5,a6
     cc0:	00e7e7b3          	or	a5,a5,a4
     cc4:	01000737          	lui	a4,0x1000
     cc8:	00e47733          	and	a4,s0,a4
     ccc:	28070063          	beqz	a4,f4c <__muldf3+0x500>
     cd0:	0017d713          	srl	a4,a5,0x1
     cd4:	0017f793          	and	a5,a5,1
     cd8:	00f76733          	or	a4,a4,a5
     cdc:	01f41793          	sll	a5,s0,0x1f
     ce0:	00f767b3          	or	a5,a4,a5
     ce4:	00145413          	srl	s0,s0,0x1
     ce8:	3ff58693          	add	a3,a1,1023
     cec:	26d05463          	blez	a3,f54 <__muldf3+0x508>
     cf0:	0077f713          	and	a4,a5,7
     cf4:	02070063          	beqz	a4,d14 <__muldf3+0x2c8>
     cf8:	00f7f713          	and	a4,a5,15
     cfc:	00400513          	li	a0,4
     d00:	00a70a63          	beq	a4,a0,d14 <__muldf3+0x2c8>
     d04:	00478713          	add	a4,a5,4 # 10004 <_vfiprintf_r+0xc88>
     d08:	00f73533          	sltu	a0,a4,a5
     d0c:	00a40433          	add	s0,s0,a0
     d10:	00070793          	mv	a5,a4
     d14:	01000737          	lui	a4,0x1000
     d18:	00e47733          	and	a4,s0,a4
     d1c:	00070a63          	beqz	a4,d30 <__muldf3+0x2e4>
     d20:	ff000737          	lui	a4,0xff000
     d24:	fff70713          	add	a4,a4,-1 # feffffff <_stack_top+0xdeefffff>
     d28:	00e47433          	and	s0,s0,a4
     d2c:	40058693          	add	a3,a1,1024
     d30:	7fe00713          	li	a4,2046
     d34:	2ed74a63          	blt	a4,a3,1028 <__muldf3+0x5dc>
     d38:	01d41713          	sll	a4,s0,0x1d
     d3c:	0037d793          	srl	a5,a5,0x3
     d40:	00f76733          	or	a4,a4,a5
     d44:	00345413          	srl	s0,s0,0x3
     d48:	00c41413          	sll	s0,s0,0xc
     d4c:	00c45413          	srl	s0,s0,0xc
     d50:	01469693          	sll	a3,a3,0x14
     d54:	02c12083          	lw	ra,44(sp)
     d58:	0086e6b3          	or	a3,a3,s0
     d5c:	02812403          	lw	s0,40(sp)
     d60:	01f61613          	sll	a2,a2,0x1f
     d64:	00c6e7b3          	or	a5,a3,a2
     d68:	02412483          	lw	s1,36(sp)
     d6c:	02012903          	lw	s2,32(sp)
     d70:	01c12983          	lw	s3,28(sp)
     d74:	01812a03          	lw	s4,24(sp)
     d78:	01412a83          	lw	s5,20(sp)
     d7c:	01012b03          	lw	s6,16(sp)
     d80:	00c12b83          	lw	s7,12(sp)
     d84:	00070513          	mv	a0,a4
     d88:	00078593          	mv	a1,a5
     d8c:	03010113          	add	sp,sp,48
     d90:	00008067          	ret
     d94:	00a4e933          	or	s2,s1,a0
     d98:	08090063          	beqz	s2,e18 <__muldf3+0x3cc>
     d9c:	04048063          	beqz	s1,ddc <__muldf3+0x390>
     da0:	00048513          	mv	a0,s1
     da4:	2f8030ef          	jal	409c <__clzsi2>
     da8:	ff550713          	add	a4,a0,-11
     dac:	01d00793          	li	a5,29
     db0:	ff850693          	add	a3,a0,-8
     db4:	40e787b3          	sub	a5,a5,a4
     db8:	00d494b3          	sll	s1,s1,a3
     dbc:	00f457b3          	srl	a5,s0,a5
     dc0:	0097e7b3          	or	a5,a5,s1
     dc4:	00d414b3          	sll	s1,s0,a3
     dc8:	c0d00a93          	li	s5,-1011
     dcc:	00048913          	mv	s2,s1
     dd0:	40aa8ab3          	sub	s5,s5,a0
     dd4:	00078493          	mv	s1,a5
     dd8:	ce5ff06f          	j	abc <__muldf3+0x70>
     ddc:	2c0030ef          	jal	409c <__clzsi2>
     de0:	00050793          	mv	a5,a0
     de4:	01578713          	add	a4,a5,21
     de8:	01c00693          	li	a3,28
     dec:	02050513          	add	a0,a0,32
     df0:	fae6dee3          	bge	a3,a4,dac <__muldf3+0x360>
     df4:	ff878793          	add	a5,a5,-8
     df8:	00f417b3          	sll	a5,s0,a5
     dfc:	fcdff06f          	j	dc8 <__muldf3+0x37c>
     e00:	00a4e933          	or	s2,s1,a0
     e04:	02090263          	beqz	s2,e28 <__muldf3+0x3dc>
     e08:	00050913          	mv	s2,a0
     e0c:	7ff00a93          	li	s5,2047
     e10:	00300b93          	li	s7,3
     e14:	cadff06f          	j	ac0 <__muldf3+0x74>
     e18:	00000493          	li	s1,0
     e1c:	00000a93          	li	s5,0
     e20:	00100b93          	li	s7,1
     e24:	c9dff06f          	j	ac0 <__muldf3+0x74>
     e28:	00000493          	li	s1,0
     e2c:	7ff00a93          	li	s5,2047
     e30:	00200b93          	li	s7,2
     e34:	c8dff06f          	j	ac0 <__muldf3+0x74>
     e38:	016467b3          	or	a5,s0,s6
     e3c:	08078263          	beqz	a5,ec0 <__muldf3+0x474>
     e40:	04040063          	beqz	s0,e80 <__muldf3+0x434>
     e44:	00040513          	mv	a0,s0
     e48:	254030ef          	jal	409c <__clzsi2>
     e4c:	ff550693          	add	a3,a0,-11
     e50:	01d00713          	li	a4,29
     e54:	ff850793          	add	a5,a0,-8
     e58:	40d70733          	sub	a4,a4,a3
     e5c:	00f41433          	sll	s0,s0,a5
     e60:	00eb5733          	srl	a4,s6,a4
     e64:	00876733          	or	a4,a4,s0
     e68:	00fb1433          	sll	s0,s6,a5
     e6c:	c0d00693          	li	a3,-1011
     e70:	00040793          	mv	a5,s0
     e74:	40a686b3          	sub	a3,a3,a0
     e78:	00070413          	mv	s0,a4
     e7c:	c81ff06f          	j	afc <__muldf3+0xb0>
     e80:	000b0513          	mv	a0,s6
     e84:	218030ef          	jal	409c <__clzsi2>
     e88:	00050793          	mv	a5,a0
     e8c:	01578693          	add	a3,a5,21
     e90:	01c00713          	li	a4,28
     e94:	02050513          	add	a0,a0,32
     e98:	fad75ce3          	bge	a4,a3,e50 <__muldf3+0x404>
     e9c:	ff878793          	add	a5,a5,-8
     ea0:	00fb1733          	sll	a4,s6,a5
     ea4:	fc9ff06f          	j	e6c <__muldf3+0x420>
     ea8:	016467b3          	or	a5,s0,s6
     eac:	02078263          	beqz	a5,ed0 <__muldf3+0x484>
     eb0:	000b0793          	mv	a5,s6
     eb4:	7ff00693          	li	a3,2047
     eb8:	00300513          	li	a0,3
     ebc:	c45ff06f          	j	b00 <__muldf3+0xb4>
     ec0:	00000413          	li	s0,0
     ec4:	00000693          	li	a3,0
     ec8:	00100513          	li	a0,1
     ecc:	c35ff06f          	j	b00 <__muldf3+0xb4>
     ed0:	00000413          	li	s0,0
     ed4:	7ff00693          	li	a3,2047
     ed8:	00200513          	li	a0,2
     edc:	c25ff06f          	j	b00 <__muldf3+0xb4>
     ee0:	00100693          	li	a3,1
     ee4:	00e696b3          	sll	a3,a3,a4
     ee8:	5306f713          	and	a4,a3,1328
     eec:	04071863          	bnez	a4,f3c <__muldf3+0x4f0>
     ef0:	2406f813          	and	a6,a3,576
     ef4:	10081c63          	bnez	a6,100c <__muldf3+0x5c0>
     ef8:	0886f693          	and	a3,a3,136
     efc:	c2068ae3          	beqz	a3,b30 <__muldf3+0xe4>
     f00:	00098613          	mv	a2,s3
     f04:	00200713          	li	a4,2
     f08:	12e50063          	beq	a0,a4,1028 <__muldf3+0x5dc>
     f0c:	00300713          	li	a4,3
     f10:	10e50663          	beq	a0,a4,101c <__muldf3+0x5d0>
     f14:	00100713          	li	a4,1
     f18:	dce518e3          	bne	a0,a4,ce8 <__muldf3+0x29c>
     f1c:	00000413          	li	s0,0
     f20:	00000713          	li	a4,0
     f24:	0ac0006f          	j	fd0 <__muldf3+0x584>
     f28:	00f00693          	li	a3,15
     f2c:	0ed70863          	beq	a4,a3,101c <__muldf3+0x5d0>
     f30:	00b00693          	li	a3,11
     f34:	000a0613          	mv	a2,s4
     f38:	fcd704e3          	beq	a4,a3,f00 <__muldf3+0x4b4>
     f3c:	00048413          	mv	s0,s1
     f40:	00090793          	mv	a5,s2
     f44:	000b8513          	mv	a0,s7
     f48:	fbdff06f          	j	f04 <__muldf3+0x4b8>
     f4c:	000a8593          	mv	a1,s5
     f50:	d99ff06f          	j	ce8 <__muldf3+0x29c>
     f54:	00100513          	li	a0,1
     f58:	00068c63          	beqz	a3,f70 <__muldf3+0x524>
     f5c:	40d50533          	sub	a0,a0,a3
     f60:	03800713          	li	a4,56
     f64:	faa74ce3          	blt	a4,a0,f1c <__muldf3+0x4d0>
     f68:	01f00713          	li	a4,31
     f6c:	06a74663          	blt	a4,a0,fd8 <__muldf3+0x58c>
     f70:	41e58593          	add	a1,a1,1054
     f74:	00a7d733          	srl	a4,a5,a0
     f78:	00b797b3          	sll	a5,a5,a1
     f7c:	00f037b3          	snez	a5,a5
     f80:	00b415b3          	sll	a1,s0,a1
     f84:	00b7e7b3          	or	a5,a5,a1
     f88:	00e7e7b3          	or	a5,a5,a4
     f8c:	00a45433          	srl	s0,s0,a0
     f90:	0077f713          	and	a4,a5,7
     f94:	02070063          	beqz	a4,fb4 <__muldf3+0x568>
     f98:	00f7f713          	and	a4,a5,15
     f9c:	00400693          	li	a3,4
     fa0:	00d70a63          	beq	a4,a3,fb4 <__muldf3+0x568>
     fa4:	00478713          	add	a4,a5,4
     fa8:	00f736b3          	sltu	a3,a4,a5
     fac:	00d40433          	add	s0,s0,a3
     fb0:	00070793          	mv	a5,a4
     fb4:	00800737          	lui	a4,0x800
     fb8:	00e47733          	and	a4,s0,a4
     fbc:	06071e63          	bnez	a4,1038 <__muldf3+0x5ec>
     fc0:	01d41713          	sll	a4,s0,0x1d
     fc4:	0037d793          	srl	a5,a5,0x3
     fc8:	00f76733          	or	a4,a4,a5
     fcc:	00345413          	srl	s0,s0,0x3
     fd0:	00000693          	li	a3,0
     fd4:	d75ff06f          	j	d48 <__muldf3+0x2fc>
     fd8:	fe100713          	li	a4,-31
     fdc:	40d70733          	sub	a4,a4,a3
     fe0:	02000813          	li	a6,32
     fe4:	00e45733          	srl	a4,s0,a4
     fe8:	00000693          	li	a3,0
     fec:	01050663          	beq	a0,a6,ff8 <__muldf3+0x5ac>
     ff0:	43e58593          	add	a1,a1,1086
     ff4:	00b416b3          	sll	a3,s0,a1
     ff8:	00f6e6b3          	or	a3,a3,a5
     ffc:	00d036b3          	snez	a3,a3
    1000:	00d767b3          	or	a5,a4,a3
    1004:	00000413          	li	s0,0
    1008:	f89ff06f          	j	f90 <__muldf3+0x544>
    100c:	00080437          	lui	s0,0x80
    1010:	7ff00693          	li	a3,2047
    1014:	00000613          	li	a2,0
    1018:	d31ff06f          	j	d48 <__muldf3+0x2fc>
    101c:	00080437          	lui	s0,0x80
    1020:	00000713          	li	a4,0
    1024:	fedff06f          	j	1010 <__muldf3+0x5c4>
    1028:	00000413          	li	s0,0
    102c:	00000713          	li	a4,0
    1030:	7ff00693          	li	a3,2047
    1034:	d15ff06f          	j	d48 <__muldf3+0x2fc>
    1038:	00000413          	li	s0,0
    103c:	00000713          	li	a4,0
    1040:	00100693          	li	a3,1
    1044:	d05ff06f          	j	d48 <__muldf3+0x2fc>

00001048 <__eqtf2>:
    1048:	00c52703          	lw	a4,12(a0)
    104c:	00c5a603          	lw	a2,12(a1)
    1050:	0005a283          	lw	t0,0(a1)
    1054:	0045af83          	lw	t6,4(a1)
    1058:	0085af03          	lw	t5,8(a1)
    105c:	000085b7          	lui	a1,0x8
    1060:	01075813          	srl	a6,a4,0x10
    1064:	fff58593          	add	a1,a1,-1 # 7fff <ecmp+0xb3>
    1068:	01071893          	sll	a7,a4,0x10
    106c:	01061e93          	sll	t4,a2,0x10
    1070:	01065693          	srl	a3,a2,0x10
    1074:	00b87833          	and	a6,a6,a1
    1078:	00052783          	lw	a5,0(a0)
    107c:	00452e03          	lw	t3,4(a0)
    1080:	00852303          	lw	t1,8(a0)
    1084:	ff010113          	add	sp,sp,-16
    1088:	0108d893          	srl	a7,a7,0x10
    108c:	01f75713          	srl	a4,a4,0x1f
    1090:	010ede93          	srl	t4,t4,0x10
    1094:	00b6f6b3          	and	a3,a3,a1
    1098:	01f65613          	srl	a2,a2,0x1f
    109c:	00100513          	li	a0,1
    10a0:	00b80863          	beq	a6,a1,10b0 <__eqtf2+0x68>
    10a4:	02b69e63          	bne	a3,a1,10e0 <__eqtf2+0x98>
    10a8:	01010113          	add	sp,sp,16
    10ac:	00008067          	ret
    10b0:	ff069ce3          	bne	a3,a6,10a8 <__eqtf2+0x60>
    10b4:	01c7e7b3          	or	a5,a5,t3
    10b8:	0067e7b3          	or	a5,a5,t1
    10bc:	0117e7b3          	or	a5,a5,a7
    10c0:	0057e7b3          	or	a5,a5,t0
    10c4:	01f7e7b3          	or	a5,a5,t6
    10c8:	01e7e7b3          	or	a5,a5,t5
    10cc:	01d7e7b3          	or	a5,a5,t4
    10d0:	fc079ce3          	bnez	a5,10a8 <__eqtf2+0x60>
    10d4:	40c70733          	sub	a4,a4,a2
    10d8:	00e03533          	snez	a0,a4
    10dc:	fcdff06f          	j	10a8 <__eqtf2+0x60>
    10e0:	00100513          	li	a0,1
    10e4:	fd0692e3          	bne	a3,a6,10a8 <__eqtf2+0x60>
    10e8:	fc5790e3          	bne	a5,t0,10a8 <__eqtf2+0x60>
    10ec:	fbfe1ee3          	bne	t3,t6,10a8 <__eqtf2+0x60>
    10f0:	fbe31ce3          	bne	t1,t5,10a8 <__eqtf2+0x60>
    10f4:	fbd89ae3          	bne	a7,t4,10a8 <__eqtf2+0x60>
    10f8:	00c70e63          	beq	a4,a2,1114 <__eqtf2+0xcc>
    10fc:	fa0696e3          	bnez	a3,10a8 <__eqtf2+0x60>
    1100:	01c7e533          	or	a0,a5,t3
    1104:	00656533          	or	a0,a0,t1
    1108:	01156533          	or	a0,a0,a7
    110c:	00a03533          	snez	a0,a0
    1110:	f99ff06f          	j	10a8 <__eqtf2+0x60>
    1114:	00000513          	li	a0,0
    1118:	f91ff06f          	j	10a8 <__eqtf2+0x60>

0000111c <__getf2>:
    111c:	00052883          	lw	a7,0(a0)
    1120:	00452303          	lw	t1,4(a0)
    1124:	00852e03          	lw	t3,8(a0)
    1128:	00c52503          	lw	a0,12(a0)
    112c:	00c5a803          	lw	a6,12(a1)
    1130:	00008737          	lui	a4,0x8
    1134:	01055693          	srl	a3,a0,0x10
    1138:	fff70713          	add	a4,a4,-1 # 7fff <ecmp+0xb3>
    113c:	01051613          	sll	a2,a0,0x10
    1140:	01081f13          	sll	t5,a6,0x10
    1144:	0005a783          	lw	a5,0(a1)
    1148:	0045af83          	lw	t6,4(a1)
    114c:	0085ae83          	lw	t4,8(a1)
    1150:	00e6f6b3          	and	a3,a3,a4
    1154:	01f55593          	srl	a1,a0,0x1f
    1158:	01085513          	srl	a0,a6,0x10
    115c:	ff010113          	add	sp,sp,-16
    1160:	01065613          	srl	a2,a2,0x10
    1164:	010f5f13          	srl	t5,t5,0x10
    1168:	00e57533          	and	a0,a0,a4
    116c:	01f85813          	srl	a6,a6,0x1f
    1170:	04e69663          	bne	a3,a4,11bc <__getf2+0xa0>
    1174:	011368b3          	or	a7,t1,a7
    1178:	01c8e8b3          	or	a7,a7,t3
    117c:	00c8e8b3          	or	a7,a7,a2
    1180:	0e089c63          	bnez	a7,1278 <__getf2+0x15c>
    1184:	00d50a63          	beq	a0,a3,1198 <__getf2+0x7c>
    1188:	00100513          	li	a0,1
    118c:	02058463          	beqz	a1,11b4 <__getf2+0x98>
    1190:	fff00513          	li	a0,-1
    1194:	0200006f          	j	11b4 <__getf2+0x98>
    1198:	01f7e7b3          	or	a5,a5,t6
    119c:	01d7e7b3          	or	a5,a5,t4
    11a0:	01e7e7b3          	or	a5,a5,t5
    11a4:	ffe00513          	li	a0,-2
    11a8:	00079663          	bnez	a5,11b4 <__getf2+0x98>
    11ac:	00000513          	li	a0,0
    11b0:	fcb81ce3          	bne	a6,a1,1188 <__getf2+0x6c>
    11b4:	01010113          	add	sp,sp,16
    11b8:	00008067          	ret
    11bc:	02e51663          	bne	a0,a4,11e8 <__getf2+0xcc>
    11c0:	01f7e733          	or	a4,a5,t6
    11c4:	01d76733          	or	a4,a4,t4
    11c8:	01e76733          	or	a4,a4,t5
    11cc:	0a071663          	bnez	a4,1278 <__getf2+0x15c>
    11d0:	02068863          	beqz	a3,1200 <__getf2+0xe4>
    11d4:	fab81ae3          	bne	a6,a1,1188 <__getf2+0x6c>
    11d8:	fff00513          	li	a0,-1
    11dc:	fc058ce3          	beqz	a1,11b4 <__getf2+0x98>
    11e0:	00058513          	mv	a0,a1
    11e4:	fd1ff06f          	j	11b4 <__getf2+0x98>
    11e8:	02068c63          	beqz	a3,1220 <__getf2+0x104>
    11ec:	f8050ee3          	beqz	a0,1188 <__getf2+0x6c>
    11f0:	f8b81ce3          	bne	a6,a1,1188 <__getf2+0x6c>
    11f4:	f8d54ae3          	blt	a0,a3,1188 <__getf2+0x6c>
    11f8:	04a6d863          	bge	a3,a0,1248 <__getf2+0x12c>
    11fc:	fddff06f          	j	11d8 <__getf2+0xbc>
    1200:	01136733          	or	a4,t1,a7
    1204:	01c76733          	or	a4,a4,t3
    1208:	00c76733          	or	a4,a4,a2
    120c:	fe0712e3          	bnez	a4,11f0 <__getf2+0xd4>
    1210:	fff00513          	li	a0,-1
    1214:	fa0800e3          	beqz	a6,11b4 <__getf2+0x98>
    1218:	00080513          	mv	a0,a6
    121c:	f99ff06f          	j	11b4 <__getf2+0x98>
    1220:	01136733          	or	a4,t1,a7
    1224:	01c76733          	or	a4,a4,t3
    1228:	00c76733          	or	a4,a4,a2
    122c:	fe0510e3          	bnez	a0,120c <__getf2+0xf0>
    1230:	01f7e6b3          	or	a3,a5,t6
    1234:	01d6e6b3          	or	a3,a3,t4
    1238:	01e6e6b3          	or	a3,a3,t5
    123c:	02068a63          	beqz	a3,1270 <__getf2+0x154>
    1240:	fc0708e3          	beqz	a4,1210 <__getf2+0xf4>
    1244:	f4b812e3          	bne	a6,a1,1188 <__getf2+0x6c>
    1248:	f4cf60e3          	bltu	t5,a2,1188 <__getf2+0x6c>
    124c:	f9e616e3          	bne	a2,t5,11d8 <__getf2+0xbc>
    1250:	f3ceece3          	bltu	t4,t3,1188 <__getf2+0x6c>
    1254:	f9de12e3          	bne	t3,t4,11d8 <__getf2+0xbc>
    1258:	f26fe8e3          	bltu	t6,t1,1188 <__getf2+0x6c>
    125c:	f7f31ee3          	bne	t1,t6,11d8 <__getf2+0xbc>
    1260:	f317e4e3          	bltu	a5,a7,1188 <__getf2+0x6c>
    1264:	00000513          	li	a0,0
    1268:	f6f8e8e3          	bltu	a7,a5,11d8 <__getf2+0xbc>
    126c:	f49ff06f          	j	11b4 <__getf2+0x98>
    1270:	f40702e3          	beqz	a4,11b4 <__getf2+0x98>
    1274:	f15ff06f          	j	1188 <__getf2+0x6c>
    1278:	ffe00513          	li	a0,-2
    127c:	f39ff06f          	j	11b4 <__getf2+0x98>

00001280 <__letf2>:
    1280:	00052883          	lw	a7,0(a0)
    1284:	00452303          	lw	t1,4(a0)
    1288:	00852e03          	lw	t3,8(a0)
    128c:	00c52503          	lw	a0,12(a0)
    1290:	00c5a803          	lw	a6,12(a1)
    1294:	00008737          	lui	a4,0x8
    1298:	01055693          	srl	a3,a0,0x10
    129c:	fff70713          	add	a4,a4,-1 # 7fff <ecmp+0xb3>
    12a0:	01051613          	sll	a2,a0,0x10
    12a4:	01081f13          	sll	t5,a6,0x10
    12a8:	0005a783          	lw	a5,0(a1)
    12ac:	0045af83          	lw	t6,4(a1)
    12b0:	0085ae83          	lw	t4,8(a1)
    12b4:	00e6f6b3          	and	a3,a3,a4
    12b8:	01f55593          	srl	a1,a0,0x1f
    12bc:	01085513          	srl	a0,a6,0x10
    12c0:	ff010113          	add	sp,sp,-16
    12c4:	01065613          	srl	a2,a2,0x10
    12c8:	010f5f13          	srl	t5,t5,0x10
    12cc:	00e57533          	and	a0,a0,a4
    12d0:	01f85813          	srl	a6,a6,0x1f
    12d4:	04e69663          	bne	a3,a4,1320 <__letf2+0xa0>
    12d8:	011368b3          	or	a7,t1,a7
    12dc:	01c8e8b3          	or	a7,a7,t3
    12e0:	00c8e8b3          	or	a7,a7,a2
    12e4:	0e089c63          	bnez	a7,13dc <__letf2+0x15c>
    12e8:	00d50a63          	beq	a0,a3,12fc <__letf2+0x7c>
    12ec:	00100513          	li	a0,1
    12f0:	02058463          	beqz	a1,1318 <__letf2+0x98>
    12f4:	fff00513          	li	a0,-1
    12f8:	0200006f          	j	1318 <__letf2+0x98>
    12fc:	01f7e7b3          	or	a5,a5,t6
    1300:	01d7e7b3          	or	a5,a5,t4
    1304:	01e7e7b3          	or	a5,a5,t5
    1308:	00200513          	li	a0,2
    130c:	00079663          	bnez	a5,1318 <__letf2+0x98>
    1310:	00000513          	li	a0,0
    1314:	fcb81ce3          	bne	a6,a1,12ec <__letf2+0x6c>
    1318:	01010113          	add	sp,sp,16
    131c:	00008067          	ret
    1320:	02e51663          	bne	a0,a4,134c <__letf2+0xcc>
    1324:	01f7e733          	or	a4,a5,t6
    1328:	01d76733          	or	a4,a4,t4
    132c:	01e76733          	or	a4,a4,t5
    1330:	0a071663          	bnez	a4,13dc <__letf2+0x15c>
    1334:	02068863          	beqz	a3,1364 <__letf2+0xe4>
    1338:	fab81ae3          	bne	a6,a1,12ec <__letf2+0x6c>
    133c:	fff00513          	li	a0,-1
    1340:	fc058ce3          	beqz	a1,1318 <__letf2+0x98>
    1344:	00058513          	mv	a0,a1
    1348:	fd1ff06f          	j	1318 <__letf2+0x98>
    134c:	02068c63          	beqz	a3,1384 <__letf2+0x104>
    1350:	f8050ee3          	beqz	a0,12ec <__letf2+0x6c>
    1354:	f8b81ce3          	bne	a6,a1,12ec <__letf2+0x6c>
    1358:	f8d54ae3          	blt	a0,a3,12ec <__letf2+0x6c>
    135c:	04a6d863          	bge	a3,a0,13ac <__letf2+0x12c>
    1360:	fddff06f          	j	133c <__letf2+0xbc>
    1364:	01136733          	or	a4,t1,a7
    1368:	01c76733          	or	a4,a4,t3
    136c:	00c76733          	or	a4,a4,a2
    1370:	fe0712e3          	bnez	a4,1354 <__letf2+0xd4>
    1374:	fff00513          	li	a0,-1
    1378:	fa0800e3          	beqz	a6,1318 <__letf2+0x98>
    137c:	00080513          	mv	a0,a6
    1380:	f99ff06f          	j	1318 <__letf2+0x98>
    1384:	01136733          	or	a4,t1,a7
    1388:	01c76733          	or	a4,a4,t3
    138c:	00c76733          	or	a4,a4,a2
    1390:	fe0510e3          	bnez	a0,1370 <__letf2+0xf0>
    1394:	01f7e6b3          	or	a3,a5,t6
    1398:	01d6e6b3          	or	a3,a3,t4
    139c:	01e6e6b3          	or	a3,a3,t5
    13a0:	02068a63          	beqz	a3,13d4 <__letf2+0x154>
    13a4:	fc0708e3          	beqz	a4,1374 <__letf2+0xf4>
    13a8:	f4b812e3          	bne	a6,a1,12ec <__letf2+0x6c>
    13ac:	f4cf60e3          	bltu	t5,a2,12ec <__letf2+0x6c>
    13b0:	f9e616e3          	bne	a2,t5,133c <__letf2+0xbc>
    13b4:	f3ceece3          	bltu	t4,t3,12ec <__letf2+0x6c>
    13b8:	f9de12e3          	bne	t3,t4,133c <__letf2+0xbc>
    13bc:	f26fe8e3          	bltu	t6,t1,12ec <__letf2+0x6c>
    13c0:	f7f31ee3          	bne	t1,t6,133c <__letf2+0xbc>
    13c4:	f317e4e3          	bltu	a5,a7,12ec <__letf2+0x6c>
    13c8:	00000513          	li	a0,0
    13cc:	f6f8e8e3          	bltu	a7,a5,133c <__letf2+0xbc>
    13d0:	f49ff06f          	j	1318 <__letf2+0x98>
    13d4:	f40702e3          	beqz	a4,1318 <__letf2+0x98>
    13d8:	f15ff06f          	j	12ec <__letf2+0x6c>
    13dc:	00200513          	li	a0,2
    13e0:	f39ff06f          	j	1318 <__letf2+0x98>

000013e4 <__multf3>:
    13e4:	f5010113          	add	sp,sp,-176
    13e8:	09312e23          	sw	s3,156(sp)
    13ec:	00c5a983          	lw	s3,12(a1)
    13f0:	0005a783          	lw	a5,0(a1)
    13f4:	0085a683          	lw	a3,8(a1)
    13f8:	0a812423          	sw	s0,168(sp)
    13fc:	00050413          	mv	s0,a0
    1400:	0045a503          	lw	a0,4(a1)
    1404:	01099713          	sll	a4,s3,0x10
    1408:	0b212023          	sw	s2,160(sp)
    140c:	09412c23          	sw	s4,152(sp)
    1410:	00062903          	lw	s2,0(a2)
    1414:	00c62a03          	lw	s4,12(a2)
    1418:	09512a23          	sw	s5,148(sp)
    141c:	09612823          	sw	s6,144(sp)
    1420:	00862a83          	lw	s5,8(a2)
    1424:	00462b03          	lw	s6,4(a2)
    1428:	00008637          	lui	a2,0x8
    142c:	0a912223          	sw	s1,164(sp)
    1430:	01075713          	srl	a4,a4,0x10
    1434:	0109d493          	srl	s1,s3,0x10
    1438:	fff60613          	add	a2,a2,-1 # 7fff <ecmp+0xb3>
    143c:	05312e23          	sw	s3,92(sp)
    1440:	0a112623          	sw	ra,172(sp)
    1444:	09712623          	sw	s7,140(sp)
    1448:	09812423          	sw	s8,136(sp)
    144c:	09912223          	sw	s9,132(sp)
    1450:	09a12023          	sw	s10,128(sp)
    1454:	07b12e23          	sw	s11,124(sp)
    1458:	04f12823          	sw	a5,80(sp)
    145c:	04a12a23          	sw	a0,84(sp)
    1460:	04d12c23          	sw	a3,88(sp)
    1464:	02f12023          	sw	a5,32(sp)
    1468:	02a12223          	sw	a0,36(sp)
    146c:	02d12423          	sw	a3,40(sp)
    1470:	02e12623          	sw	a4,44(sp)
    1474:	00c4f4b3          	and	s1,s1,a2
    1478:	01f9d993          	srl	s3,s3,0x1f
    147c:	1c0484e3          	beqz	s1,1e44 <__multf3+0xa60>
    1480:	30c486e3          	beq	s1,a2,1f8c <__multf3+0xba8>
    1484:	000107b7          	lui	a5,0x10
    1488:	00f76733          	or	a4,a4,a5
    148c:	02e12623          	sw	a4,44(sp)
    1490:	02010613          	add	a2,sp,32
    1494:	02c10793          	add	a5,sp,44
    1498:	0007a703          	lw	a4,0(a5) # 10000 <_vfiprintf_r+0xc84>
    149c:	ffc7a683          	lw	a3,-4(a5)
    14a0:	ffc78793          	add	a5,a5,-4
    14a4:	00371713          	sll	a4,a4,0x3
    14a8:	01d6d693          	srl	a3,a3,0x1d
    14ac:	00d76733          	or	a4,a4,a3
    14b0:	00e7a223          	sw	a4,4(a5)
    14b4:	fef612e3          	bne	a2,a5,1498 <__multf3+0xb4>
    14b8:	02012783          	lw	a5,32(sp)
    14bc:	00379793          	sll	a5,a5,0x3
    14c0:	02f12023          	sw	a5,32(sp)
    14c4:	ffffc7b7          	lui	a5,0xffffc
    14c8:	00178793          	add	a5,a5,1 # ffffc001 <_stack_top+0xdfefc001>
    14cc:	00f484b3          	add	s1,s1,a5
    14d0:	00000b93          	li	s7,0
    14d4:	010a1513          	sll	a0,s4,0x10
    14d8:	00008737          	lui	a4,0x8
    14dc:	010a5793          	srl	a5,s4,0x10
    14e0:	01055513          	srl	a0,a0,0x10
    14e4:	fff70713          	add	a4,a4,-1 # 7fff <ecmp+0xb3>
    14e8:	05412e23          	sw	s4,92(sp)
    14ec:	05212823          	sw	s2,80(sp)
    14f0:	05612a23          	sw	s6,84(sp)
    14f4:	05512c23          	sw	s5,88(sp)
    14f8:	03212823          	sw	s2,48(sp)
    14fc:	03612a23          	sw	s6,52(sp)
    1500:	03512c23          	sw	s5,56(sp)
    1504:	02a12e23          	sw	a0,60(sp)
    1508:	00e7f7b3          	and	a5,a5,a4
    150c:	01fa5a13          	srl	s4,s4,0x1f
    1510:	2a0782e3          	beqz	a5,1fb4 <__multf3+0xbd0>
    1514:	3ee784e3          	beq	a5,a4,20fc <__multf3+0xd18>
    1518:	00010737          	lui	a4,0x10
    151c:	00e56533          	or	a0,a0,a4
    1520:	02a12e23          	sw	a0,60(sp)
    1524:	03010593          	add	a1,sp,48
    1528:	03c10713          	add	a4,sp,60
    152c:	00072683          	lw	a3,0(a4) # 10000 <_vfiprintf_r+0xc84>
    1530:	ffc72603          	lw	a2,-4(a4)
    1534:	ffc70713          	add	a4,a4,-4
    1538:	00369693          	sll	a3,a3,0x3
    153c:	01d65613          	srl	a2,a2,0x1d
    1540:	00c6e6b3          	or	a3,a3,a2
    1544:	00d72223          	sw	a3,4(a4)
    1548:	fee592e3          	bne	a1,a4,152c <__multf3+0x148>
    154c:	03012703          	lw	a4,48(sp)
    1550:	00371713          	sll	a4,a4,0x3
    1554:	02e12823          	sw	a4,48(sp)
    1558:	ffffc737          	lui	a4,0xffffc
    155c:	00170713          	add	a4,a4,1 # ffffc001 <_stack_top+0xdfefc001>
    1560:	00e787b3          	add	a5,a5,a4
    1564:	00000693          	li	a3,0
    1568:	009787b3          	add	a5,a5,s1
    156c:	00f12623          	sw	a5,12(sp)
    1570:	00178793          	add	a5,a5,1
    1574:	0149c733          	xor	a4,s3,s4
    1578:	00f12423          	sw	a5,8(sp)
    157c:	002b9793          	sll	a5,s7,0x2
    1580:	00e12223          	sw	a4,4(sp)
    1584:	00d7e7b3          	or	a5,a5,a3
    1588:	00a00713          	li	a4,10
    158c:	3cf74ce3          	blt	a4,a5,2164 <__multf3+0xd80>
    1590:	00200713          	li	a4,2
    1594:	38f748e3          	blt	a4,a5,2124 <__multf3+0xd40>
    1598:	fff78793          	add	a5,a5,-1
    159c:	00100713          	li	a4,1
    15a0:	42f774e3          	bgeu	a4,a5,21c8 <__multf3+0xde4>
    15a4:	02012883          	lw	a7,32(sp)
    15a8:	03012f03          	lw	t5,48(sp)
    15ac:	000105b7          	lui	a1,0x10
    15b0:	fff58713          	add	a4,a1,-1 # ffff <_vfiprintf_r+0xc83>
    15b4:	0108d993          	srl	s3,a7,0x10
    15b8:	010f5913          	srl	s2,t5,0x10
    15bc:	00e8f8b3          	and	a7,a7,a4
    15c0:	00ef7f33          	and	t5,t5,a4
    15c4:	031f0633          	mul	a2,t5,a7
    15c8:	03e98533          	mul	a0,s3,t5
    15cc:	01065793          	srl	a5,a2,0x10
    15d0:	031906b3          	mul	a3,s2,a7
    15d4:	00a686b3          	add	a3,a3,a0
    15d8:	00d787b3          	add	a5,a5,a3
    15dc:	03298bb3          	mul	s7,s3,s2
    15e0:	00a7f463          	bgeu	a5,a0,15e8 <__multf3+0x204>
    15e4:	00bb8bb3          	add	s7,s7,a1
    15e8:	03412e83          	lw	t4,52(sp)
    15ec:	0107d693          	srl	a3,a5,0x10
    15f0:	00e7f7b3          	and	a5,a5,a4
    15f4:	00e67633          	and	a2,a2,a4
    15f8:	01079793          	sll	a5,a5,0x10
    15fc:	00c787b3          	add	a5,a5,a2
    1600:	010ed393          	srl	t2,t4,0x10
    1604:	00eefeb3          	and	t4,t4,a4
    1608:	03d98633          	mul	a2,s3,t4
    160c:	00f12823          	sw	a5,16(sp)
    1610:	04f12823          	sw	a5,80(sp)
    1614:	03138733          	mul	a4,t2,a7
    1618:	031e87b3          	mul	a5,t4,a7
    161c:	00c70733          	add	a4,a4,a2
    1620:	0107d313          	srl	t1,a5,0x10
    1624:	00e30333          	add	t1,t1,a4
    1628:	02798b33          	mul	s6,s3,t2
    162c:	00c37663          	bgeu	t1,a2,1638 <__multf3+0x254>
    1630:	00010737          	lui	a4,0x10
    1634:	00eb0b33          	add	s6,s6,a4
    1638:	02412803          	lw	a6,36(sp)
    163c:	00010737          	lui	a4,0x10
    1640:	fff70613          	add	a2,a4,-1 # ffff <_vfiprintf_r+0xc83>
    1644:	01035513          	srl	a0,t1,0x10
    1648:	00c37333          	and	t1,t1,a2
    164c:	00c7f7b3          	and	a5,a5,a2
    1650:	01085493          	srl	s1,a6,0x10
    1654:	01031313          	sll	t1,t1,0x10
    1658:	00c87833          	and	a6,a6,a2
    165c:	00f30333          	add	t1,t1,a5
    1660:	03e48fb3          	mul	t6,s1,t5
    1664:	006686b3          	add	a3,a3,t1
    1668:	03e807b3          	mul	a5,a6,t5
    166c:	03090e33          	mul	t3,s2,a6
    1670:	0107d613          	srl	a2,a5,0x10
    1674:	01fe0e33          	add	t3,t3,t6
    1678:	01c60633          	add	a2,a2,t3
    167c:	029905b3          	mul	a1,s2,s1
    1680:	01f67463          	bgeu	a2,t6,1688 <__multf3+0x2a4>
    1684:	00e585b3          	add	a1,a1,a4
    1688:	01065a93          	srl	s5,a2,0x10
    168c:	00010737          	lui	a4,0x10
    1690:	00ba8ab3          	add	s5,s5,a1
    1694:	fff70593          	add	a1,a4,-1 # ffff <_vfiprintf_r+0xc83>
    1698:	00b7f7b3          	and	a5,a5,a1
    169c:	00b67633          	and	a2,a2,a1
    16a0:	01061613          	sll	a2,a2,0x10
    16a4:	030e85b3          	mul	a1,t4,a6
    16a8:	00f60633          	add	a2,a2,a5
    16ac:	03d48fb3          	mul	t6,s1,t4
    16b0:	0105d793          	srl	a5,a1,0x10
    16b4:	03038e33          	mul	t3,t2,a6
    16b8:	01fe0e33          	add	t3,t3,t6
    16bc:	01c787b3          	add	a5,a5,t3
    16c0:	029382b3          	mul	t0,t2,s1
    16c4:	01f7f463          	bgeu	a5,t6,16cc <__multf3+0x2e8>
    16c8:	00e282b3          	add	t0,t0,a4
    16cc:	0107d713          	srl	a4,a5,0x10
    16d0:	00570733          	add	a4,a4,t0
    16d4:	00010a37          	lui	s4,0x10
    16d8:	00e12a23          	sw	a4,20(sp)
    16dc:	fffa0713          	add	a4,s4,-1 # ffff <_vfiprintf_r+0xc83>
    16e0:	03812e03          	lw	t3,56(sp)
    16e4:	00e7f7b3          	and	a5,a5,a4
    16e8:	00e5f5b3          	and	a1,a1,a4
    16ec:	01079793          	sll	a5,a5,0x10
    16f0:	00b787b3          	add	a5,a5,a1
    16f4:	00f12c23          	sw	a5,24(sp)
    16f8:	010e5793          	srl	a5,t3,0x10
    16fc:	00ee7e33          	and	t3,t3,a4
    1700:	031e05b3          	mul	a1,t3,a7
    1704:	03c98c33          	mul	s8,s3,t3
    1708:	0105d713          	srl	a4,a1,0x10
    170c:	031782b3          	mul	t0,a5,a7
    1710:	018282b3          	add	t0,t0,s8
    1714:	00570733          	add	a4,a4,t0
    1718:	02f98fb3          	mul	t6,s3,a5
    171c:	01877463          	bgeu	a4,s8,1724 <__multf3+0x340>
    1720:	014f8fb3          	add	t6,t6,s4
    1724:	01075293          	srl	t0,a4,0x10
    1728:	01f28fb3          	add	t6,t0,t6
    172c:	00010cb7          	lui	s9,0x10
    1730:	01f12e23          	sw	t6,28(sp)
    1734:	fffc8f93          	add	t6,s9,-1 # ffff <_vfiprintf_r+0xc83>
    1738:	01f77733          	and	a4,a4,t6
    173c:	01f5f5b3          	and	a1,a1,t6
    1740:	01071713          	sll	a4,a4,0x10
    1744:	00b70733          	add	a4,a4,a1
    1748:	02812583          	lw	a1,40(sp)
    174c:	0105d293          	srl	t0,a1,0x10
    1750:	01f5f5b3          	and	a1,a1,t6
    1754:	03e58fb3          	mul	t6,a1,t5
    1758:	03e28d33          	mul	s10,t0,t5
    175c:	010fdd93          	srl	s11,t6,0x10
    1760:	02b90a33          	mul	s4,s2,a1
    1764:	01aa0a33          	add	s4,s4,s10
    1768:	014d8a33          	add	s4,s11,s4
    176c:	02590c33          	mul	s8,s2,t0
    1770:	01aa7463          	bgeu	s4,s10,1778 <__multf3+0x394>
    1774:	019c0c33          	add	s8,s8,s9
    1778:	017686b3          	add	a3,a3,s7
    177c:	0066b333          	sltu	t1,a3,t1
    1780:	010a5d13          	srl	s10,s4,0x10
    1784:	00650533          	add	a0,a0,t1
    1788:	00010cb7          	lui	s9,0x10
    178c:	01650533          	add	a0,a0,s6
    1790:	018d0d33          	add	s10,s10,s8
    1794:	00c68633          	add	a2,a3,a2
    1798:	fffc8c13          	add	s8,s9,-1 # ffff <_vfiprintf_r+0xc83>
    179c:	01550ab3          	add	s5,a0,s5
    17a0:	018a7a33          	and	s4,s4,s8
    17a4:	00d636b3          	sltu	a3,a2,a3
    17a8:	00da86b3          	add	a3,s5,a3
    17ac:	010a1a13          	sll	s4,s4,0x10
    17b0:	018fffb3          	and	t6,t6,s8
    17b4:	01fa0fb3          	add	t6,s4,t6
    17b8:	00aaba33          	sltu	s4,s5,a0
    17bc:	0156bab3          	sltu	s5,a3,s5
    17c0:	015a6a33          	or	s4,s4,s5
    17c4:	00653533          	sltu	a0,a0,t1
    17c8:	00aa0533          	add	a0,s4,a0
    17cc:	01812303          	lw	t1,24(sp)
    17d0:	01412a03          	lw	s4,20(sp)
    17d4:	04c12a23          	sw	a2,84(sp)
    17d8:	00668333          	add	t1,a3,t1
    17dc:	01450ab3          	add	s5,a0,s4
    17e0:	01c12a03          	lw	s4,28(sp)
    17e4:	00d336b3          	sltu	a3,t1,a3
    17e8:	00da86b3          	add	a3,s5,a3
    17ec:	00e30733          	add	a4,t1,a4
    17f0:	01468b33          	add	s6,a3,s4
    17f4:	00673333          	sltu	t1,a4,t1
    17f8:	006b0333          	add	t1,s6,t1
    17fc:	01f70fb3          	add	t6,a4,t6
    1800:	01a30d33          	add	s10,t1,s10
    1804:	00efb733          	sltu	a4,t6,a4
    1808:	00aab533          	sltu	a0,s5,a0
    180c:	00ed0733          	add	a4,s10,a4
    1810:	0156bab3          	sltu	s5,a3,s5
    1814:	00db36b3          	sltu	a3,s6,a3
    1818:	01633b33          	sltu	s6,t1,s6
    181c:	0166e6b3          	or	a3,a3,s6
    1820:	006d3a33          	sltu	s4,s10,t1
    1824:	01556ab3          	or	s5,a0,s5
    1828:	01a73d33          	sltu	s10,a4,s10
    182c:	00da8ab3          	add	s5,s5,a3
    1830:	01aa6a33          	or	s4,s4,s10
    1834:	015a0a33          	add	s4,s4,s5
    1838:	03c12a83          	lw	s5,60(sp)
    183c:	05f12c23          	sw	t6,88(sp)
    1840:	010adb13          	srl	s6,s5,0x10
    1844:	018afab3          	and	s5,s5,s8
    1848:	031a86b3          	mul	a3,s5,a7
    184c:	03598533          	mul	a0,s3,s5
    1850:	031b08b3          	mul	a7,s6,a7
    1854:	00a88333          	add	t1,a7,a0
    1858:	0106d893          	srl	a7,a3,0x10
    185c:	006888b3          	add	a7,a7,t1
    1860:	036989b3          	mul	s3,s3,s6
    1864:	00a8f463          	bgeu	a7,a0,186c <__multf3+0x488>
    1868:	019989b3          	add	s3,s3,s9
    186c:	02c12b83          	lw	s7,44(sp)
    1870:	0108d513          	srl	a0,a7,0x10
    1874:	01350533          	add	a0,a0,s3
    1878:	00010c37          	lui	s8,0x10
    187c:	00a12a23          	sw	a0,20(sp)
    1880:	fffc0513          	add	a0,s8,-1 # ffff <_vfiprintf_r+0xc83>
    1884:	010bd993          	srl	s3,s7,0x10
    1888:	00abfbb3          	and	s7,s7,a0
    188c:	00a6f6b3          	and	a3,a3,a0
    1890:	00a8f8b3          	and	a7,a7,a0
    1894:	03390333          	mul	t1,s2,s3
    1898:	01089893          	sll	a7,a7,0x10
    189c:	00d888b3          	add	a7,a7,a3
    18a0:	03eb8533          	mul	a0,s7,t5
    18a4:	03790933          	mul	s2,s2,s7
    18a8:	01055693          	srl	a3,a0,0x10
    18ac:	03e98f33          	mul	t5,s3,t5
    18b0:	01e90933          	add	s2,s2,t5
    18b4:	012686b3          	add	a3,a3,s2
    18b8:	01e6f463          	bgeu	a3,t5,18c0 <__multf3+0x4dc>
    18bc:	01830333          	add	t1,t1,s8
    18c0:	0106df13          	srl	t5,a3,0x10
    18c4:	006f0333          	add	t1,t5,t1
    18c8:	00010cb7          	lui	s9,0x10
    18cc:	00612c23          	sw	t1,24(sp)
    18d0:	fffc8313          	add	t1,s9,-1 # ffff <_vfiprintf_r+0xc83>
    18d4:	00657533          	and	a0,a0,t1
    18d8:	0066f6b3          	and	a3,a3,t1
    18dc:	03c48f33          	mul	t5,s1,t3
    18e0:	01069693          	sll	a3,a3,0x10
    18e4:	00a686b3          	add	a3,a3,a0
    18e8:	03c80333          	mul	t1,a6,t3
    18ec:	03078933          	mul	s2,a5,a6
    18f0:	01035513          	srl	a0,t1,0x10
    18f4:	01e90933          	add	s2,s2,t5
    18f8:	01250533          	add	a0,a0,s2
    18fc:	02f48c33          	mul	s8,s1,a5
    1900:	01e57463          	bgeu	a0,t5,1908 <__multf3+0x524>
    1904:	019c0c33          	add	s8,s8,s9
    1908:	00010d37          	lui	s10,0x10
    190c:	fffd0f13          	add	t5,s10,-1 # ffff <_vfiprintf_r+0xc83>
    1910:	01055913          	srl	s2,a0,0x10
    1914:	01e57533          	and	a0,a0,t5
    1918:	01e37333          	and	t1,t1,t5
    191c:	01051513          	sll	a0,a0,0x10
    1920:	01890933          	add	s2,s2,s8
    1924:	02b38f33          	mul	t5,t2,a1
    1928:	00650533          	add	a0,a0,t1
    192c:	03d28c33          	mul	s8,t0,t4
    1930:	02be8333          	mul	t1,t4,a1
    1934:	018f0f33          	add	t5,t5,s8
    1938:	01035d93          	srl	s11,t1,0x10
    193c:	01ed8f33          	add	t5,s11,t5
    1940:	02538cb3          	mul	s9,t2,t0
    1944:	018f7463          	bgeu	t5,s8,194c <__multf3+0x568>
    1948:	01ac8cb3          	add	s9,s9,s10
    194c:	010f5c13          	srl	s8,t5,0x10
    1950:	019c0c33          	add	s8,s8,s9
    1954:	00010cb7          	lui	s9,0x10
    1958:	fffc8d13          	add	s10,s9,-1 # ffff <_vfiprintf_r+0xc83>
    195c:	01af7f33          	and	t5,t5,s10
    1960:	010f1f13          	sll	t5,t5,0x10
    1964:	01a37333          	and	t1,t1,s10
    1968:	006f0333          	add	t1,t5,t1
    196c:	01412f03          	lw	t5,20(sp)
    1970:	011708b3          	add	a7,a4,a7
    1974:	01812d03          	lw	s10,24(sp)
    1978:	01ea0f33          	add	t5,s4,t5
    197c:	00e8b733          	sltu	a4,a7,a4
    1980:	00ef0733          	add	a4,t5,a4
    1984:	00d886b3          	add	a3,a7,a3
    1988:	01a70d33          	add	s10,a4,s10
    198c:	0116b8b3          	sltu	a7,a3,a7
    1990:	011d08b3          	add	a7,s10,a7
    1994:	00a68533          	add	a0,a3,a0
    1998:	01288933          	add	s2,a7,s2
    199c:	00d536b3          	sltu	a3,a0,a3
    19a0:	00d906b3          	add	a3,s2,a3
    19a4:	014f3a33          	sltu	s4,t5,s4
    19a8:	01e73f33          	sltu	t5,a4,t5
    19ac:	00ed3733          	sltu	a4,s10,a4
    19b0:	01a8bd33          	sltu	s10,a7,s10
    19b4:	01ea6f33          	or	t5,s4,t5
    19b8:	011938b3          	sltu	a7,s2,a7
    19bc:	01a76733          	or	a4,a4,s10
    19c0:	0126b933          	sltu	s2,a3,s2
    19c4:	01868c33          	add	s8,a3,s8
    19c8:	00ef0733          	add	a4,t5,a4
    19cc:	0128e8b3          	or	a7,a7,s2
    19d0:	00e88933          	add	s2,a7,a4
    19d4:	03c28f33          	mul	t5,t0,t3
    19d8:	00dc38b3          	sltu	a7,s8,a3
    19dc:	00650333          	add	t1,a0,t1
    19e0:	00a33533          	sltu	a0,t1,a0
    19e4:	00ac0533          	add	a0,s8,a0
    19e8:	01853c33          	sltu	s8,a0,s8
    19ec:	0188e8b3          	or	a7,a7,s8
    19f0:	04612e23          	sw	t1,92(sp)
    19f4:	012888b3          	add	a7,a7,s2
    19f8:	02be06b3          	mul	a3,t3,a1
    19fc:	02b78a33          	mul	s4,a5,a1
    1a00:	0106d713          	srl	a4,a3,0x10
    1a04:	01ea0a33          	add	s4,s4,t5
    1a08:	01470733          	add	a4,a4,s4
    1a0c:	02578933          	mul	s2,a5,t0
    1a10:	01e77463          	bgeu	a4,t5,1a18 <__multf3+0x634>
    1a14:	01990933          	add	s2,s2,s9
    1a18:	01075f13          	srl	t5,a4,0x10
    1a1c:	012f0f33          	add	t5,t5,s2
    1a20:	00010937          	lui	s2,0x10
    1a24:	fff90a13          	add	s4,s2,-1 # ffff <_vfiprintf_r+0xc83>
    1a28:	01477733          	and	a4,a4,s4
    1a2c:	0146f6b3          	and	a3,a3,s4
    1a30:	01071713          	sll	a4,a4,0x10
    1a34:	03548a33          	mul	s4,s1,s5
    1a38:	00d70733          	add	a4,a4,a3
    1a3c:	030a86b3          	mul	a3,s5,a6
    1a40:	030b0833          	mul	a6,s6,a6
    1a44:	01480c33          	add	s8,a6,s4
    1a48:	0106d813          	srl	a6,a3,0x10
    1a4c:	01880833          	add	a6,a6,s8
    1a50:	036484b3          	mul	s1,s1,s6
    1a54:	01487463          	bgeu	a6,s4,1a5c <__multf3+0x678>
    1a58:	012484b3          	add	s1,s1,s2
    1a5c:	01085913          	srl	s2,a6,0x10
    1a60:	00010c37          	lui	s8,0x10
    1a64:	009904b3          	add	s1,s2,s1
    1a68:	fffc0913          	add	s2,s8,-1 # ffff <_vfiprintf_r+0xc83>
    1a6c:	0126f6b3          	and	a3,a3,s2
    1a70:	01287833          	and	a6,a6,s2
    1a74:	01081813          	sll	a6,a6,0x10
    1a78:	03db8a33          	mul	s4,s7,t4
    1a7c:	00d80833          	add	a6,a6,a3
    1a80:	03d98eb3          	mul	t4,s3,t4
    1a84:	010a5693          	srl	a3,s4,0x10
    1a88:	03338933          	mul	s2,t2,s3
    1a8c:	037383b3          	mul	t2,t2,s7
    1a90:	01d383b3          	add	t2,t2,t4
    1a94:	007686b3          	add	a3,a3,t2
    1a98:	01d6f463          	bgeu	a3,t4,1aa0 <__multf3+0x6bc>
    1a9c:	01890933          	add	s2,s2,s8
    1aa0:	0106de93          	srl	t4,a3,0x10
    1aa4:	012e8eb3          	add	t4,t4,s2
    1aa8:	00010937          	lui	s2,0x10
    1aac:	fff90393          	add	t2,s2,-1 # ffff <_vfiprintf_r+0xc83>
    1ab0:	0076f6b3          	and	a3,a3,t2
    1ab4:	007a7a33          	and	s4,s4,t2
    1ab8:	01069693          	sll	a3,a3,0x10
    1abc:	02ba83b3          	mul	t2,s5,a1
    1ac0:	014686b3          	add	a3,a3,s4
    1ac4:	02bb05b3          	mul	a1,s6,a1
    1ac8:	03528a33          	mul	s4,t0,s5
    1acc:	01458c33          	add	s8,a1,s4
    1ad0:	0103d593          	srl	a1,t2,0x10
    1ad4:	018585b3          	add	a1,a1,s8
    1ad8:	036282b3          	mul	t0,t0,s6
    1adc:	0145f463          	bgeu	a1,s4,1ae4 <__multf3+0x700>
    1ae0:	012282b3          	add	t0,t0,s2
    1ae4:	0105d913          	srl	s2,a1,0x10
    1ae8:	005902b3          	add	t0,s2,t0
    1aec:	00010937          	lui	s2,0x10
    1af0:	fff90a13          	add	s4,s2,-1 # ffff <_vfiprintf_r+0xc83>
    1af4:	0145f5b3          	and	a1,a1,s4
    1af8:	0143f3b3          	and	t2,t2,s4
    1afc:	01059593          	sll	a1,a1,0x10
    1b00:	03378a33          	mul	s4,a5,s3
    1b04:	007585b3          	add	a1,a1,t2
    1b08:	037787b3          	mul	a5,a5,s7
    1b0c:	03cb83b3          	mul	t2,s7,t3
    1b10:	03c98e33          	mul	t3,s3,t3
    1b14:	0103dc13          	srl	s8,t2,0x10
    1b18:	01c787b3          	add	a5,a5,t3
    1b1c:	00fc07b3          	add	a5,s8,a5
    1b20:	01c7f463          	bgeu	a5,t3,1b28 <__multf3+0x744>
    1b24:	012a0a33          	add	s4,s4,s2
    1b28:	00e50733          	add	a4,a0,a4
    1b2c:	0107de13          	srl	t3,a5,0x10
    1b30:	00010937          	lui	s2,0x10
    1b34:	01e88f33          	add	t5,a7,t5
    1b38:	014e0e33          	add	t3,t3,s4
    1b3c:	00a73533          	sltu	a0,a4,a0
    1b40:	fff90a13          	add	s4,s2,-1 # ffff <_vfiprintf_r+0xc83>
    1b44:	00af0533          	add	a0,t5,a0
    1b48:	01070833          	add	a6,a4,a6
    1b4c:	0147f7b3          	and	a5,a5,s4
    1b50:	009504b3          	add	s1,a0,s1
    1b54:	0143f3b3          	and	t2,t2,s4
    1b58:	00e83733          	sltu	a4,a6,a4
    1b5c:	01079793          	sll	a5,a5,0x10
    1b60:	007787b3          	add	a5,a5,t2
    1b64:	00e483b3          	add	t2,s1,a4
    1b68:	011f38b3          	sltu	a7,t5,a7
    1b6c:	01e53f33          	sltu	t5,a0,t5
    1b70:	00a4b533          	sltu	a0,s1,a0
    1b74:	0093b4b3          	sltu	s1,t2,s1
    1b78:	00956533          	or	a0,a0,s1
    1b7c:	01e8e8b3          	or	a7,a7,t5
    1b80:	00a888b3          	add	a7,a7,a0
    1b84:	037a8533          	mul	a0,s5,s7
    1b88:	00d806b3          	add	a3,a6,a3
    1b8c:	01d38eb3          	add	t4,t2,t4
    1b90:	06d12023          	sw	a3,96(sp)
    1b94:	0106b6b3          	sltu	a3,a3,a6
    1b98:	00de8733          	add	a4,t4,a3
    1b9c:	007eb3b3          	sltu	t2,t4,t2
    1ba0:	01d73eb3          	sltu	t4,a4,t4
    1ba4:	01d3e3b3          	or	t2,t2,t4
    1ba8:	00b705b3          	add	a1,a4,a1
    1bac:	03598ab3          	mul	s5,s3,s5
    1bb0:	011383b3          	add	t2,t2,a7
    1bb4:	005382b3          	add	t0,t2,t0
    1bb8:	00e5b733          	sltu	a4,a1,a4
    1bbc:	00e28733          	add	a4,t0,a4
    1bc0:	00f587b3          	add	a5,a1,a5
    1bc4:	01c70e33          	add	t3,a4,t3
    1bc8:	06f12223          	sw	a5,100(sp)
    1bcc:	00b7b7b3          	sltu	a5,a5,a1
    1bd0:	00fe07b3          	add	a5,t3,a5
    1bd4:	033b09b3          	mul	s3,s6,s3
    1bd8:	01055693          	srl	a3,a0,0x10
    1bdc:	0072b3b3          	sltu	t2,t0,t2
    1be0:	005732b3          	sltu	t0,a4,t0
    1be4:	00ee3733          	sltu	a4,t3,a4
    1be8:	01c7be33          	sltu	t3,a5,t3
    1bec:	0053e3b3          	or	t2,t2,t0
    1bf0:	01c76733          	or	a4,a4,t3
    1bf4:	037b0b33          	mul	s6,s6,s7
    1bf8:	015b0b33          	add	s6,s6,s5
    1bfc:	016686b3          	add	a3,a3,s6
    1c00:	0156f463          	bgeu	a3,s5,1c08 <__multf3+0x824>
    1c04:	012989b3          	add	s3,s3,s2
    1c08:	00010837          	lui	a6,0x10
    1c0c:	fff80813          	add	a6,a6,-1 # ffff <_vfiprintf_r+0xc83>
    1c10:	0106d593          	srl	a1,a3,0x10
    1c14:	0106f6b3          	and	a3,a3,a6
    1c18:	01069693          	sll	a3,a3,0x10
    1c1c:	01057533          	and	a0,a0,a6
    1c20:	00a686b3          	add	a3,a3,a0
    1c24:	00d786b3          	add	a3,a5,a3
    1c28:	007585b3          	add	a1,a1,t2
    1c2c:	00f6b7b3          	sltu	a5,a3,a5
    1c30:	00e58733          	add	a4,a1,a4
    1c34:	00e787b3          	add	a5,a5,a4
    1c38:	013787b3          	add	a5,a5,s3
    1c3c:	06f12623          	sw	a5,108(sp)
    1c40:	01012783          	lw	a5,16(sp)
    1c44:	00d31313          	sll	t1,t1,0xd
    1c48:	06d12423          	sw	a3,104(sp)
    1c4c:	00c7e7b3          	or	a5,a5,a2
    1c50:	00ffefb3          	or	t6,t6,a5
    1c54:	01f36333          	or	t1,t1,t6
    1c58:	05010793          	add	a5,sp,80
    1c5c:	06010613          	add	a2,sp,96
    1c60:	00c7a703          	lw	a4,12(a5)
    1c64:	0107a683          	lw	a3,16(a5)
    1c68:	00478793          	add	a5,a5,4
    1c6c:	01375713          	srl	a4,a4,0x13
    1c70:	00d69693          	sll	a3,a3,0xd
    1c74:	00d76733          	or	a4,a4,a3
    1c78:	fee7ae23          	sw	a4,-4(a5)
    1c7c:	fef612e3          	bne	a2,a5,1c60 <__multf3+0x87c>
    1c80:	05812703          	lw	a4,88(sp)
    1c84:	05012783          	lw	a5,80(sp)
    1c88:	00603333          	snez	t1,t1
    1c8c:	04e12423          	sw	a4,72(sp)
    1c90:	05412703          	lw	a4,84(sp)
    1c94:	00f36333          	or	t1,t1,a5
    1c98:	05c12783          	lw	a5,92(sp)
    1c9c:	04e12223          	sw	a4,68(sp)
    1ca0:	00100737          	lui	a4,0x100
    1ca4:	04f12623          	sw	a5,76(sp)
    1ca8:	04612023          	sw	t1,64(sp)
    1cac:	00e7f7b3          	and	a5,a5,a4
    1cb0:	52078e63          	beqz	a5,21ec <__multf3+0xe08>
    1cb4:	01f31313          	sll	t1,t1,0x1f
    1cb8:	04010793          	add	a5,sp,64
    1cbc:	04c10613          	add	a2,sp,76
    1cc0:	0007a703          	lw	a4,0(a5)
    1cc4:	0047a683          	lw	a3,4(a5)
    1cc8:	00478793          	add	a5,a5,4
    1ccc:	00175713          	srl	a4,a4,0x1
    1cd0:	01f69693          	sll	a3,a3,0x1f
    1cd4:	00d76733          	or	a4,a4,a3
    1cd8:	fee7ae23          	sw	a4,-4(a5)
    1cdc:	fef612e3          	bne	a2,a5,1cc0 <__multf3+0x8dc>
    1ce0:	04c12783          	lw	a5,76(sp)
    1ce4:	00603333          	snez	t1,t1
    1ce8:	0017d793          	srl	a5,a5,0x1
    1cec:	04f12623          	sw	a5,76(sp)
    1cf0:	04012783          	lw	a5,64(sp)
    1cf4:	0067e7b3          	or	a5,a5,t1
    1cf8:	04f12023          	sw	a5,64(sp)
    1cfc:	00812703          	lw	a4,8(sp)
    1d00:	000047b7          	lui	a5,0x4
    1d04:	fff78793          	add	a5,a5,-1 # 3fff <__trunctfdf2+0x2bb>
    1d08:	00f707b3          	add	a5,a4,a5
    1d0c:	50f05263          	blez	a5,2210 <__multf3+0xe2c>
    1d10:	04012703          	lw	a4,64(sp)
    1d14:	00777693          	and	a3,a4,7
    1d18:	04068463          	beqz	a3,1d60 <__multf3+0x97c>
    1d1c:	00f77693          	and	a3,a4,15
    1d20:	00400613          	li	a2,4
    1d24:	02c68e63          	beq	a3,a2,1d60 <__multf3+0x97c>
    1d28:	00470713          	add	a4,a4,4 # 100004 <_sidata+0xeb8fc>
    1d2c:	00473693          	sltiu	a3,a4,4
    1d30:	04e12023          	sw	a4,64(sp)
    1d34:	04412703          	lw	a4,68(sp)
    1d38:	00e68733          	add	a4,a3,a4
    1d3c:	04e12223          	sw	a4,68(sp)
    1d40:	00d73733          	sltu	a4,a4,a3
    1d44:	04812683          	lw	a3,72(sp)
    1d48:	00e68733          	add	a4,a3,a4
    1d4c:	04e12423          	sw	a4,72(sp)
    1d50:	00d73733          	sltu	a4,a4,a3
    1d54:	04c12683          	lw	a3,76(sp)
    1d58:	00d70733          	add	a4,a4,a3
    1d5c:	04e12623          	sw	a4,76(sp)
    1d60:	04c12703          	lw	a4,76(sp)
    1d64:	001006b7          	lui	a3,0x100
    1d68:	00d776b3          	and	a3,a4,a3
    1d6c:	02068063          	beqz	a3,1d8c <__multf3+0x9a8>
    1d70:	fff007b7          	lui	a5,0xfff00
    1d74:	fff78793          	add	a5,a5,-1 # ffefffff <_stack_top+0xdfdfffff>
    1d78:	00f77733          	and	a4,a4,a5
    1d7c:	04e12623          	sw	a4,76(sp)
    1d80:	00812703          	lw	a4,8(sp)
    1d84:	000047b7          	lui	a5,0x4
    1d88:	00f707b3          	add	a5,a4,a5
    1d8c:	04010713          	add	a4,sp,64
    1d90:	04c10593          	add	a1,sp,76
    1d94:	00072683          	lw	a3,0(a4)
    1d98:	00472603          	lw	a2,4(a4)
    1d9c:	00470713          	add	a4,a4,4
    1da0:	0036d693          	srl	a3,a3,0x3
    1da4:	01d61613          	sll	a2,a2,0x1d
    1da8:	00c6e6b3          	or	a3,a3,a2
    1dac:	fed72e23          	sw	a3,-4(a4)
    1db0:	feb712e3          	bne	a4,a1,1d94 <__multf3+0x9b0>
    1db4:	000086b7          	lui	a3,0x8
    1db8:	ffe68613          	add	a2,a3,-2 # 7ffe <ecmp+0xb2>
    1dbc:	04c12703          	lw	a4,76(sp)
    1dc0:	42f64c63          	blt	a2,a5,21f8 <__multf3+0xe14>
    1dc4:	00375713          	srl	a4,a4,0x3
    1dc8:	04e12623          	sw	a4,76(sp)
    1dcc:	04c12703          	lw	a4,76(sp)
    1dd0:	0ac12083          	lw	ra,172(sp)
    1dd4:	00040513          	mv	a0,s0
    1dd8:	04e11e23          	sh	a4,92(sp)
    1ddc:	00412703          	lw	a4,4(sp)
    1de0:	0a412483          	lw	s1,164(sp)
    1de4:	0a012903          	lw	s2,160(sp)
    1de8:	00f71713          	sll	a4,a4,0xf
    1dec:	00f767b3          	or	a5,a4,a5
    1df0:	04f11f23          	sh	a5,94(sp)
    1df4:	04012783          	lw	a5,64(sp)
    1df8:	09c12983          	lw	s3,156(sp)
    1dfc:	09812a03          	lw	s4,152(sp)
    1e00:	00f42023          	sw	a5,0(s0) # 80000 <_sidata+0x6b8f8>
    1e04:	04412783          	lw	a5,68(sp)
    1e08:	09412a83          	lw	s5,148(sp)
    1e0c:	09012b03          	lw	s6,144(sp)
    1e10:	00f42223          	sw	a5,4(s0)
    1e14:	04812783          	lw	a5,72(sp)
    1e18:	08c12b83          	lw	s7,140(sp)
    1e1c:	08812c03          	lw	s8,136(sp)
    1e20:	00f42423          	sw	a5,8(s0)
    1e24:	05c12783          	lw	a5,92(sp)
    1e28:	08412c83          	lw	s9,132(sp)
    1e2c:	08012d03          	lw	s10,128(sp)
    1e30:	00f42623          	sw	a5,12(s0)
    1e34:	0a812403          	lw	s0,168(sp)
    1e38:	07c12d83          	lw	s11,124(sp)
    1e3c:	0b010113          	add	sp,sp,176
    1e40:	00008067          	ret
    1e44:	00a7e633          	or	a2,a5,a0
    1e48:	00d66633          	or	a2,a2,a3
    1e4c:	00e66633          	or	a2,a2,a4
    1e50:	14060c63          	beqz	a2,1fa8 <__multf3+0xbc4>
    1e54:	04070e63          	beqz	a4,1eb0 <__multf3+0xacc>
    1e58:	00070513          	mv	a0,a4
    1e5c:	240020ef          	jal	409c <__clzsi2>
    1e60:	ff450693          	add	a3,a0,-12
    1e64:	02000613          	li	a2,32
    1e68:	40d60633          	sub	a2,a2,a3
    1e6c:	00000793          	li	a5,0
    1e70:	ffc00593          	li	a1,-4
    1e74:	02b785b3          	mul	a1,a5,a1
    1e78:	02010313          	add	t1,sp,32
    1e7c:	00c58713          	add	a4,a1,12
    1e80:	00e30733          	add	a4,t1,a4
    1e84:	40b005b3          	neg	a1,a1
    1e88:	0ee31063          	bne	t1,a4,1f68 <__multf3+0xb84>
    1e8c:	fff78713          	add	a4,a5,-1 # 3fff <__trunctfdf2+0x2bb>
    1e90:	00279793          	sll	a5,a5,0x2
    1e94:	02010613          	add	a2,sp,32
    1e98:	05078793          	add	a5,a5,80
    1e9c:	00c787b3          	add	a5,a5,a2
    1ea0:	02012603          	lw	a2,32(sp)
    1ea4:	00d616b3          	sll	a3,a2,a3
    1ea8:	fad7a823          	sw	a3,-80(a5)
    1eac:	07c0006f          	j	1f28 <__multf3+0xb44>
    1eb0:	02068663          	beqz	a3,1edc <__multf3+0xaf8>
    1eb4:	00068513          	mv	a0,a3
    1eb8:	1e4020ef          	jal	409c <__clzsi2>
    1ebc:	02050513          	add	a0,a0,32
    1ec0:	ff450693          	add	a3,a0,-12
    1ec4:	4056d793          	sra	a5,a3,0x5
    1ec8:	01f6f693          	and	a3,a3,31
    1ecc:	02068863          	beqz	a3,1efc <__multf3+0xb18>
    1ed0:	02000613          	li	a2,32
    1ed4:	40d60633          	sub	a2,a2,a3
    1ed8:	f99ff06f          	j	1e70 <__multf3+0xa8c>
    1edc:	00050863          	beqz	a0,1eec <__multf3+0xb08>
    1ee0:	1bc020ef          	jal	409c <__clzsi2>
    1ee4:	04050513          	add	a0,a0,64
    1ee8:	fd9ff06f          	j	1ec0 <__multf3+0xadc>
    1eec:	00078513          	mv	a0,a5
    1ef0:	1ac020ef          	jal	409c <__clzsi2>
    1ef4:	06050513          	add	a0,a0,96
    1ef8:	fc9ff06f          	j	1ec0 <__multf3+0xadc>
    1efc:	ffc00613          	li	a2,-4
    1f00:	02c78633          	mul	a2,a5,a2
    1f04:	02c10713          	add	a4,sp,44
    1f08:	00300693          	li	a3,3
    1f0c:	00c705b3          	add	a1,a4,a2
    1f10:	0005a583          	lw	a1,0(a1)
    1f14:	fff68693          	add	a3,a3,-1
    1f18:	ffc70713          	add	a4,a4,-4
    1f1c:	00b72223          	sw	a1,4(a4)
    1f20:	fef6d6e3          	bge	a3,a5,1f0c <__multf3+0xb28>
    1f24:	fff78713          	add	a4,a5,-1
    1f28:	00170793          	add	a5,a4,1
    1f2c:	00279793          	sll	a5,a5,0x2
    1f30:	00800693          	li	a3,8
    1f34:	02010713          	add	a4,sp,32
    1f38:	00d7ea63          	bltu	a5,a3,1f4c <__multf3+0xb68>
    1f3c:	02012023          	sw	zero,32(sp)
    1f40:	00072223          	sw	zero,4(a4)
    1f44:	ff878793          	add	a5,a5,-8
    1f48:	02810713          	add	a4,sp,40
    1f4c:	00400693          	li	a3,4
    1f50:	00d7e463          	bltu	a5,a3,1f58 <__multf3+0xb74>
    1f54:	00072023          	sw	zero,0(a4)
    1f58:	ffffc4b7          	lui	s1,0xffffc
    1f5c:	01148493          	add	s1,s1,17 # ffffc011 <_stack_top+0xdfefc011>
    1f60:	40a484b3          	sub	s1,s1,a0
    1f64:	d6cff06f          	j	14d0 <__multf3+0xec>
    1f68:	00072803          	lw	a6,0(a4)
    1f6c:	ffc72883          	lw	a7,-4(a4)
    1f70:	00b70e33          	add	t3,a4,a1
    1f74:	00d81833          	sll	a6,a6,a3
    1f78:	00c8d8b3          	srl	a7,a7,a2
    1f7c:	01186833          	or	a6,a6,a7
    1f80:	010e2023          	sw	a6,0(t3)
    1f84:	ffc70713          	add	a4,a4,-4
    1f88:	f01ff06f          	j	1e88 <__multf3+0xaa4>
    1f8c:	00a7e7b3          	or	a5,a5,a0
    1f90:	00d7e7b3          	or	a5,a5,a3
    1f94:	00e7e7b3          	or	a5,a5,a4
    1f98:	00200b93          	li	s7,2
    1f9c:	d2078c63          	beqz	a5,14d4 <__multf3+0xf0>
    1fa0:	00300b93          	li	s7,3
    1fa4:	d30ff06f          	j	14d4 <__multf3+0xf0>
    1fa8:	00000493          	li	s1,0
    1fac:	00100b93          	li	s7,1
    1fb0:	d24ff06f          	j	14d4 <__multf3+0xf0>
    1fb4:	016967b3          	or	a5,s2,s6
    1fb8:	0157e7b3          	or	a5,a5,s5
    1fbc:	00a7e7b3          	or	a5,a5,a0
    1fc0:	14078c63          	beqz	a5,2118 <__multf3+0xd34>
    1fc4:	04050c63          	beqz	a0,201c <__multf3+0xc38>
    1fc8:	0d4020ef          	jal	409c <__clzsi2>
    1fcc:	ff450693          	add	a3,a0,-12
    1fd0:	02000593          	li	a1,32
    1fd4:	40d585b3          	sub	a1,a1,a3
    1fd8:	00000793          	li	a5,0
    1fdc:	ffc00613          	li	a2,-4
    1fe0:	02c78633          	mul	a2,a5,a2
    1fe4:	03010313          	add	t1,sp,48
    1fe8:	00c60713          	add	a4,a2,12
    1fec:	00e30733          	add	a4,t1,a4
    1ff0:	40c00633          	neg	a2,a2
    1ff4:	0ee31263          	bne	t1,a4,20d8 <__multf3+0xcf4>
    1ff8:	fff78713          	add	a4,a5,-1
    1ffc:	00279793          	sll	a5,a5,0x2
    2000:	02010613          	add	a2,sp,32
    2004:	05078793          	add	a5,a5,80
    2008:	00c787b3          	add	a5,a5,a2
    200c:	03012603          	lw	a2,48(sp)
    2010:	00d616b3          	sll	a3,a2,a3
    2014:	fcd7a023          	sw	a3,-64(a5)
    2018:	0800006f          	j	2098 <__multf3+0xcb4>
    201c:	020a8663          	beqz	s5,2048 <__multf3+0xc64>
    2020:	000a8513          	mv	a0,s5
    2024:	078020ef          	jal	409c <__clzsi2>
    2028:	02050513          	add	a0,a0,32
    202c:	ff450693          	add	a3,a0,-12
    2030:	4056d793          	sra	a5,a3,0x5
    2034:	01f6f693          	and	a3,a3,31
    2038:	02068a63          	beqz	a3,206c <__multf3+0xc88>
    203c:	02000593          	li	a1,32
    2040:	40d585b3          	sub	a1,a1,a3
    2044:	f99ff06f          	j	1fdc <__multf3+0xbf8>
    2048:	000b0a63          	beqz	s6,205c <__multf3+0xc78>
    204c:	000b0513          	mv	a0,s6
    2050:	04c020ef          	jal	409c <__clzsi2>
    2054:	04050513          	add	a0,a0,64
    2058:	fd5ff06f          	j	202c <__multf3+0xc48>
    205c:	00090513          	mv	a0,s2
    2060:	03c020ef          	jal	409c <__clzsi2>
    2064:	06050513          	add	a0,a0,96
    2068:	fc5ff06f          	j	202c <__multf3+0xc48>
    206c:	ffc00613          	li	a2,-4
    2070:	02c78633          	mul	a2,a5,a2
    2074:	03c10713          	add	a4,sp,60
    2078:	00300693          	li	a3,3
    207c:	00c705b3          	add	a1,a4,a2
    2080:	0005a583          	lw	a1,0(a1)
    2084:	fff68693          	add	a3,a3,-1
    2088:	ffc70713          	add	a4,a4,-4
    208c:	00b72223          	sw	a1,4(a4)
    2090:	fef6d6e3          	bge	a3,a5,207c <__multf3+0xc98>
    2094:	fff78713          	add	a4,a5,-1
    2098:	00170793          	add	a5,a4,1
    209c:	00279793          	sll	a5,a5,0x2
    20a0:	00800693          	li	a3,8
    20a4:	03010713          	add	a4,sp,48
    20a8:	00d7ea63          	bltu	a5,a3,20bc <__multf3+0xcd8>
    20ac:	02012823          	sw	zero,48(sp)
    20b0:	00072223          	sw	zero,4(a4)
    20b4:	ff878793          	add	a5,a5,-8
    20b8:	03810713          	add	a4,sp,56
    20bc:	00400693          	li	a3,4
    20c0:	00d7e463          	bltu	a5,a3,20c8 <__multf3+0xce4>
    20c4:	00072023          	sw	zero,0(a4)
    20c8:	ffffc7b7          	lui	a5,0xffffc
    20cc:	01178793          	add	a5,a5,17 # ffffc011 <_stack_top+0xdfefc011>
    20d0:	40a787b3          	sub	a5,a5,a0
    20d4:	c90ff06f          	j	1564 <__multf3+0x180>
    20d8:	00072803          	lw	a6,0(a4)
    20dc:	ffc72883          	lw	a7,-4(a4)
    20e0:	00c70e33          	add	t3,a4,a2
    20e4:	00d81833          	sll	a6,a6,a3
    20e8:	00b8d8b3          	srl	a7,a7,a1
    20ec:	01186833          	or	a6,a6,a7
    20f0:	010e2023          	sw	a6,0(t3)
    20f4:	ffc70713          	add	a4,a4,-4
    20f8:	efdff06f          	j	1ff4 <__multf3+0xc10>
    20fc:	01696933          	or	s2,s2,s6
    2100:	01596933          	or	s2,s2,s5
    2104:	00a96933          	or	s2,s2,a0
    2108:	00200693          	li	a3,2
    210c:	c4090e63          	beqz	s2,1568 <__multf3+0x184>
    2110:	00300693          	li	a3,3
    2114:	c54ff06f          	j	1568 <__multf3+0x184>
    2118:	00000793          	li	a5,0
    211c:	00100693          	li	a3,1
    2120:	c48ff06f          	j	1568 <__multf3+0x184>
    2124:	00100713          	li	a4,1
    2128:	00f717b3          	sll	a5,a4,a5
    212c:	5307f713          	and	a4,a5,1328
    2130:	04071463          	bnez	a4,2178 <__multf3+0xd94>
    2134:	0887f713          	and	a4,a5,136
    2138:	08071663          	bnez	a4,21c4 <__multf3+0xde0>
    213c:	2407f793          	and	a5,a5,576
    2140:	c6078263          	beqz	a5,15a4 <__multf3+0x1c0>
    2144:	000087b7          	lui	a5,0x8
    2148:	04f12623          	sw	a5,76(sp)
    214c:	04012423          	sw	zero,72(sp)
    2150:	04012223          	sw	zero,68(sp)
    2154:	04012023          	sw	zero,64(sp)
    2158:	fff78793          	add	a5,a5,-1 # 7fff <ecmp+0xb3>
    215c:	00012223          	sw	zero,4(sp)
    2160:	c6dff06f          	j	1dcc <__multf3+0x9e8>
    2164:	00f00713          	li	a4,15
    2168:	fce78ee3          	beq	a5,a4,2144 <__multf3+0xd60>
    216c:	00b00713          	li	a4,11
    2170:	04e78a63          	beq	a5,a4,21c4 <__multf3+0xde0>
    2174:	01312223          	sw	s3,4(sp)
    2178:	02012783          	lw	a5,32(sp)
    217c:	04f12023          	sw	a5,64(sp)
    2180:	02412783          	lw	a5,36(sp)
    2184:	04f12223          	sw	a5,68(sp)
    2188:	02812783          	lw	a5,40(sp)
    218c:	04f12423          	sw	a5,72(sp)
    2190:	02c12783          	lw	a5,44(sp)
    2194:	04f12623          	sw	a5,76(sp)
    2198:	00200793          	li	a5,2
    219c:	28fb8263          	beq	s7,a5,2420 <__multf3+0x103c>
    21a0:	00300793          	li	a5,3
    21a4:	fafb80e3          	beq	s7,a5,2144 <__multf3+0xd60>
    21a8:	00100793          	li	a5,1
    21ac:	b4fb98e3          	bne	s7,a5,1cfc <__multf3+0x918>
    21b0:	04012623          	sw	zero,76(sp)
    21b4:	04012423          	sw	zero,72(sp)
    21b8:	04012223          	sw	zero,68(sp)
    21bc:	04012023          	sw	zero,64(sp)
    21c0:	2340006f          	j	23f4 <__multf3+0x1010>
    21c4:	01412223          	sw	s4,4(sp)
    21c8:	03012783          	lw	a5,48(sp)
    21cc:	00068b93          	mv	s7,a3
    21d0:	04f12023          	sw	a5,64(sp)
    21d4:	03412783          	lw	a5,52(sp)
    21d8:	04f12223          	sw	a5,68(sp)
    21dc:	03812783          	lw	a5,56(sp)
    21e0:	04f12423          	sw	a5,72(sp)
    21e4:	03c12783          	lw	a5,60(sp)
    21e8:	fadff06f          	j	2194 <__multf3+0xdb0>
    21ec:	00c12783          	lw	a5,12(sp)
    21f0:	00f12423          	sw	a5,8(sp)
    21f4:	b09ff06f          	j	1cfc <__multf3+0x918>
    21f8:	04012623          	sw	zero,76(sp)
    21fc:	04012423          	sw	zero,72(sp)
    2200:	04012223          	sw	zero,68(sp)
    2204:	04012023          	sw	zero,64(sp)
    2208:	fff68793          	add	a5,a3,-1
    220c:	bc1ff06f          	j	1dcc <__multf3+0x9e8>
    2210:	00100693          	li	a3,1
    2214:	00078863          	beqz	a5,2224 <__multf3+0xe40>
    2218:	40f686b3          	sub	a3,a3,a5
    221c:	07400793          	li	a5,116
    2220:	1cd7ce63          	blt	a5,a3,23fc <__multf3+0x1018>
    2224:	04010513          	add	a0,sp,64
    2228:	4056d713          	sra	a4,a3,0x5
    222c:	00050593          	mv	a1,a0
    2230:	01f6f693          	and	a3,a3,31
    2234:	00000793          	li	a5,0
    2238:	00000613          	li	a2,0
    223c:	02e61e63          	bne	a2,a4,2278 <__multf3+0xe94>
    2240:	00300613          	li	a2,3
    2244:	40e60633          	sub	a2,a2,a4
    2248:	00271593          	sll	a1,a4,0x2
    224c:	04069063          	bnez	a3,228c <__multf3+0xea8>
    2250:	00050813          	mv	a6,a0
    2254:	00b808b3          	add	a7,a6,a1
    2258:	0008a883          	lw	a7,0(a7)
    225c:	00168693          	add	a3,a3,1
    2260:	00480813          	add	a6,a6,4
    2264:	ff182e23          	sw	a7,-4(a6)
    2268:	fed656e3          	bge	a2,a3,2254 <__multf3+0xe70>
    226c:	00400693          	li	a3,4
    2270:	40e68733          	sub	a4,a3,a4
    2274:	06c0006f          	j	22e0 <__multf3+0xefc>
    2278:	0005a803          	lw	a6,0(a1)
    227c:	00160613          	add	a2,a2,1
    2280:	00458593          	add	a1,a1,4
    2284:	0107e7b3          	or	a5,a5,a6
    2288:	fb5ff06f          	j	223c <__multf3+0xe58>
    228c:	05058813          	add	a6,a1,80
    2290:	02010893          	add	a7,sp,32
    2294:	01180833          	add	a6,a6,a7
    2298:	fd082803          	lw	a6,-48(a6)
    229c:	02000313          	li	t1,32
    22a0:	40d30333          	sub	t1,t1,a3
    22a4:	00681833          	sll	a6,a6,t1
    22a8:	0107e7b3          	or	a5,a5,a6
    22ac:	00000e13          	li	t3,0
    22b0:	00b50833          	add	a6,a0,a1
    22b4:	40b005b3          	neg	a1,a1
    22b8:	0ece4263          	blt	t3,a2,239c <__multf3+0xfb8>
    22bc:	00400593          	li	a1,4
    22c0:	00261613          	sll	a2,a2,0x2
    22c4:	40e58733          	sub	a4,a1,a4
    22c8:	05060613          	add	a2,a2,80
    22cc:	02010593          	add	a1,sp,32
    22d0:	00b60633          	add	a2,a2,a1
    22d4:	04c12583          	lw	a1,76(sp)
    22d8:	00d5d6b3          	srl	a3,a1,a3
    22dc:	fcd62823          	sw	a3,-48(a2)
    22e0:	00400693          	li	a3,4
    22e4:	40e686b3          	sub	a3,a3,a4
    22e8:	00269693          	sll	a3,a3,0x2
    22ec:	00271713          	sll	a4,a4,0x2
    22f0:	00800613          	li	a2,8
    22f4:	00e50733          	add	a4,a0,a4
    22f8:	00c6ea63          	bltu	a3,a2,230c <__multf3+0xf28>
    22fc:	00072023          	sw	zero,0(a4)
    2300:	00072223          	sw	zero,4(a4)
    2304:	ff868693          	add	a3,a3,-8
    2308:	00870713          	add	a4,a4,8
    230c:	00400613          	li	a2,4
    2310:	00c6e463          	bltu	a3,a2,2318 <__multf3+0xf34>
    2314:	00072023          	sw	zero,0(a4)
    2318:	04012703          	lw	a4,64(sp)
    231c:	00f037b3          	snez	a5,a5
    2320:	00e7e7b3          	or	a5,a5,a4
    2324:	04f12023          	sw	a5,64(sp)
    2328:	0077f713          	and	a4,a5,7
    232c:	04070463          	beqz	a4,2374 <__multf3+0xf90>
    2330:	00f7f713          	and	a4,a5,15
    2334:	00400693          	li	a3,4
    2338:	02d70e63          	beq	a4,a3,2374 <__multf3+0xf90>
    233c:	04412703          	lw	a4,68(sp)
    2340:	00478793          	add	a5,a5,4
    2344:	04f12023          	sw	a5,64(sp)
    2348:	0047b793          	sltiu	a5,a5,4
    234c:	00f707b3          	add	a5,a4,a5
    2350:	04f12223          	sw	a5,68(sp)
    2354:	00e7b7b3          	sltu	a5,a5,a4
    2358:	04812703          	lw	a4,72(sp)
    235c:	00f707b3          	add	a5,a4,a5
    2360:	04f12423          	sw	a5,72(sp)
    2364:	00e7b7b3          	sltu	a5,a5,a4
    2368:	04c12703          	lw	a4,76(sp)
    236c:	00e787b3          	add	a5,a5,a4
    2370:	04f12623          	sw	a5,76(sp)
    2374:	04c12703          	lw	a4,76(sp)
    2378:	000807b7          	lui	a5,0x80
    237c:	00e7f7b3          	and	a5,a5,a4
    2380:	04078263          	beqz	a5,23c4 <__multf3+0xfe0>
    2384:	04012623          	sw	zero,76(sp)
    2388:	04012423          	sw	zero,72(sp)
    238c:	04012223          	sw	zero,68(sp)
    2390:	04012023          	sw	zero,64(sp)
    2394:	00100793          	li	a5,1
    2398:	a35ff06f          	j	1dcc <__multf3+0x9e8>
    239c:	00082883          	lw	a7,0(a6)
    23a0:	00482e83          	lw	t4,4(a6)
    23a4:	00b80f33          	add	t5,a6,a1
    23a8:	00d8d8b3          	srl	a7,a7,a3
    23ac:	006e9eb3          	sll	t4,t4,t1
    23b0:	01d8e8b3          	or	a7,a7,t4
    23b4:	011f2023          	sw	a7,0(t5)
    23b8:	001e0e13          	add	t3,t3,1
    23bc:	00480813          	add	a6,a6,4
    23c0:	ef9ff06f          	j	22b8 <__multf3+0xed4>
    23c4:	00c50693          	add	a3,a0,12
    23c8:	00052783          	lw	a5,0(a0)
    23cc:	00452703          	lw	a4,4(a0)
    23d0:	00450513          	add	a0,a0,4
    23d4:	0037d793          	srl	a5,a5,0x3
    23d8:	01d71713          	sll	a4,a4,0x1d
    23dc:	00e7e7b3          	or	a5,a5,a4
    23e0:	fef52e23          	sw	a5,-4(a0)
    23e4:	fea692e3          	bne	a3,a0,23c8 <__multf3+0xfe4>
    23e8:	04c12783          	lw	a5,76(sp)
    23ec:	0037d793          	srl	a5,a5,0x3
    23f0:	04f12623          	sw	a5,76(sp)
    23f4:	00000793          	li	a5,0
    23f8:	9d5ff06f          	j	1dcc <__multf3+0x9e8>
    23fc:	04412703          	lw	a4,68(sp)
    2400:	04012783          	lw	a5,64(sp)
    2404:	00e7e7b3          	or	a5,a5,a4
    2408:	04812703          	lw	a4,72(sp)
    240c:	00e7e7b3          	or	a5,a5,a4
    2410:	04c12703          	lw	a4,76(sp)
    2414:	00e7e7b3          	or	a5,a5,a4
    2418:	fc078ee3          	beqz	a5,23f4 <__multf3+0x1010>
    241c:	d95ff06f          	j	21b0 <__multf3+0xdcc>
    2420:	000087b7          	lui	a5,0x8
    2424:	04012623          	sw	zero,76(sp)
    2428:	04012423          	sw	zero,72(sp)
    242c:	04012223          	sw	zero,68(sp)
    2430:	04012023          	sw	zero,64(sp)
    2434:	fff78793          	add	a5,a5,-1 # 7fff <ecmp+0xb3>
    2438:	995ff06f          	j	1dcc <__multf3+0x9e8>

0000243c <__subtf3>:
    243c:	f9010113          	add	sp,sp,-112
    2440:	0085a783          	lw	a5,8(a1)
    2444:	05512a23          	sw	s5,84(sp)
    2448:	00c5aa83          	lw	s5,12(a1)
    244c:	0045a703          	lw	a4,4(a1)
    2450:	05412c23          	sw	s4,88(sp)
    2454:	00050a13          	mv	s4,a0
    2458:	0005a503          	lw	a0,0(a1)
    245c:	05312e23          	sw	s3,92(sp)
    2460:	02f12c23          	sw	a5,56(sp)
    2464:	00f12c23          	sw	a5,24(sp)
    2468:	00062883          	lw	a7,0(a2)
    246c:	010a9793          	sll	a5,s5,0x10
    2470:	00462803          	lw	a6,4(a2)
    2474:	00862683          	lw	a3,8(a2)
    2478:	00c62983          	lw	s3,12(a2)
    247c:	06912223          	sw	s1,100(sp)
    2480:	0107d793          	srl	a5,a5,0x10
    2484:	001a9493          	sll	s1,s5,0x1
    2488:	02a12823          	sw	a0,48(sp)
    248c:	03512e23          	sw	s5,60(sp)
    2490:	00a12823          	sw	a0,16(sp)
    2494:	06112623          	sw	ra,108(sp)
    2498:	06812423          	sw	s0,104(sp)
    249c:	07212023          	sw	s2,96(sp)
    24a0:	05612823          	sw	s6,80(sp)
    24a4:	05712623          	sw	s7,76(sp)
    24a8:	05812423          	sw	s8,72(sp)
    24ac:	02e12a23          	sw	a4,52(sp)
    24b0:	00e12a23          	sw	a4,20(sp)
    24b4:	00f12e23          	sw	a5,28(sp)
    24b8:	0114d493          	srl	s1,s1,0x11
    24bc:	01fada93          	srl	s5,s5,0x1f
    24c0:	01010513          	add	a0,sp,16
    24c4:	01c10593          	add	a1,sp,28
    24c8:	0005a783          	lw	a5,0(a1)
    24cc:	ffc5a703          	lw	a4,-4(a1)
    24d0:	ffc58593          	add	a1,a1,-4
    24d4:	00379793          	sll	a5,a5,0x3
    24d8:	01d75713          	srl	a4,a4,0x1d
    24dc:	00e7e7b3          	or	a5,a5,a4
    24e0:	00f5a223          	sw	a5,4(a1)
    24e4:	feb512e3          	bne	a0,a1,24c8 <__subtf3+0x8c>
    24e8:	01012783          	lw	a5,16(sp)
    24ec:	01099713          	sll	a4,s3,0x10
    24f0:	00199b93          	sll	s7,s3,0x1
    24f4:	00379793          	sll	a5,a5,0x3
    24f8:	01075713          	srl	a4,a4,0x10
    24fc:	03112823          	sw	a7,48(sp)
    2500:	03012a23          	sw	a6,52(sp)
    2504:	03312e23          	sw	s3,60(sp)
    2508:	03112023          	sw	a7,32(sp)
    250c:	03012223          	sw	a6,36(sp)
    2510:	00f12823          	sw	a5,16(sp)
    2514:	02d12c23          	sw	a3,56(sp)
    2518:	02d12423          	sw	a3,40(sp)
    251c:	02e12623          	sw	a4,44(sp)
    2520:	011bdb93          	srl	s7,s7,0x11
    2524:	01f9d993          	srl	s3,s3,0x1f
    2528:	02010813          	add	a6,sp,32
    252c:	02c10893          	add	a7,sp,44
    2530:	0008a703          	lw	a4,0(a7)
    2534:	ffc8a683          	lw	a3,-4(a7)
    2538:	ffc88893          	add	a7,a7,-4
    253c:	00371713          	sll	a4,a4,0x3
    2540:	01d6d693          	srl	a3,a3,0x1d
    2544:	00d76733          	or	a4,a4,a3
    2548:	00e8a223          	sw	a4,4(a7)
    254c:	ff1812e3          	bne	a6,a7,2530 <__subtf3+0xf4>
    2550:	02012403          	lw	s0,32(sp)
    2554:	00008e37          	lui	t3,0x8
    2558:	fffe0e13          	add	t3,t3,-1 # 7fff <ecmp+0xb3>
    255c:	00341413          	sll	s0,s0,0x3
    2560:	02812023          	sw	s0,32(sp)
    2564:	41748333          	sub	t1,s1,s7
    2568:	07cb9e63          	bne	s7,t3,25e4 <__subtf3+0x1a8>
    256c:	02812683          	lw	a3,40(sp)
    2570:	02412703          	lw	a4,36(sp)
    2574:	00030e93          	mv	t4,t1
    2578:	00d76733          	or	a4,a4,a3
    257c:	02c12683          	lw	a3,44(sp)
    2580:	00d76733          	or	a4,a4,a3
    2584:	00876733          	or	a4,a4,s0
    2588:	04070a63          	beqz	a4,25dc <__subtf3+0x1a0>
    258c:	333a98e3          	bne	s5,s3,30bc <__subtf3+0xc80>
    2590:	02412903          	lw	s2,36(sp)
    2594:	02812983          	lw	s3,40(sp)
    2598:	02c12b03          	lw	s6,44(sp)
    259c:	6c030263          	beqz	t1,2c60 <__subtf3+0x824>
    25a0:	409b8833          	sub	a6,s7,s1
    25a4:	50049e63          	bnez	s1,2ac0 <__subtf3+0x684>
    25a8:	01412683          	lw	a3,20(sp)
    25ac:	01812703          	lw	a4,24(sp)
    25b0:	01c12883          	lw	a7,28(sp)
    25b4:	00e6e633          	or	a2,a3,a4
    25b8:	01166633          	or	a2,a2,a7
    25bc:	00f66633          	or	a2,a2,a5
    25c0:	48061463          	bnez	a2,2a48 <__subtf3+0x60c>
    25c4:	02812823          	sw	s0,48(sp)
    25c8:	03212a23          	sw	s2,52(sp)
    25cc:	03312c23          	sw	s3,56(sp)
    25d0:	03612e23          	sw	s6,60(sp)
    25d4:	00080493          	mv	s1,a6
    25d8:	0f00006f          	j	26c8 <__subtf3+0x28c>
    25dc:	0019c993          	xor	s3,s3,1
    25e0:	fadff06f          	j	258c <__subtf3+0x150>
    25e4:	0019c993          	xor	s3,s3,1
    25e8:	00030e93          	mv	t4,t1
    25ec:	073a90e3          	bne	s5,s3,2e4c <__subtf3+0xa10>
    25f0:	fa6050e3          	blez	t1,2590 <__subtf3+0x154>
    25f4:	01412903          	lw	s2,20(sp)
    25f8:	01812983          	lw	s3,24(sp)
    25fc:	01c12b03          	lw	s6,28(sp)
    2600:	0a0b9a63          	bnez	s7,26b4 <__subtf3+0x278>
    2604:	02412683          	lw	a3,36(sp)
    2608:	02812703          	lw	a4,40(sp)
    260c:	02c12583          	lw	a1,44(sp)
    2610:	00e6e633          	or	a2,a3,a4
    2614:	00b66633          	or	a2,a2,a1
    2618:	00866633          	or	a2,a2,s0
    261c:	00061e63          	bnez	a2,2638 <__subtf3+0x1fc>
    2620:	02f12823          	sw	a5,48(sp)
    2624:	03212a23          	sw	s2,52(sp)
    2628:	03312c23          	sw	s3,56(sp)
    262c:	03612e23          	sw	s6,60(sp)
    2630:	00030493          	mv	s1,t1
    2634:	0940006f          	j	26c8 <__subtf3+0x28c>
    2638:	fff30613          	add	a2,t1,-1
    263c:	04061863          	bnez	a2,268c <__subtf3+0x250>
    2640:	00878433          	add	s0,a5,s0
    2644:	01268933          	add	s2,a3,s2
    2648:	02812823          	sw	s0,48(sp)
    264c:	00f43433          	sltu	s0,s0,a5
    2650:	00890433          	add	s0,s2,s0
    2654:	02812a23          	sw	s0,52(sp)
    2658:	00d936b3          	sltu	a3,s2,a3
    265c:	01243433          	sltu	s0,s0,s2
    2660:	013709b3          	add	s3,a4,s3
    2664:	0086e6b3          	or	a3,a3,s0
    2668:	00d986b3          	add	a3,s3,a3
    266c:	02d12c23          	sw	a3,56(sp)
    2670:	00e9b7b3          	sltu	a5,s3,a4
    2674:	0136b6b3          	sltu	a3,a3,s3
    2678:	00d7e7b3          	or	a5,a5,a3
    267c:	016585b3          	add	a1,a1,s6
    2680:	00b787b3          	add	a5,a5,a1
    2684:	00100493          	li	s1,1
    2688:	3080006f          	j	2990 <__subtf3+0x554>
    268c:	01c30463          	beq	t1,t3,2694 <__subtf3+0x258>
    2690:	2080106f          	j	3898 <__subtf3+0x145c>
    2694:	02f12823          	sw	a5,48(sp)
    2698:	4100006f          	j	2aa8 <__subtf3+0x66c>
    269c:	00040793          	mv	a5,s0
    26a0:	ff5ff06f          	j	2694 <__subtf3+0x258>
    26a4:	00068913          	mv	s2,a3
    26a8:	00070993          	mv	s3,a4
    26ac:	00060b13          	mv	s6,a2
    26b0:	fe5ff06f          	j	2694 <__subtf3+0x258>
    26b4:	17c49c63          	bne	s1,t3,282c <__subtf3+0x3f0>
    26b8:	02f12823          	sw	a5,48(sp)
    26bc:	03212a23          	sw	s2,52(sp)
    26c0:	03312c23          	sw	s3,56(sp)
    26c4:	03612e23          	sw	s6,60(sp)
    26c8:	03012783          	lw	a5,48(sp)
    26cc:	0077f713          	and	a4,a5,7
    26d0:	04070463          	beqz	a4,2718 <__subtf3+0x2dc>
    26d4:	00f7f713          	and	a4,a5,15
    26d8:	00400693          	li	a3,4
    26dc:	02d70e63          	beq	a4,a3,2718 <__subtf3+0x2dc>
    26e0:	03412703          	lw	a4,52(sp)
    26e4:	00478793          	add	a5,a5,4
    26e8:	02f12823          	sw	a5,48(sp)
    26ec:	0047b793          	sltiu	a5,a5,4
    26f0:	00f707b3          	add	a5,a4,a5
    26f4:	02f12a23          	sw	a5,52(sp)
    26f8:	00e7b7b3          	sltu	a5,a5,a4
    26fc:	03812703          	lw	a4,56(sp)
    2700:	00f707b3          	add	a5,a4,a5
    2704:	02f12c23          	sw	a5,56(sp)
    2708:	00e7b7b3          	sltu	a5,a5,a4
    270c:	03c12703          	lw	a4,60(sp)
    2710:	00e787b3          	add	a5,a5,a4
    2714:	02f12e23          	sw	a5,60(sp)
    2718:	03c12783          	lw	a5,60(sp)
    271c:	00080737          	lui	a4,0x80
    2720:	00e7f733          	and	a4,a5,a4
    2724:	02070463          	beqz	a4,274c <__subtf3+0x310>
    2728:	00008737          	lui	a4,0x8
    272c:	00148493          	add	s1,s1,1
    2730:	fff70713          	add	a4,a4,-1 # 7fff <ecmp+0xb3>
    2734:	00e49463          	bne	s1,a4,273c <__subtf3+0x300>
    2738:	14c0106f          	j	3884 <__subtf3+0x1448>
    273c:	fff80737          	lui	a4,0xfff80
    2740:	fff70713          	add	a4,a4,-1 # fff7ffff <_stack_top+0xdfe7ffff>
    2744:	00e7f7b3          	and	a5,a5,a4
    2748:	02f12e23          	sw	a5,60(sp)
    274c:	03010793          	add	a5,sp,48
    2750:	03c10613          	add	a2,sp,60
    2754:	0007a703          	lw	a4,0(a5)
    2758:	0047a683          	lw	a3,4(a5)
    275c:	00478793          	add	a5,a5,4
    2760:	00375713          	srl	a4,a4,0x3
    2764:	01d69693          	sll	a3,a3,0x1d
    2768:	00d76733          	or	a4,a4,a3
    276c:	fee7ae23          	sw	a4,-4(a5)
    2770:	fef612e3          	bne	a2,a5,2754 <__subtf3+0x318>
    2774:	03c12703          	lw	a4,60(sp)
    2778:	000086b7          	lui	a3,0x8
    277c:	fff68793          	add	a5,a3,-1 # 7fff <ecmp+0xb3>
    2780:	00375713          	srl	a4,a4,0x3
    2784:	02e12e23          	sw	a4,60(sp)
    2788:	02f49a63          	bne	s1,a5,27bc <__subtf3+0x380>
    278c:	03412603          	lw	a2,52(sp)
    2790:	03012783          	lw	a5,48(sp)
    2794:	00c7e7b3          	or	a5,a5,a2
    2798:	03812603          	lw	a2,56(sp)
    279c:	00c7e7b3          	or	a5,a5,a2
    27a0:	00e7e7b3          	or	a5,a5,a4
    27a4:	00078c63          	beqz	a5,27bc <__subtf3+0x380>
    27a8:	02d12e23          	sw	a3,60(sp)
    27ac:	02012c23          	sw	zero,56(sp)
    27b0:	02012a23          	sw	zero,52(sp)
    27b4:	02012823          	sw	zero,48(sp)
    27b8:	00000a93          	li	s5,0
    27bc:	03c12783          	lw	a5,60(sp)
    27c0:	01149493          	sll	s1,s1,0x11
    27c4:	0114d493          	srl	s1,s1,0x11
    27c8:	00f11623          	sh	a5,12(sp)
    27cc:	03012783          	lw	a5,48(sp)
    27d0:	00fa9a93          	sll	s5,s5,0xf
    27d4:	009aeab3          	or	s5,s5,s1
    27d8:	00fa2023          	sw	a5,0(s4)
    27dc:	03412783          	lw	a5,52(sp)
    27e0:	01511723          	sh	s5,14(sp)
    27e4:	06c12083          	lw	ra,108(sp)
    27e8:	00fa2223          	sw	a5,4(s4)
    27ec:	03812783          	lw	a5,56(sp)
    27f0:	06812403          	lw	s0,104(sp)
    27f4:	06412483          	lw	s1,100(sp)
    27f8:	00fa2423          	sw	a5,8(s4)
    27fc:	00c12783          	lw	a5,12(sp)
    2800:	06012903          	lw	s2,96(sp)
    2804:	05c12983          	lw	s3,92(sp)
    2808:	00fa2623          	sw	a5,12(s4)
    280c:	05412a83          	lw	s5,84(sp)
    2810:	05012b03          	lw	s6,80(sp)
    2814:	04c12b83          	lw	s7,76(sp)
    2818:	04812c03          	lw	s8,72(sp)
    281c:	000a0513          	mv	a0,s4
    2820:	05812a03          	lw	s4,88(sp)
    2824:	07010113          	add	sp,sp,112
    2828:	00008067          	ret
    282c:	02c12703          	lw	a4,44(sp)
    2830:	000806b7          	lui	a3,0x80
    2834:	00d76733          	or	a4,a4,a3
    2838:	02e12623          	sw	a4,44(sp)
    283c:	07400713          	li	a4,116
    2840:	00675463          	bge	a4,t1,2848 <__subtf3+0x40c>
    2844:	0600106f          	j	38a4 <__subtf3+0x1468>
    2848:	00030613          	mv	a2,t1
    284c:	40565693          	sra	a3,a2,0x5
    2850:	00088513          	mv	a0,a7
    2854:	01f67613          	and	a2,a2,31
    2858:	00000713          	li	a4,0
    285c:	00000593          	li	a1,0
    2860:	02d59c63          	bne	a1,a3,2898 <__subtf3+0x45c>
    2864:	00300593          	li	a1,3
    2868:	40d585b3          	sub	a1,a1,a3
    286c:	00269513          	sll	a0,a3,0x2
    2870:	02061e63          	bnez	a2,28ac <__subtf3+0x470>
    2874:	00a88333          	add	t1,a7,a0
    2878:	00032303          	lw	t1,0(t1)
    287c:	00160613          	add	a2,a2,1
    2880:	00488893          	add	a7,a7,4
    2884:	fe68ae23          	sw	t1,-4(a7)
    2888:	fec5d6e3          	bge	a1,a2,2874 <__subtf3+0x438>
    288c:	00400613          	li	a2,4
    2890:	40d606b3          	sub	a3,a2,a3
    2894:	0640006f          	j	28f8 <__subtf3+0x4bc>
    2898:	00052303          	lw	t1,0(a0)
    289c:	00158593          	add	a1,a1,1
    28a0:	00450513          	add	a0,a0,4
    28a4:	00676733          	or	a4,a4,t1
    28a8:	fb9ff06f          	j	2860 <__subtf3+0x424>
    28ac:	04050893          	add	a7,a0,64
    28b0:	002888b3          	add	a7,a7,sp
    28b4:	fe08a883          	lw	a7,-32(a7)
    28b8:	02000e13          	li	t3,32
    28bc:	40ce0e33          	sub	t3,t3,a2
    28c0:	01c898b3          	sll	a7,a7,t3
    28c4:	01176733          	or	a4,a4,a7
    28c8:	00000e93          	li	t4,0
    28cc:	00a808b3          	add	a7,a6,a0
    28d0:	40a00533          	neg	a0,a0
    28d4:	14bec663          	blt	t4,a1,2a20 <__subtf3+0x5e4>
    28d8:	00400513          	li	a0,4
    28dc:	40d506b3          	sub	a3,a0,a3
    28e0:	02c12503          	lw	a0,44(sp)
    28e4:	00259593          	sll	a1,a1,0x2
    28e8:	04058593          	add	a1,a1,64
    28ec:	002585b3          	add	a1,a1,sp
    28f0:	00c55633          	srl	a2,a0,a2
    28f4:	fec5a023          	sw	a2,-32(a1)
    28f8:	00400613          	li	a2,4
    28fc:	40d60633          	sub	a2,a2,a3
    2900:	00261613          	sll	a2,a2,0x2
    2904:	00269693          	sll	a3,a3,0x2
    2908:	00800593          	li	a1,8
    290c:	00d806b3          	add	a3,a6,a3
    2910:	00b66a63          	bltu	a2,a1,2924 <__subtf3+0x4e8>
    2914:	0006a023          	sw	zero,0(a3) # 80000 <_sidata+0x6b8f8>
    2918:	0006a223          	sw	zero,4(a3)
    291c:	ff860613          	add	a2,a2,-8
    2920:	00868693          	add	a3,a3,8
    2924:	00400593          	li	a1,4
    2928:	00b66463          	bltu	a2,a1,2930 <__subtf3+0x4f4>
    292c:	0006a023          	sw	zero,0(a3)
    2930:	02012683          	lw	a3,32(sp)
    2934:	00e03733          	snez	a4,a4
    2938:	00d76733          	or	a4,a4,a3
    293c:	02412683          	lw	a3,36(sp)
    2940:	02e12023          	sw	a4,32(sp)
    2944:	00e78733          	add	a4,a5,a4
    2948:	01268933          	add	s2,a3,s2
    294c:	02e12823          	sw	a4,48(sp)
    2950:	00f73733          	sltu	a4,a4,a5
    2954:	02812783          	lw	a5,40(sp)
    2958:	00e90733          	add	a4,s2,a4
    295c:	02e12a23          	sw	a4,52(sp)
    2960:	00d936b3          	sltu	a3,s2,a3
    2964:	01273733          	sltu	a4,a4,s2
    2968:	013789b3          	add	s3,a5,s3
    296c:	00e6e733          	or	a4,a3,a4
    2970:	00e98733          	add	a4,s3,a4
    2974:	02e12c23          	sw	a4,56(sp)
    2978:	00f9b7b3          	sltu	a5,s3,a5
    297c:	01373733          	sltu	a4,a4,s3
    2980:	00e7e7b3          	or	a5,a5,a4
    2984:	02c12703          	lw	a4,44(sp)
    2988:	00eb0733          	add	a4,s6,a4
    298c:	00e787b3          	add	a5,a5,a4
    2990:	00080737          	lui	a4,0x80
    2994:	02f12e23          	sw	a5,60(sp)
    2998:	00e7f733          	and	a4,a5,a4
    299c:	d20706e3          	beqz	a4,26c8 <__subtf3+0x28c>
    29a0:	fff80737          	lui	a4,0xfff80
    29a4:	fff70713          	add	a4,a4,-1 # fff7ffff <_stack_top+0xdfe7ffff>
    29a8:	00e7f7b3          	and	a5,a5,a4
    29ac:	02f12e23          	sw	a5,60(sp)
    29b0:	03012783          	lw	a5,48(sp)
    29b4:	00148493          	add	s1,s1,1
    29b8:	03c10593          	add	a1,sp,60
    29bc:	01f79713          	sll	a4,a5,0x1f
    29c0:	03010793          	add	a5,sp,48
    29c4:	0007a683          	lw	a3,0(a5)
    29c8:	0047a603          	lw	a2,4(a5)
    29cc:	00478793          	add	a5,a5,4
    29d0:	0016d693          	srl	a3,a3,0x1
    29d4:	01f61613          	sll	a2,a2,0x1f
    29d8:	00c6e6b3          	or	a3,a3,a2
    29dc:	fed7ae23          	sw	a3,-4(a5)
    29e0:	fef592e3          	bne	a1,a5,29c4 <__subtf3+0x588>
    29e4:	03c12783          	lw	a5,60(sp)
    29e8:	0017d793          	srl	a5,a5,0x1
    29ec:	02f12e23          	sw	a5,60(sp)
    29f0:	00e037b3          	snez	a5,a4
    29f4:	03012703          	lw	a4,48(sp)
    29f8:	00f767b3          	or	a5,a4,a5
    29fc:	02f12823          	sw	a5,48(sp)
    2a00:	000087b7          	lui	a5,0x8
    2a04:	fff78793          	add	a5,a5,-1 # 7fff <ecmp+0xb3>
    2a08:	ccf490e3          	bne	s1,a5,26c8 <__subtf3+0x28c>
    2a0c:	02012e23          	sw	zero,60(sp)
    2a10:	02012c23          	sw	zero,56(sp)
    2a14:	02012a23          	sw	zero,52(sp)
    2a18:	02012823          	sw	zero,48(sp)
    2a1c:	cadff06f          	j	26c8 <__subtf3+0x28c>
    2a20:	0008a303          	lw	t1,0(a7)
    2a24:	0048af03          	lw	t5,4(a7)
    2a28:	00a88fb3          	add	t6,a7,a0
    2a2c:	00c35333          	srl	t1,t1,a2
    2a30:	01cf1f33          	sll	t5,t5,t3
    2a34:	01e36333          	or	t1,t1,t5
    2a38:	006fa023          	sw	t1,0(t6)
    2a3c:	001e8e93          	add	t4,t4,1
    2a40:	00488893          	add	a7,a7,4
    2a44:	e91ff06f          	j	28d4 <__subtf3+0x498>
    2a48:	fff80613          	add	a2,a6,-1
    2a4c:	04061663          	bnez	a2,2a98 <__subtf3+0x65c>
    2a50:	00878433          	add	s0,a5,s0
    2a54:	01268933          	add	s2,a3,s2
    2a58:	02812823          	sw	s0,48(sp)
    2a5c:	00f43433          	sltu	s0,s0,a5
    2a60:	00890433          	add	s0,s2,s0
    2a64:	02812a23          	sw	s0,52(sp)
    2a68:	00d936b3          	sltu	a3,s2,a3
    2a6c:	01243433          	sltu	s0,s0,s2
    2a70:	013709b3          	add	s3,a4,s3
    2a74:	0086e6b3          	or	a3,a3,s0
    2a78:	00d986b3          	add	a3,s3,a3
    2a7c:	02d12c23          	sw	a3,56(sp)
    2a80:	00e9b7b3          	sltu	a5,s3,a4
    2a84:	0136b6b3          	sltu	a3,a3,s3
    2a88:	00d7e7b3          	or	a5,a5,a3
    2a8c:	016888b3          	add	a7,a7,s6
    2a90:	011787b3          	add	a5,a5,a7
    2a94:	bf1ff06f          	j	2684 <__subtf3+0x248>
    2a98:	000087b7          	lui	a5,0x8
    2a9c:	fff78793          	add	a5,a5,-1 # 7fff <ecmp+0xb3>
    2aa0:	60f81ce3          	bne	a6,a5,38b8 <__subtf3+0x147c>
    2aa4:	02812823          	sw	s0,48(sp)
    2aa8:	03212a23          	sw	s2,52(sp)
    2aac:	03312c23          	sw	s3,56(sp)
    2ab0:	03612e23          	sw	s6,60(sp)
    2ab4:	38c0006f          	j	2e40 <__subtf3+0xa04>
    2ab8:	00078413          	mv	s0,a5
    2abc:	fe9ff06f          	j	2aa4 <__subtf3+0x668>
    2ac0:	000087b7          	lui	a5,0x8
    2ac4:	fff78793          	add	a5,a5,-1 # 7fff <ecmp+0xb3>
    2ac8:	fcfb8ee3          	beq	s7,a5,2aa4 <__subtf3+0x668>
    2acc:	01c12783          	lw	a5,28(sp)
    2ad0:	00080737          	lui	a4,0x80
    2ad4:	00e7e7b3          	or	a5,a5,a4
    2ad8:	00f12e23          	sw	a5,28(sp)
    2adc:	07400793          	li	a5,116
    2ae0:	5f07c0e3          	blt	a5,a6,38c0 <__subtf3+0x1484>
    2ae4:	00080613          	mv	a2,a6
    2ae8:	02000713          	li	a4,32
    2aec:	02e64733          	div	a4,a2,a4
    2af0:	00058693          	mv	a3,a1
    2af4:	00000493          	li	s1,0
    2af8:	00000793          	li	a5,0
    2afc:	02e7ce63          	blt	a5,a4,2b38 <__subtf3+0x6fc>
    2b00:	00300793          	li	a5,3
    2b04:	01f67893          	and	a7,a2,31
    2b08:	40e787b3          	sub	a5,a5,a4
    2b0c:	00271813          	sll	a6,a4,0x2
    2b10:	02089e63          	bnez	a7,2b4c <__subtf3+0x710>
    2b14:	010586b3          	add	a3,a1,a6
    2b18:	0006a683          	lw	a3,0(a3)
    2b1c:	00188893          	add	a7,a7,1
    2b20:	00458593          	add	a1,a1,4
    2b24:	fed5ae23          	sw	a3,-4(a1)
    2b28:	ff17d6e3          	bge	a5,a7,2b14 <__subtf3+0x6d8>
    2b2c:	00400793          	li	a5,4
    2b30:	40e78733          	sub	a4,a5,a4
    2b34:	0780006f          	j	2bac <__subtf3+0x770>
    2b38:	0006a803          	lw	a6,0(a3)
    2b3c:	00178793          	add	a5,a5,1
    2b40:	00468693          	add	a3,a3,4
    2b44:	0104e4b3          	or	s1,s1,a6
    2b48:	fb5ff06f          	j	2afc <__subtf3+0x6c0>
    2b4c:	02000693          	li	a3,32
    2b50:	02d66633          	rem	a2,a2,a3
    2b54:	40c68633          	sub	a2,a3,a2
    2b58:	00070693          	mv	a3,a4
    2b5c:	00075463          	bgez	a4,2b64 <__subtf3+0x728>
    2b60:	00000693          	li	a3,0
    2b64:	00269693          	sll	a3,a3,0x2
    2b68:	04068693          	add	a3,a3,64
    2b6c:	002686b3          	add	a3,a3,sp
    2b70:	fd06a683          	lw	a3,-48(a3)
    2b74:	00000313          	li	t1,0
    2b78:	00c696b3          	sll	a3,a3,a2
    2b7c:	00d4e4b3          	or	s1,s1,a3
    2b80:	010506b3          	add	a3,a0,a6
    2b84:	41000833          	neg	a6,a6
    2b88:	0af34863          	blt	t1,a5,2c38 <__subtf3+0x7fc>
    2b8c:	00400693          	li	a3,4
    2b90:	40e68733          	sub	a4,a3,a4
    2b94:	01c12683          	lw	a3,28(sp)
    2b98:	00279793          	sll	a5,a5,0x2
    2b9c:	04078793          	add	a5,a5,64
    2ba0:	002787b3          	add	a5,a5,sp
    2ba4:	0116d6b3          	srl	a3,a3,a7
    2ba8:	fcd7a823          	sw	a3,-48(a5)
    2bac:	00400793          	li	a5,4
    2bb0:	00000613          	li	a2,0
    2bb4:	00e7c663          	blt	a5,a4,2bc0 <__subtf3+0x784>
    2bb8:	40e787b3          	sub	a5,a5,a4
    2bbc:	00279613          	sll	a2,a5,0x2
    2bc0:	00271713          	sll	a4,a4,0x2
    2bc4:	00e50533          	add	a0,a0,a4
    2bc8:	00000593          	li	a1,0
    2bcc:	d60fd0ef          	jal	12c <memset>
    2bd0:	01012703          	lw	a4,16(sp)
    2bd4:	009037b3          	snez	a5,s1
    2bd8:	00e7e7b3          	or	a5,a5,a4
    2bdc:	01412683          	lw	a3,20(sp)
    2be0:	00f12823          	sw	a5,16(sp)
    2be4:	00f407b3          	add	a5,s0,a5
    2be8:	01268933          	add	s2,a3,s2
    2bec:	02f12823          	sw	a5,48(sp)
    2bf0:	0087b7b3          	sltu	a5,a5,s0
    2bf4:	00f90733          	add	a4,s2,a5
    2bf8:	01812783          	lw	a5,24(sp)
    2bfc:	02e12a23          	sw	a4,52(sp)
    2c00:	00d936b3          	sltu	a3,s2,a3
    2c04:	01273733          	sltu	a4,a4,s2
    2c08:	013789b3          	add	s3,a5,s3
    2c0c:	00e6e733          	or	a4,a3,a4
    2c10:	00e98733          	add	a4,s3,a4
    2c14:	02e12c23          	sw	a4,56(sp)
    2c18:	00f9b7b3          	sltu	a5,s3,a5
    2c1c:	01373733          	sltu	a4,a4,s3
    2c20:	00e7e7b3          	or	a5,a5,a4
    2c24:	01c12703          	lw	a4,28(sp)
    2c28:	000b8493          	mv	s1,s7
    2c2c:	00eb0733          	add	a4,s6,a4
    2c30:	00e787b3          	add	a5,a5,a4
    2c34:	d5dff06f          	j	2990 <__subtf3+0x554>
    2c38:	0006a583          	lw	a1,0(a3)
    2c3c:	0046ae03          	lw	t3,4(a3)
    2c40:	01068eb3          	add	t4,a3,a6
    2c44:	0115d5b3          	srl	a1,a1,a7
    2c48:	00ce1e33          	sll	t3,t3,a2
    2c4c:	01c5e5b3          	or	a1,a1,t3
    2c50:	00bea023          	sw	a1,0(t4)
    2c54:	00130313          	add	t1,t1,1
    2c58:	00468693          	add	a3,a3,4
    2c5c:	f2dff06f          	j	2b88 <__subtf3+0x74c>
    2c60:	00008337          	lui	t1,0x8
    2c64:	00148813          	add	a6,s1,1
    2c68:	ffe30893          	add	a7,t1,-2 # 7ffe <ecmp+0xb2>
    2c6c:	011878b3          	and	a7,a6,a7
    2c70:	01412683          	lw	a3,20(sp)
    2c74:	01812703          	lw	a4,24(sp)
    2c78:	01c12603          	lw	a2,28(sp)
    2c7c:	03010593          	add	a1,sp,48
    2c80:	03c10513          	add	a0,sp,60
    2c84:	12089263          	bnez	a7,2da8 <__subtf3+0x96c>
    2c88:	00e6e833          	or	a6,a3,a4
    2c8c:	00c86833          	or	a6,a6,a2
    2c90:	00f86833          	or	a6,a6,a5
    2c94:	0a049a63          	bnez	s1,2d48 <__subtf3+0x90c>
    2c98:	00081e63          	bnez	a6,2cb4 <__subtf3+0x878>
    2c9c:	02812823          	sw	s0,48(sp)
    2ca0:	03212a23          	sw	s2,52(sp)
    2ca4:	03312c23          	sw	s3,56(sp)
    2ca8:	03612e23          	sw	s6,60(sp)
    2cac:	00000493          	li	s1,0
    2cb0:	a19ff06f          	j	26c8 <__subtf3+0x28c>
    2cb4:	013965b3          	or	a1,s2,s3
    2cb8:	0165e5b3          	or	a1,a1,s6
    2cbc:	0085e5b3          	or	a1,a1,s0
    2cc0:	00059c63          	bnez	a1,2cd8 <__subtf3+0x89c>
    2cc4:	02f12823          	sw	a5,48(sp)
    2cc8:	02d12a23          	sw	a3,52(sp)
    2ccc:	02e12c23          	sw	a4,56(sp)
    2cd0:	02c12e23          	sw	a2,60(sp)
    2cd4:	9f5ff06f          	j	26c8 <__subtf3+0x28c>
    2cd8:	00878433          	add	s0,a5,s0
    2cdc:	01268933          	add	s2,a3,s2
    2ce0:	02812823          	sw	s0,48(sp)
    2ce4:	00f43433          	sltu	s0,s0,a5
    2ce8:	00890433          	add	s0,s2,s0
    2cec:	02812a23          	sw	s0,52(sp)
    2cf0:	00d936b3          	sltu	a3,s2,a3
    2cf4:	01243433          	sltu	s0,s0,s2
    2cf8:	013709b3          	add	s3,a4,s3
    2cfc:	0086e6b3          	or	a3,a3,s0
    2d00:	00d986b3          	add	a3,s3,a3
    2d04:	00e9b7b3          	sltu	a5,s3,a4
    2d08:	02d12c23          	sw	a3,56(sp)
    2d0c:	0136b6b3          	sltu	a3,a3,s3
    2d10:	00d7e7b3          	or	a5,a5,a3
    2d14:	01660633          	add	a2,a2,s6
    2d18:	00c787b3          	add	a5,a5,a2
    2d1c:	00080737          	lui	a4,0x80
    2d20:	00e7f733          	and	a4,a5,a4
    2d24:	00071663          	bnez	a4,2d30 <__subtf3+0x8f4>
    2d28:	02f12e23          	sw	a5,60(sp)
    2d2c:	f81ff06f          	j	2cac <__subtf3+0x870>
    2d30:	fff80737          	lui	a4,0xfff80
    2d34:	fff70713          	add	a4,a4,-1 # fff7ffff <_stack_top+0xdfe7ffff>
    2d38:	00e7f7b3          	and	a5,a5,a4
    2d3c:	02f12e23          	sw	a5,60(sp)
    2d40:	00100493          	li	s1,1
    2d44:	985ff06f          	j	26c8 <__subtf3+0x28c>
    2d48:	94080ae3          	beqz	a6,269c <__subtf3+0x260>
    2d4c:	01396933          	or	s2,s2,s3
    2d50:	01696933          	or	s2,s2,s6
    2d54:	00896933          	or	s2,s2,s0
    2d58:	940906e3          	beqz	s2,26a4 <__subtf3+0x268>
    2d5c:	02612e23          	sw	t1,60(sp)
    2d60:	02012c23          	sw	zero,56(sp)
    2d64:	02012a23          	sw	zero,52(sp)
    2d68:	02012823          	sw	zero,48(sp)
    2d6c:	00050793          	mv	a5,a0
    2d70:	0007a703          	lw	a4,0(a5)
    2d74:	ffc7a683          	lw	a3,-4(a5)
    2d78:	ffc78793          	add	a5,a5,-4
    2d7c:	00371713          	sll	a4,a4,0x3
    2d80:	01d6d693          	srl	a3,a3,0x1d
    2d84:	00d76733          	or	a4,a4,a3
    2d88:	00e7a223          	sw	a4,4(a5)
    2d8c:	fef592e3          	bne	a1,a5,2d70 <__subtf3+0x934>
    2d90:	03012783          	lw	a5,48(sp)
    2d94:	000084b7          	lui	s1,0x8
    2d98:	fff48493          	add	s1,s1,-1 # 7fff <ecmp+0xb3>
    2d9c:	00379793          	sll	a5,a5,0x3
    2da0:	02f12823          	sw	a5,48(sp)
    2da4:	5f00006f          	j	3394 <__subtf3+0xf58>
    2da8:	00878433          	add	s0,a5,s0
    2dac:	01268933          	add	s2,a3,s2
    2db0:	02812823          	sw	s0,48(sp)
    2db4:	00f43433          	sltu	s0,s0,a5
    2db8:	00890433          	add	s0,s2,s0
    2dbc:	02812a23          	sw	s0,52(sp)
    2dc0:	00d937b3          	sltu	a5,s2,a3
    2dc4:	01243433          	sltu	s0,s0,s2
    2dc8:	013709b3          	add	s3,a4,s3
    2dcc:	0087e7b3          	or	a5,a5,s0
    2dd0:	00f987b3          	add	a5,s3,a5
    2dd4:	02f12c23          	sw	a5,56(sp)
    2dd8:	00e9b733          	sltu	a4,s3,a4
    2ddc:	0137b7b3          	sltu	a5,a5,s3
    2de0:	00f767b3          	or	a5,a4,a5
    2de4:	01660633          	add	a2,a2,s6
    2de8:	00c787b3          	add	a5,a5,a2
    2dec:	02f12e23          	sw	a5,60(sp)
    2df0:	00058793          	mv	a5,a1
    2df4:	0007a703          	lw	a4,0(a5)
    2df8:	0047a683          	lw	a3,4(a5)
    2dfc:	00478793          	add	a5,a5,4
    2e00:	00175713          	srl	a4,a4,0x1
    2e04:	01f69693          	sll	a3,a3,0x1f
    2e08:	00d76733          	or	a4,a4,a3
    2e0c:	fee7ae23          	sw	a4,-4(a5)
    2e10:	fef512e3          	bne	a0,a5,2df4 <__subtf3+0x9b8>
    2e14:	00008737          	lui	a4,0x8
    2e18:	fff70713          	add	a4,a4,-1 # 7fff <ecmp+0xb3>
    2e1c:	03c12783          	lw	a5,60(sp)
    2e20:	00e80863          	beq	a6,a4,2e30 <__subtf3+0x9f4>
    2e24:	0017d793          	srl	a5,a5,0x1
    2e28:	02f12e23          	sw	a5,60(sp)
    2e2c:	fa8ff06f          	j	25d4 <__subtf3+0x198>
    2e30:	02012e23          	sw	zero,60(sp)
    2e34:	02012c23          	sw	zero,56(sp)
    2e38:	02012a23          	sw	zero,52(sp)
    2e3c:	02012823          	sw	zero,48(sp)
    2e40:	000084b7          	lui	s1,0x8
    2e44:	fff48493          	add	s1,s1,-1 # 7fff <ecmp+0xb3>
    2e48:	881ff06f          	j	26c8 <__subtf3+0x28c>
    2e4c:	26605863          	blez	t1,30bc <__subtf3+0xc80>
    2e50:	01412903          	lw	s2,20(sp)
    2e54:	01812983          	lw	s3,24(sp)
    2e58:	01c12b03          	lw	s6,28(sp)
    2e5c:	080b9e63          	bnez	s7,2ef8 <__subtf3+0xabc>
    2e60:	02412f03          	lw	t5,36(sp)
    2e64:	02812e83          	lw	t4,40(sp)
    2e68:	02c12683          	lw	a3,44(sp)
    2e6c:	01df6733          	or	a4,t5,t4
    2e70:	00d76733          	or	a4,a4,a3
    2e74:	00876733          	or	a4,a4,s0
    2e78:	fa070463          	beqz	a4,2620 <__subtf3+0x1e4>
    2e7c:	fff30513          	add	a0,t1,-1
    2e80:	04051c63          	bnez	a0,2ed8 <__subtf3+0xa9c>
    2e84:	41e90633          	sub	a2,s2,t5
    2e88:	40878733          	sub	a4,a5,s0
    2e8c:	00c938b3          	sltu	a7,s2,a2
    2e90:	00e7b5b3          	sltu	a1,a5,a4
    2e94:	40b60633          	sub	a2,a2,a1
    2e98:	00088313          	mv	t1,a7
    2e9c:	41d985b3          	sub	a1,s3,t4
    2ea0:	01d9b833          	sltu	a6,s3,t4
    2ea4:	00e7fc63          	bgeu	a5,a4,2ebc <__subtf3+0xa80>
    2ea8:	012f1a63          	bne	t5,s2,2ebc <__subtf3+0xa80>
    2eac:	fff58593          	add	a1,a1,-1
    2eb0:	413e8eb3          	sub	t4,t4,s3
    2eb4:	001eb513          	seqz	a0,t4
    2eb8:	00c0006f          	j	2ec4 <__subtf3+0xa88>
    2ebc:	406585b3          	sub	a1,a1,t1
    2ec0:	fe0898e3          	bnez	a7,2eb0 <__subtf3+0xa74>
    2ec4:	40db07b3          	sub	a5,s6,a3
    2ec8:	010566b3          	or	a3,a0,a6
    2ecc:	40d787b3          	sub	a5,a5,a3
    2ed0:	00100493          	li	s1,1
    2ed4:	1bc0006f          	j	3090 <__subtf3+0xc54>
    2ed8:	fbc30e63          	beq	t1,t3,2694 <__subtf3+0x258>
    2edc:	07400713          	li	a4,116
    2ee0:	02a75c63          	bge	a4,a0,2f18 <__subtf3+0xadc>
    2ee4:	02012623          	sw	zero,44(sp)
    2ee8:	02012423          	sw	zero,40(sp)
    2eec:	02012223          	sw	zero,36(sp)
    2ef0:	00100713          	li	a4,1
    2ef4:	1140006f          	j	3008 <__subtf3+0xbcc>
    2ef8:	bdc480e3          	beq	s1,t3,2ab8 <__subtf3+0x67c>
    2efc:	02c12703          	lw	a4,44(sp)
    2f00:	000806b7          	lui	a3,0x80
    2f04:	00d76733          	or	a4,a4,a3
    2f08:	02e12623          	sw	a4,44(sp)
    2f0c:	07400713          	li	a4,116
    2f10:	fc674ae3          	blt	a4,t1,2ee4 <__subtf3+0xaa8>
    2f14:	00030513          	mv	a0,t1
    2f18:	40555693          	sra	a3,a0,0x5
    2f1c:	00088593          	mv	a1,a7
    2f20:	01f57513          	and	a0,a0,31
    2f24:	00000713          	li	a4,0
    2f28:	00000613          	li	a2,0
    2f2c:	02d61c63          	bne	a2,a3,2f64 <__subtf3+0xb28>
    2f30:	00300613          	li	a2,3
    2f34:	40d60633          	sub	a2,a2,a3
    2f38:	00269593          	sll	a1,a3,0x2
    2f3c:	02051e63          	bnez	a0,2f78 <__subtf3+0xb3c>
    2f40:	00b88333          	add	t1,a7,a1
    2f44:	00032303          	lw	t1,0(t1)
    2f48:	00150513          	add	a0,a0,1
    2f4c:	00488893          	add	a7,a7,4
    2f50:	fe68ae23          	sw	t1,-4(a7)
    2f54:	fea656e3          	bge	a2,a0,2f40 <__subtf3+0xb04>
    2f58:	00400613          	li	a2,4
    2f5c:	40d606b3          	sub	a3,a2,a3
    2f60:	0640006f          	j	2fc4 <__subtf3+0xb88>
    2f64:	0005a303          	lw	t1,0(a1)
    2f68:	00160613          	add	a2,a2,1
    2f6c:	00458593          	add	a1,a1,4
    2f70:	00676733          	or	a4,a4,t1
    2f74:	fb9ff06f          	j	2f2c <__subtf3+0xaf0>
    2f78:	04058893          	add	a7,a1,64
    2f7c:	002888b3          	add	a7,a7,sp
    2f80:	fe08a883          	lw	a7,-32(a7)
    2f84:	02000e13          	li	t3,32
    2f88:	40ae0e33          	sub	t3,t3,a0
    2f8c:	01c898b3          	sll	a7,a7,t3
    2f90:	01176733          	or	a4,a4,a7
    2f94:	00000e93          	li	t4,0
    2f98:	00b808b3          	add	a7,a6,a1
    2f9c:	40b005b3          	neg	a1,a1
    2fa0:	0acec663          	blt	t4,a2,304c <__subtf3+0xc10>
    2fa4:	00400593          	li	a1,4
    2fa8:	40d586b3          	sub	a3,a1,a3
    2fac:	02c12583          	lw	a1,44(sp)
    2fb0:	00261613          	sll	a2,a2,0x2
    2fb4:	04060613          	add	a2,a2,64
    2fb8:	00260633          	add	a2,a2,sp
    2fbc:	00a5d5b3          	srl	a1,a1,a0
    2fc0:	feb62023          	sw	a1,-32(a2)
    2fc4:	00400613          	li	a2,4
    2fc8:	40d60633          	sub	a2,a2,a3
    2fcc:	00261613          	sll	a2,a2,0x2
    2fd0:	00269693          	sll	a3,a3,0x2
    2fd4:	00800593          	li	a1,8
    2fd8:	00d806b3          	add	a3,a6,a3
    2fdc:	00b66a63          	bltu	a2,a1,2ff0 <__subtf3+0xbb4>
    2fe0:	0006a023          	sw	zero,0(a3) # 80000 <_sidata+0x6b8f8>
    2fe4:	0006a223          	sw	zero,4(a3)
    2fe8:	ff860613          	add	a2,a2,-8
    2fec:	00868693          	add	a3,a3,8
    2ff0:	00400593          	li	a1,4
    2ff4:	00b66463          	bltu	a2,a1,2ffc <__subtf3+0xbc0>
    2ff8:	0006a023          	sw	zero,0(a3)
    2ffc:	02012683          	lw	a3,32(sp)
    3000:	00e03733          	snez	a4,a4
    3004:	00d76733          	or	a4,a4,a3
    3008:	02412503          	lw	a0,36(sp)
    300c:	02e12023          	sw	a4,32(sp)
    3010:	40e78733          	sub	a4,a5,a4
    3014:	40a90633          	sub	a2,s2,a0
    3018:	00e7b6b3          	sltu	a3,a5,a4
    301c:	00c938b3          	sltu	a7,s2,a2
    3020:	40d60633          	sub	a2,a2,a3
    3024:	02812683          	lw	a3,40(sp)
    3028:	00088313          	mv	t1,a7
    302c:	40d985b3          	sub	a1,s3,a3
    3030:	00d9b833          	sltu	a6,s3,a3
    3034:	04e7f063          	bgeu	a5,a4,3074 <__subtf3+0xc38>
    3038:	03251e63          	bne	a0,s2,3074 <__subtf3+0xc38>
    303c:	fff58593          	add	a1,a1,-1
    3040:	413686b3          	sub	a3,a3,s3
    3044:	0016b513          	seqz	a0,a3
    3048:	0380006f          	j	3080 <__subtf3+0xc44>
    304c:	0008a303          	lw	t1,0(a7)
    3050:	0048af03          	lw	t5,4(a7)
    3054:	00b88fb3          	add	t6,a7,a1
    3058:	00a35333          	srl	t1,t1,a0
    305c:	01cf1f33          	sll	t5,t5,t3
    3060:	01e36333          	or	t1,t1,t5
    3064:	006fa023          	sw	t1,0(t6)
    3068:	001e8e93          	add	t4,t4,1
    306c:	00488893          	add	a7,a7,4
    3070:	f31ff06f          	j	2fa0 <__subtf3+0xb64>
    3074:	406585b3          	sub	a1,a1,t1
    3078:	00000513          	li	a0,0
    307c:	fc0892e3          	bnez	a7,3040 <__subtf3+0xc04>
    3080:	02c12783          	lw	a5,44(sp)
    3084:	01056533          	or	a0,a0,a6
    3088:	40fb07b3          	sub	a5,s6,a5
    308c:	40a787b3          	sub	a5,a5,a0
    3090:	02e12823          	sw	a4,48(sp)
    3094:	00080737          	lui	a4,0x80
    3098:	02f12e23          	sw	a5,60(sp)
    309c:	02b12c23          	sw	a1,56(sp)
    30a0:	02c12a23          	sw	a2,52(sp)
    30a4:	00e7f6b3          	and	a3,a5,a4
    30a8:	e2068063          	beqz	a3,26c8 <__subtf3+0x28c>
    30ac:	fff70713          	add	a4,a4,-1 # 7ffff <_sidata+0x6b8f7>
    30b0:	00e7f7b3          	and	a5,a5,a4
    30b4:	02f12e23          	sw	a5,60(sp)
    30b8:	54c0006f          	j	3604 <__subtf3+0x11c8>
    30bc:	02412903          	lw	s2,36(sp)
    30c0:	02812c03          	lw	s8,40(sp)
    30c4:	02c12b03          	lw	s6,44(sp)
    30c8:	26030a63          	beqz	t1,333c <__subtf3+0xf00>
    30cc:	409b8733          	sub	a4,s7,s1
    30d0:	0a049e63          	bnez	s1,318c <__subtf3+0xd50>
    30d4:	01412303          	lw	t1,20(sp)
    30d8:	01812883          	lw	a7,24(sp)
    30dc:	01c12683          	lw	a3,28(sp)
    30e0:	01136633          	or	a2,t1,a7
    30e4:	00d66633          	or	a2,a2,a3
    30e8:	00f66633          	or	a2,a2,a5
    30ec:	02061063          	bnez	a2,310c <__subtf3+0xcd0>
    30f0:	02812823          	sw	s0,48(sp)
    30f4:	03212a23          	sw	s2,52(sp)
    30f8:	03812c23          	sw	s8,56(sp)
    30fc:	03612e23          	sw	s6,60(sp)
    3100:	00070493          	mv	s1,a4
    3104:	00098a93          	mv	s5,s3
    3108:	dc0ff06f          	j	26c8 <__subtf3+0x28c>
    310c:	fff70813          	add	a6,a4,-1
    3110:	04081c63          	bnez	a6,3168 <__subtf3+0xd2c>
    3114:	40f40733          	sub	a4,s0,a5
    3118:	40690633          	sub	a2,s2,t1
    311c:	00c937b3          	sltu	a5,s2,a2
    3120:	00e435b3          	sltu	a1,s0,a4
    3124:	40b60633          	sub	a2,a2,a1
    3128:	00078e13          	mv	t3,a5
    312c:	411c05b3          	sub	a1,s8,a7
    3130:	011c3533          	sltu	a0,s8,a7
    3134:	00e47c63          	bgeu	s0,a4,314c <__subtf3+0xd10>
    3138:	01231a63          	bne	t1,s2,314c <__subtf3+0xd10>
    313c:	fff58593          	add	a1,a1,-1
    3140:	418888b3          	sub	a7,a7,s8
    3144:	0018b813          	seqz	a6,a7
    3148:	00c0006f          	j	3154 <__subtf3+0xd18>
    314c:	41c585b3          	sub	a1,a1,t3
    3150:	fe0798e3          	bnez	a5,3140 <__subtf3+0xd04>
    3154:	40db07b3          	sub	a5,s6,a3
    3158:	00a866b3          	or	a3,a6,a0
    315c:	40d787b3          	sub	a5,a5,a3
    3160:	00098a93          	mv	s5,s3
    3164:	d6dff06f          	j	2ed0 <__subtf3+0xa94>
    3168:	000087b7          	lui	a5,0x8
    316c:	fff78793          	add	a5,a5,-1 # 7fff <ecmp+0xb3>
    3170:	76f71263          	bne	a4,a5,38d4 <__subtf3+0x1498>
    3174:	02812823          	sw	s0,48(sp)
    3178:	03212a23          	sw	s2,52(sp)
    317c:	03812c23          	sw	s8,56(sp)
    3180:	03612e23          	sw	s6,60(sp)
    3184:	00098a93          	mv	s5,s3
    3188:	cb9ff06f          	j	2e40 <__subtf3+0xa04>
    318c:	000087b7          	lui	a5,0x8
    3190:	fff78793          	add	a5,a5,-1 # 7fff <ecmp+0xb3>
    3194:	fefb80e3          	beq	s7,a5,3174 <__subtf3+0xd38>
    3198:	01c12783          	lw	a5,28(sp)
    319c:	000806b7          	lui	a3,0x80
    31a0:	00d7e7b3          	or	a5,a5,a3
    31a4:	00f12e23          	sw	a5,28(sp)
    31a8:	07400793          	li	a5,116
    31ac:	72e7c863          	blt	a5,a4,38dc <__subtf3+0x14a0>
    31b0:	00070813          	mv	a6,a4
    31b4:	02000793          	li	a5,32
    31b8:	02f847b3          	div	a5,a6,a5
    31bc:	00058693          	mv	a3,a1
    31c0:	00000493          	li	s1,0
    31c4:	00000713          	li	a4,0
    31c8:	02f74e63          	blt	a4,a5,3204 <__subtf3+0xdc8>
    31cc:	00300693          	li	a3,3
    31d0:	01f87893          	and	a7,a6,31
    31d4:	40f686b3          	sub	a3,a3,a5
    31d8:	00279613          	sll	a2,a5,0x2
    31dc:	02089e63          	bnez	a7,3218 <__subtf3+0xddc>
    31e0:	00c58733          	add	a4,a1,a2
    31e4:	00072703          	lw	a4,0(a4)
    31e8:	00188893          	add	a7,a7,1
    31ec:	00458593          	add	a1,a1,4
    31f0:	fee5ae23          	sw	a4,-4(a1)
    31f4:	ff16d6e3          	bge	a3,a7,31e0 <__subtf3+0xda4>
    31f8:	00400713          	li	a4,4
    31fc:	40f707b3          	sub	a5,a4,a5
    3200:	0780006f          	j	3278 <__subtf3+0xe3c>
    3204:	0006a603          	lw	a2,0(a3) # 80000 <_sidata+0x6b8f8>
    3208:	00170713          	add	a4,a4,1
    320c:	00468693          	add	a3,a3,4
    3210:	00c4e4b3          	or	s1,s1,a2
    3214:	fb5ff06f          	j	31c8 <__subtf3+0xd8c>
    3218:	02000713          	li	a4,32
    321c:	02e86833          	rem	a6,a6,a4
    3220:	41070833          	sub	a6,a4,a6
    3224:	00078713          	mv	a4,a5
    3228:	0007d463          	bgez	a5,3230 <__subtf3+0xdf4>
    322c:	00000713          	li	a4,0
    3230:	00271713          	sll	a4,a4,0x2
    3234:	04070713          	add	a4,a4,64
    3238:	00270733          	add	a4,a4,sp
    323c:	fd072703          	lw	a4,-48(a4)
    3240:	00000313          	li	t1,0
    3244:	01071733          	sll	a4,a4,a6
    3248:	00e4e4b3          	or	s1,s1,a4
    324c:	00c50733          	add	a4,a0,a2
    3250:	40c00633          	neg	a2,a2
    3254:	08d34c63          	blt	t1,a3,32ec <__subtf3+0xeb0>
    3258:	00400713          	li	a4,4
    325c:	00269693          	sll	a3,a3,0x2
    3260:	40f707b3          	sub	a5,a4,a5
    3264:	04068713          	add	a4,a3,64
    3268:	002706b3          	add	a3,a4,sp
    326c:	01c12703          	lw	a4,28(sp)
    3270:	01175733          	srl	a4,a4,a7
    3274:	fce6a823          	sw	a4,-48(a3)
    3278:	00400713          	li	a4,4
    327c:	00000613          	li	a2,0
    3280:	00f74663          	blt	a4,a5,328c <__subtf3+0xe50>
    3284:	40f70733          	sub	a4,a4,a5
    3288:	00271613          	sll	a2,a4,0x2
    328c:	00279793          	sll	a5,a5,0x2
    3290:	00f50533          	add	a0,a0,a5
    3294:	00000593          	li	a1,0
    3298:	e95fc0ef          	jal	12c <memset>
    329c:	01012783          	lw	a5,16(sp)
    32a0:	00903733          	snez	a4,s1
    32a4:	00f76733          	or	a4,a4,a5
    32a8:	01412683          	lw	a3,20(sp)
    32ac:	00e12823          	sw	a4,16(sp)
    32b0:	40e40733          	sub	a4,s0,a4
    32b4:	40d90633          	sub	a2,s2,a3
    32b8:	00e437b3          	sltu	a5,s0,a4
    32bc:	00c93833          	sltu	a6,s2,a2
    32c0:	40f60633          	sub	a2,a2,a5
    32c4:	01812783          	lw	a5,24(sp)
    32c8:	00080893          	mv	a7,a6
    32cc:	40fc05b3          	sub	a1,s8,a5
    32d0:	00fc3533          	sltu	a0,s8,a5
    32d4:	04e47063          	bgeu	s0,a4,3314 <__subtf3+0xed8>
    32d8:	03269e63          	bne	a3,s2,3314 <__subtf3+0xed8>
    32dc:	fff58593          	add	a1,a1,-1
    32e0:	418787b3          	sub	a5,a5,s8
    32e4:	0017b693          	seqz	a3,a5
    32e8:	0380006f          	j	3320 <__subtf3+0xee4>
    32ec:	00072583          	lw	a1,0(a4)
    32f0:	00472e03          	lw	t3,4(a4)
    32f4:	00c70eb3          	add	t4,a4,a2
    32f8:	0115d5b3          	srl	a1,a1,a7
    32fc:	010e1e33          	sll	t3,t3,a6
    3300:	01c5e5b3          	or	a1,a1,t3
    3304:	00bea023          	sw	a1,0(t4)
    3308:	00130313          	add	t1,t1,1
    330c:	00470713          	add	a4,a4,4
    3310:	f45ff06f          	j	3254 <__subtf3+0xe18>
    3314:	411585b3          	sub	a1,a1,a7
    3318:	00000693          	li	a3,0
    331c:	fc0812e3          	bnez	a6,32e0 <__subtf3+0xea4>
    3320:	01c12783          	lw	a5,28(sp)
    3324:	00a6e6b3          	or	a3,a3,a0
    3328:	000b8493          	mv	s1,s7
    332c:	40fb07b3          	sub	a5,s6,a5
    3330:	40d787b3          	sub	a5,a5,a3
    3334:	00098a93          	mv	s5,s3
    3338:	d59ff06f          	j	3090 <__subtf3+0xc54>
    333c:	00008837          	lui	a6,0x8
    3340:	00148613          	add	a2,s1,1
    3344:	ffe80593          	add	a1,a6,-2 # 7ffe <ecmp+0xb2>
    3348:	00b67633          	and	a2,a2,a1
    334c:	01412503          	lw	a0,20(sp)
    3350:	01812703          	lw	a4,24(sp)
    3354:	01c12683          	lw	a3,28(sp)
    3358:	1e061463          	bnez	a2,3540 <__subtf3+0x1104>
    335c:	01896633          	or	a2,s2,s8
    3360:	00e565b3          	or	a1,a0,a4
    3364:	01666633          	or	a2,a2,s6
    3368:	00d5e5b3          	or	a1,a1,a3
    336c:	00866633          	or	a2,a2,s0
    3370:	00f5e5b3          	or	a1,a1,a5
    3374:	10049e63          	bnez	s1,3490 <__subtf3+0x1054>
    3378:	02059263          	bnez	a1,339c <__subtf3+0xf60>
    337c:	02812823          	sw	s0,48(sp)
    3380:	03212a23          	sw	s2,52(sp)
    3384:	03812c23          	sw	s8,56(sp)
    3388:	03612e23          	sw	s6,60(sp)
    338c:	d6061ce3          	bnez	a2,3104 <__subtf3+0xcc8>
    3390:	00000493          	li	s1,0
    3394:	00000a93          	li	s5,0
    3398:	b30ff06f          	j	26c8 <__subtf3+0x28c>
    339c:	00061c63          	bnez	a2,33b4 <__subtf3+0xf78>
    33a0:	02f12823          	sw	a5,48(sp)
    33a4:	02a12a23          	sw	a0,52(sp)
    33a8:	02e12c23          	sw	a4,56(sp)
    33ac:	02d12e23          	sw	a3,60(sp)
    33b0:	8fdff06f          	j	2cac <__subtf3+0x870>
    33b4:	412505b3          	sub	a1,a0,s2
    33b8:	40878633          	sub	a2,a5,s0
    33bc:	00b53f33          	sltu	t5,a0,a1
    33c0:	00c7b833          	sltu	a6,a5,a2
    33c4:	000f0893          	mv	a7,t5
    33c8:	41058833          	sub	a6,a1,a6
    33cc:	41870e33          	sub	t3,a4,s8
    33d0:	01873eb3          	sltu	t4,a4,s8
    33d4:	00c7fa63          	bgeu	a5,a2,33e8 <__subtf3+0xfac>
    33d8:	01251863          	bne	a0,s2,33e8 <__subtf3+0xfac>
    33dc:	fffe0893          	add	a7,t3,-1
    33e0:	001e3313          	seqz	t1,t3
    33e4:	0100006f          	j	33f4 <__subtf3+0xfb8>
    33e8:	411e08b3          	sub	a7,t3,a7
    33ec:	00000313          	li	t1,0
    33f0:	fe0f18e3          	bnez	t5,33e0 <__subtf3+0xfa4>
    33f4:	01d36333          	or	t1,t1,t4
    33f8:	416685b3          	sub	a1,a3,s6
    33fc:	406585b3          	sub	a1,a1,t1
    3400:	00080337          	lui	t1,0x80
    3404:	02b12e23          	sw	a1,60(sp)
    3408:	03112c23          	sw	a7,56(sp)
    340c:	03012a23          	sw	a6,52(sp)
    3410:	02c12823          	sw	a2,48(sp)
    3414:	0065f333          	and	t1,a1,t1
    3418:	06030263          	beqz	t1,347c <__subtf3+0x1040>
    341c:	40a90633          	sub	a2,s2,a0
    3420:	40f407b3          	sub	a5,s0,a5
    3424:	00c93833          	sltu	a6,s2,a2
    3428:	00f435b3          	sltu	a1,s0,a5
    342c:	40b60633          	sub	a2,a2,a1
    3430:	00080893          	mv	a7,a6
    3434:	40ec05b3          	sub	a1,s8,a4
    3438:	00ec3733          	sltu	a4,s8,a4
    343c:	00f47a63          	bgeu	s0,a5,3450 <__subtf3+0x1014>
    3440:	01251863          	bne	a0,s2,3450 <__subtf3+0x1014>
    3444:	fff58593          	add	a1,a1,-1
    3448:	001e3513          	seqz	a0,t3
    344c:	0100006f          	j	345c <__subtf3+0x1020>
    3450:	411585b3          	sub	a1,a1,a7
    3454:	00000513          	li	a0,0
    3458:	fe0818e3          	bnez	a6,3448 <__subtf3+0x100c>
    345c:	40db06b3          	sub	a3,s6,a3
    3460:	00e56533          	or	a0,a0,a4
    3464:	40a686b3          	sub	a3,a3,a0
    3468:	02d12e23          	sw	a3,60(sp)
    346c:	02b12c23          	sw	a1,56(sp)
    3470:	02c12a23          	sw	a2,52(sp)
    3474:	02f12823          	sw	a5,48(sp)
    3478:	c8dff06f          	j	3104 <__subtf3+0xcc8>
    347c:	01066633          	or	a2,a2,a6
    3480:	01166633          	or	a2,a2,a7
    3484:	00b66633          	or	a2,a2,a1
    3488:	f00604e3          	beqz	a2,3390 <__subtf3+0xf54>
    348c:	821ff06f          	j	2cac <__subtf3+0x870>
    3490:	03010893          	add	a7,sp,48
    3494:	04059e63          	bnez	a1,34f0 <__subtf3+0x10b4>
    3498:	02061e63          	bnez	a2,34d4 <__subtf3+0x1098>
    349c:	03012e23          	sw	a6,60(sp)
    34a0:	02012c23          	sw	zero,56(sp)
    34a4:	02012a23          	sw	zero,52(sp)
    34a8:	02012823          	sw	zero,48(sp)
    34ac:	03c10793          	add	a5,sp,60
    34b0:	0007a703          	lw	a4,0(a5)
    34b4:	ffc7a683          	lw	a3,-4(a5)
    34b8:	ffc78793          	add	a5,a5,-4
    34bc:	00371713          	sll	a4,a4,0x3
    34c0:	01d6d693          	srl	a3,a3,0x1d
    34c4:	00d76733          	or	a4,a4,a3
    34c8:	00e7a223          	sw	a4,4(a5)
    34cc:	fef892e3          	bne	a7,a5,34b0 <__subtf3+0x1074>
    34d0:	8c1ff06f          	j	2d90 <__subtf3+0x954>
    34d4:	02812823          	sw	s0,48(sp)
    34d8:	03212a23          	sw	s2,52(sp)
    34dc:	03812c23          	sw	s8,56(sp)
    34e0:	03612e23          	sw	s6,60(sp)
    34e4:	00098a93          	mv	s5,s3
    34e8:	fff80493          	add	s1,a6,-1
    34ec:	9dcff06f          	j	26c8 <__subtf3+0x28c>
    34f0:	00061c63          	bnez	a2,3508 <__subtf3+0x10cc>
    34f4:	02f12823          	sw	a5,48(sp)
    34f8:	02a12a23          	sw	a0,52(sp)
    34fc:	02e12c23          	sw	a4,56(sp)
    3500:	02d12e23          	sw	a3,60(sp)
    3504:	fe5ff06f          	j	34e8 <__subtf3+0x10ac>
    3508:	03012e23          	sw	a6,60(sp)
    350c:	02012c23          	sw	zero,56(sp)
    3510:	02012a23          	sw	zero,52(sp)
    3514:	02012823          	sw	zero,48(sp)
    3518:	03c10793          	add	a5,sp,60
    351c:	0007a703          	lw	a4,0(a5)
    3520:	ffc7a683          	lw	a3,-4(a5)
    3524:	ffc78793          	add	a5,a5,-4
    3528:	00371713          	sll	a4,a4,0x3
    352c:	01d6d693          	srl	a3,a3,0x1d
    3530:	00d76733          	or	a4,a4,a3
    3534:	00e7a223          	sw	a4,4(a5)
    3538:	fef892e3          	bne	a7,a5,351c <__subtf3+0x10e0>
    353c:	855ff06f          	j	2d90 <__subtf3+0x954>
    3540:	412505b3          	sub	a1,a0,s2
    3544:	40878633          	sub	a2,a5,s0
    3548:	00b53fb3          	sltu	t6,a0,a1
    354c:	00c7b833          	sltu	a6,a5,a2
    3550:	000f8893          	mv	a7,t6
    3554:	41058833          	sub	a6,a1,a6
    3558:	41870333          	sub	t1,a4,s8
    355c:	01873f33          	sltu	t5,a4,s8
    3560:	00c7fa63          	bgeu	a5,a2,3574 <__subtf3+0x1138>
    3564:	01251863          	bne	a0,s2,3574 <__subtf3+0x1138>
    3568:	fff30893          	add	a7,t1,-1 # 7ffff <_sidata+0x6b8f7>
    356c:	00133e13          	seqz	t3,t1
    3570:	0100006f          	j	3580 <__subtf3+0x1144>
    3574:	411308b3          	sub	a7,t1,a7
    3578:	00000e13          	li	t3,0
    357c:	fe0f98e3          	bnez	t6,356c <__subtf3+0x1130>
    3580:	01ee6e33          	or	t3,t3,t5
    3584:	416685b3          	sub	a1,a3,s6
    3588:	41c585b3          	sub	a1,a1,t3
    358c:	00080e37          	lui	t3,0x80
    3590:	02b12e23          	sw	a1,60(sp)
    3594:	03112c23          	sw	a7,56(sp)
    3598:	03012a23          	sw	a6,52(sp)
    359c:	02c12823          	sw	a2,48(sp)
    35a0:	01c5fe33          	and	t3,a1,t3
    35a4:	140e0863          	beqz	t3,36f4 <__subtf3+0x12b8>
    35a8:	40a90633          	sub	a2,s2,a0
    35ac:	40f407b3          	sub	a5,s0,a5
    35b0:	00c93833          	sltu	a6,s2,a2
    35b4:	00f435b3          	sltu	a1,s0,a5
    35b8:	40b60633          	sub	a2,a2,a1
    35bc:	00080893          	mv	a7,a6
    35c0:	40ec05b3          	sub	a1,s8,a4
    35c4:	00ec3733          	sltu	a4,s8,a4
    35c8:	00f47a63          	bgeu	s0,a5,35dc <__subtf3+0x11a0>
    35cc:	01251863          	bne	a0,s2,35dc <__subtf3+0x11a0>
    35d0:	fff58593          	add	a1,a1,-1
    35d4:	00133e93          	seqz	t4,t1
    35d8:	00c0006f          	j	35e4 <__subtf3+0x11a8>
    35dc:	411585b3          	sub	a1,a1,a7
    35e0:	fe081ae3          	bnez	a6,35d4 <__subtf3+0x1198>
    35e4:	40db06b3          	sub	a3,s6,a3
    35e8:	00eeeeb3          	or	t4,t4,a4
    35ec:	41d68733          	sub	a4,a3,t4
    35f0:	02e12e23          	sw	a4,60(sp)
    35f4:	02b12c23          	sw	a1,56(sp)
    35f8:	02c12a23          	sw	a2,52(sp)
    35fc:	02f12823          	sw	a5,48(sp)
    3600:	00098a93          	mv	s5,s3
    3604:	03c12503          	lw	a0,60(sp)
    3608:	10050063          	beqz	a0,3708 <__subtf3+0x12cc>
    360c:	291000ef          	jal	409c <__clzsi2>
    3610:	ff450513          	add	a0,a0,-12
    3614:	02000713          	li	a4,32
    3618:	01f57813          	and	a6,a0,31
    361c:	02e547b3          	div	a5,a0,a4
    3620:	12080063          	beqz	a6,3740 <__subtf3+0x1304>
    3624:	03010313          	add	t1,sp,48
    3628:	02e566b3          	rem	a3,a0,a4
    362c:	40d70633          	sub	a2,a4,a3
    3630:	ffc00693          	li	a3,-4
    3634:	02d786b3          	mul	a3,a5,a3
    3638:	00c68713          	add	a4,a3,12
    363c:	00e30733          	add	a4,t1,a4
    3640:	40d006b3          	neg	a3,a3
    3644:	12e31663          	bne	t1,a4,3770 <__subtf3+0x1334>
    3648:	03012683          	lw	a3,48(sp)
    364c:	fff78713          	add	a4,a5,-1
    3650:	00279793          	sll	a5,a5,0x2
    3654:	04078793          	add	a5,a5,64
    3658:	002787b3          	add	a5,a5,sp
    365c:	010696b3          	sll	a3,a3,a6
    3660:	fed7a823          	sw	a3,-16(a5)
    3664:	00170713          	add	a4,a4,1
    3668:	03010793          	add	a5,sp,48
    366c:	00271713          	sll	a4,a4,0x2
    3670:	00800693          	li	a3,8
    3674:	00078893          	mv	a7,a5
    3678:	00d76a63          	bltu	a4,a3,368c <__subtf3+0x1250>
    367c:	02012823          	sw	zero,48(sp)
    3680:	0007a223          	sw	zero,4(a5)
    3684:	ff870713          	add	a4,a4,-8
    3688:	03810793          	add	a5,sp,56
    368c:	00400693          	li	a3,4
    3690:	00d76463          	bltu	a4,a3,3698 <__subtf3+0x125c>
    3694:	0007a023          	sw	zero,0(a5)
    3698:	1c954863          	blt	a0,s1,3868 <__subtf3+0x142c>
    369c:	40950533          	sub	a0,a0,s1
    36a0:	00150513          	add	a0,a0,1
    36a4:	40555713          	sra	a4,a0,0x5
    36a8:	01f57793          	and	a5,a0,31
    36ac:	00088593          	mv	a1,a7
    36b0:	00088613          	mv	a2,a7
    36b4:	00000313          	li	t1,0
    36b8:	00000693          	li	a3,0
    36bc:	0ce69c63          	bne	a3,a4,3794 <__subtf3+0x1358>
    36c0:	00300693          	li	a3,3
    36c4:	40e686b3          	sub	a3,a3,a4
    36c8:	00271613          	sll	a2,a4,0x2
    36cc:	0c079e63          	bnez	a5,37a8 <__subtf3+0x136c>
    36d0:	00c58533          	add	a0,a1,a2
    36d4:	00052503          	lw	a0,0(a0)
    36d8:	00178793          	add	a5,a5,1
    36dc:	00458593          	add	a1,a1,4
    36e0:	fea5ae23          	sw	a0,-4(a1)
    36e4:	fef6d6e3          	bge	a3,a5,36d0 <__subtf3+0x1294>
    36e8:	00400793          	li	a5,4
    36ec:	40e78733          	sub	a4,a5,a4
    36f0:	1040006f          	j	37f4 <__subtf3+0x13b8>
    36f4:	01066633          	or	a2,a2,a6
    36f8:	01166633          	or	a2,a2,a7
    36fc:	00b66633          	or	a2,a2,a1
    3700:	c80608e3          	beqz	a2,3390 <__subtf3+0xf54>
    3704:	f01ff06f          	j	3604 <__subtf3+0x11c8>
    3708:	03812503          	lw	a0,56(sp)
    370c:	00050863          	beqz	a0,371c <__subtf3+0x12e0>
    3710:	18d000ef          	jal	409c <__clzsi2>
    3714:	02050513          	add	a0,a0,32
    3718:	ef9ff06f          	j	3610 <__subtf3+0x11d4>
    371c:	03412503          	lw	a0,52(sp)
    3720:	00050863          	beqz	a0,3730 <__subtf3+0x12f4>
    3724:	179000ef          	jal	409c <__clzsi2>
    3728:	04050513          	add	a0,a0,64
    372c:	ee5ff06f          	j	3610 <__subtf3+0x11d4>
    3730:	03012503          	lw	a0,48(sp)
    3734:	169000ef          	jal	409c <__clzsi2>
    3738:	06050513          	add	a0,a0,96
    373c:	ed5ff06f          	j	3610 <__subtf3+0x11d4>
    3740:	ffc00613          	li	a2,-4
    3744:	02c78633          	mul	a2,a5,a2
    3748:	03c10713          	add	a4,sp,60
    374c:	00300693          	li	a3,3
    3750:	00c705b3          	add	a1,a4,a2
    3754:	0005a583          	lw	a1,0(a1)
    3758:	fff68693          	add	a3,a3,-1
    375c:	ffc70713          	add	a4,a4,-4
    3760:	00b72223          	sw	a1,4(a4)
    3764:	fef6d6e3          	bge	a3,a5,3750 <__subtf3+0x1314>
    3768:	fff78713          	add	a4,a5,-1
    376c:	ef9ff06f          	j	3664 <__subtf3+0x1228>
    3770:	00072583          	lw	a1,0(a4)
    3774:	ffc72883          	lw	a7,-4(a4)
    3778:	00d70e33          	add	t3,a4,a3
    377c:	010595b3          	sll	a1,a1,a6
    3780:	00c8d8b3          	srl	a7,a7,a2
    3784:	0115e5b3          	or	a1,a1,a7
    3788:	00be2023          	sw	a1,0(t3) # 80000 <_sidata+0x6b8f8>
    378c:	ffc70713          	add	a4,a4,-4
    3790:	eb5ff06f          	j	3644 <__subtf3+0x1208>
    3794:	00062503          	lw	a0,0(a2)
    3798:	00168693          	add	a3,a3,1
    379c:	00460613          	add	a2,a2,4
    37a0:	00a36333          	or	t1,t1,a0
    37a4:	f19ff06f          	j	36bc <__subtf3+0x1280>
    37a8:	04060593          	add	a1,a2,64
    37ac:	002585b3          	add	a1,a1,sp
    37b0:	ff05a583          	lw	a1,-16(a1)
    37b4:	02000813          	li	a6,32
    37b8:	40f80833          	sub	a6,a6,a5
    37bc:	010595b3          	sll	a1,a1,a6
    37c0:	00b36333          	or	t1,t1,a1
    37c4:	00000e13          	li	t3,0
    37c8:	00c885b3          	add	a1,a7,a2
    37cc:	40c00633          	neg	a2,a2
    37d0:	06de4863          	blt	t3,a3,3840 <__subtf3+0x1404>
    37d4:	00400613          	li	a2,4
    37d8:	40e60733          	sub	a4,a2,a4
    37dc:	03c12603          	lw	a2,60(sp)
    37e0:	00269693          	sll	a3,a3,0x2
    37e4:	04068693          	add	a3,a3,64
    37e8:	002686b3          	add	a3,a3,sp
    37ec:	00f657b3          	srl	a5,a2,a5
    37f0:	fef6a823          	sw	a5,-16(a3)
    37f4:	00400693          	li	a3,4
    37f8:	40e686b3          	sub	a3,a3,a4
    37fc:	00271713          	sll	a4,a4,0x2
    3800:	00e887b3          	add	a5,a7,a4
    3804:	00269713          	sll	a4,a3,0x2
    3808:	00800693          	li	a3,8
    380c:	00d76a63          	bltu	a4,a3,3820 <__subtf3+0x13e4>
    3810:	0007a023          	sw	zero,0(a5)
    3814:	0007a223          	sw	zero,4(a5)
    3818:	ff870713          	add	a4,a4,-8
    381c:	00878793          	add	a5,a5,8
    3820:	00400693          	li	a3,4
    3824:	00d76463          	bltu	a4,a3,382c <__subtf3+0x13f0>
    3828:	0007a023          	sw	zero,0(a5)
    382c:	03012703          	lw	a4,48(sp)
    3830:	006037b3          	snez	a5,t1
    3834:	00f767b3          	or	a5,a4,a5
    3838:	02f12823          	sw	a5,48(sp)
    383c:	c70ff06f          	j	2cac <__subtf3+0x870>
    3840:	0005a503          	lw	a0,0(a1)
    3844:	0045ae83          	lw	t4,4(a1)
    3848:	00c58f33          	add	t5,a1,a2
    384c:	00f55533          	srl	a0,a0,a5
    3850:	010e9eb3          	sll	t4,t4,a6
    3854:	01d56533          	or	a0,a0,t4
    3858:	00af2023          	sw	a0,0(t5)
    385c:	001e0e13          	add	t3,t3,1
    3860:	00458593          	add	a1,a1,4
    3864:	f6dff06f          	j	37d0 <__subtf3+0x1394>
    3868:	03c12783          	lw	a5,60(sp)
    386c:	fff80737          	lui	a4,0xfff80
    3870:	fff70713          	add	a4,a4,-1 # fff7ffff <_stack_top+0xdfe7ffff>
    3874:	00e7f7b3          	and	a5,a5,a4
    3878:	40a484b3          	sub	s1,s1,a0
    387c:	02f12e23          	sw	a5,60(sp)
    3880:	e49fe06f          	j	26c8 <__subtf3+0x28c>
    3884:	02012e23          	sw	zero,60(sp)
    3888:	02012c23          	sw	zero,56(sp)
    388c:	02012a23          	sw	zero,52(sp)
    3890:	02012823          	sw	zero,48(sp)
    3894:	eb9fe06f          	j	274c <__subtf3+0x310>
    3898:	07400713          	li	a4,116
    389c:	00c74463          	blt	a4,a2,38a4 <__subtf3+0x1468>
    38a0:	fadfe06f          	j	284c <__subtf3+0x410>
    38a4:	02012623          	sw	zero,44(sp)
    38a8:	02012423          	sw	zero,40(sp)
    38ac:	02012223          	sw	zero,36(sp)
    38b0:	00100713          	li	a4,1
    38b4:	888ff06f          	j	293c <__subtf3+0x500>
    38b8:	07400793          	li	a5,116
    38bc:	a2c7d663          	bge	a5,a2,2ae8 <__subtf3+0x6ac>
    38c0:	00012e23          	sw	zero,28(sp)
    38c4:	00012c23          	sw	zero,24(sp)
    38c8:	00012a23          	sw	zero,20(sp)
    38cc:	00100793          	li	a5,1
    38d0:	b0cff06f          	j	2bdc <__subtf3+0x7a0>
    38d4:	07400793          	li	a5,116
    38d8:	8d07dee3          	bge	a5,a6,31b4 <__subtf3+0xd78>
    38dc:	00012e23          	sw	zero,28(sp)
    38e0:	00012c23          	sw	zero,24(sp)
    38e4:	00012a23          	sw	zero,20(sp)
    38e8:	00100713          	li	a4,1
    38ec:	9bdff06f          	j	32a8 <__subtf3+0xe6c>

000038f0 <__fixtfsi>:
    38f0:	00052783          	lw	a5,0(a0)
    38f4:	00452603          	lw	a2,4(a0)
    38f8:	00c52703          	lw	a4,12(a0)
    38fc:	00852683          	lw	a3,8(a0)
    3900:	fe010113          	add	sp,sp,-32
    3904:	00f12023          	sw	a5,0(sp)
    3908:	00c12223          	sw	a2,4(sp)
    390c:	00f12823          	sw	a5,16(sp)
    3910:	00171613          	sll	a2,a4,0x1
    3914:	000047b7          	lui	a5,0x4
    3918:	00d12423          	sw	a3,8(sp)
    391c:	00e12623          	sw	a4,12(sp)
    3920:	00d12c23          	sw	a3,24(sp)
    3924:	01165613          	srl	a2,a2,0x11
    3928:	ffe78593          	add	a1,a5,-2 # 3ffe <__trunctfdf2+0x2ba>
    392c:	00000513          	li	a0,0
    3930:	00c5de63          	bge	a1,a2,394c <__fixtfsi+0x5c>
    3934:	01d78593          	add	a1,a5,29
    3938:	01f75813          	srl	a6,a4,0x1f
    393c:	00c5dc63          	bge	a1,a2,3954 <__fixtfsi+0x64>
    3940:	80000537          	lui	a0,0x80000
    3944:	fff54513          	not	a0,a0
    3948:	00a80533          	add	a0,a6,a0
    394c:	02010113          	add	sp,sp,32
    3950:	00008067          	ret
    3954:	01071713          	sll	a4,a4,0x10
    3958:	000105b7          	lui	a1,0x10
    395c:	01075713          	srl	a4,a4,0x10
    3960:	06f78793          	add	a5,a5,111
    3964:	00b76733          	or	a4,a4,a1
    3968:	40c787b3          	sub	a5,a5,a2
    396c:	4057d613          	sra	a2,a5,0x5
    3970:	02000593          	li	a1,32
    3974:	01f7f793          	and	a5,a5,31
    3978:	00e12e23          	sw	a4,28(sp)
    397c:	40f585b3          	sub	a1,a1,a5
    3980:	04079a63          	bnez	a5,39d4 <__fixtfsi+0xe4>
    3984:	00261613          	sll	a2,a2,0x2
    3988:	02060793          	add	a5,a2,32
    398c:	00278633          	add	a2,a5,sp
    3990:	ff062783          	lw	a5,-16(a2)
    3994:	00f12823          	sw	a5,16(sp)
    3998:	01012503          	lw	a0,16(sp)
    399c:	fa0808e3          	beqz	a6,394c <__fixtfsi+0x5c>
    39a0:	40a00533          	neg	a0,a0
    39a4:	fa9ff06f          	j	394c <__fixtfsi+0x5c>
    39a8:	00f6d6b3          	srl	a3,a3,a5
    39ac:	00b715b3          	sll	a1,a4,a1
    39b0:	00b6e6b3          	or	a3,a3,a1
    39b4:	00d12823          	sw	a3,16(sp)
    39b8:	00100693          	li	a3,1
    39bc:	00269693          	sll	a3,a3,0x2
    39c0:	02068693          	add	a3,a3,32
    39c4:	002686b3          	add	a3,a3,sp
    39c8:	00f75733          	srl	a4,a4,a5
    39cc:	fee6a823          	sw	a4,-16(a3)
    39d0:	fc9ff06f          	j	3998 <__fixtfsi+0xa8>
    39d4:	00200513          	li	a0,2
    39d8:	fca608e3          	beq	a2,a0,39a8 <__fixtfsi+0xb8>
    39dc:	00000693          	li	a3,0
    39e0:	fddff06f          	j	39bc <__fixtfsi+0xcc>

000039e4 <__floatsitf>:
    39e4:	fd010113          	add	sp,sp,-48
    39e8:	02912223          	sw	s1,36(sp)
    39ec:	02112623          	sw	ra,44(sp)
    39f0:	02812423          	sw	s0,40(sp)
    39f4:	03212023          	sw	s2,32(sp)
    39f8:	00050493          	mv	s1,a0
    39fc:	12058263          	beqz	a1,3b20 <__floatsitf+0x13c>
    3a00:	41f5d793          	sra	a5,a1,0x1f
    3a04:	00b7c433          	xor	s0,a5,a1
    3a08:	40f40433          	sub	s0,s0,a5
    3a0c:	00040513          	mv	a0,s0
    3a10:	01f5d913          	srl	s2,a1,0x1f
    3a14:	688000ef          	jal	409c <__clzsi2>
    3a18:	05150793          	add	a5,a0,81 # 80000051 <_stack_top+0x5ff00051>
    3a1c:	00004637          	lui	a2,0x4
    3a20:	01e60613          	add	a2,a2,30 # 401e <__trunctfdf2+0x2da>
    3a24:	4057d713          	sra	a4,a5,0x5
    3a28:	00812823          	sw	s0,16(sp)
    3a2c:	00012a23          	sw	zero,20(sp)
    3a30:	00012c23          	sw	zero,24(sp)
    3a34:	00012e23          	sw	zero,28(sp)
    3a38:	01f7f793          	and	a5,a5,31
    3a3c:	40a60633          	sub	a2,a2,a0
    3a40:	02078c63          	beqz	a5,3a78 <__floatsitf+0x94>
    3a44:	00200693          	li	a3,2
    3a48:	0cd71863          	bne	a4,a3,3b18 <__floatsitf+0x134>
    3a4c:	02000693          	li	a3,32
    3a50:	40f686b3          	sub	a3,a3,a5
    3a54:	00d456b3          	srl	a3,s0,a3
    3a58:	00d12e23          	sw	a3,28(sp)
    3a5c:	fff70693          	add	a3,a4,-1
    3a60:	00271713          	sll	a4,a4,0x2
    3a64:	02070713          	add	a4,a4,32
    3a68:	00270733          	add	a4,a4,sp
    3a6c:	00f41433          	sll	s0,s0,a5
    3a70:	fe872823          	sw	s0,-16(a4)
    3a74:	0340006f          	j	3aa8 <__floatsitf+0xc4>
    3a78:	00300793          	li	a5,3
    3a7c:	40e787b3          	sub	a5,a5,a4
    3a80:	00279793          	sll	a5,a5,0x2
    3a84:	02078793          	add	a5,a5,32
    3a88:	002787b3          	add	a5,a5,sp
    3a8c:	ff07a783          	lw	a5,-16(a5)
    3a90:	00200693          	li	a3,2
    3a94:	00f12e23          	sw	a5,28(sp)
    3a98:	00200793          	li	a5,2
    3a9c:	00f71663          	bne	a4,a5,3aa8 <__floatsitf+0xc4>
    3aa0:	00812c23          	sw	s0,24(sp)
    3aa4:	00100693          	li	a3,1
    3aa8:	00269693          	sll	a3,a3,0x2
    3aac:	00012823          	sw	zero,16(sp)
    3ab0:	00012a23          	sw	zero,20(sp)
    3ab4:	ffc68693          	add	a3,a3,-4
    3ab8:	00400793          	li	a5,4
    3abc:	00f6e463          	bltu	a3,a5,3ac4 <__floatsitf+0xe0>
    3ac0:	00012c23          	sw	zero,24(sp)
    3ac4:	00090593          	mv	a1,s2
    3ac8:	01c12783          	lw	a5,28(sp)
    3acc:	00f59413          	sll	s0,a1,0xf
    3ad0:	00c46433          	or	s0,s0,a2
    3ad4:	00f11623          	sh	a5,12(sp)
    3ad8:	01012783          	lw	a5,16(sp)
    3adc:	00811723          	sh	s0,14(sp)
    3ae0:	02c12083          	lw	ra,44(sp)
    3ae4:	00f4a023          	sw	a5,0(s1)
    3ae8:	01412783          	lw	a5,20(sp)
    3aec:	02812403          	lw	s0,40(sp)
    3af0:	02012903          	lw	s2,32(sp)
    3af4:	00f4a223          	sw	a5,4(s1)
    3af8:	01812783          	lw	a5,24(sp)
    3afc:	00048513          	mv	a0,s1
    3b00:	00f4a423          	sw	a5,8(s1)
    3b04:	00c12783          	lw	a5,12(sp)
    3b08:	00f4a623          	sw	a5,12(s1)
    3b0c:	02412483          	lw	s1,36(sp)
    3b10:	03010113          	add	sp,sp,48
    3b14:	00008067          	ret
    3b18:	00300713          	li	a4,3
    3b1c:	f41ff06f          	j	3a5c <__floatsitf+0x78>
    3b20:	00012e23          	sw	zero,28(sp)
    3b24:	00012c23          	sw	zero,24(sp)
    3b28:	00012a23          	sw	zero,20(sp)
    3b2c:	00012823          	sw	zero,16(sp)
    3b30:	00000613          	li	a2,0
    3b34:	f95ff06f          	j	3ac8 <__floatsitf+0xe4>

00003b38 <__extenddftf2>:
    3b38:	01465713          	srl	a4,a2,0x14
    3b3c:	00c61793          	sll	a5,a2,0xc
    3b40:	7ff77713          	and	a4,a4,2047
    3b44:	fd010113          	add	sp,sp,-48
    3b48:	00c7d793          	srl	a5,a5,0xc
    3b4c:	00170693          	add	a3,a4,1
    3b50:	02812423          	sw	s0,40(sp)
    3b54:	02912223          	sw	s1,36(sp)
    3b58:	03212023          	sw	s2,32(sp)
    3b5c:	02112623          	sw	ra,44(sp)
    3b60:	00b12823          	sw	a1,16(sp)
    3b64:	00f12a23          	sw	a5,20(sp)
    3b68:	00012e23          	sw	zero,28(sp)
    3b6c:	00012c23          	sw	zero,24(sp)
    3b70:	7fe6f693          	and	a3,a3,2046
    3b74:	00050913          	mv	s2,a0
    3b78:	00058413          	mv	s0,a1
    3b7c:	01f65493          	srl	s1,a2,0x1f
    3b80:	08068263          	beqz	a3,3c04 <__extenddftf2+0xcc>
    3b84:	000046b7          	lui	a3,0x4
    3b88:	c0068693          	add	a3,a3,-1024 # 3c00 <__extenddftf2+0xc8>
    3b8c:	00d70733          	add	a4,a4,a3
    3b90:	0047d693          	srl	a3,a5,0x4
    3b94:	00d12e23          	sw	a3,28(sp)
    3b98:	01c79793          	sll	a5,a5,0x1c
    3b9c:	0045d693          	srl	a3,a1,0x4
    3ba0:	00d7e7b3          	or	a5,a5,a3
    3ba4:	01c59413          	sll	s0,a1,0x1c
    3ba8:	00f12c23          	sw	a5,24(sp)
    3bac:	00812a23          	sw	s0,20(sp)
    3bb0:	00012823          	sw	zero,16(sp)
    3bb4:	01c12783          	lw	a5,28(sp)
    3bb8:	00f49493          	sll	s1,s1,0xf
    3bbc:	00e4e4b3          	or	s1,s1,a4
    3bc0:	00f11623          	sh	a5,12(sp)
    3bc4:	01012783          	lw	a5,16(sp)
    3bc8:	00911723          	sh	s1,14(sp)
    3bcc:	02c12083          	lw	ra,44(sp)
    3bd0:	00f92023          	sw	a5,0(s2)
    3bd4:	01412783          	lw	a5,20(sp)
    3bd8:	02812403          	lw	s0,40(sp)
    3bdc:	02412483          	lw	s1,36(sp)
    3be0:	00f92223          	sw	a5,4(s2)
    3be4:	01812783          	lw	a5,24(sp)
    3be8:	00090513          	mv	a0,s2
    3bec:	00f92423          	sw	a5,8(s2)
    3bf0:	00c12783          	lw	a5,12(sp)
    3bf4:	00f92623          	sw	a5,12(s2)
    3bf8:	02012903          	lw	s2,32(sp)
    3bfc:	03010113          	add	sp,sp,48
    3c00:	00008067          	ret
    3c04:	00b7e533          	or	a0,a5,a1
    3c08:	10071063          	bnez	a4,3d08 <__extenddftf2+0x1d0>
    3c0c:	fa0504e3          	beqz	a0,3bb4 <__extenddftf2+0x7c>
    3c10:	04078e63          	beqz	a5,3c6c <__extenddftf2+0x134>
    3c14:	00078513          	mv	a0,a5
    3c18:	484000ef          	jal	409c <__clzsi2>
    3c1c:	03150693          	add	a3,a0,49
    3c20:	4056d793          	sra	a5,a3,0x5
    3c24:	01f6f693          	and	a3,a3,31
    3c28:	04068863          	beqz	a3,3c78 <__extenddftf2+0x140>
    3c2c:	ffc00613          	li	a2,-4
    3c30:	02c78633          	mul	a2,a5,a2
    3c34:	02000813          	li	a6,32
    3c38:	01010313          	add	t1,sp,16
    3c3c:	40d80833          	sub	a6,a6,a3
    3c40:	00c60713          	add	a4,a2,12
    3c44:	00e30733          	add	a4,t1,a4
    3c48:	40c00633          	neg	a2,a2
    3c4c:	08e31c63          	bne	t1,a4,3ce4 <__extenddftf2+0x1ac>
    3c50:	fff78713          	add	a4,a5,-1
    3c54:	00279793          	sll	a5,a5,0x2
    3c58:	02078793          	add	a5,a5,32
    3c5c:	002787b3          	add	a5,a5,sp
    3c60:	00d416b3          	sll	a3,s0,a3
    3c64:	fed7a823          	sw	a3,-16(a5)
    3c68:	03c0006f          	j	3ca4 <__extenddftf2+0x16c>
    3c6c:	430000ef          	jal	409c <__clzsi2>
    3c70:	02050513          	add	a0,a0,32
    3c74:	fa9ff06f          	j	3c1c <__extenddftf2+0xe4>
    3c78:	ffc00613          	li	a2,-4
    3c7c:	02c78633          	mul	a2,a5,a2
    3c80:	01c10713          	add	a4,sp,28
    3c84:	00300693          	li	a3,3
    3c88:	00c705b3          	add	a1,a4,a2
    3c8c:	0005a583          	lw	a1,0(a1) # 10000 <_vfiprintf_r+0xc84>
    3c90:	fff68693          	add	a3,a3,-1
    3c94:	ffc70713          	add	a4,a4,-4
    3c98:	00b72223          	sw	a1,4(a4)
    3c9c:	fef6d6e3          	bge	a3,a5,3c88 <__extenddftf2+0x150>
    3ca0:	fff78713          	add	a4,a5,-1
    3ca4:	00170793          	add	a5,a4,1
    3ca8:	00279793          	sll	a5,a5,0x2
    3cac:	00800693          	li	a3,8
    3cb0:	01010713          	add	a4,sp,16
    3cb4:	00d7ea63          	bltu	a5,a3,3cc8 <__extenddftf2+0x190>
    3cb8:	00012823          	sw	zero,16(sp)
    3cbc:	00072223          	sw	zero,4(a4)
    3cc0:	ff878793          	add	a5,a5,-8
    3cc4:	01810713          	add	a4,sp,24
    3cc8:	00400693          	li	a3,4
    3ccc:	00d7e463          	bltu	a5,a3,3cd4 <__extenddftf2+0x19c>
    3cd0:	00072023          	sw	zero,0(a4)
    3cd4:	00004737          	lui	a4,0x4
    3cd8:	c0c70713          	add	a4,a4,-1012 # 3c0c <__extenddftf2+0xd4>
    3cdc:	40a70733          	sub	a4,a4,a0
    3ce0:	ed5ff06f          	j	3bb4 <__extenddftf2+0x7c>
    3ce4:	00072583          	lw	a1,0(a4)
    3ce8:	ffc72883          	lw	a7,-4(a4)
    3cec:	00c70e33          	add	t3,a4,a2
    3cf0:	00d595b3          	sll	a1,a1,a3
    3cf4:	0108d8b3          	srl	a7,a7,a6
    3cf8:	0115e5b3          	or	a1,a1,a7
    3cfc:	00be2023          	sw	a1,0(t3)
    3d00:	ffc70713          	add	a4,a4,-4
    3d04:	f49ff06f          	j	3c4c <__extenddftf2+0x114>
    3d08:	02050863          	beqz	a0,3d38 <__extenddftf2+0x200>
    3d0c:	01c79713          	sll	a4,a5,0x1c
    3d10:	0045d693          	srl	a3,a1,0x4
    3d14:	00d76733          	or	a4,a4,a3
    3d18:	00e12c23          	sw	a4,24(sp)
    3d1c:	0047d793          	srl	a5,a5,0x4
    3d20:	00008737          	lui	a4,0x8
    3d24:	01c59413          	sll	s0,a1,0x1c
    3d28:	00e7e7b3          	or	a5,a5,a4
    3d2c:	00812a23          	sw	s0,20(sp)
    3d30:	00012823          	sw	zero,16(sp)
    3d34:	00f12e23          	sw	a5,28(sp)
    3d38:	00008737          	lui	a4,0x8
    3d3c:	fff70713          	add	a4,a4,-1 # 7fff <ecmp+0xb3>
    3d40:	e75ff06f          	j	3bb4 <__extenddftf2+0x7c>

00003d44 <__trunctfdf2>:
    3d44:	00c52583          	lw	a1,12(a0)
    3d48:	00852783          	lw	a5,8(a0)
    3d4c:	00052683          	lw	a3,0(a0)
    3d50:	fe010113          	add	sp,sp,-32
    3d54:	00452703          	lw	a4,4(a0)
    3d58:	00f12423          	sw	a5,8(sp)
    3d5c:	00f12c23          	sw	a5,24(sp)
    3d60:	01059793          	sll	a5,a1,0x10
    3d64:	0107d793          	srl	a5,a5,0x10
    3d68:	00d12023          	sw	a3,0(sp)
    3d6c:	00d12823          	sw	a3,16(sp)
    3d70:	01010613          	add	a2,sp,16
    3d74:	00159693          	sll	a3,a1,0x1
    3d78:	00b12623          	sw	a1,12(sp)
    3d7c:	00f12e23          	sw	a5,28(sp)
    3d80:	00e12223          	sw	a4,4(sp)
    3d84:	00e12a23          	sw	a4,20(sp)
    3d88:	0116d693          	srl	a3,a3,0x11
    3d8c:	01f5d593          	srl	a1,a1,0x1f
    3d90:	01c10793          	add	a5,sp,28
    3d94:	00060893          	mv	a7,a2
    3d98:	0007a703          	lw	a4,0(a5)
    3d9c:	ffc7a503          	lw	a0,-4(a5)
    3da0:	ffc78793          	add	a5,a5,-4
    3da4:	00371713          	sll	a4,a4,0x3
    3da8:	01d55513          	srl	a0,a0,0x1d
    3dac:	00a76733          	or	a4,a4,a0
    3db0:	00e7a223          	sw	a4,4(a5)
    3db4:	fef612e3          	bne	a2,a5,3d98 <__trunctfdf2+0x54>
    3db8:	01012503          	lw	a0,16(sp)
    3dbc:	00008737          	lui	a4,0x8
    3dc0:	00168793          	add	a5,a3,1
    3dc4:	00351513          	sll	a0,a0,0x3
    3dc8:	ffe70713          	add	a4,a4,-2 # 7ffe <ecmp+0xb2>
    3dcc:	00a12823          	sw	a0,16(sp)
    3dd0:	00e7f7b3          	and	a5,a5,a4
    3dd4:	22078063          	beqz	a5,3ff4 <__trunctfdf2+0x2b0>
    3dd8:	ffffc7b7          	lui	a5,0xffffc
    3ddc:	40078793          	add	a5,a5,1024 # ffffc400 <_stack_top+0xdfefc400>
    3de0:	00f686b3          	add	a3,a3,a5
    3de4:	7fe00793          	li	a5,2046
    3de8:	28d7cc63          	blt	a5,a3,4080 <__trunctfdf2+0x33c>
    3dec:	0cd05863          	blez	a3,3ebc <__trunctfdf2+0x178>
    3df0:	01812603          	lw	a2,24(sp)
    3df4:	01c12783          	lw	a5,28(sp)
    3df8:	01412703          	lw	a4,20(sp)
    3dfc:	01c65813          	srl	a6,a2,0x1c
    3e00:	00479793          	sll	a5,a5,0x4
    3e04:	0107e7b3          	or	a5,a5,a6
    3e08:	00f12a23          	sw	a5,20(sp)
    3e0c:	00471793          	sll	a5,a4,0x4
    3e10:	00a7e7b3          	or	a5,a5,a0
    3e14:	01c75713          	srl	a4,a4,0x1c
    3e18:	00461613          	sll	a2,a2,0x4
    3e1c:	00f037b3          	snez	a5,a5
    3e20:	00c76733          	or	a4,a4,a2
    3e24:	00e7e7b3          	or	a5,a5,a4
    3e28:	01412703          	lw	a4,20(sp)
    3e2c:	0077f613          	and	a2,a5,7
    3e30:	02060063          	beqz	a2,3e50 <__trunctfdf2+0x10c>
    3e34:	00f7f613          	and	a2,a5,15
    3e38:	00400513          	li	a0,4
    3e3c:	00a60a63          	beq	a2,a0,3e50 <__trunctfdf2+0x10c>
    3e40:	00478613          	add	a2,a5,4
    3e44:	00f63533          	sltu	a0,a2,a5
    3e48:	00a70733          	add	a4,a4,a0
    3e4c:	00060793          	mv	a5,a2
    3e50:	00800637          	lui	a2,0x800
    3e54:	00c77633          	and	a2,a4,a2
    3e58:	1e060a63          	beqz	a2,404c <__trunctfdf2+0x308>
    3e5c:	ff800537          	lui	a0,0xff800
    3e60:	fff50513          	add	a0,a0,-1 # ff7fffff <_stack_top+0xdf6fffff>
    3e64:	00168693          	add	a3,a3,1
    3e68:	7ff00813          	li	a6,2047
    3e6c:	00a77533          	and	a0,a4,a0
    3e70:	00000613          	li	a2,0
    3e74:	00000713          	li	a4,0
    3e78:	01068a63          	beq	a3,a6,3e8c <__trunctfdf2+0x148>
    3e7c:	0037d793          	srl	a5,a5,0x3
    3e80:	01d51613          	sll	a2,a0,0x1d
    3e84:	00f66633          	or	a2,a2,a5
    3e88:	00355713          	srl	a4,a0,0x3
    3e8c:	7ff007b7          	lui	a5,0x7ff00
    3e90:	01469693          	sll	a3,a3,0x14
    3e94:	00c71713          	sll	a4,a4,0xc
    3e98:	00f6f6b3          	and	a3,a3,a5
    3e9c:	00c75713          	srl	a4,a4,0xc
    3ea0:	01f59593          	sll	a1,a1,0x1f
    3ea4:	00e6e6b3          	or	a3,a3,a4
    3ea8:	00b6e7b3          	or	a5,a3,a1
    3eac:	00060513          	mv	a0,a2
    3eb0:	00078593          	mv	a1,a5
    3eb4:	02010113          	add	sp,sp,32
    3eb8:	00008067          	ret
    3ebc:	fcc00793          	li	a5,-52
    3ec0:	18f6c063          	blt	a3,a5,4040 <__trunctfdf2+0x2fc>
    3ec4:	01c12783          	lw	a5,28(sp)
    3ec8:	00080737          	lui	a4,0x80
    3ecc:	00060813          	mv	a6,a2
    3ed0:	00f76eb3          	or	t4,a4,a5
    3ed4:	03d00793          	li	a5,61
    3ed8:	40d787b3          	sub	a5,a5,a3
    3edc:	4057d693          	sra	a3,a5,0x5
    3ee0:	01f7f713          	and	a4,a5,31
    3ee4:	01d12e23          	sw	t4,28(sp)
    3ee8:	00000513          	li	a0,0
    3eec:	00000793          	li	a5,0
    3ef0:	00082303          	lw	t1,0(a6)
    3ef4:	00150513          	add	a0,a0,1
    3ef8:	00480813          	add	a6,a6,4
    3efc:	0067e7b3          	or	a5,a5,t1
    3f00:	fea698e3          	bne	a3,a0,3ef0 <__trunctfdf2+0x1ac>
    3f04:	00300513          	li	a0,3
    3f08:	40d50533          	sub	a0,a0,a3
    3f0c:	00269813          	sll	a6,a3,0x2
    3f10:	02071463          	bnez	a4,3f38 <__trunctfdf2+0x1f4>
    3f14:	01088333          	add	t1,a7,a6
    3f18:	00032303          	lw	t1,0(t1)
    3f1c:	00170713          	add	a4,a4,1 # 80001 <_sidata+0x6b8f9>
    3f20:	00488893          	add	a7,a7,4
    3f24:	fe68ae23          	sw	t1,-4(a7)
    3f28:	fee556e3          	bge	a0,a4,3f14 <__trunctfdf2+0x1d0>
    3f2c:	00400713          	li	a4,4
    3f30:	40d706b3          	sub	a3,a4,a3
    3f34:	04c0006f          	j	3f80 <__trunctfdf2+0x23c>
    3f38:	02080893          	add	a7,a6,32
    3f3c:	002888b3          	add	a7,a7,sp
    3f40:	ff08a883          	lw	a7,-16(a7)
    3f44:	02000e13          	li	t3,32
    3f48:	40ee0e33          	sub	t3,t3,a4
    3f4c:	01c898b3          	sll	a7,a7,t3
    3f50:	0117e7b3          	or	a5,a5,a7
    3f54:	00000f13          	li	t5,0
    3f58:	010608b3          	add	a7,a2,a6
    3f5c:	41000833          	neg	a6,a6
    3f60:	06af4663          	blt	t5,a0,3fcc <__trunctfdf2+0x288>
    3f64:	00251513          	sll	a0,a0,0x2
    3f68:	02050513          	add	a0,a0,32
    3f6c:	00400813          	li	a6,4
    3f70:	00250533          	add	a0,a0,sp
    3f74:	00eed733          	srl	a4,t4,a4
    3f78:	40d806b3          	sub	a3,a6,a3
    3f7c:	fee52823          	sw	a4,-16(a0)
    3f80:	00400513          	li	a0,4
    3f84:	40d50533          	sub	a0,a0,a3
    3f88:	00269693          	sll	a3,a3,0x2
    3f8c:	00d60733          	add	a4,a2,a3
    3f90:	00251693          	sll	a3,a0,0x2
    3f94:	00800613          	li	a2,8
    3f98:	00c6ea63          	bltu	a3,a2,3fac <__trunctfdf2+0x268>
    3f9c:	00072023          	sw	zero,0(a4)
    3fa0:	00072223          	sw	zero,4(a4)
    3fa4:	ff868693          	add	a3,a3,-8
    3fa8:	00870713          	add	a4,a4,8
    3fac:	00400613          	li	a2,4
    3fb0:	00c6e463          	bltu	a3,a2,3fb8 <__trunctfdf2+0x274>
    3fb4:	00072023          	sw	zero,0(a4)
    3fb8:	01012703          	lw	a4,16(sp)
    3fbc:	00f037b3          	snez	a5,a5
    3fc0:	00000693          	li	a3,0
    3fc4:	00e7e7b3          	or	a5,a5,a4
    3fc8:	e61ff06f          	j	3e28 <__trunctfdf2+0xe4>
    3fcc:	0008a303          	lw	t1,0(a7)
    3fd0:	0048af83          	lw	t6,4(a7)
    3fd4:	010882b3          	add	t0,a7,a6
    3fd8:	00e35333          	srl	t1,t1,a4
    3fdc:	01cf9fb3          	sll	t6,t6,t3
    3fe0:	01f36333          	or	t1,t1,t6
    3fe4:	0062a023          	sw	t1,0(t0) # 1e0 <memset+0xb4>
    3fe8:	001f0f13          	add	t5,t5,1
    3fec:	00488893          	add	a7,a7,4
    3ff0:	f71ff06f          	j	3f60 <__trunctfdf2+0x21c>
    3ff4:	08068863          	beqz	a3,4084 <__trunctfdf2+0x340>
    3ff8:	01412783          	lw	a5,20(sp)
    3ffc:	01812703          	lw	a4,24(sp)
    4000:	01c12683          	lw	a3,28(sp)
    4004:	00f76633          	or	a2,a4,a5
    4008:	00d66633          	or	a2,a2,a3
    400c:	00a66633          	or	a2,a2,a0
    4010:	08060063          	beqz	a2,4090 <__trunctfdf2+0x34c>
    4014:	00471613          	sll	a2,a4,0x4
    4018:	00469693          	sll	a3,a3,0x4
    401c:	01c7d793          	srl	a5,a5,0x1c
    4020:	01c75713          	srl	a4,a4,0x1c
    4024:	00d76733          	or	a4,a4,a3
    4028:	00c7e7b3          	or	a5,a5,a2
    402c:	004006b7          	lui	a3,0x400
    4030:	00d76733          	or	a4,a4,a3
    4034:	ff87f793          	and	a5,a5,-8
    4038:	7ff00693          	li	a3,2047
    403c:	df1ff06f          	j	3e2c <__trunctfdf2+0xe8>
    4040:	00000693          	li	a3,0
    4044:	00500793          	li	a5,5
    4048:	00000713          	li	a4,0
    404c:	0037d793          	srl	a5,a5,0x3
    4050:	01d71613          	sll	a2,a4,0x1d
    4054:	00f66633          	or	a2,a2,a5
    4058:	7ff00793          	li	a5,2047
    405c:	00375713          	srl	a4,a4,0x3
    4060:	e2f696e3          	bne	a3,a5,3e8c <__trunctfdf2+0x148>
    4064:	00e66633          	or	a2,a2,a4
    4068:	00000713          	li	a4,0
    406c:	e20600e3          	beqz	a2,3e8c <__trunctfdf2+0x148>
    4070:	00080737          	lui	a4,0x80
    4074:	00000613          	li	a2,0
    4078:	00000593          	li	a1,0
    407c:	e11ff06f          	j	3e8c <__trunctfdf2+0x148>
    4080:	7ff00693          	li	a3,2047
    4084:	00000713          	li	a4,0
    4088:	00000613          	li	a2,0
    408c:	e01ff06f          	j	3e8c <__trunctfdf2+0x148>
    4090:	00000713          	li	a4,0
    4094:	7ff00693          	li	a3,2047
    4098:	df5ff06f          	j	3e8c <__trunctfdf2+0x148>

0000409c <__clzsi2>:
    409c:	000107b7          	lui	a5,0x10
    40a0:	02f57a63          	bgeu	a0,a5,40d4 <__clzsi2+0x38>
    40a4:	10053793          	sltiu	a5,a0,256
    40a8:	0017c793          	xor	a5,a5,1
    40ac:	00379793          	sll	a5,a5,0x3
    40b0:	00014737          	lui	a4,0x14
    40b4:	02000693          	li	a3,32
    40b8:	40f686b3          	sub	a3,a3,a5
    40bc:	00f55533          	srl	a0,a0,a5
    40c0:	89870793          	add	a5,a4,-1896 # 13898 <__clz_tab>
    40c4:	00a787b3          	add	a5,a5,a0
    40c8:	0007c503          	lbu	a0,0(a5) # 10000 <_vfiprintf_r+0xc84>
    40cc:	40a68533          	sub	a0,a3,a0
    40d0:	00008067          	ret
    40d4:	01000737          	lui	a4,0x1000
    40d8:	01000793          	li	a5,16
    40dc:	fce56ae3          	bltu	a0,a4,40b0 <__clzsi2+0x14>
    40e0:	01800793          	li	a5,24
    40e4:	fcdff06f          	j	40b0 <__clzsi2+0x14>

000040e8 <main>:
    40e8:	ff010113          	add	sp,sp,-16
    40ec:	00112623          	sw	ra,12(sp)
    40f0:	f6dfb0ef          	jal	5c <uart_init>
    40f4:	00014537          	lui	a0,0x14
    40f8:	99850513          	add	a0,a0,-1640 # 13998 <__clz_tab+0x100>
    40fc:	054000ef          	jal	4150 <printf>
    4100:	00c12083          	lw	ra,12(sp)
    4104:	00000513          	li	a0,0
    4108:	01010113          	add	sp,sp,16
    410c:	00008067          	ret

00004110 <_printf_r>:
    4110:	fc010113          	add	sp,sp,-64
    4114:	02c12423          	sw	a2,40(sp)
    4118:	02d12623          	sw	a3,44(sp)
    411c:	02e12823          	sw	a4,48(sp)
    4120:	02f12a23          	sw	a5,52(sp)
    4124:	03012c23          	sw	a6,56(sp)
    4128:	03112e23          	sw	a7,60(sp)
    412c:	00058613          	mv	a2,a1
    4130:	00852583          	lw	a1,8(a0)
    4134:	02810693          	add	a3,sp,40
    4138:	00112e23          	sw	ra,28(sp)
    413c:	00d12623          	sw	a3,12(sp)
    4140:	05c000ef          	jal	419c <_vfprintf_r>
    4144:	01c12083          	lw	ra,28(sp)
    4148:	04010113          	add	sp,sp,64
    414c:	00008067          	ret

00004150 <printf>:
    4150:	19c1a303          	lw	t1,412(gp) # 2000099c <_impure_ptr>
    4154:	fc010113          	add	sp,sp,-64
    4158:	02c12423          	sw	a2,40(sp)
    415c:	02d12623          	sw	a3,44(sp)
    4160:	02b12223          	sw	a1,36(sp)
    4164:	02e12823          	sw	a4,48(sp)
    4168:	02f12a23          	sw	a5,52(sp)
    416c:	03012c23          	sw	a6,56(sp)
    4170:	03112e23          	sw	a7,60(sp)
    4174:	00832583          	lw	a1,8(t1)
    4178:	02410693          	add	a3,sp,36
    417c:	00050613          	mv	a2,a0
    4180:	00030513          	mv	a0,t1
    4184:	00112e23          	sw	ra,28(sp)
    4188:	00d12623          	sw	a3,12(sp)
    418c:	010000ef          	jal	419c <_vfprintf_r>
    4190:	01c12083          	lw	ra,28(sp)
    4194:	04010113          	add	sp,sp,64
    4198:	00008067          	ret

0000419c <_vfprintf_r>:
    419c:	e1010113          	add	sp,sp,-496
    41a0:	1e112623          	sw	ra,492(sp)
    41a4:	1e812423          	sw	s0,488(sp)
    41a8:	00b12423          	sw	a1,8(sp)
    41ac:	00c12623          	sw	a2,12(sp)
    41b0:	00d12c23          	sw	a3,24(sp)
    41b4:	1e912223          	sw	s1,484(sp)
    41b8:	1f212023          	sw	s2,480(sp)
    41bc:	1d312e23          	sw	s3,476(sp)
    41c0:	1d412c23          	sw	s4,472(sp)
    41c4:	1d512a23          	sw	s5,468(sp)
    41c8:	1d612823          	sw	s6,464(sp)
    41cc:	1d712623          	sw	s7,460(sp)
    41d0:	1d812423          	sw	s8,456(sp)
    41d4:	1d912223          	sw	s9,452(sp)
    41d8:	1da12023          	sw	s10,448(sp)
    41dc:	1bb12e23          	sw	s11,444(sp)
    41e0:	00050413          	mv	s0,a0
    41e4:	02a12823          	sw	a0,48(sp)
    41e8:	40c060ef          	jal	a5f4 <_localeconv_r>
    41ec:	00052703          	lw	a4,0(a0)
    41f0:	00070513          	mv	a0,a4
    41f4:	02e12c23          	sw	a4,56(sp)
    41f8:	630080ef          	jal	c828 <strlen>
    41fc:	02a12a23          	sw	a0,52(sp)
    4200:	0e012823          	sw	zero,240(sp)
    4204:	0e012a23          	sw	zero,244(sp)
    4208:	0e012c23          	sw	zero,248(sp)
    420c:	0e012e23          	sw	zero,252(sp)
    4210:	00c12283          	lw	t0,12(sp)
    4214:	00040663          	beqz	s0,4220 <_vfprintf_r+0x84>
    4218:	03842783          	lw	a5,56(s0)
    421c:	040788e3          	beqz	a5,4a6c <_vfprintf_r+0x8d0>
    4220:	00812603          	lw	a2,8(sp)
    4224:	00c61783          	lh	a5,12(a2) # 80000c <_sidata+0x7eb904>
    4228:	01279713          	sll	a4,a5,0x12
    422c:	02074663          	bltz	a4,4258 <_vfprintf_r+0xbc>
    4230:	06462703          	lw	a4,100(a2)
    4234:	000026b7          	lui	a3,0x2
    4238:	00d7e7b3          	or	a5,a5,a3
    423c:	ffffe6b7          	lui	a3,0xffffe
    4240:	01079793          	sll	a5,a5,0x10
    4244:	fff68693          	add	a3,a3,-1 # ffffdfff <_stack_top+0xdfefdfff>
    4248:	4107d793          	sra	a5,a5,0x10
    424c:	00d77733          	and	a4,a4,a3
    4250:	00f61623          	sh	a5,12(a2)
    4254:	06e62223          	sw	a4,100(a2)
    4258:	0087f713          	and	a4,a5,8
    425c:	2e070c63          	beqz	a4,4554 <_vfprintf_r+0x3b8>
    4260:	00812703          	lw	a4,8(sp)
    4264:	01072703          	lw	a4,16(a4) # 1000010 <_sidata+0xfeb908>
    4268:	2e070663          	beqz	a4,4554 <_vfprintf_r+0x3b8>
    426c:	01a7f793          	and	a5,a5,26
    4270:	00a00713          	li	a4,10
    4274:	30e78863          	beq	a5,a4,4584 <_vfprintf_r+0x3e8>
    4278:	000147b7          	lui	a5,0x14
    427c:	9fc78793          	add	a5,a5,-1540 # 139fc <__clz_tab+0x164>
    4280:	00f12e23          	sw	a5,28(sp)
    4284:	000147b7          	lui	a5,0x14
    4288:	c0078793          	add	a5,a5,-1024 # 13c00 <zeroes.0>
    428c:	00028c13          	mv	s8,t0
    4290:	00f12623          	sw	a5,12(sp)
    4294:	000c4783          	lbu	a5,0(s8)
    4298:	10c10b13          	add	s6,sp,268
    429c:	0f612223          	sw	s6,228(sp)
    42a0:	0e012623          	sw	zero,236(sp)
    42a4:	0e012423          	sw	zero,232(sp)
    42a8:	02012223          	sw	zero,36(sp)
    42ac:	02012e23          	sw	zero,60(sp)
    42b0:	04012223          	sw	zero,68(sp)
    42b4:	04012023          	sw	zero,64(sp)
    42b8:	04012623          	sw	zero,76(sp)
    42bc:	04012423          	sw	zero,72(sp)
    42c0:	00012823          	sw	zero,16(sp)
    42c4:	03012983          	lw	s3,48(sp)
    42c8:	000b0413          	mv	s0,s6
    42cc:	22078463          	beqz	a5,44f4 <_vfprintf_r+0x358>
    42d0:	000c0493          	mv	s1,s8
    42d4:	02500713          	li	a4,37
    42d8:	40e78c63          	beq	a5,a4,46f0 <_vfprintf_r+0x554>
    42dc:	0014c783          	lbu	a5,1(s1)
    42e0:	00148493          	add	s1,s1,1
    42e4:	fe079ae3          	bnez	a5,42d8 <_vfprintf_r+0x13c>
    42e8:	41848933          	sub	s2,s1,s8
    42ec:	21848463          	beq	s1,s8,44f4 <_vfprintf_r+0x358>
    42f0:	0ec12703          	lw	a4,236(sp)
    42f4:	0e812783          	lw	a5,232(sp)
    42f8:	01842023          	sw	s8,0(s0)
    42fc:	01270733          	add	a4,a4,s2
    4300:	00178793          	add	a5,a5,1
    4304:	01242223          	sw	s2,4(s0)
    4308:	0ee12623          	sw	a4,236(sp)
    430c:	0ef12423          	sw	a5,232(sp)
    4310:	00700713          	li	a4,7
    4314:	00840413          	add	s0,s0,8
    4318:	3ef74463          	blt	a4,a5,4700 <_vfprintf_r+0x564>
    431c:	01012703          	lw	a4,16(sp)
    4320:	0004c783          	lbu	a5,0(s1)
    4324:	01270733          	add	a4,a4,s2
    4328:	00e12823          	sw	a4,16(sp)
    432c:	1c078463          	beqz	a5,44f4 <_vfprintf_r+0x358>
    4330:	0014c883          	lbu	a7,1(s1)
    4334:	0c0103a3          	sb	zero,199(sp)
    4338:	00148493          	add	s1,s1,1
    433c:	fff00913          	li	s2,-1
    4340:	00000a13          	li	s4,0
    4344:	00000b93          	li	s7,0
    4348:	05a00c93          	li	s9,90
    434c:	00148493          	add	s1,s1,1
    4350:	fe088793          	add	a5,a7,-32
    4354:	04fce663          	bltu	s9,a5,43a0 <_vfprintf_r+0x204>
    4358:	01c12703          	lw	a4,28(sp)
    435c:	00279793          	sll	a5,a5,0x2
    4360:	00e787b3          	add	a5,a5,a4
    4364:	0007a783          	lw	a5,0(a5)
    4368:	00078067          	jr	a5
    436c:	00000a13          	li	s4,0
    4370:	fd088793          	add	a5,a7,-48
    4374:	00900693          	li	a3,9
    4378:	0004c883          	lbu	a7,0(s1)
    437c:	002a1713          	sll	a4,s4,0x2
    4380:	01470a33          	add	s4,a4,s4
    4384:	001a1a13          	sll	s4,s4,0x1
    4388:	01478a33          	add	s4,a5,s4
    438c:	fd088793          	add	a5,a7,-48
    4390:	00148493          	add	s1,s1,1
    4394:	fef6f2e3          	bgeu	a3,a5,4378 <_vfprintf_r+0x1dc>
    4398:	fe088793          	add	a5,a7,-32
    439c:	fafcfee3          	bgeu	s9,a5,4358 <_vfprintf_r+0x1bc>
    43a0:	14088a63          	beqz	a7,44f4 <_vfprintf_r+0x358>
    43a4:	15110623          	sb	a7,332(sp)
    43a8:	0c0103a3          	sb	zero,199(sp)
    43ac:	00100c93          	li	s9,1
    43b0:	00100d13          	li	s10,1
    43b4:	14c10c13          	add	s8,sp,332
    43b8:	00012a23          	sw	zero,20(sp)
    43bc:	00000913          	li	s2,0
    43c0:	02012623          	sw	zero,44(sp)
    43c4:	02012423          	sw	zero,40(sp)
    43c8:	02012023          	sw	zero,32(sp)
    43cc:	002bff93          	and	t6,s7,2
    43d0:	000f8463          	beqz	t6,43d8 <_vfprintf_r+0x23c>
    43d4:	002c8c93          	add	s9,s9,2
    43d8:	084bfd93          	and	s11,s7,132
    43dc:	000d9663          	bnez	s11,43e8 <_vfprintf_r+0x24c>
    43e0:	419a0733          	sub	a4,s4,s9
    43e4:	46e04ee3          	bgtz	a4,5060 <_vfprintf_r+0xec4>
    43e8:	0c714703          	lbu	a4,199(sp)
    43ec:	02070c63          	beqz	a4,4424 <_vfprintf_r+0x288>
    43f0:	0ec12603          	lw	a2,236(sp)
    43f4:	0e812703          	lw	a4,232(sp)
    43f8:	0c710593          	add	a1,sp,199
    43fc:	00160613          	add	a2,a2,1
    4400:	00b42023          	sw	a1,0(s0)
    4404:	00170713          	add	a4,a4,1
    4408:	00100593          	li	a1,1
    440c:	00b42223          	sw	a1,4(s0)
    4410:	0ec12623          	sw	a2,236(sp)
    4414:	0ee12423          	sw	a4,232(sp)
    4418:	00700613          	li	a2,7
    441c:	00840413          	add	s0,s0,8
    4420:	40e64263          	blt	a2,a4,4824 <_vfprintf_r+0x688>
    4424:	020f8c63          	beqz	t6,445c <_vfprintf_r+0x2c0>
    4428:	0ec12603          	lw	a2,236(sp)
    442c:	0e812703          	lw	a4,232(sp)
    4430:	0c810793          	add	a5,sp,200
    4434:	00260613          	add	a2,a2,2
    4438:	00170713          	add	a4,a4,1
    443c:	00200593          	li	a1,2
    4440:	00f42023          	sw	a5,0(s0)
    4444:	00b42223          	sw	a1,4(s0)
    4448:	0ec12623          	sw	a2,236(sp)
    444c:	0ee12423          	sw	a4,232(sp)
    4450:	00700613          	li	a2,7
    4454:	00840413          	add	s0,s0,8
    4458:	50e646e3          	blt	a2,a4,5164 <_vfprintf_r+0xfc8>
    445c:	08000713          	li	a4,128
    4460:	20ed80e3          	beq	s11,a4,4e60 <_vfprintf_r+0xcc4>
    4464:	41a90933          	sub	s2,s2,s10
    4468:	2f2042e3          	bgtz	s2,4f4c <_vfprintf_r+0xdb0>
    446c:	100bf713          	and	a4,s7,256
    4470:	04071ee3          	bnez	a4,4ccc <_vfprintf_r+0xb30>
    4474:	0ec12703          	lw	a4,236(sp)
    4478:	0e812603          	lw	a2,232(sp)
    447c:	01842023          	sw	s8,0(s0)
    4480:	00ed0733          	add	a4,s10,a4
    4484:	00160613          	add	a2,a2,1
    4488:	01a42223          	sw	s10,4(s0)
    448c:	0ee12623          	sw	a4,236(sp)
    4490:	0ec12423          	sw	a2,232(sp)
    4494:	00700593          	li	a1,7
    4498:	4ac5ce63          	blt	a1,a2,4954 <_vfprintf_r+0x7b8>
    449c:	00840413          	add	s0,s0,8
    44a0:	004bf793          	and	a5,s7,4
    44a4:	00078663          	beqz	a5,44b0 <_vfprintf_r+0x314>
    44a8:	419a0933          	sub	s2,s4,s9
    44ac:	4d204ee3          	bgtz	s2,5188 <_vfprintf_r+0xfec>
    44b0:	000a0313          	mv	t1,s4
    44b4:	019a5463          	bge	s4,s9,44bc <_vfprintf_r+0x320>
    44b8:	000c8313          	mv	t1,s9
    44bc:	01012783          	lw	a5,16(sp)
    44c0:	006787b3          	add	a5,a5,t1
    44c4:	00f12823          	sw	a5,16(sp)
    44c8:	360712e3          	bnez	a4,502c <_vfprintf_r+0xe90>
    44cc:	01412783          	lw	a5,20(sp)
    44d0:	0e012423          	sw	zero,232(sp)
    44d4:	00078863          	beqz	a5,44e4 <_vfprintf_r+0x348>
    44d8:	01412583          	lw	a1,20(sp)
    44dc:	00098513          	mv	a0,s3
    44e0:	048030ef          	jal	7528 <_free_r>
    44e4:	000b0413          	mv	s0,s6
    44e8:	00048c13          	mv	s8,s1
    44ec:	000c4783          	lbu	a5,0(s8)
    44f0:	de0790e3          	bnez	a5,42d0 <_vfprintf_r+0x134>
    44f4:	0ec12783          	lw	a5,236(sp)
    44f8:	00078463          	beqz	a5,4500 <_vfprintf_r+0x364>
    44fc:	3a10106f          	j	609c <_vfprintf_r+0x1f00>
    4500:	00812783          	lw	a5,8(sp)
    4504:	00c7d783          	lhu	a5,12(a5)
    4508:	0407f793          	and	a5,a5,64
    450c:	00078463          	beqz	a5,4514 <_vfprintf_r+0x378>
    4510:	3280206f          	j	6838 <_vfprintf_r+0x269c>
    4514:	1ec12083          	lw	ra,492(sp)
    4518:	1e812403          	lw	s0,488(sp)
    451c:	01012503          	lw	a0,16(sp)
    4520:	1e412483          	lw	s1,484(sp)
    4524:	1e012903          	lw	s2,480(sp)
    4528:	1dc12983          	lw	s3,476(sp)
    452c:	1d812a03          	lw	s4,472(sp)
    4530:	1d412a83          	lw	s5,468(sp)
    4534:	1d012b03          	lw	s6,464(sp)
    4538:	1cc12b83          	lw	s7,460(sp)
    453c:	1c812c03          	lw	s8,456(sp)
    4540:	1c412c83          	lw	s9,452(sp)
    4544:	1c012d03          	lw	s10,448(sp)
    4548:	1bc12d83          	lw	s11,444(sp)
    454c:	1f010113          	add	sp,sp,496
    4550:	00008067          	ret
    4554:	00812583          	lw	a1,8(sp)
    4558:	03012503          	lw	a0,48(sp)
    455c:	00512623          	sw	t0,12(sp)
    4560:	69c020ef          	jal	6bfc <__swsetup_r>
    4564:	00c12283          	lw	t0,12(sp)
    4568:	00050463          	beqz	a0,4570 <_vfprintf_r+0x3d4>
    456c:	2cc0206f          	j	6838 <_vfprintf_r+0x269c>
    4570:	00812783          	lw	a5,8(sp)
    4574:	00a00713          	li	a4,10
    4578:	00c79783          	lh	a5,12(a5)
    457c:	01a7f793          	and	a5,a5,26
    4580:	cee79ce3          	bne	a5,a4,4278 <_vfprintf_r+0xdc>
    4584:	00812783          	lw	a5,8(sp)
    4588:	00e79783          	lh	a5,14(a5)
    458c:	ce07c6e3          	bltz	a5,4278 <_vfprintf_r+0xdc>
    4590:	01812683          	lw	a3,24(sp)
    4594:	00812583          	lw	a1,8(sp)
    4598:	03012503          	lw	a0,48(sp)
    459c:	00028613          	mv	a2,t0
    45a0:	590020ef          	jal	6b30 <__sbprintf>
    45a4:	00a12823          	sw	a0,16(sp)
    45a8:	f6dff06f          	j	4514 <_vfprintf_r+0x378>
    45ac:	00098513          	mv	a0,s3
    45b0:	044060ef          	jal	a5f4 <_localeconv_r>
    45b4:	00452783          	lw	a5,4(a0)
    45b8:	00078513          	mv	a0,a5
    45bc:	04f12423          	sw	a5,72(sp)
    45c0:	268080ef          	jal	c828 <strlen>
    45c4:	00050793          	mv	a5,a0
    45c8:	00098513          	mv	a0,s3
    45cc:	00078a93          	mv	s5,a5
    45d0:	04f12623          	sw	a5,76(sp)
    45d4:	020060ef          	jal	a5f4 <_localeconv_r>
    45d8:	00852703          	lw	a4,8(a0)
    45dc:	04e12023          	sw	a4,64(sp)
    45e0:	000a8463          	beqz	s5,45e8 <_vfprintf_r+0x44c>
    45e4:	7a50006f          	j	5588 <_vfprintf_r+0x13ec>
    45e8:	0004c883          	lbu	a7,0(s1)
    45ec:	d61ff06f          	j	434c <_vfprintf_r+0x1b0>
    45f0:	0004c883          	lbu	a7,0(s1)
    45f4:	020beb93          	or	s7,s7,32
    45f8:	d55ff06f          	j	434c <_vfprintf_r+0x1b0>
    45fc:	010beb93          	or	s7,s7,16
    4600:	020bf713          	and	a4,s7,32
    4604:	3a070063          	beqz	a4,49a4 <_vfprintf_r+0x808>
    4608:	01812783          	lw	a5,24(sp)
    460c:	00778a93          	add	s5,a5,7
    4610:	ff8afa93          	and	s5,s5,-8
    4614:	004aa703          	lw	a4,4(s5)
    4618:	000aac83          	lw	s9,0(s5)
    461c:	008a8793          	add	a5,s5,8
    4620:	00f12c23          	sw	a5,24(sp)
    4624:	00070d13          	mv	s10,a4
    4628:	3a074863          	bltz	a4,49d8 <_vfprintf_r+0x83c>
    462c:	fff00713          	li	a4,-1
    4630:	000b8d93          	mv	s11,s7
    4634:	4ee90663          	beq	s2,a4,4b20 <_vfprintf_r+0x984>
    4638:	01ace733          	or	a4,s9,s10
    463c:	f7fbfd93          	and	s11,s7,-129
    4640:	4e071063          	bnez	a4,4b20 <_vfprintf_r+0x984>
    4644:	4e091463          	bnez	s2,4b2c <_vfprintf_r+0x990>
    4648:	00000d13          	li	s10,0
    464c:	000d8b93          	mv	s7,s11
    4650:	1b010c13          	add	s8,sp,432
    4654:	0c714703          	lbu	a4,199(sp)
    4658:	000d0c93          	mv	s9,s10
    465c:	012d5463          	bge	s10,s2,4664 <_vfprintf_r+0x4c8>
    4660:	00090c93          	mv	s9,s2
    4664:	00012a23          	sw	zero,20(sp)
    4668:	02012623          	sw	zero,44(sp)
    466c:	02012423          	sw	zero,40(sp)
    4670:	02012023          	sw	zero,32(sp)
    4674:	d4070ce3          	beqz	a4,43cc <_vfprintf_r+0x230>
    4678:	001c8c93          	add	s9,s9,1
    467c:	d51ff06f          	j	43cc <_vfprintf_r+0x230>
    4680:	010beb93          	or	s7,s7,16
    4684:	020bf713          	and	a4,s7,32
    4688:	2e070663          	beqz	a4,4974 <_vfprintf_r+0x7d8>
    468c:	01812783          	lw	a5,24(sp)
    4690:	00778a93          	add	s5,a5,7
    4694:	ff8afa93          	and	s5,s5,-8
    4698:	000aac83          	lw	s9,0(s5)
    469c:	004aad03          	lw	s10,4(s5)
    46a0:	008a8793          	add	a5,s5,8
    46a4:	00f12c23          	sw	a5,24(sp)
    46a8:	bffbfd93          	and	s11,s7,-1025
    46ac:	00000693          	li	a3,0
    46b0:	00000793          	li	a5,0
    46b4:	0cf103a3          	sb	a5,199(sp)
    46b8:	fff00793          	li	a5,-1
    46bc:	34f90263          	beq	s2,a5,4a00 <_vfprintf_r+0x864>
    46c0:	01ace733          	or	a4,s9,s10
    46c4:	f7fdfb93          	and	s7,s11,-129
    46c8:	180718e3          	bnez	a4,5058 <_vfprintf_r+0xebc>
    46cc:	72091c63          	bnez	s2,4e04 <_vfprintf_r+0xc68>
    46d0:	600692e3          	bnez	a3,54d4 <_vfprintf_r+0x1338>
    46d4:	001dfd13          	and	s10,s11,1
    46d8:	1b010c13          	add	s8,sp,432
    46dc:	f60d0ce3          	beqz	s10,4654 <_vfprintf_r+0x4b8>
    46e0:	03000713          	li	a4,48
    46e4:	1ae107a3          	sb	a4,431(sp)
    46e8:	1af10c13          	add	s8,sp,431
    46ec:	f69ff06f          	j	4654 <_vfprintf_r+0x4b8>
    46f0:	41848933          	sub	s2,s1,s8
    46f4:	bf849ee3          	bne	s1,s8,42f0 <_vfprintf_r+0x154>
    46f8:	0004c783          	lbu	a5,0(s1)
    46fc:	c31ff06f          	j	432c <_vfprintf_r+0x190>
    4700:	00812583          	lw	a1,8(sp)
    4704:	0e410613          	add	a2,sp,228
    4708:	00098513          	mv	a0,s3
    470c:	4590a0ef          	jal	f364 <__sprint_r>
    4710:	de0518e3          	bnez	a0,4500 <_vfprintf_r+0x364>
    4714:	000b0413          	mv	s0,s6
    4718:	c05ff06f          	j	431c <_vfprintf_r+0x180>
    471c:	008bf713          	and	a4,s7,8
    4720:	60071ce3          	bnez	a4,5538 <_vfprintf_r+0x139c>
    4724:	01812783          	lw	a5,24(sp)
    4728:	0b010513          	add	a0,sp,176
    472c:	01112a23          	sw	a7,20(sp)
    4730:	00778a93          	add	s5,a5,7
    4734:	ff8afa93          	and	s5,s5,-8
    4738:	000aa583          	lw	a1,0(s5)
    473c:	004aa603          	lw	a2,4(s5)
    4740:	008a8793          	add	a5,s5,8
    4744:	00f12c23          	sw	a5,24(sp)
    4748:	bf0ff0ef          	jal	3b38 <__extenddftf2>
    474c:	0b012583          	lw	a1,176(sp)
    4750:	0b412603          	lw	a2,180(sp)
    4754:	0b812683          	lw	a3,184(sp)
    4758:	0bc12703          	lw	a4,188(sp)
    475c:	01412883          	lw	a7,20(sp)
    4760:	0f010513          	add	a0,sp,240
    4764:	01112a23          	sw	a7,20(sp)
    4768:	0ee12e23          	sw	a4,252(sp)
    476c:	0eb12823          	sw	a1,240(sp)
    4770:	0ec12a23          	sw	a2,244(sp)
    4774:	0ed12c23          	sw	a3,248(sp)
    4778:	5fd050ef          	jal	a574 <_ldcheck>
    477c:	0ca12623          	sw	a0,204(sp)
    4780:	00200713          	li	a4,2
    4784:	01412883          	lw	a7,20(sp)
    4788:	00e51463          	bne	a0,a4,4790 <_vfprintf_r+0x5f4>
    478c:	1d40106f          	j	5960 <_vfprintf_r+0x17c4>
    4790:	00100713          	li	a4,1
    4794:	00e51463          	bne	a0,a4,479c <_vfprintf_r+0x600>
    4798:	3280106f          	j	5ac0 <_vfprintf_r+0x1924>
    479c:	06100713          	li	a4,97
    47a0:	00e89463          	bne	a7,a4,47a8 <_vfprintf_r+0x60c>
    47a4:	7410106f          	j	66e4 <_vfprintf_r+0x2548>
    47a8:	04100713          	li	a4,65
    47ac:	00e89463          	bne	a7,a4,47b4 <_vfprintf_r+0x618>
    47b0:	12d0106f          	j	60dc <_vfprintf_r+0x1f40>
    47b4:	fff00713          	li	a4,-1
    47b8:	00e91463          	bne	s2,a4,47c0 <_vfprintf_r+0x624>
    47bc:	1d80206f          	j	6994 <_vfprintf_r+0x27f8>
    47c0:	fdf8f713          	and	a4,a7,-33
    47c4:	04700693          	li	a3,71
    47c8:	00d71463          	bne	a4,a3,47d0 <_vfprintf_r+0x634>
    47cc:	1b80206f          	j	6984 <_vfprintf_r+0x27e8>
    47d0:	0fc12d83          	lw	s11,252(sp)
    47d4:	100be793          	or	a5,s7,256
    47d8:	04f12e23          	sw	a5,92(sp)
    47dc:	03712623          	sw	s7,44(sp)
    47e0:	0f012f03          	lw	t5,240(sp)
    47e4:	0f412e83          	lw	t4,244(sp)
    47e8:	0f812e03          	lw	t3,248(sp)
    47ec:	000dd463          	bgez	s11,47f4 <_vfprintf_r+0x658>
    47f0:	6a50106f          	j	6694 <_vfprintf_r+0x24f8>
    47f4:	06012023          	sw	zero,96(sp)
    47f8:	00012a23          	sw	zero,20(sp)
    47fc:	fbf88793          	add	a5,a7,-65
    4800:	02500713          	li	a4,37
    4804:	00f77463          	bgeu	a4,a5,480c <_vfprintf_r+0x670>
    4808:	5dc0106f          	j	5de4 <_vfprintf_r+0x1c48>
    480c:	00014737          	lui	a4,0x14
    4810:	00279793          	sll	a5,a5,0x2
    4814:	b6870713          	add	a4,a4,-1176 # 13b68 <__clz_tab+0x2d0>
    4818:	00e787b3          	add	a5,a5,a4
    481c:	0007a783          	lw	a5,0(a5)
    4820:	00078067          	jr	a5
    4824:	00812583          	lw	a1,8(sp)
    4828:	0e410613          	add	a2,sp,228
    482c:	00098513          	mv	a0,s3
    4830:	05112a23          	sw	a7,84(sp)
    4834:	05f12823          	sw	t6,80(sp)
    4838:	32d0a0ef          	jal	f364 <__sprint_r>
    483c:	000512e3          	bnez	a0,5040 <_vfprintf_r+0xea4>
    4840:	05412883          	lw	a7,84(sp)
    4844:	05012f83          	lw	t6,80(sp)
    4848:	000b0413          	mv	s0,s6
    484c:	bd9ff06f          	j	4424 <_vfprintf_r+0x288>
    4850:	02412783          	lw	a5,36(sp)
    4854:	00100593          	li	a1,1
    4858:	00840d13          	add	s10,s0,8
    485c:	36f5d4e3          	bge	a1,a5,53c4 <_vfprintf_r+0x1228>
    4860:	0ec12703          	lw	a4,236(sp)
    4864:	0e812603          	lw	a2,232(sp)
    4868:	00100593          	li	a1,1
    486c:	00170713          	add	a4,a4,1
    4870:	00160613          	add	a2,a2,1
    4874:	00b42223          	sw	a1,4(s0)
    4878:	01842023          	sw	s8,0(s0)
    487c:	0ee12623          	sw	a4,236(sp)
    4880:	0ec12423          	sw	a2,232(sp)
    4884:	00700593          	li	a1,7
    4888:	6ac5c6e3          	blt	a1,a2,5734 <_vfprintf_r+0x1598>
    488c:	03412783          	lw	a5,52(sp)
    4890:	00160913          	add	s2,a2,1
    4894:	0f212423          	sw	s2,232(sp)
    4898:	00e78db3          	add	s11,a5,a4
    489c:	03812703          	lw	a4,56(sp)
    48a0:	00fd2223          	sw	a5,4(s10)
    48a4:	0fb12623          	sw	s11,236(sp)
    48a8:	00ed2023          	sw	a4,0(s10)
    48ac:	00700713          	li	a4,7
    48b0:	008d0d13          	add	s10,s10,8
    48b4:	6b2742e3          	blt	a4,s2,5758 <_vfprintf_r+0x15bc>
    48b8:	0f012703          	lw	a4,240(sp)
    48bc:	0a010593          	add	a1,sp,160
    48c0:	0b010513          	add	a0,sp,176
    48c4:	0ae12823          	sw	a4,176(sp)
    48c8:	0f412703          	lw	a4,244(sp)
    48cc:	0a012023          	sw	zero,160(sp)
    48d0:	0a012223          	sw	zero,164(sp)
    48d4:	0ae12a23          	sw	a4,180(sp)
    48d8:	0f812703          	lw	a4,248(sp)
    48dc:	0a012423          	sw	zero,168(sp)
    48e0:	0a012623          	sw	zero,172(sp)
    48e4:	0ae12c23          	sw	a4,184(sp)
    48e8:	0fc12703          	lw	a4,252(sp)
    48ec:	0ae12e23          	sw	a4,188(sp)
    48f0:	f58fc0ef          	jal	1048 <__eqtf2>
    48f4:	02412783          	lw	a5,36(sp)
    48f8:	fff78413          	add	s0,a5,-1
    48fc:	30050ee3          	beqz	a0,5418 <_vfprintf_r+0x127c>
    4900:	001c0293          	add	t0,s8,1
    4904:	00190913          	add	s2,s2,1
    4908:	008d8db3          	add	s11,s11,s0
    490c:	005d2023          	sw	t0,0(s10)
    4910:	008d2223          	sw	s0,4(s10)
    4914:	0fb12623          	sw	s11,236(sp)
    4918:	0f212423          	sw	s2,232(sp)
    491c:	00700713          	li	a4,7
    4920:	008d0d13          	add	s10,s10,8
    4924:	2d2748e3          	blt	a4,s2,53f4 <_vfprintf_r+0x1258>
    4928:	04412783          	lw	a5,68(sp)
    492c:	0d410593          	add	a1,sp,212
    4930:	00190613          	add	a2,s2,1
    4934:	01b78733          	add	a4,a5,s11
    4938:	00bd2023          	sw	a1,0(s10)
    493c:	00fd2223          	sw	a5,4(s10)
    4940:	0ee12623          	sw	a4,236(sp)
    4944:	0ec12423          	sw	a2,232(sp)
    4948:	00700593          	li	a1,7
    494c:	008d0413          	add	s0,s10,8
    4950:	b4c5d8e3          	bge	a1,a2,44a0 <_vfprintf_r+0x304>
    4954:	00812583          	lw	a1,8(sp)
    4958:	0e410613          	add	a2,sp,228
    495c:	00098513          	mv	a0,s3
    4960:	2050a0ef          	jal	f364 <__sprint_r>
    4964:	6c051e63          	bnez	a0,5040 <_vfprintf_r+0xea4>
    4968:	0ec12703          	lw	a4,236(sp)
    496c:	000b0413          	mv	s0,s6
    4970:	b31ff06f          	j	44a0 <_vfprintf_r+0x304>
    4974:	01812783          	lw	a5,24(sp)
    4978:	010bf713          	and	a4,s7,16
    497c:	0007ac83          	lw	s9,0(a5)
    4980:	00478793          	add	a5,a5,4
    4984:	00f12c23          	sw	a5,24(sp)
    4988:	38071ae3          	bnez	a4,551c <_vfprintf_r+0x1380>
    498c:	040bf713          	and	a4,s7,64
    4990:	380702e3          	beqz	a4,5514 <_vfprintf_r+0x1378>
    4994:	010c9c93          	sll	s9,s9,0x10
    4998:	010cdc93          	srl	s9,s9,0x10
    499c:	00000d13          	li	s10,0
    49a0:	d09ff06f          	j	46a8 <_vfprintf_r+0x50c>
    49a4:	01812783          	lw	a5,24(sp)
    49a8:	010bf713          	and	a4,s7,16
    49ac:	0007ac83          	lw	s9,0(a5)
    49b0:	00478793          	add	a5,a5,4
    49b4:	00f12c23          	sw	a5,24(sp)
    49b8:	36071ae3          	bnez	a4,552c <_vfprintf_r+0x1390>
    49bc:	040bf713          	and	a4,s7,64
    49c0:	360702e3          	beqz	a4,5524 <_vfprintf_r+0x1388>
    49c4:	010c9c93          	sll	s9,s9,0x10
    49c8:	410cdc93          	sra	s9,s9,0x10
    49cc:	41fcdd13          	sra	s10,s9,0x1f
    49d0:	000d0713          	mv	a4,s10
    49d4:	c4075ce3          	bgez	a4,462c <_vfprintf_r+0x490>
    49d8:	02d00793          	li	a5,45
    49dc:	01903733          	snez	a4,s9
    49e0:	41a00d33          	neg	s10,s10
    49e4:	0cf103a3          	sb	a5,199(sp)
    49e8:	fff00793          	li	a5,-1
    49ec:	40ed0d33          	sub	s10,s10,a4
    49f0:	41900cb3          	neg	s9,s9
    49f4:	000b8d93          	mv	s11,s7
    49f8:	00100693          	li	a3,1
    49fc:	ccf912e3          	bne	s2,a5,46c0 <_vfprintf_r+0x524>
    4a00:	00100793          	li	a5,1
    4a04:	10f68e63          	beq	a3,a5,4b20 <_vfprintf_r+0x984>
    4a08:	00200793          	li	a5,2
    4a0c:	40f68863          	beq	a3,a5,4e1c <_vfprintf_r+0xc80>
    4a10:	1b010c13          	add	s8,sp,432
    4a14:	01dd1713          	sll	a4,s10,0x1d
    4a18:	007cf793          	and	a5,s9,7
    4a1c:	003cdc93          	srl	s9,s9,0x3
    4a20:	03078793          	add	a5,a5,48
    4a24:	01976cb3          	or	s9,a4,s9
    4a28:	003d5d13          	srl	s10,s10,0x3
    4a2c:	fefc0fa3          	sb	a5,-1(s8)
    4a30:	01ace733          	or	a4,s9,s10
    4a34:	000c0693          	mv	a3,s8
    4a38:	fffc0c13          	add	s8,s8,-1
    4a3c:	fc071ce3          	bnez	a4,4a14 <_vfprintf_r+0x878>
    4a40:	001df713          	and	a4,s11,1
    4a44:	40070663          	beqz	a4,4e50 <_vfprintf_r+0xcb4>
    4a48:	03000713          	li	a4,48
    4a4c:	40e78263          	beq	a5,a4,4e50 <_vfprintf_r+0xcb4>
    4a50:	ffe68693          	add	a3,a3,-2
    4a54:	1b010793          	add	a5,sp,432
    4a58:	feec0fa3          	sb	a4,-1(s8)
    4a5c:	40d78d33          	sub	s10,a5,a3
    4a60:	000d8b93          	mv	s7,s11
    4a64:	00068c13          	mv	s8,a3
    4a68:	bedff06f          	j	4654 <_vfprintf_r+0x4b8>
    4a6c:	03012503          	lw	a0,48(sp)
    4a70:	149020ef          	jal	73b8 <__sinit>
    4a74:	00c12283          	lw	t0,12(sp)
    4a78:	fa8ff06f          	j	4220 <_vfprintf_r+0x84>
    4a7c:	01812783          	lw	a5,24(sp)
    4a80:	0c0103a3          	sb	zero,199(sp)
    4a84:	00100c93          	li	s9,1
    4a88:	0007a703          	lw	a4,0(a5)
    4a8c:	00478793          	add	a5,a5,4
    4a90:	00f12c23          	sw	a5,24(sp)
    4a94:	14e10623          	sb	a4,332(sp)
    4a98:	00100d13          	li	s10,1
    4a9c:	14c10c13          	add	s8,sp,332
    4aa0:	919ff06f          	j	43b8 <_vfprintf_r+0x21c>
    4aa4:	01812783          	lw	a5,24(sp)
    4aa8:	0c0103a3          	sb	zero,199(sp)
    4aac:	0007ac03          	lw	s8,0(a5)
    4ab0:	00478a93          	add	s5,a5,4
    4ab4:	3a0c0ee3          	beqz	s8,5670 <_vfprintf_r+0x14d4>
    4ab8:	fff00713          	li	a4,-1
    4abc:	00e91463          	bne	s2,a4,4ac4 <_vfprintf_r+0x928>
    4ac0:	7b90006f          	j	5a78 <_vfprintf_r+0x18dc>
    4ac4:	00090613          	mv	a2,s2
    4ac8:	00000593          	li	a1,0
    4acc:	000c0513          	mv	a0,s8
    4ad0:	01112c23          	sw	a7,24(sp)
    4ad4:	67c060ef          	jal	b150 <memchr>
    4ad8:	00a12a23          	sw	a0,20(sp)
    4adc:	01812883          	lw	a7,24(sp)
    4ae0:	00051463          	bnez	a0,4ae8 <_vfprintf_r+0x94c>
    4ae4:	43d0106f          	j	6720 <_vfprintf_r+0x2584>
    4ae8:	01412783          	lw	a5,20(sp)
    4aec:	0c714703          	lbu	a4,199(sp)
    4af0:	01512c23          	sw	s5,24(sp)
    4af4:	41878d33          	sub	s10,a5,s8
    4af8:	fffd4693          	not	a3,s10
    4afc:	41f6d693          	sra	a3,a3,0x1f
    4b00:	00012a23          	sw	zero,20(sp)
    4b04:	02012623          	sw	zero,44(sp)
    4b08:	02012423          	sw	zero,40(sp)
    4b0c:	02012023          	sw	zero,32(sp)
    4b10:	00dd7cb3          	and	s9,s10,a3
    4b14:	00000913          	li	s2,0
    4b18:	b60710e3          	bnez	a4,4678 <_vfprintf_r+0x4dc>
    4b1c:	8b1ff06f          	j	43cc <_vfprintf_r+0x230>
    4b20:	460d16e3          	bnez	s10,578c <_vfprintf_r+0x15f0>
    4b24:	00900793          	li	a5,9
    4b28:	4797e2e3          	bltu	a5,s9,578c <_vfprintf_r+0x15f0>
    4b2c:	030c8c93          	add	s9,s9,48
    4b30:	1b9107a3          	sb	s9,431(sp)
    4b34:	000d8b93          	mv	s7,s11
    4b38:	00100d13          	li	s10,1
    4b3c:	1af10c13          	add	s8,sp,431
    4b40:	b15ff06f          	j	4654 <_vfprintf_r+0x4b8>
    4b44:	01812783          	lw	a5,24(sp)
    4b48:	0007aa03          	lw	s4,0(a5)
    4b4c:	00478793          	add	a5,a5,4
    4b50:	1a0a50e3          	bgez	s4,54f0 <_vfprintf_r+0x1354>
    4b54:	41400a33          	neg	s4,s4
    4b58:	00f12c23          	sw	a5,24(sp)
    4b5c:	0004c883          	lbu	a7,0(s1)
    4b60:	004beb93          	or	s7,s7,4
    4b64:	fe8ff06f          	j	434c <_vfprintf_r+0x1b0>
    4b68:	02b00793          	li	a5,43
    4b6c:	0004c883          	lbu	a7,0(s1)
    4b70:	0cf103a3          	sb	a5,199(sp)
    4b74:	fd8ff06f          	j	434c <_vfprintf_r+0x1b0>
    4b78:	0004c883          	lbu	a7,0(s1)
    4b7c:	080beb93          	or	s7,s7,128
    4b80:	fccff06f          	j	434c <_vfprintf_r+0x1b0>
    4b84:	0004c883          	lbu	a7,0(s1)
    4b88:	02a00793          	li	a5,42
    4b8c:	00148713          	add	a4,s1,1
    4b90:	00f89463          	bne	a7,a5,4b98 <_vfprintf_r+0x9fc>
    4b94:	7410106f          	j	6ad4 <_vfprintf_r+0x2938>
    4b98:	fd088793          	add	a5,a7,-48
    4b9c:	00900613          	li	a2,9
    4ba0:	00070493          	mv	s1,a4
    4ba4:	00000913          	li	s2,0
    4ba8:	00900693          	li	a3,9
    4bac:	faf66263          	bltu	a2,a5,4350 <_vfprintf_r+0x1b4>
    4bb0:	0004c883          	lbu	a7,0(s1)
    4bb4:	00291713          	sll	a4,s2,0x2
    4bb8:	01270933          	add	s2,a4,s2
    4bbc:	00191913          	sll	s2,s2,0x1
    4bc0:	00f90933          	add	s2,s2,a5
    4bc4:	fd088793          	add	a5,a7,-48
    4bc8:	00148493          	add	s1,s1,1
    4bcc:	fef6f2e3          	bgeu	a3,a5,4bb0 <_vfprintf_r+0xa14>
    4bd0:	f80ff06f          	j	4350 <_vfprintf_r+0x1b4>
    4bd4:	0004c883          	lbu	a7,0(s1)
    4bd8:	001beb93          	or	s7,s7,1
    4bdc:	f70ff06f          	j	434c <_vfprintf_r+0x1b0>
    4be0:	0c714783          	lbu	a5,199(sp)
    4be4:	0004c883          	lbu	a7,0(s1)
    4be8:	f6079263          	bnez	a5,434c <_vfprintf_r+0x1b0>
    4bec:	02000793          	li	a5,32
    4bf0:	0cf103a3          	sb	a5,199(sp)
    4bf4:	f58ff06f          	j	434c <_vfprintf_r+0x1b0>
    4bf8:	0004c883          	lbu	a7,0(s1)
    4bfc:	008beb93          	or	s7,s7,8
    4c00:	f4cff06f          	j	434c <_vfprintf_r+0x1b0>
    4c04:	010bed93          	or	s11,s7,16
    4c08:	020df793          	and	a5,s11,32
    4c0c:	08078ae3          	beqz	a5,54a0 <_vfprintf_r+0x1304>
    4c10:	01812783          	lw	a5,24(sp)
    4c14:	00100693          	li	a3,1
    4c18:	00778a93          	add	s5,a5,7
    4c1c:	ff8afa93          	and	s5,s5,-8
    4c20:	008a8793          	add	a5,s5,8
    4c24:	000aac83          	lw	s9,0(s5)
    4c28:	004aad03          	lw	s10,4(s5)
    4c2c:	00f12c23          	sw	a5,24(sp)
    4c30:	a81ff06f          	j	46b0 <_vfprintf_r+0x514>
    4c34:	01812703          	lw	a4,24(sp)
    4c38:	ffff87b7          	lui	a5,0xffff8
    4c3c:	8307c793          	xor	a5,a5,-2000
    4c40:	0cf11423          	sh	a5,200(sp)
    4c44:	00470793          	add	a5,a4,4
    4c48:	00f12c23          	sw	a5,24(sp)
    4c4c:	000147b7          	lui	a5,0x14
    4c50:	9c878793          	add	a5,a5,-1592 # 139c8 <__clz_tab+0x130>
    4c54:	00072c83          	lw	s9,0(a4)
    4c58:	00000d13          	li	s10,0
    4c5c:	002bed93          	or	s11,s7,2
    4c60:	02f12e23          	sw	a5,60(sp)
    4c64:	00200693          	li	a3,2
    4c68:	07800893          	li	a7,120
    4c6c:	a45ff06f          	j	46b0 <_vfprintf_r+0x514>
    4c70:	0004c883          	lbu	a7,0(s1)
    4c74:	06c00793          	li	a5,108
    4c78:	1ef884e3          	beq	a7,a5,5660 <_vfprintf_r+0x14c4>
    4c7c:	010beb93          	or	s7,s7,16
    4c80:	eccff06f          	j	434c <_vfprintf_r+0x1b0>
    4c84:	0004c883          	lbu	a7,0(s1)
    4c88:	06800793          	li	a5,104
    4c8c:	18f88ae3          	beq	a7,a5,5620 <_vfprintf_r+0x1484>
    4c90:	040beb93          	or	s7,s7,64
    4c94:	eb8ff06f          	j	434c <_vfprintf_r+0x1b0>
    4c98:	020bf713          	and	a4,s7,32
    4c9c:	0c0700e3          	beqz	a4,555c <_vfprintf_r+0x13c0>
    4ca0:	01812783          	lw	a5,24(sp)
    4ca4:	01012683          	lw	a3,16(sp)
    4ca8:	0007a783          	lw	a5,0(a5)
    4cac:	41f6d713          	sra	a4,a3,0x1f
    4cb0:	00d7a023          	sw	a3,0(a5)
    4cb4:	00e7a223          	sw	a4,4(a5)
    4cb8:	01812783          	lw	a5,24(sp)
    4cbc:	00048c13          	mv	s8,s1
    4cc0:	00478793          	add	a5,a5,4
    4cc4:	00f12c23          	sw	a5,24(sp)
    4cc8:	825ff06f          	j	44ec <_vfprintf_r+0x350>
    4ccc:	06500713          	li	a4,101
    4cd0:	b91750e3          	bge	a4,a7,4850 <_vfprintf_r+0x6b4>
    4cd4:	0f012703          	lw	a4,240(sp)
    4cd8:	0a010593          	add	a1,sp,160
    4cdc:	0b010513          	add	a0,sp,176
    4ce0:	0ae12823          	sw	a4,176(sp)
    4ce4:	0f412703          	lw	a4,244(sp)
    4ce8:	0a012023          	sw	zero,160(sp)
    4cec:	0a012223          	sw	zero,164(sp)
    4cf0:	0ae12a23          	sw	a4,180(sp)
    4cf4:	0f812703          	lw	a4,248(sp)
    4cf8:	0a012423          	sw	zero,168(sp)
    4cfc:	0a012623          	sw	zero,172(sp)
    4d00:	0ae12c23          	sw	a4,184(sp)
    4d04:	0fc12703          	lw	a4,252(sp)
    4d08:	0ae12e23          	sw	a4,188(sp)
    4d0c:	b3cfc0ef          	jal	1048 <__eqtf2>
    4d10:	52051463          	bnez	a0,5238 <_vfprintf_r+0x109c>
    4d14:	0ec12703          	lw	a4,236(sp)
    4d18:	0e812603          	lw	a2,232(sp)
    4d1c:	000145b7          	lui	a1,0x14
    4d20:	9f858593          	add	a1,a1,-1544 # 139f8 <__clz_tab+0x160>
    4d24:	00b42023          	sw	a1,0(s0)
    4d28:	00170713          	add	a4,a4,1
    4d2c:	00100593          	li	a1,1
    4d30:	00160613          	add	a2,a2,1
    4d34:	00b42223          	sw	a1,4(s0)
    4d38:	0ee12623          	sw	a4,236(sp)
    4d3c:	0ec12423          	sw	a2,232(sp)
    4d40:	00700593          	li	a1,7
    4d44:	00840413          	add	s0,s0,8
    4d48:	3cc5c8e3          	blt	a1,a2,5918 <_vfprintf_r+0x177c>
    4d4c:	0cc12603          	lw	a2,204(sp)
    4d50:	02412783          	lw	a5,36(sp)
    4d54:	78f65663          	bge	a2,a5,54e0 <_vfprintf_r+0x1344>
    4d58:	03412783          	lw	a5,52(sp)
    4d5c:	0e812603          	lw	a2,232(sp)
    4d60:	03812683          	lw	a3,56(sp)
    4d64:	00e78733          	add	a4,a5,a4
    4d68:	00160613          	add	a2,a2,1
    4d6c:	00d42023          	sw	a3,0(s0)
    4d70:	00f42223          	sw	a5,4(s0)
    4d74:	0ee12623          	sw	a4,236(sp)
    4d78:	0ec12423          	sw	a2,232(sp)
    4d7c:	00700593          	li	a1,7
    4d80:	00840413          	add	s0,s0,8
    4d84:	0ac5cee3          	blt	a1,a2,5640 <_vfprintf_r+0x14a4>
    4d88:	02412783          	lw	a5,36(sp)
    4d8c:	fff78913          	add	s2,a5,-1
    4d90:	f1205863          	blez	s2,44a0 <_vfprintf_r+0x304>
    4d94:	00014837          	lui	a6,0x14
    4d98:	01000593          	li	a1,16
    4d9c:	0e812603          	lw	a2,232(sp)
    4da0:	c0080a93          	add	s5,a6,-1024 # 13c00 <zeroes.0>
    4da4:	3925dae3          	bge	a1,s2,5938 <_vfprintf_r+0x179c>
    4da8:	00812c03          	lw	s8,8(sp)
    4dac:	01000d13          	li	s10,16
    4db0:	00700d93          	li	s11,7
    4db4:	00c0006f          	j	4dc0 <_vfprintf_r+0xc24>
    4db8:	ff090913          	add	s2,s2,-16
    4dbc:	372d5ee3          	bge	s10,s2,5938 <_vfprintf_r+0x179c>
    4dc0:	01070713          	add	a4,a4,16
    4dc4:	00160613          	add	a2,a2,1
    4dc8:	01542023          	sw	s5,0(s0)
    4dcc:	01a42223          	sw	s10,4(s0)
    4dd0:	0ee12623          	sw	a4,236(sp)
    4dd4:	0ec12423          	sw	a2,232(sp)
    4dd8:	00840413          	add	s0,s0,8
    4ddc:	fccddee3          	bge	s11,a2,4db8 <_vfprintf_r+0xc1c>
    4de0:	0e410613          	add	a2,sp,228
    4de4:	000c0593          	mv	a1,s8
    4de8:	00098513          	mv	a0,s3
    4dec:	5780a0ef          	jal	f364 <__sprint_r>
    4df0:	24051863          	bnez	a0,5040 <_vfprintf_r+0xea4>
    4df4:	0ec12703          	lw	a4,236(sp)
    4df8:	0e812603          	lw	a2,232(sp)
    4dfc:	000b0413          	mv	s0,s6
    4e00:	fb9ff06f          	j	4db8 <_vfprintf_r+0xc1c>
    4e04:	00100713          	li	a4,1
    4e08:	00e69463          	bne	a3,a4,4e10 <_vfprintf_r+0xc74>
    4e0c:	17d0106f          	j	6788 <_vfprintf_r+0x25ec>
    4e10:	00200713          	li	a4,2
    4e14:	000b8d93          	mv	s11,s7
    4e18:	bee69ce3          	bne	a3,a4,4a10 <_vfprintf_r+0x874>
    4e1c:	03c12683          	lw	a3,60(sp)
    4e20:	1b010c13          	add	s8,sp,432
    4e24:	00fcf793          	and	a5,s9,15
    4e28:	00f687b3          	add	a5,a3,a5
    4e2c:	0007c703          	lbu	a4,0(a5)
    4e30:	004cdc93          	srl	s9,s9,0x4
    4e34:	01cd1793          	sll	a5,s10,0x1c
    4e38:	0197ecb3          	or	s9,a5,s9
    4e3c:	004d5d13          	srl	s10,s10,0x4
    4e40:	feec0fa3          	sb	a4,-1(s8)
    4e44:	01ace7b3          	or	a5,s9,s10
    4e48:	fffc0c13          	add	s8,s8,-1
    4e4c:	fc079ce3          	bnez	a5,4e24 <_vfprintf_r+0xc88>
    4e50:	1b010793          	add	a5,sp,432
    4e54:	41878d33          	sub	s10,a5,s8
    4e58:	000d8b93          	mv	s7,s11
    4e5c:	ff8ff06f          	j	4654 <_vfprintf_r+0x4b8>
    4e60:	419a0db3          	sub	s11,s4,s9
    4e64:	e1b05063          	blez	s11,4464 <_vfprintf_r+0x2c8>
    4e68:	00014837          	lui	a6,0x14
    4e6c:	01000513          	li	a0,16
    4e70:	0ec12583          	lw	a1,236(sp)
    4e74:	0e812603          	lw	a2,232(sp)
    4e78:	c0080a93          	add	s5,a6,-1024 # 13c00 <zeroes.0>
    4e7c:	09b55463          	bge	a0,s11,4f04 <_vfprintf_r+0xd68>
    4e80:	00040793          	mv	a5,s0
    4e84:	01000e93          	li	t4,16
    4e88:	000a8413          	mv	s0,s5
    4e8c:	00700f13          	li	t5,7
    4e90:	00090a93          	mv	s5,s2
    4e94:	00088913          	mv	s2,a7
    4e98:	00c0006f          	j	4ea4 <_vfprintf_r+0xd08>
    4e9c:	ff0d8d93          	add	s11,s11,-16
    4ea0:	05beda63          	bge	t4,s11,4ef4 <_vfprintf_r+0xd58>
    4ea4:	01058593          	add	a1,a1,16
    4ea8:	00160613          	add	a2,a2,1
    4eac:	0087a023          	sw	s0,0(a5)
    4eb0:	01d7a223          	sw	t4,4(a5)
    4eb4:	0eb12623          	sw	a1,236(sp)
    4eb8:	0ec12423          	sw	a2,232(sp)
    4ebc:	00878793          	add	a5,a5,8
    4ec0:	fccf5ee3          	bge	t5,a2,4e9c <_vfprintf_r+0xd00>
    4ec4:	00812583          	lw	a1,8(sp)
    4ec8:	0e410613          	add	a2,sp,228
    4ecc:	00098513          	mv	a0,s3
    4ed0:	4940a0ef          	jal	f364 <__sprint_r>
    4ed4:	16051663          	bnez	a0,5040 <_vfprintf_r+0xea4>
    4ed8:	01000e93          	li	t4,16
    4edc:	ff0d8d93          	add	s11,s11,-16
    4ee0:	0ec12583          	lw	a1,236(sp)
    4ee4:	0e812603          	lw	a2,232(sp)
    4ee8:	000b0793          	mv	a5,s6
    4eec:	00700f13          	li	t5,7
    4ef0:	fbbecae3          	blt	t4,s11,4ea4 <_vfprintf_r+0xd08>
    4ef4:	00090893          	mv	a7,s2
    4ef8:	000a8913          	mv	s2,s5
    4efc:	00040a93          	mv	s5,s0
    4f00:	00078413          	mv	s0,a5
    4f04:	00bd85b3          	add	a1,s11,a1
    4f08:	00160613          	add	a2,a2,1
    4f0c:	01542023          	sw	s5,0(s0)
    4f10:	01b42223          	sw	s11,4(s0)
    4f14:	0eb12623          	sw	a1,236(sp)
    4f18:	0ec12423          	sw	a2,232(sp)
    4f1c:	00700713          	li	a4,7
    4f20:	00840413          	add	s0,s0,8
    4f24:	d4c75063          	bge	a4,a2,4464 <_vfprintf_r+0x2c8>
    4f28:	00812583          	lw	a1,8(sp)
    4f2c:	0e410613          	add	a2,sp,228
    4f30:	00098513          	mv	a0,s3
    4f34:	05112823          	sw	a7,80(sp)
    4f38:	42c0a0ef          	jal	f364 <__sprint_r>
    4f3c:	10051263          	bnez	a0,5040 <_vfprintf_r+0xea4>
    4f40:	05012883          	lw	a7,80(sp)
    4f44:	000b0413          	mv	s0,s6
    4f48:	d1cff06f          	j	4464 <_vfprintf_r+0x2c8>
    4f4c:	00014837          	lui	a6,0x14
    4f50:	01000713          	li	a4,16
    4f54:	0ec12583          	lw	a1,236(sp)
    4f58:	0e812603          	lw	a2,232(sp)
    4f5c:	c0080a93          	add	s5,a6,-1024 # 13c00 <zeroes.0>
    4f60:	09275263          	bge	a4,s2,4fe4 <_vfprintf_r+0xe48>
    4f64:	00040793          	mv	a5,s0
    4f68:	00c12a83          	lw	s5,12(sp)
    4f6c:	00090413          	mv	s0,s2
    4f70:	01000713          	li	a4,16
    4f74:	00700d93          	li	s11,7
    4f78:	00088913          	mv	s2,a7
    4f7c:	00c0006f          	j	4f88 <_vfprintf_r+0xdec>
    4f80:	ff040413          	add	s0,s0,-16
    4f84:	04875a63          	bge	a4,s0,4fd8 <_vfprintf_r+0xe3c>
    4f88:	00c12683          	lw	a3,12(sp)
    4f8c:	01058593          	add	a1,a1,16
    4f90:	00160613          	add	a2,a2,1
    4f94:	00d7a023          	sw	a3,0(a5)
    4f98:	00e7a223          	sw	a4,4(a5)
    4f9c:	0eb12623          	sw	a1,236(sp)
    4fa0:	0ec12423          	sw	a2,232(sp)
    4fa4:	00878793          	add	a5,a5,8
    4fa8:	fccddce3          	bge	s11,a2,4f80 <_vfprintf_r+0xde4>
    4fac:	00812583          	lw	a1,8(sp)
    4fb0:	0e410613          	add	a2,sp,228
    4fb4:	00098513          	mv	a0,s3
    4fb8:	3ac0a0ef          	jal	f364 <__sprint_r>
    4fbc:	08051263          	bnez	a0,5040 <_vfprintf_r+0xea4>
    4fc0:	01000713          	li	a4,16
    4fc4:	ff040413          	add	s0,s0,-16
    4fc8:	0ec12583          	lw	a1,236(sp)
    4fcc:	0e812603          	lw	a2,232(sp)
    4fd0:	000b0793          	mv	a5,s6
    4fd4:	fa874ae3          	blt	a4,s0,4f88 <_vfprintf_r+0xdec>
    4fd8:	00090893          	mv	a7,s2
    4fdc:	00040913          	mv	s2,s0
    4fe0:	00078413          	mv	s0,a5
    4fe4:	00b905b3          	add	a1,s2,a1
    4fe8:	00160613          	add	a2,a2,1
    4fec:	01542023          	sw	s5,0(s0)
    4ff0:	01242223          	sw	s2,4(s0)
    4ff4:	0eb12623          	sw	a1,236(sp)
    4ff8:	0ec12423          	sw	a2,232(sp)
    4ffc:	00700713          	li	a4,7
    5000:	00840413          	add	s0,s0,8
    5004:	c6c75463          	bge	a4,a2,446c <_vfprintf_r+0x2d0>
    5008:	00812583          	lw	a1,8(sp)
    500c:	0e410613          	add	a2,sp,228
    5010:	00098513          	mv	a0,s3
    5014:	05112823          	sw	a7,80(sp)
    5018:	34c0a0ef          	jal	f364 <__sprint_r>
    501c:	02051263          	bnez	a0,5040 <_vfprintf_r+0xea4>
    5020:	05012883          	lw	a7,80(sp)
    5024:	000b0413          	mv	s0,s6
    5028:	c44ff06f          	j	446c <_vfprintf_r+0x2d0>
    502c:	00812583          	lw	a1,8(sp)
    5030:	0e410613          	add	a2,sp,228
    5034:	00098513          	mv	a0,s3
    5038:	32c0a0ef          	jal	f364 <__sprint_r>
    503c:	c8050863          	beqz	a0,44cc <_vfprintf_r+0x330>
    5040:	01412f03          	lw	t5,20(sp)
    5044:	ca0f0e63          	beqz	t5,4500 <_vfprintf_r+0x364>
    5048:	03012503          	lw	a0,48(sp)
    504c:	000f0593          	mv	a1,t5
    5050:	4d8020ef          	jal	7528 <_free_r>
    5054:	cacff06f          	j	4500 <_vfprintf_r+0x364>
    5058:	000b8d93          	mv	s11,s7
    505c:	9a5ff06f          	j	4a00 <_vfprintf_r+0x864>
    5060:	00014837          	lui	a6,0x14
    5064:	01000513          	li	a0,16
    5068:	0ec12583          	lw	a1,236(sp)
    506c:	0e812603          	lw	a2,232(sp)
    5070:	c1080a93          	add	s5,a6,-1008 # 13c10 <blanks.1>
    5074:	0ae55063          	bge	a0,a4,5114 <_vfprintf_r+0xf78>
    5078:	04912a23          	sw	s1,84(sp)
    507c:	00040793          	mv	a5,s0
    5080:	000a8493          	mv	s1,s5
    5084:	01000e93          	li	t4,16
    5088:	00090a93          	mv	s5,s2
    508c:	00700393          	li	t2,7
    5090:	05f12823          	sw	t6,80(sp)
    5094:	00070413          	mv	s0,a4
    5098:	00088913          	mv	s2,a7
    509c:	00c0006f          	j	50a8 <_vfprintf_r+0xf0c>
    50a0:	ff040413          	add	s0,s0,-16
    50a4:	048eda63          	bge	t4,s0,50f8 <_vfprintf_r+0xf5c>
    50a8:	01058593          	add	a1,a1,16
    50ac:	00160613          	add	a2,a2,1
    50b0:	0097a023          	sw	s1,0(a5)
    50b4:	01d7a223          	sw	t4,4(a5)
    50b8:	0eb12623          	sw	a1,236(sp)
    50bc:	0ec12423          	sw	a2,232(sp)
    50c0:	00878793          	add	a5,a5,8
    50c4:	fcc3dee3          	bge	t2,a2,50a0 <_vfprintf_r+0xf04>
    50c8:	00812583          	lw	a1,8(sp)
    50cc:	0e410613          	add	a2,sp,228
    50d0:	00098513          	mv	a0,s3
    50d4:	2900a0ef          	jal	f364 <__sprint_r>
    50d8:	f60514e3          	bnez	a0,5040 <_vfprintf_r+0xea4>
    50dc:	01000e93          	li	t4,16
    50e0:	ff040413          	add	s0,s0,-16
    50e4:	0ec12583          	lw	a1,236(sp)
    50e8:	0e812603          	lw	a2,232(sp)
    50ec:	000b0793          	mv	a5,s6
    50f0:	00700393          	li	t2,7
    50f4:	fa8ecae3          	blt	t4,s0,50a8 <_vfprintf_r+0xf0c>
    50f8:	00090893          	mv	a7,s2
    50fc:	05012f83          	lw	t6,80(sp)
    5100:	000a8913          	mv	s2,s5
    5104:	00048a93          	mv	s5,s1
    5108:	05412483          	lw	s1,84(sp)
    510c:	00040713          	mv	a4,s0
    5110:	00078413          	mv	s0,a5
    5114:	00b705b3          	add	a1,a4,a1
    5118:	00160613          	add	a2,a2,1
    511c:	00e42223          	sw	a4,4(s0)
    5120:	01542023          	sw	s5,0(s0)
    5124:	0eb12623          	sw	a1,236(sp)
    5128:	0ec12423          	sw	a2,232(sp)
    512c:	00700713          	li	a4,7
    5130:	00840413          	add	s0,s0,8
    5134:	aac75a63          	bge	a4,a2,43e8 <_vfprintf_r+0x24c>
    5138:	00812583          	lw	a1,8(sp)
    513c:	0e410613          	add	a2,sp,228
    5140:	00098513          	mv	a0,s3
    5144:	05112a23          	sw	a7,84(sp)
    5148:	05f12823          	sw	t6,80(sp)
    514c:	2180a0ef          	jal	f364 <__sprint_r>
    5150:	ee0518e3          	bnez	a0,5040 <_vfprintf_r+0xea4>
    5154:	05412883          	lw	a7,84(sp)
    5158:	05012f83          	lw	t6,80(sp)
    515c:	000b0413          	mv	s0,s6
    5160:	a88ff06f          	j	43e8 <_vfprintf_r+0x24c>
    5164:	00812583          	lw	a1,8(sp)
    5168:	0e410613          	add	a2,sp,228
    516c:	00098513          	mv	a0,s3
    5170:	05112823          	sw	a7,80(sp)
    5174:	1f00a0ef          	jal	f364 <__sprint_r>
    5178:	ec0514e3          	bnez	a0,5040 <_vfprintf_r+0xea4>
    517c:	05012883          	lw	a7,80(sp)
    5180:	000b0413          	mv	s0,s6
    5184:	ad8ff06f          	j	445c <_vfprintf_r+0x2c0>
    5188:	00014837          	lui	a6,0x14
    518c:	01000613          	li	a2,16
    5190:	0e812783          	lw	a5,232(sp)
    5194:	c1080a93          	add	s5,a6,-1008 # 13c10 <blanks.1>
    5198:	07265263          	bge	a2,s2,51fc <_vfprintf_r+0x1060>
    519c:	00812b83          	lw	s7,8(sp)
    51a0:	01000d13          	li	s10,16
    51a4:	00700d93          	li	s11,7
    51a8:	00c0006f          	j	51b4 <_vfprintf_r+0x1018>
    51ac:	ff090913          	add	s2,s2,-16
    51b0:	052d5663          	bge	s10,s2,51fc <_vfprintf_r+0x1060>
    51b4:	01070713          	add	a4,a4,16
    51b8:	00178793          	add	a5,a5,1
    51bc:	01542023          	sw	s5,0(s0)
    51c0:	01a42223          	sw	s10,4(s0)
    51c4:	0ee12623          	sw	a4,236(sp)
    51c8:	0ef12423          	sw	a5,232(sp)
    51cc:	00840413          	add	s0,s0,8
    51d0:	fcfddee3          	bge	s11,a5,51ac <_vfprintf_r+0x1010>
    51d4:	0e410613          	add	a2,sp,228
    51d8:	000b8593          	mv	a1,s7
    51dc:	00098513          	mv	a0,s3
    51e0:	1840a0ef          	jal	f364 <__sprint_r>
    51e4:	e4051ee3          	bnez	a0,5040 <_vfprintf_r+0xea4>
    51e8:	ff090913          	add	s2,s2,-16
    51ec:	0ec12703          	lw	a4,236(sp)
    51f0:	0e812783          	lw	a5,232(sp)
    51f4:	000b0413          	mv	s0,s6
    51f8:	fb2d4ee3          	blt	s10,s2,51b4 <_vfprintf_r+0x1018>
    51fc:	01270733          	add	a4,a4,s2
    5200:	00178793          	add	a5,a5,1
    5204:	01542023          	sw	s5,0(s0)
    5208:	01242223          	sw	s2,4(s0)
    520c:	0ee12623          	sw	a4,236(sp)
    5210:	0ef12423          	sw	a5,232(sp)
    5214:	00700613          	li	a2,7
    5218:	a8f65c63          	bge	a2,a5,44b0 <_vfprintf_r+0x314>
    521c:	00812583          	lw	a1,8(sp)
    5220:	0e410613          	add	a2,sp,228
    5224:	00098513          	mv	a0,s3
    5228:	13c0a0ef          	jal	f364 <__sprint_r>
    522c:	e0051ae3          	bnez	a0,5040 <_vfprintf_r+0xea4>
    5230:	0ec12703          	lw	a4,236(sp)
    5234:	a7cff06f          	j	44b0 <_vfprintf_r+0x314>
    5238:	0cc12503          	lw	a0,204(sp)
    523c:	64a05c63          	blez	a0,5894 <_vfprintf_r+0x16f8>
    5240:	02412783          	lw	a5,36(sp)
    5244:	00fc0733          	add	a4,s8,a5
    5248:	04e12823          	sw	a4,80(sp)
    524c:	02012703          	lw	a4,32(sp)
    5250:	00070913          	mv	s2,a4
    5254:	34e7cc63          	blt	a5,a4,55ac <_vfprintf_r+0x1410>
    5258:	0ec12703          	lw	a4,236(sp)
    525c:	03205663          	blez	s2,5288 <_vfprintf_r+0x10ec>
    5260:	0e812603          	lw	a2,232(sp)
    5264:	01270733          	add	a4,a4,s2
    5268:	01842023          	sw	s8,0(s0)
    526c:	00160613          	add	a2,a2,1
    5270:	01242223          	sw	s2,4(s0)
    5274:	0ee12623          	sw	a4,236(sp)
    5278:	0ec12423          	sw	a2,232(sp)
    527c:	00700593          	li	a1,7
    5280:	00840413          	add	s0,s0,8
    5284:	58c5c4e3          	blt	a1,a2,600c <_vfprintf_r+0x1e70>
    5288:	fff94613          	not	a2,s2
    528c:	02012783          	lw	a5,32(sp)
    5290:	41f65613          	sra	a2,a2,0x1f
    5294:	00c97833          	and	a6,s2,a2
    5298:	41078933          	sub	s2,a5,a6
    529c:	3f204a63          	bgtz	s2,5690 <_vfprintf_r+0x14f4>
    52a0:	02012783          	lw	a5,32(sp)
    52a4:	400bf613          	and	a2,s7,1024
    52a8:	00fc0c33          	add	s8,s8,a5
    52ac:	06061ce3          	bnez	a2,5b24 <_vfprintf_r+0x1988>
    52b0:	0cc12603          	lw	a2,204(sp)
    52b4:	02412783          	lw	a5,36(sp)
    52b8:	00f64663          	blt	a2,a5,52c4 <_vfprintf_r+0x1128>
    52bc:	001bf593          	and	a1,s7,1
    52c0:	56058ce3          	beqz	a1,6038 <_vfprintf_r+0x1e9c>
    52c4:	03412783          	lw	a5,52(sp)
    52c8:	0e812583          	lw	a1,232(sp)
    52cc:	03812683          	lw	a3,56(sp)
    52d0:	00e78733          	add	a4,a5,a4
    52d4:	00158593          	add	a1,a1,1
    52d8:	00d42023          	sw	a3,0(s0)
    52dc:	00f42223          	sw	a5,4(s0)
    52e0:	0ee12623          	sw	a4,236(sp)
    52e4:	0eb12423          	sw	a1,232(sp)
    52e8:	00700513          	li	a0,7
    52ec:	00840413          	add	s0,s0,8
    52f0:	00b55463          	bge	a0,a1,52f8 <_vfprintf_r+0x115c>
    52f4:	4040106f          	j	66f8 <_vfprintf_r+0x255c>
    52f8:	02412783          	lw	a5,36(sp)
    52fc:	40c78633          	sub	a2,a5,a2
    5300:	05012783          	lw	a5,80(sp)
    5304:	41878933          	sub	s2,a5,s8
    5308:	01265463          	bge	a2,s2,5310 <_vfprintf_r+0x1174>
    530c:	00060913          	mv	s2,a2
    5310:	03205863          	blez	s2,5340 <_vfprintf_r+0x11a4>
    5314:	0e812583          	lw	a1,232(sp)
    5318:	01270733          	add	a4,a4,s2
    531c:	01842023          	sw	s8,0(s0)
    5320:	00158593          	add	a1,a1,1
    5324:	01242223          	sw	s2,4(s0)
    5328:	0ee12623          	sw	a4,236(sp)
    532c:	0eb12423          	sw	a1,232(sp)
    5330:	00700513          	li	a0,7
    5334:	00840413          	add	s0,s0,8
    5338:	00b55463          	bge	a0,a1,5340 <_vfprintf_r+0x11a4>
    533c:	41c0106f          	j	6758 <_vfprintf_r+0x25bc>
    5340:	fff94593          	not	a1,s2
    5344:	41f5d593          	sra	a1,a1,0x1f
    5348:	00b97d33          	and	s10,s2,a1
    534c:	41a60933          	sub	s2,a2,s10
    5350:	95205863          	blez	s2,44a0 <_vfprintf_r+0x304>
    5354:	00014837          	lui	a6,0x14
    5358:	01000593          	li	a1,16
    535c:	0e812603          	lw	a2,232(sp)
    5360:	c0080a93          	add	s5,a6,-1024 # 13c00 <zeroes.0>
    5364:	5d25da63          	bge	a1,s2,5938 <_vfprintf_r+0x179c>
    5368:	00812c03          	lw	s8,8(sp)
    536c:	01000d13          	li	s10,16
    5370:	00700d93          	li	s11,7
    5374:	00c0006f          	j	5380 <_vfprintf_r+0x11e4>
    5378:	ff090913          	add	s2,s2,-16
    537c:	5b2d5e63          	bge	s10,s2,5938 <_vfprintf_r+0x179c>
    5380:	01070713          	add	a4,a4,16
    5384:	00160613          	add	a2,a2,1
    5388:	01542023          	sw	s5,0(s0)
    538c:	01a42223          	sw	s10,4(s0)
    5390:	0ee12623          	sw	a4,236(sp)
    5394:	0ec12423          	sw	a2,232(sp)
    5398:	00840413          	add	s0,s0,8
    539c:	fccddee3          	bge	s11,a2,5378 <_vfprintf_r+0x11dc>
    53a0:	0e410613          	add	a2,sp,228
    53a4:	000c0593          	mv	a1,s8
    53a8:	00098513          	mv	a0,s3
    53ac:	7b9090ef          	jal	f364 <__sprint_r>
    53b0:	c80518e3          	bnez	a0,5040 <_vfprintf_r+0xea4>
    53b4:	0ec12703          	lw	a4,236(sp)
    53b8:	0e812603          	lw	a2,232(sp)
    53bc:	000b0413          	mv	s0,s6
    53c0:	fb9ff06f          	j	5378 <_vfprintf_r+0x11dc>
    53c4:	001bf713          	and	a4,s7,1
    53c8:	c8071c63          	bnez	a4,4860 <_vfprintf_r+0x6c4>
    53cc:	0ec12703          	lw	a4,236(sp)
    53d0:	0e812603          	lw	a2,232(sp)
    53d4:	01842023          	sw	s8,0(s0)
    53d8:	00170d93          	add	s11,a4,1
    53dc:	00160913          	add	s2,a2,1
    53e0:	00b42223          	sw	a1,4(s0)
    53e4:	0fb12623          	sw	s11,236(sp)
    53e8:	0f212423          	sw	s2,232(sp)
    53ec:	00700713          	li	a4,7
    53f0:	d3275c63          	bge	a4,s2,4928 <_vfprintf_r+0x78c>
    53f4:	00812583          	lw	a1,8(sp)
    53f8:	0e410613          	add	a2,sp,228
    53fc:	00098513          	mv	a0,s3
    5400:	765090ef          	jal	f364 <__sprint_r>
    5404:	c2051ee3          	bnez	a0,5040 <_vfprintf_r+0xea4>
    5408:	0ec12d83          	lw	s11,236(sp)
    540c:	0e812903          	lw	s2,232(sp)
    5410:	000b0d13          	mv	s10,s6
    5414:	d14ff06f          	j	4928 <_vfprintf_r+0x78c>
    5418:	02412783          	lw	a5,36(sp)
    541c:	00100713          	li	a4,1
    5420:	d0f75463          	bge	a4,a5,4928 <_vfprintf_r+0x78c>
    5424:	00014837          	lui	a6,0x14
    5428:	01100713          	li	a4,17
    542c:	c0080a93          	add	s5,a6,-1024 # 13c00 <zeroes.0>
    5430:	5cf75c63          	bge	a4,a5,5a08 <_vfprintf_r+0x186c>
    5434:	000a8793          	mv	a5,s5
    5438:	01000713          	li	a4,16
    543c:	000a0a93          	mv	s5,s4
    5440:	00700c13          	li	s8,7
    5444:	00048a13          	mv	s4,s1
    5448:	00078493          	mv	s1,a5
    544c:	00c0006f          	j	5458 <_vfprintf_r+0x12bc>
    5450:	ff040413          	add	s0,s0,-16
    5454:	5a875263          	bge	a4,s0,59f8 <_vfprintf_r+0x185c>
    5458:	010d8d93          	add	s11,s11,16
    545c:	00190913          	add	s2,s2,1
    5460:	009d2023          	sw	s1,0(s10)
    5464:	00ed2223          	sw	a4,4(s10)
    5468:	0fb12623          	sw	s11,236(sp)
    546c:	0f212423          	sw	s2,232(sp)
    5470:	008d0d13          	add	s10,s10,8
    5474:	fd2c5ee3          	bge	s8,s2,5450 <_vfprintf_r+0x12b4>
    5478:	00812583          	lw	a1,8(sp)
    547c:	0e410613          	add	a2,sp,228
    5480:	00098513          	mv	a0,s3
    5484:	6e1090ef          	jal	f364 <__sprint_r>
    5488:	ba051ce3          	bnez	a0,5040 <_vfprintf_r+0xea4>
    548c:	0ec12d83          	lw	s11,236(sp)
    5490:	0e812903          	lw	s2,232(sp)
    5494:	000b0d13          	mv	s10,s6
    5498:	01000713          	li	a4,16
    549c:	fb5ff06f          	j	5450 <_vfprintf_r+0x12b4>
    54a0:	01812703          	lw	a4,24(sp)
    54a4:	010df793          	and	a5,s11,16
    54a8:	00072c83          	lw	s9,0(a4)
    54ac:	00470713          	add	a4,a4,4
    54b0:	00e12c23          	sw	a4,24(sp)
    54b4:	04079a63          	bnez	a5,5508 <_vfprintf_r+0x136c>
    54b8:	040df793          	and	a5,s11,64
    54bc:	04078063          	beqz	a5,54fc <_vfprintf_r+0x1360>
    54c0:	010c9c93          	sll	s9,s9,0x10
    54c4:	010cdc93          	srl	s9,s9,0x10
    54c8:	00000d13          	li	s10,0
    54cc:	00100693          	li	a3,1
    54d0:	9e0ff06f          	j	46b0 <_vfprintf_r+0x514>
    54d4:	00000d13          	li	s10,0
    54d8:	1b010c13          	add	s8,sp,432
    54dc:	978ff06f          	j	4654 <_vfprintf_r+0x4b8>
    54e0:	001bf613          	and	a2,s7,1
    54e4:	00061463          	bnez	a2,54ec <_vfprintf_r+0x1350>
    54e8:	fb9fe06f          	j	44a0 <_vfprintf_r+0x304>
    54ec:	86dff06f          	j	4d58 <_vfprintf_r+0xbbc>
    54f0:	0004c883          	lbu	a7,0(s1)
    54f4:	00f12c23          	sw	a5,24(sp)
    54f8:	e55fe06f          	j	434c <_vfprintf_r+0x1b0>
    54fc:	200df793          	and	a5,s11,512
    5500:	00078463          	beqz	a5,5508 <_vfprintf_r+0x136c>
    5504:	0ffcfc93          	zext.b	s9,s9
    5508:	00000d13          	li	s10,0
    550c:	00100693          	li	a3,1
    5510:	9a0ff06f          	j	46b0 <_vfprintf_r+0x514>
    5514:	200bf713          	and	a4,s7,512
    5518:	360716e3          	bnez	a4,6084 <_vfprintf_r+0x1ee8>
    551c:	00000d13          	li	s10,0
    5520:	988ff06f          	j	46a8 <_vfprintf_r+0x50c>
    5524:	200bf713          	and	a4,s7,512
    5528:	340714e3          	bnez	a4,6070 <_vfprintf_r+0x1ed4>
    552c:	41fcdd13          	sra	s10,s9,0x1f
    5530:	000d0713          	mv	a4,s10
    5534:	8f4ff06f          	j	4628 <_vfprintf_r+0x48c>
    5538:	01812783          	lw	a5,24(sp)
    553c:	0007a703          	lw	a4,0(a5)
    5540:	00478793          	add	a5,a5,4
    5544:	00f12c23          	sw	a5,24(sp)
    5548:	00072583          	lw	a1,0(a4)
    554c:	00472603          	lw	a2,4(a4)
    5550:	00872683          	lw	a3,8(a4)
    5554:	00c72703          	lw	a4,12(a4)
    5558:	a08ff06f          	j	4760 <_vfprintf_r+0x5c4>
    555c:	010bf713          	and	a4,s7,16
    5560:	48071263          	bnez	a4,59e4 <_vfprintf_r+0x1848>
    5564:	040bf713          	and	a4,s7,64
    5568:	2e0714e3          	bnez	a4,6050 <_vfprintf_r+0x1eb4>
    556c:	200bf793          	and	a5,s7,512
    5570:	46078a63          	beqz	a5,59e4 <_vfprintf_r+0x1848>
    5574:	01812783          	lw	a5,24(sp)
    5578:	01012703          	lw	a4,16(sp)
    557c:	0007a783          	lw	a5,0(a5)
    5580:	00e78023          	sb	a4,0(a5)
    5584:	f34ff06f          	j	4cb8 <_vfprintf_r+0xb1c>
    5588:	04012783          	lw	a5,64(sp)
    558c:	0004c883          	lbu	a7,0(s1)
    5590:	00079463          	bnez	a5,5598 <_vfprintf_r+0x13fc>
    5594:	db9fe06f          	j	434c <_vfprintf_r+0x1b0>
    5598:	0007c783          	lbu	a5,0(a5)
    559c:	00079463          	bnez	a5,55a4 <_vfprintf_r+0x1408>
    55a0:	dadfe06f          	j	434c <_vfprintf_r+0x1b0>
    55a4:	400beb93          	or	s7,s7,1024
    55a8:	da5fe06f          	j	434c <_vfprintf_r+0x1b0>
    55ac:	00078913          	mv	s2,a5
    55b0:	0ec12703          	lw	a4,236(sp)
    55b4:	cb2046e3          	bgtz	s2,5260 <_vfprintf_r+0x10c4>
    55b8:	cd1ff06f          	j	5288 <_vfprintf_r+0x10ec>
    55bc:	000b8d93          	mv	s11,s7
    55c0:	e48ff06f          	j	4c08 <_vfprintf_r+0xa6c>
    55c4:	00014737          	lui	a4,0x14
    55c8:	9dc70793          	add	a5,a4,-1572 # 139dc <__clz_tab+0x144>
    55cc:	02f12e23          	sw	a5,60(sp)
    55d0:	020bf713          	and	a4,s7,32
    55d4:	12070863          	beqz	a4,5704 <_vfprintf_r+0x1568>
    55d8:	01812783          	lw	a5,24(sp)
    55dc:	00778a93          	add	s5,a5,7
    55e0:	ff8afa93          	and	s5,s5,-8
    55e4:	000aac83          	lw	s9,0(s5)
    55e8:	004aad03          	lw	s10,4(s5)
    55ec:	008a8793          	add	a5,s5,8
    55f0:	00f12c23          	sw	a5,24(sp)
    55f4:	001bf713          	and	a4,s7,1
    55f8:	00070e63          	beqz	a4,5614 <_vfprintf_r+0x1478>
    55fc:	01ace733          	or	a4,s9,s10
    5600:	00070a63          	beqz	a4,5614 <_vfprintf_r+0x1478>
    5604:	03000713          	li	a4,48
    5608:	0ce10423          	sb	a4,200(sp)
    560c:	0d1104a3          	sb	a7,201(sp)
    5610:	002beb93          	or	s7,s7,2
    5614:	bffbfd93          	and	s11,s7,-1025
    5618:	00200693          	li	a3,2
    561c:	894ff06f          	j	46b0 <_vfprintf_r+0x514>
    5620:	0014c883          	lbu	a7,1(s1)
    5624:	200beb93          	or	s7,s7,512
    5628:	00148493          	add	s1,s1,1
    562c:	d21fe06f          	j	434c <_vfprintf_r+0x1b0>
    5630:	00014737          	lui	a4,0x14
    5634:	9c870793          	add	a5,a4,-1592 # 139c8 <__clz_tab+0x130>
    5638:	02f12e23          	sw	a5,60(sp)
    563c:	f95ff06f          	j	55d0 <_vfprintf_r+0x1434>
    5640:	00812583          	lw	a1,8(sp)
    5644:	0e410613          	add	a2,sp,228
    5648:	00098513          	mv	a0,s3
    564c:	519090ef          	jal	f364 <__sprint_r>
    5650:	9e0518e3          	bnez	a0,5040 <_vfprintf_r+0xea4>
    5654:	0ec12703          	lw	a4,236(sp)
    5658:	000b0413          	mv	s0,s6
    565c:	f2cff06f          	j	4d88 <_vfprintf_r+0xbec>
    5660:	0014c883          	lbu	a7,1(s1)
    5664:	020beb93          	or	s7,s7,32
    5668:	00148493          	add	s1,s1,1
    566c:	ce1fe06f          	j	434c <_vfprintf_r+0x1b0>
    5670:	00600713          	li	a4,6
    5674:	00090d13          	mv	s10,s2
    5678:	1b276ce3          	bltu	a4,s2,6030 <_vfprintf_r+0x1e94>
    567c:	000142b7          	lui	t0,0x14
    5680:	000d0c93          	mv	s9,s10
    5684:	01512c23          	sw	s5,24(sp)
    5688:	9f028c13          	add	s8,t0,-1552 # 139f0 <__clz_tab+0x158>
    568c:	d2dfe06f          	j	43b8 <_vfprintf_r+0x21c>
    5690:	00014837          	lui	a6,0x14
    5694:	01000593          	li	a1,16
    5698:	0e812603          	lw	a2,232(sp)
    569c:	c0080a93          	add	s5,a6,-1024 # 13c00 <zeroes.0>
    56a0:	4525d063          	bge	a1,s2,5ae0 <_vfprintf_r+0x1944>
    56a4:	00812d83          	lw	s11,8(sp)
    56a8:	01000e13          	li	t3,16
    56ac:	00700d13          	li	s10,7
    56b0:	00c0006f          	j	56bc <_vfprintf_r+0x1520>
    56b4:	ff090913          	add	s2,s2,-16
    56b8:	432e5463          	bge	t3,s2,5ae0 <_vfprintf_r+0x1944>
    56bc:	01070713          	add	a4,a4,16
    56c0:	00160613          	add	a2,a2,1
    56c4:	01542023          	sw	s5,0(s0)
    56c8:	01c42223          	sw	t3,4(s0)
    56cc:	0ee12623          	sw	a4,236(sp)
    56d0:	0ec12423          	sw	a2,232(sp)
    56d4:	00840413          	add	s0,s0,8
    56d8:	fccd5ee3          	bge	s10,a2,56b4 <_vfprintf_r+0x1518>
    56dc:	0e410613          	add	a2,sp,228
    56e0:	000d8593          	mv	a1,s11
    56e4:	00098513          	mv	a0,s3
    56e8:	47d090ef          	jal	f364 <__sprint_r>
    56ec:	94051ae3          	bnez	a0,5040 <_vfprintf_r+0xea4>
    56f0:	0ec12703          	lw	a4,236(sp)
    56f4:	0e812603          	lw	a2,232(sp)
    56f8:	000b0413          	mv	s0,s6
    56fc:	01000e13          	li	t3,16
    5700:	fb5ff06f          	j	56b4 <_vfprintf_r+0x1518>
    5704:	01812783          	lw	a5,24(sp)
    5708:	010bf713          	and	a4,s7,16
    570c:	0007ac83          	lw	s9,0(a5)
    5710:	00478793          	add	a5,a5,4
    5714:	00f12c23          	sw	a5,24(sp)
    5718:	06071663          	bnez	a4,5784 <_vfprintf_r+0x15e8>
    571c:	040bf713          	and	a4,s7,64
    5720:	04070e63          	beqz	a4,577c <_vfprintf_r+0x15e0>
    5724:	010c9c93          	sll	s9,s9,0x10
    5728:	010cdc93          	srl	s9,s9,0x10
    572c:	00000d13          	li	s10,0
    5730:	ec5ff06f          	j	55f4 <_vfprintf_r+0x1458>
    5734:	00812583          	lw	a1,8(sp)
    5738:	0e410613          	add	a2,sp,228
    573c:	00098513          	mv	a0,s3
    5740:	425090ef          	jal	f364 <__sprint_r>
    5744:	8e051ee3          	bnez	a0,5040 <_vfprintf_r+0xea4>
    5748:	0ec12703          	lw	a4,236(sp)
    574c:	0e812603          	lw	a2,232(sp)
    5750:	000b0d13          	mv	s10,s6
    5754:	938ff06f          	j	488c <_vfprintf_r+0x6f0>
    5758:	00812583          	lw	a1,8(sp)
    575c:	0e410613          	add	a2,sp,228
    5760:	00098513          	mv	a0,s3
    5764:	401090ef          	jal	f364 <__sprint_r>
    5768:	8c051ce3          	bnez	a0,5040 <_vfprintf_r+0xea4>
    576c:	0ec12d83          	lw	s11,236(sp)
    5770:	0e812903          	lw	s2,232(sp)
    5774:	000b0d13          	mv	s10,s6
    5778:	940ff06f          	j	48b8 <_vfprintf_r+0x71c>
    577c:	200bf713          	and	a4,s7,512
    5780:	0e0712e3          	bnez	a4,6064 <_vfprintf_r+0x1ec8>
    5784:	00000d13          	li	s10,0
    5788:	e6dff06f          	j	55f4 <_vfprintf_r+0x1458>
    578c:	ccccde37          	lui	t3,0xccccd
    5790:	04012703          	lw	a4,64(sp)
    5794:	400dfe93          	and	t4,s11,1024
    5798:	00000593          	li	a1,0
    579c:	1b010613          	add	a2,sp,432
    57a0:	00500813          	li	a6,5
    57a4:	ccde0693          	add	a3,t3,-819 # cccccccd <_stack_top+0xacbccccd>
    57a8:	ccce0b93          	add	s7,t3,-820
    57ac:	0ff00a93          	li	s5,255
    57b0:	0540006f          	j	5804 <_vfprintf_r+0x1668>
    57b4:	019c37b3          	sltu	a5,s8,s9
    57b8:	00fc07b3          	add	a5,s8,a5
    57bc:	0307f7b3          	remu	a5,a5,a6
    57c0:	40fc87b3          	sub	a5,s9,a5
    57c4:	00fcb633          	sltu	a2,s9,a5
    57c8:	40cd0633          	sub	a2,s10,a2
    57cc:	03778e33          	mul	t3,a5,s7
    57d0:	02d60633          	mul	a2,a2,a3
    57d4:	02d7b533          	mulhu	a0,a5,a3
    57d8:	01c60633          	add	a2,a2,t3
    57dc:	02d787b3          	mul	a5,a5,a3
    57e0:	00a60633          	add	a2,a2,a0
    57e4:	01f61513          	sll	a0,a2,0x1f
    57e8:	00165613          	srl	a2,a2,0x1
    57ec:	0017d793          	srl	a5,a5,0x1
    57f0:	00f567b3          	or	a5,a0,a5
    57f4:	6e0d02e3          	beqz	s10,66d8 <_vfprintf_r+0x253c>
    57f8:	00060d13          	mv	s10,a2
    57fc:	00078c93          	mv	s9,a5
    5800:	00030613          	mv	a2,t1
    5804:	01ac8c33          	add	s8,s9,s10
    5808:	019c37b3          	sltu	a5,s8,s9
    580c:	00fc07b3          	add	a5,s8,a5
    5810:	0307f7b3          	remu	a5,a5,a6
    5814:	fff60313          	add	t1,a2,-1
    5818:	00158593          	add	a1,a1,1
    581c:	40fc87b3          	sub	a5,s9,a5
    5820:	00fcb533          	sltu	a0,s9,a5
    5824:	40ad0533          	sub	a0,s10,a0
    5828:	02d7be33          	mulhu	t3,a5,a3
    582c:	02d50533          	mul	a0,a0,a3
    5830:	02d787b3          	mul	a5,a5,a3
    5834:	01c50533          	add	a0,a0,t3
    5838:	01f51513          	sll	a0,a0,0x1f
    583c:	0017d793          	srl	a5,a5,0x1
    5840:	00f567b3          	or	a5,a0,a5
    5844:	00279513          	sll	a0,a5,0x2
    5848:	00f507b3          	add	a5,a0,a5
    584c:	00179793          	sll	a5,a5,0x1
    5850:	40fc87b3          	sub	a5,s9,a5
    5854:	03078793          	add	a5,a5,48
    5858:	fef60fa3          	sb	a5,-1(a2)
    585c:	f40e8ce3          	beqz	t4,57b4 <_vfprintf_r+0x1618>
    5860:	00074783          	lbu	a5,0(a4)
    5864:	f4f598e3          	bne	a1,a5,57b4 <_vfprintf_r+0x1618>
    5868:	f55586e3          	beq	a1,s5,57b4 <_vfprintf_r+0x1618>
    586c:	4a0d1263          	bnez	s10,5d10 <_vfprintf_r+0x1b74>
    5870:	00900793          	li	a5,9
    5874:	4997ee63          	bltu	a5,s9,5d10 <_vfprintf_r+0x1b74>
    5878:	00030c13          	mv	s8,t1
    587c:	1b010793          	add	a5,sp,432
    5880:	02b12223          	sw	a1,36(sp)
    5884:	04e12023          	sw	a4,64(sp)
    5888:	41878d33          	sub	s10,a5,s8
    588c:	000d8b93          	mv	s7,s11
    5890:	dc5fe06f          	j	4654 <_vfprintf_r+0x4b8>
    5894:	0ec12703          	lw	a4,236(sp)
    5898:	0e812603          	lw	a2,232(sp)
    589c:	000145b7          	lui	a1,0x14
    58a0:	9f858593          	add	a1,a1,-1544 # 139f8 <__clz_tab+0x160>
    58a4:	00b42023          	sw	a1,0(s0)
    58a8:	00170713          	add	a4,a4,1
    58ac:	00100593          	li	a1,1
    58b0:	00160613          	add	a2,a2,1
    58b4:	00b42223          	sw	a1,4(s0)
    58b8:	0ee12623          	sw	a4,236(sp)
    58bc:	0ec12423          	sw	a2,232(sp)
    58c0:	00700593          	li	a1,7
    58c4:	00840413          	add	s0,s0,8
    58c8:	4ec5c663          	blt	a1,a2,5db4 <_vfprintf_r+0x1c18>
    58cc:	14051663          	bnez	a0,5a18 <_vfprintf_r+0x187c>
    58d0:	02412783          	lw	a5,36(sp)
    58d4:	001bf613          	and	a2,s7,1
    58d8:	00f66633          	or	a2,a2,a5
    58dc:	00061463          	bnez	a2,58e4 <_vfprintf_r+0x1748>
    58e0:	bc1fe06f          	j	44a0 <_vfprintf_r+0x304>
    58e4:	03412783          	lw	a5,52(sp)
    58e8:	0e812603          	lw	a2,232(sp)
    58ec:	03812683          	lw	a3,56(sp)
    58f0:	00e78733          	add	a4,a5,a4
    58f4:	00160613          	add	a2,a2,1
    58f8:	00d42023          	sw	a3,0(s0)
    58fc:	00f42223          	sw	a5,4(s0)
    5900:	0ee12623          	sw	a4,236(sp)
    5904:	0ec12423          	sw	a2,232(sp)
    5908:	00700593          	li	a1,7
    590c:	7ac5c263          	blt	a1,a2,60b0 <_vfprintf_r+0x1f14>
    5910:	00840413          	add	s0,s0,8
    5914:	1380006f          	j	5a4c <_vfprintf_r+0x18b0>
    5918:	00812583          	lw	a1,8(sp)
    591c:	0e410613          	add	a2,sp,228
    5920:	00098513          	mv	a0,s3
    5924:	241090ef          	jal	f364 <__sprint_r>
    5928:	f0051c63          	bnez	a0,5040 <_vfprintf_r+0xea4>
    592c:	0ec12703          	lw	a4,236(sp)
    5930:	000b0413          	mv	s0,s6
    5934:	c18ff06f          	j	4d4c <_vfprintf_r+0xbb0>
    5938:	01542023          	sw	s5,0(s0)
    593c:	01242223          	sw	s2,4(s0)
    5940:	01270733          	add	a4,a4,s2
    5944:	00160613          	add	a2,a2,1
    5948:	0ee12623          	sw	a4,236(sp)
    594c:	0ec12423          	sw	a2,232(sp)
    5950:	00700593          	li	a1,7
    5954:	00c5c463          	blt	a1,a2,595c <_vfprintf_r+0x17c0>
    5958:	b45fe06f          	j	449c <_vfprintf_r+0x300>
    595c:	ff9fe06f          	j	4954 <_vfprintf_r+0x7b8>
    5960:	0f012703          	lw	a4,240(sp)
    5964:	0a010593          	add	a1,sp,160
    5968:	0b010513          	add	a0,sp,176
    596c:	0ae12823          	sw	a4,176(sp)
    5970:	0f412703          	lw	a4,244(sp)
    5974:	0a012023          	sw	zero,160(sp)
    5978:	0a012223          	sw	zero,164(sp)
    597c:	0ae12a23          	sw	a4,180(sp)
    5980:	0f812703          	lw	a4,248(sp)
    5984:	0a012423          	sw	zero,168(sp)
    5988:	0a012623          	sw	zero,172(sp)
    598c:	0ae12c23          	sw	a4,184(sp)
    5990:	0fc12703          	lw	a4,252(sp)
    5994:	0ae12e23          	sw	a4,188(sp)
    5998:	8e9fb0ef          	jal	1280 <__letf2>
    599c:	01412883          	lw	a7,20(sp)
    59a0:	540546e3          	bltz	a0,66ec <_vfprintf_r+0x2550>
    59a4:	0c714703          	lbu	a4,199(sp)
    59a8:	04700693          	li	a3,71
    59ac:	4316d663          	bge	a3,a7,5dd8 <_vfprintf_r+0x1c3c>
    59b0:	000142b7          	lui	t0,0x14
    59b4:	9bc28c13          	add	s8,t0,-1604 # 139bc <__clz_tab+0x124>
    59b8:	00012a23          	sw	zero,20(sp)
    59bc:	02012623          	sw	zero,44(sp)
    59c0:	02012423          	sw	zero,40(sp)
    59c4:	02012023          	sw	zero,32(sp)
    59c8:	f7fbfb93          	and	s7,s7,-129
    59cc:	00300c93          	li	s9,3
    59d0:	00300d13          	li	s10,3
    59d4:	00000913          	li	s2,0
    59d8:	00070463          	beqz	a4,59e0 <_vfprintf_r+0x1844>
    59dc:	c9dfe06f          	j	4678 <_vfprintf_r+0x4dc>
    59e0:	9edfe06f          	j	43cc <_vfprintf_r+0x230>
    59e4:	01812783          	lw	a5,24(sp)
    59e8:	01012703          	lw	a4,16(sp)
    59ec:	0007a783          	lw	a5,0(a5)
    59f0:	00e7a023          	sw	a4,0(a5)
    59f4:	ac4ff06f          	j	4cb8 <_vfprintf_r+0xb1c>
    59f8:	00048793          	mv	a5,s1
    59fc:	000a0493          	mv	s1,s4
    5a00:	000a8a13          	mv	s4,s5
    5a04:	00078a93          	mv	s5,a5
    5a08:	008d8db3          	add	s11,s11,s0
    5a0c:	00190913          	add	s2,s2,1
    5a10:	015d2023          	sw	s5,0(s10)
    5a14:	efdfe06f          	j	4910 <_vfprintf_r+0x774>
    5a18:	03412783          	lw	a5,52(sp)
    5a1c:	0e812603          	lw	a2,232(sp)
    5a20:	03812683          	lw	a3,56(sp)
    5a24:	00e78733          	add	a4,a5,a4
    5a28:	00160613          	add	a2,a2,1
    5a2c:	00d42023          	sw	a3,0(s0)
    5a30:	00f42223          	sw	a5,4(s0)
    5a34:	0ee12623          	sw	a4,236(sp)
    5a38:	0ec12423          	sw	a2,232(sp)
    5a3c:	00700593          	li	a1,7
    5a40:	00840413          	add	s0,s0,8
    5a44:	66c5c663          	blt	a1,a2,60b0 <_vfprintf_r+0x1f14>
    5a48:	580540e3          	bltz	a0,67c8 <_vfprintf_r+0x262c>
    5a4c:	02412783          	lw	a5,36(sp)
    5a50:	00160613          	add	a2,a2,1
    5a54:	01842023          	sw	s8,0(s0)
    5a58:	00e78733          	add	a4,a5,a4
    5a5c:	00f42223          	sw	a5,4(s0)
    5a60:	0ee12623          	sw	a4,236(sp)
    5a64:	0ec12423          	sw	a2,232(sp)
    5a68:	00700593          	li	a1,7
    5a6c:	00c5c463          	blt	a1,a2,5a74 <_vfprintf_r+0x18d8>
    5a70:	a2dfe06f          	j	449c <_vfprintf_r+0x300>
    5a74:	ee1fe06f          	j	4954 <_vfprintf_r+0x7b8>
    5a78:	000c0513          	mv	a0,s8
    5a7c:	05112823          	sw	a7,80(sp)
    5a80:	5a9060ef          	jal	c828 <strlen>
    5a84:	0c714703          	lbu	a4,199(sp)
    5a88:	fff54693          	not	a3,a0
    5a8c:	41f6d693          	sra	a3,a3,0x1f
    5a90:	01512c23          	sw	s5,24(sp)
    5a94:	00012a23          	sw	zero,20(sp)
    5a98:	02012623          	sw	zero,44(sp)
    5a9c:	02012423          	sw	zero,40(sp)
    5aa0:	02012023          	sw	zero,32(sp)
    5aa4:	05012883          	lw	a7,80(sp)
    5aa8:	00050d13          	mv	s10,a0
    5aac:	00d57cb3          	and	s9,a0,a3
    5ab0:	00000913          	li	s2,0
    5ab4:	00070463          	beqz	a4,5abc <_vfprintf_r+0x1920>
    5ab8:	bc1fe06f          	j	4678 <_vfprintf_r+0x4dc>
    5abc:	911fe06f          	j	43cc <_vfprintf_r+0x230>
    5ac0:	0fc12703          	lw	a4,252(sp)
    5ac4:	5c074663          	bltz	a4,6090 <_vfprintf_r+0x1ef4>
    5ac8:	0c714703          	lbu	a4,199(sp)
    5acc:	04700693          	li	a3,71
    5ad0:	4716dee3          	bge	a3,a7,674c <_vfprintf_r+0x25b0>
    5ad4:	000142b7          	lui	t0,0x14
    5ad8:	9c428c13          	add	s8,t0,-1596 # 139c4 <__clz_tab+0x12c>
    5adc:	eddff06f          	j	59b8 <_vfprintf_r+0x181c>
    5ae0:	00e90733          	add	a4,s2,a4
    5ae4:	00160613          	add	a2,a2,1
    5ae8:	01542023          	sw	s5,0(s0)
    5aec:	01242223          	sw	s2,4(s0)
    5af0:	0ee12623          	sw	a4,236(sp)
    5af4:	0ec12423          	sw	a2,232(sp)
    5af8:	00700593          	li	a1,7
    5afc:	00840413          	add	s0,s0,8
    5b00:	fac5d063          	bge	a1,a2,52a0 <_vfprintf_r+0x1104>
    5b04:	00812583          	lw	a1,8(sp)
    5b08:	0e410613          	add	a2,sp,228
    5b0c:	00098513          	mv	a0,s3
    5b10:	055090ef          	jal	f364 <__sprint_r>
    5b14:	d2051663          	bnez	a0,5040 <_vfprintf_r+0xea4>
    5b18:	0ec12703          	lw	a4,236(sp)
    5b1c:	000b0413          	mv	s0,s6
    5b20:	f80ff06f          	j	52a0 <_vfprintf_r+0x1104>
    5b24:	02812d03          	lw	s10,40(sp)
    5b28:	00014e37          	lui	t3,0x14
    5b2c:	04912a23          	sw	s1,84(sp)
    5b30:	05712c23          	sw	s7,88(sp)
    5b34:	03912423          	sw	s9,40(sp)
    5b38:	05412e23          	sw	s4,92(sp)
    5b3c:	00040613          	mv	a2,s0
    5b40:	04012b83          	lw	s7,64(sp)
    5b44:	02c12403          	lw	s0,44(sp)
    5b48:	04c12c83          	lw	s9,76(sp)
    5b4c:	00812483          	lw	s1,8(sp)
    5b50:	00700913          	li	s2,7
    5b54:	01000d93          	li	s11,16
    5b58:	c00e0a93          	add	s5,t3,-1024 # 13c00 <zeroes.0>
    5b5c:	080d0863          	beqz	s10,5bec <_vfprintf_r+0x1a50>
    5b60:	16040063          	beqz	s0,5cc0 <_vfprintf_r+0x1b24>
    5b64:	fff40413          	add	s0,s0,-1
    5b68:	04812783          	lw	a5,72(sp)
    5b6c:	01970733          	add	a4,a4,s9
    5b70:	01962223          	sw	s9,4(a2)
    5b74:	00f62023          	sw	a5,0(a2)
    5b78:	0e812783          	lw	a5,232(sp)
    5b7c:	0ee12623          	sw	a4,236(sp)
    5b80:	00860613          	add	a2,a2,8
    5b84:	00178793          	add	a5,a5,1
    5b88:	0ef12423          	sw	a5,232(sp)
    5b8c:	14f94063          	blt	s2,a5,5ccc <_vfprintf_r+0x1b30>
    5b90:	05012783          	lw	a5,80(sp)
    5b94:	000bc683          	lbu	a3,0(s7)
    5b98:	41878a33          	sub	s4,a5,s8
    5b9c:	0146d463          	bge	a3,s4,5ba4 <_vfprintf_r+0x1a08>
    5ba0:	00068a13          	mv	s4,a3
    5ba4:	03405663          	blez	s4,5bd0 <_vfprintf_r+0x1a34>
    5ba8:	0e812683          	lw	a3,232(sp)
    5bac:	01470733          	add	a4,a4,s4
    5bb0:	01862023          	sw	s8,0(a2)
    5bb4:	00168693          	add	a3,a3,1
    5bb8:	01462223          	sw	s4,4(a2)
    5bbc:	0ee12623          	sw	a4,236(sp)
    5bc0:	0ed12423          	sw	a3,232(sp)
    5bc4:	12d94463          	blt	s2,a3,5cec <_vfprintf_r+0x1b50>
    5bc8:	000bc683          	lbu	a3,0(s7)
    5bcc:	00860613          	add	a2,a2,8
    5bd0:	fffa4593          	not	a1,s4
    5bd4:	41f5d593          	sra	a1,a1,0x1f
    5bd8:	00ba77b3          	and	a5,s4,a1
    5bdc:	40f68a33          	sub	s4,a3,a5
    5be0:	03404c63          	bgtz	s4,5c18 <_vfprintf_r+0x1a7c>
    5be4:	00dc0c33          	add	s8,s8,a3
    5be8:	f60d1ce3          	bnez	s10,5b60 <_vfprintf_r+0x19c4>
    5bec:	f6041ce3          	bnez	s0,5b64 <_vfprintf_r+0x19c8>
    5bf0:	05012783          	lw	a5,80(sp)
    5bf4:	05712023          	sw	s7,64(sp)
    5bf8:	05412483          	lw	s1,84(sp)
    5bfc:	05812b83          	lw	s7,88(sp)
    5c00:	05c12a03          	lw	s4,92(sp)
    5c04:	02812c83          	lw	s9,40(sp)
    5c08:	00060413          	mv	s0,a2
    5c0c:	eb87f263          	bgeu	a5,s8,52b0 <_vfprintf_r+0x1114>
    5c10:	00078c13          	mv	s8,a5
    5c14:	e9cff06f          	j	52b0 <_vfprintf_r+0x1114>
    5c18:	000145b7          	lui	a1,0x14
    5c1c:	0e812683          	lw	a3,232(sp)
    5c20:	c0058593          	add	a1,a1,-1024 # 13c00 <zeroes.0>
    5c24:	074dd863          	bge	s11,s4,5c94 <_vfprintf_r+0x1af8>
    5c28:	02812023          	sw	s0,32(sp)
    5c2c:	000a0413          	mv	s0,s4
    5c30:	000a8a13          	mv	s4,s5
    5c34:	00c0006f          	j	5c40 <_vfprintf_r+0x1aa4>
    5c38:	ff040413          	add	s0,s0,-16
    5c3c:	048dd663          	bge	s11,s0,5c88 <_vfprintf_r+0x1aec>
    5c40:	01070713          	add	a4,a4,16
    5c44:	00168693          	add	a3,a3,1
    5c48:	01562023          	sw	s5,0(a2)
    5c4c:	01b62223          	sw	s11,4(a2)
    5c50:	0ee12623          	sw	a4,236(sp)
    5c54:	0ed12423          	sw	a3,232(sp)
    5c58:	00860613          	add	a2,a2,8
    5c5c:	fcd95ee3          	bge	s2,a3,5c38 <_vfprintf_r+0x1a9c>
    5c60:	0e410613          	add	a2,sp,228
    5c64:	00048593          	mv	a1,s1
    5c68:	00098513          	mv	a0,s3
    5c6c:	6f8090ef          	jal	f364 <__sprint_r>
    5c70:	bc051863          	bnez	a0,5040 <_vfprintf_r+0xea4>
    5c74:	ff040413          	add	s0,s0,-16
    5c78:	0ec12703          	lw	a4,236(sp)
    5c7c:	0e812683          	lw	a3,232(sp)
    5c80:	000b0613          	mv	a2,s6
    5c84:	fa8dcee3          	blt	s11,s0,5c40 <_vfprintf_r+0x1aa4>
    5c88:	000a0593          	mv	a1,s4
    5c8c:	00040a13          	mv	s4,s0
    5c90:	02012403          	lw	s0,32(sp)
    5c94:	00ea0733          	add	a4,s4,a4
    5c98:	00168693          	add	a3,a3,1
    5c9c:	00b62023          	sw	a1,0(a2)
    5ca0:	01462223          	sw	s4,4(a2)
    5ca4:	0ee12623          	sw	a4,236(sp)
    5ca8:	0ed12423          	sw	a3,232(sp)
    5cac:	20d940e3          	blt	s2,a3,66ac <_vfprintf_r+0x2510>
    5cb0:	000bc683          	lbu	a3,0(s7)
    5cb4:	00860613          	add	a2,a2,8
    5cb8:	00dc0c33          	add	s8,s8,a3
    5cbc:	f2dff06f          	j	5be8 <_vfprintf_r+0x1a4c>
    5cc0:	fffb8b93          	add	s7,s7,-1
    5cc4:	fffd0d13          	add	s10,s10,-1
    5cc8:	ea1ff06f          	j	5b68 <_vfprintf_r+0x19cc>
    5ccc:	0e410613          	add	a2,sp,228
    5cd0:	00048593          	mv	a1,s1
    5cd4:	00098513          	mv	a0,s3
    5cd8:	68c090ef          	jal	f364 <__sprint_r>
    5cdc:	b6051263          	bnez	a0,5040 <_vfprintf_r+0xea4>
    5ce0:	0ec12703          	lw	a4,236(sp)
    5ce4:	000b0613          	mv	a2,s6
    5ce8:	ea9ff06f          	j	5b90 <_vfprintf_r+0x19f4>
    5cec:	0e410613          	add	a2,sp,228
    5cf0:	00048593          	mv	a1,s1
    5cf4:	00098513          	mv	a0,s3
    5cf8:	66c090ef          	jal	f364 <__sprint_r>
    5cfc:	b4051263          	bnez	a0,5040 <_vfprintf_r+0xea4>
    5d00:	000bc683          	lbu	a3,0(s7)
    5d04:	0ec12703          	lw	a4,236(sp)
    5d08:	000b0613          	mv	a2,s6
    5d0c:	ec5ff06f          	j	5bd0 <_vfprintf_r+0x1a34>
    5d10:	04c12783          	lw	a5,76(sp)
    5d14:	04812583          	lw	a1,72(sp)
    5d18:	03d12423          	sw	t4,40(sp)
    5d1c:	40f30333          	sub	t1,t1,a5
    5d20:	00078613          	mv	a2,a5
    5d24:	00030513          	mv	a0,t1
    5d28:	03112223          	sw	a7,36(sp)
    5d2c:	02e12023          	sw	a4,32(sp)
    5d30:	00612a23          	sw	t1,20(sp)
    5d34:	381060ef          	jal	c8b4 <strncpy>
    5d38:	019c37b3          	sltu	a5,s8,s9
    5d3c:	00500613          	li	a2,5
    5d40:	00fc07b3          	add	a5,s8,a5
    5d44:	02c7f7b3          	remu	a5,a5,a2
    5d48:	02012703          	lw	a4,32(sp)
    5d4c:	ccccd637          	lui	a2,0xccccd
    5d50:	ccd60e13          	add	t3,a2,-819 # cccccccd <_stack_top+0xacbccccd>
    5d54:	ccc60513          	add	a0,a2,-820
    5d58:	00174603          	lbu	a2,1(a4)
    5d5c:	01412303          	lw	t1,20(sp)
    5d60:	02412883          	lw	a7,36(sp)
    5d64:	00c03633          	snez	a2,a2
    5d68:	00c70733          	add	a4,a4,a2
    5d6c:	02812e83          	lw	t4,40(sp)
    5d70:	00000593          	li	a1,0
    5d74:	00500813          	li	a6,5
    5d78:	000e0693          	mv	a3,t3
    5d7c:	40fc87b3          	sub	a5,s9,a5
    5d80:	00fcb633          	sltu	a2,s9,a5
    5d84:	40cd0633          	sub	a2,s10,a2
    5d88:	02a78533          	mul	a0,a5,a0
    5d8c:	03c60633          	mul	a2,a2,t3
    5d90:	03c7bf33          	mulhu	t5,a5,t3
    5d94:	00a60633          	add	a2,a2,a0
    5d98:	03c78533          	mul	a0,a5,t3
    5d9c:	01e60633          	add	a2,a2,t5
    5da0:	01f61793          	sll	a5,a2,0x1f
    5da4:	00165613          	srl	a2,a2,0x1
    5da8:	00155513          	srl	a0,a0,0x1
    5dac:	00a7e7b3          	or	a5,a5,a0
    5db0:	a49ff06f          	j	57f8 <_vfprintf_r+0x165c>
    5db4:	00812583          	lw	a1,8(sp)
    5db8:	0e410613          	add	a2,sp,228
    5dbc:	00098513          	mv	a0,s3
    5dc0:	5a4090ef          	jal	f364 <__sprint_r>
    5dc4:	a6051e63          	bnez	a0,5040 <_vfprintf_r+0xea4>
    5dc8:	0cc12503          	lw	a0,204(sp)
    5dcc:	0ec12703          	lw	a4,236(sp)
    5dd0:	000b0413          	mv	s0,s6
    5dd4:	af9ff06f          	j	58cc <_vfprintf_r+0x1730>
    5dd8:	000142b7          	lui	t0,0x14
    5ddc:	9b828c13          	add	s8,t0,-1608 # 139b8 <__clz_tab+0x120>
    5de0:	bd9ff06f          	j	59b8 <_vfprintf_r+0x181c>
    5de4:	00090693          	mv	a3,s2
    5de8:	00200613          	li	a2,2
    5dec:	0b010b93          	add	s7,sp,176
    5df0:	0d010793          	add	a5,sp,208
    5df4:	0dc10813          	add	a6,sp,220
    5df8:	0cc10713          	add	a4,sp,204
    5dfc:	000b8593          	mv	a1,s7
    5e00:	00098513          	mv	a0,s3
    5e04:	05112a23          	sw	a7,84(sp)
    5e08:	04d12823          	sw	a3,80(sp)
    5e0c:	0be12823          	sw	t5,176(sp)
    5e10:	03e12423          	sw	t5,40(sp)
    5e14:	0bd12a23          	sw	t4,180(sp)
    5e18:	03d12223          	sw	t4,36(sp)
    5e1c:	0bc12c23          	sw	t3,184(sp)
    5e20:	03c12023          	sw	t3,32(sp)
    5e24:	0bb12e23          	sw	s11,188(sp)
    5e28:	424030ef          	jal	924c <_ldtoa_r>
    5e2c:	05412883          	lw	a7,84(sp)
    5e30:	06700793          	li	a5,103
    5e34:	02012e03          	lw	t3,32(sp)
    5e38:	02412e83          	lw	t4,36(sp)
    5e3c:	02812f03          	lw	t5,40(sp)
    5e40:	05012683          	lw	a3,80(sp)
    5e44:	00050c13          	mv	s8,a0
    5e48:	7af88263          	beq	a7,a5,65ec <_vfprintf_r+0x2450>
    5e4c:	04700793          	li	a5,71
    5e50:	78f88e63          	beq	a7,a5,65ec <_vfprintf_r+0x2450>
    5e54:	fdf8fa93          	and	s5,a7,-33
    5e58:	04600613          	li	a2,70
    5e5c:	00d50cb3          	add	s9,a0,a3
    5e60:	0a010d13          	add	s10,sp,160
    5e64:	00ca9c63          	bne	s5,a2,5e7c <_vfprintf_r+0x1ce0>
    5e68:	00054583          	lbu	a1,0(a0)
    5e6c:	03000613          	li	a2,48
    5e70:	5ec58863          	beq	a1,a2,6460 <_vfprintf_r+0x22c4>
    5e74:	0cc12683          	lw	a3,204(sp)
    5e78:	00dc8cb3          	add	s9,s9,a3
    5e7c:	000b8513          	mv	a0,s7
    5e80:	000d0593          	mv	a1,s10
    5e84:	03112023          	sw	a7,32(sp)
    5e88:	0be12823          	sw	t5,176(sp)
    5e8c:	0bd12a23          	sw	t4,180(sp)
    5e90:	0bc12c23          	sw	t3,184(sp)
    5e94:	0bb12e23          	sw	s11,188(sp)
    5e98:	0a012023          	sw	zero,160(sp)
    5e9c:	0a012223          	sw	zero,164(sp)
    5ea0:	0a012423          	sw	zero,168(sp)
    5ea4:	0a012623          	sw	zero,172(sp)
    5ea8:	9a0fb0ef          	jal	1048 <__eqtf2>
    5eac:	02012883          	lw	a7,32(sp)
    5eb0:	000c8b93          	mv	s7,s9
    5eb4:	02050263          	beqz	a0,5ed8 <_vfprintf_r+0x1d3c>
    5eb8:	0dc12b83          	lw	s7,220(sp)
    5ebc:	019bfe63          	bgeu	s7,s9,5ed8 <_vfprintf_r+0x1d3c>
    5ec0:	03000613          	li	a2,48
    5ec4:	001b8793          	add	a5,s7,1
    5ec8:	0cf12e23          	sw	a5,220(sp)
    5ecc:	00cb8023          	sb	a2,0(s7)
    5ed0:	0dc12b83          	lw	s7,220(sp)
    5ed4:	ff9be8e3          	bltu	s7,s9,5ec4 <_vfprintf_r+0x1d28>
    5ed8:	418b87b3          	sub	a5,s7,s8
    5edc:	02f12223          	sw	a5,36(sp)
    5ee0:	0cc12683          	lw	a3,204(sp)
    5ee4:	04700793          	li	a5,71
    5ee8:	02d12023          	sw	a3,32(sp)
    5eec:	70fa8e63          	beq	s5,a5,6608 <_vfprintf_r+0x246c>
    5ef0:	04600793          	li	a5,70
    5ef4:	14fa88e3          	beq	s5,a5,6844 <_vfprintf_r+0x26a8>
    5ef8:	fff68793          	add	a5,a3,-1
    5efc:	0cf12623          	sw	a5,204(sp)
    5f00:	06100713          	li	a4,97
    5f04:	38e880e3          	beq	a7,a4,6a84 <_vfprintf_r+0x28e8>
    5f08:	04100613          	li	a2,65
    5f0c:	05000713          	li	a4,80
    5f10:	70c89a63          	bne	a7,a2,6624 <_vfprintf_r+0x2488>
    5f14:	00100613          	li	a2,1
    5f18:	0ce10a23          	sb	a4,212(sp)
    5f1c:	02b00713          	li	a4,43
    5f20:	0007d863          	bgez	a5,5f30 <_vfprintf_r+0x1d94>
    5f24:	00100793          	li	a5,1
    5f28:	40d787b3          	sub	a5,a5,a3
    5f2c:	02d00713          	li	a4,45
    5f30:	0ce10aa3          	sb	a4,213(sp)
    5f34:	00900713          	li	a4,9
    5f38:	18f756e3          	bge	a4,a5,68c4 <_vfprintf_r+0x2728>
    5f3c:	0e310813          	add	a6,sp,227
    5f40:	00080613          	mv	a2,a6
    5f44:	00a00593          	li	a1,10
    5f48:	06300e13          	li	t3,99
    5f4c:	02b7e733          	rem	a4,a5,a1
    5f50:	00060693          	mv	a3,a2
    5f54:	00078513          	mv	a0,a5
    5f58:	fff60613          	add	a2,a2,-1
    5f5c:	03070713          	add	a4,a4,48
    5f60:	fee68fa3          	sb	a4,-1(a3)
    5f64:	02b7c7b3          	div	a5,a5,a1
    5f68:	feae42e3          	blt	t3,a0,5f4c <_vfprintf_r+0x1db0>
    5f6c:	03078793          	add	a5,a5,48
    5f70:	ffe68713          	add	a4,a3,-2
    5f74:	fef60fa3          	sb	a5,-1(a2)
    5f78:	31077ae3          	bgeu	a4,a6,6a8c <_vfprintf_r+0x28f0>
    5f7c:	0d610793          	add	a5,sp,214
    5f80:	00074603          	lbu	a2,0(a4)
    5f84:	00170713          	add	a4,a4,1
    5f88:	00178793          	add	a5,a5,1
    5f8c:	fec78fa3          	sb	a2,-1(a5)
    5f90:	ff0718e3          	bne	a4,a6,5f80 <_vfprintf_r+0x1de4>
    5f94:	0e510793          	add	a5,sp,229
    5f98:	0d610713          	add	a4,sp,214
    5f9c:	40d787b3          	sub	a5,a5,a3
    5fa0:	00f707b3          	add	a5,a4,a5
    5fa4:	0d410713          	add	a4,sp,212
    5fa8:	40e787b3          	sub	a5,a5,a4
    5fac:	04f12223          	sw	a5,68(sp)
    5fb0:	04412683          	lw	a3,68(sp)
    5fb4:	02412703          	lw	a4,36(sp)
    5fb8:	00100793          	li	a5,1
    5fbc:	00e68d33          	add	s10,a3,a4
    5fc0:	1ae7dae3          	bge	a5,a4,6974 <_vfprintf_r+0x27d8>
    5fc4:	03412783          	lw	a5,52(sp)
    5fc8:	00fd0d33          	add	s10,s10,a5
    5fcc:	02c12783          	lw	a5,44(sp)
    5fd0:	fffd4693          	not	a3,s10
    5fd4:	41f6d693          	sra	a3,a3,0x1f
    5fd8:	bff7f793          	and	a5,a5,-1025
    5fdc:	1007eb93          	or	s7,a5,256
    5fe0:	00dd7cb3          	and	s9,s10,a3
    5fe4:	02012623          	sw	zero,44(sp)
    5fe8:	02012423          	sw	zero,40(sp)
    5fec:	02012023          	sw	zero,32(sp)
    5ff0:	06012783          	lw	a5,96(sp)
    5ff4:	62078e63          	beqz	a5,6630 <_vfprintf_r+0x2494>
    5ff8:	02d00713          	li	a4,45
    5ffc:	0ce103a3          	sb	a4,199(sp)
    6000:	00000913          	li	s2,0
    6004:	001c8c93          	add	s9,s9,1
    6008:	bc4fe06f          	j	43cc <_vfprintf_r+0x230>
    600c:	00812583          	lw	a1,8(sp)
    6010:	0e410613          	add	a2,sp,228
    6014:	00098513          	mv	a0,s3
    6018:	34c090ef          	jal	f364 <__sprint_r>
    601c:	00050463          	beqz	a0,6024 <_vfprintf_r+0x1e88>
    6020:	820ff06f          	j	5040 <_vfprintf_r+0xea4>
    6024:	0ec12703          	lw	a4,236(sp)
    6028:	000b0413          	mv	s0,s6
    602c:	a5cff06f          	j	5288 <_vfprintf_r+0x10ec>
    6030:	00600d13          	li	s10,6
    6034:	e48ff06f          	j	567c <_vfprintf_r+0x14e0>
    6038:	40c78633          	sub	a2,a5,a2
    603c:	05012783          	lw	a5,80(sp)
    6040:	41878933          	sub	s2,a5,s8
    6044:	af265e63          	bge	a2,s2,5340 <_vfprintf_r+0x11a4>
    6048:	00060913          	mv	s2,a2
    604c:	af4ff06f          	j	5340 <_vfprintf_r+0x11a4>
    6050:	01812783          	lw	a5,24(sp)
    6054:	01012703          	lw	a4,16(sp)
    6058:	0007a783          	lw	a5,0(a5)
    605c:	00e79023          	sh	a4,0(a5)
    6060:	c59fe06f          	j	4cb8 <_vfprintf_r+0xb1c>
    6064:	0ffcfc93          	zext.b	s9,s9
    6068:	00000d13          	li	s10,0
    606c:	d88ff06f          	j	55f4 <_vfprintf_r+0x1458>
    6070:	018c9c93          	sll	s9,s9,0x18
    6074:	418cdc93          	sra	s9,s9,0x18
    6078:	41fcdd13          	sra	s10,s9,0x1f
    607c:	000d0713          	mv	a4,s10
    6080:	da8fe06f          	j	4628 <_vfprintf_r+0x48c>
    6084:	0ffcfc93          	zext.b	s9,s9
    6088:	00000d13          	li	s10,0
    608c:	e1cfe06f          	j	46a8 <_vfprintf_r+0x50c>
    6090:	02d00713          	li	a4,45
    6094:	0ce103a3          	sb	a4,199(sp)
    6098:	a35ff06f          	j	5acc <_vfprintf_r+0x1930>
    609c:	00812583          	lw	a1,8(sp)
    60a0:	03012503          	lw	a0,48(sp)
    60a4:	0e410613          	add	a2,sp,228
    60a8:	2bc090ef          	jal	f364 <__sprint_r>
    60ac:	c54fe06f          	j	4500 <_vfprintf_r+0x364>
    60b0:	00812583          	lw	a1,8(sp)
    60b4:	0e410613          	add	a2,sp,228
    60b8:	00098513          	mv	a0,s3
    60bc:	2a8090ef          	jal	f364 <__sprint_r>
    60c0:	00050463          	beqz	a0,60c8 <_vfprintf_r+0x1f2c>
    60c4:	f7dfe06f          	j	5040 <_vfprintf_r+0xea4>
    60c8:	0cc12503          	lw	a0,204(sp)
    60cc:	0ec12703          	lw	a4,236(sp)
    60d0:	0e812603          	lw	a2,232(sp)
    60d4:	000b0413          	mv	s0,s6
    60d8:	971ff06f          	j	5a48 <_vfprintf_r+0x18ac>
    60dc:	05800713          	li	a4,88
    60e0:	03000693          	li	a3,48
    60e4:	002be793          	or	a5,s7,2
    60e8:	0ce104a3          	sb	a4,201(sp)
    60ec:	0cd10423          	sb	a3,200(sp)
    60f0:	06300713          	li	a4,99
    60f4:	02f12623          	sw	a5,44(sp)
    60f8:	00012a23          	sw	zero,20(sp)
    60fc:	14c10c13          	add	s8,sp,332
    6100:	052748e3          	blt	a4,s2,6950 <_vfprintf_r+0x27b4>
    6104:	0fc12d83          	lw	s11,252(sp)
    6108:	102be793          	or	a5,s7,258
    610c:	04f12e23          	sw	a5,92(sp)
    6110:	06012023          	sw	zero,96(sp)
    6114:	0f012f03          	lw	t5,240(sp)
    6118:	0f412e83          	lw	t4,244(sp)
    611c:	0f812e03          	lw	t3,248(sp)
    6120:	560dcc63          	bltz	s11,6698 <_vfprintf_r+0x24fc>
    6124:	06100793          	li	a5,97
    6128:	00f88463          	beq	a7,a5,6130 <_vfprintf_r+0x1f94>
    612c:	ed0fe06f          	j	47fc <_vfprintf_r+0x660>
    6130:	0b010b93          	add	s7,sp,176
    6134:	000b8513          	mv	a0,s7
    6138:	07112223          	sw	a7,100(sp)
    613c:	0be12823          	sw	t5,176(sp)
    6140:	0bd12a23          	sw	t4,180(sp)
    6144:	0bc12c23          	sw	t3,184(sp)
    6148:	0bb12e23          	sw	s11,188(sp)
    614c:	bf9fd0ef          	jal	3d44 <__trunctfdf2>
    6150:	0cc10613          	add	a2,sp,204
    6154:	328060ef          	jal	c47c <frexp>
    6158:	00058613          	mv	a2,a1
    615c:	00050593          	mv	a1,a0
    6160:	000b8513          	mv	a0,s7
    6164:	9d5fd0ef          	jal	3b38 <__extenddftf2>
    6168:	09010793          	add	a5,sp,144
    616c:	00078593          	mv	a1,a5
    6170:	02f12023          	sw	a5,32(sp)
    6174:	0b012783          	lw	a5,176(sp)
    6178:	0a010d13          	add	s10,sp,160
    617c:	08010613          	add	a2,sp,128
    6180:	08f12823          	sw	a5,144(sp)
    6184:	0b412783          	lw	a5,180(sp)
    6188:	000d0513          	mv	a0,s10
    618c:	04c12a23          	sw	a2,84(sp)
    6190:	08f12a23          	sw	a5,148(sp)
    6194:	0b812783          	lw	a5,184(sp)
    6198:	08012023          	sw	zero,128(sp)
    619c:	08012223          	sw	zero,132(sp)
    61a0:	08f12c23          	sw	a5,152(sp)
    61a4:	0bc12783          	lw	a5,188(sp)
    61a8:	08012423          	sw	zero,136(sp)
    61ac:	08f12e23          	sw	a5,156(sp)
    61b0:	3ffc07b7          	lui	a5,0x3ffc0
    61b4:	08f12623          	sw	a5,140(sp)
    61b8:	a2cfb0ef          	jal	13e4 <__multf3>
    61bc:	0a012703          	lw	a4,160(sp)
    61c0:	0a412683          	lw	a3,164(sp)
    61c4:	0a812803          	lw	a6,168(sp)
    61c8:	0ac12e03          	lw	t3,172(sp)
    61cc:	000d0593          	mv	a1,s10
    61d0:	000b8513          	mv	a0,s7
    61d4:	0ae12823          	sw	a4,176(sp)
    61d8:	04e12c23          	sw	a4,88(sp)
    61dc:	0ad12a23          	sw	a3,180(sp)
    61e0:	04d12823          	sw	a3,80(sp)
    61e4:	0b012c23          	sw	a6,184(sp)
    61e8:	03012423          	sw	a6,40(sp)
    61ec:	0bc12e23          	sw	t3,188(sp)
    61f0:	03c12223          	sw	t3,36(sp)
    61f4:	0a012023          	sw	zero,160(sp)
    61f8:	0a012223          	sw	zero,164(sp)
    61fc:	0a012423          	sw	zero,168(sp)
    6200:	0a012623          	sw	zero,172(sp)
    6204:	e45fa0ef          	jal	1048 <__eqtf2>
    6208:	02412e03          	lw	t3,36(sp)
    620c:	02812803          	lw	a6,40(sp)
    6210:	05012683          	lw	a3,80(sp)
    6214:	05812703          	lw	a4,88(sp)
    6218:	06412883          	lw	a7,100(sp)
    621c:	3a050a63          	beqz	a0,65d0 <_vfprintf_r+0x2434>
    6220:	000147b7          	lui	a5,0x14
    6224:	9c878393          	add	t2,a5,-1592 # 139c8 <__clz_tab+0x130>
    6228:	fff90c93          	add	s9,s2,-1
    622c:	07212823          	sw	s2,112(sp)
    6230:	06812a23          	sw	s0,116(sp)
    6234:	000c0913          	mv	s2,s8
    6238:	07312c23          	sw	s3,120(sp)
    623c:	07812e23          	sw	s8,124(sp)
    6240:	06912223          	sw	s1,100(sp)
    6244:	07112423          	sw	a7,104(sp)
    6248:	07412623          	sw	s4,108(sp)
    624c:	04712823          	sw	t2,80(sp)
    6250:	00070993          	mv	s3,a4
    6254:	00068a93          	mv	s5,a3
    6258:	00080c13          	mv	s8,a6
    625c:	000e0413          	mv	s0,t3
    6260:	04c0006f          	j	62ac <_vfprintf_r+0x2110>
    6264:	000d0593          	mv	a1,s10
    6268:	000b8513          	mv	a0,s7
    626c:	02f12423          	sw	a5,40(sp)
    6270:	02c12223          	sw	a2,36(sp)
    6274:	0ac12c23          	sw	a2,184(sp)
    6278:	0af12e23          	sw	a5,188(sp)
    627c:	0a912823          	sw	s1,176(sp)
    6280:	0b412a23          	sw	s4,180(sp)
    6284:	0a012023          	sw	zero,160(sp)
    6288:	0a012223          	sw	zero,164(sp)
    628c:	0a012423          	sw	zero,168(sp)
    6290:	0a012623          	sw	zero,172(sp)
    6294:	db5fa0ef          	jal	1048 <__eqtf2>
    6298:	fffc8593          	add	a1,s9,-1
    629c:	000c0613          	mv	a2,s8
    62a0:	00040793          	mv	a5,s0
    62a4:	6e050c63          	beqz	a0,699c <_vfprintf_r+0x2800>
    62a8:	00058c93          	mv	s9,a1
    62ac:	02012603          	lw	a2,32(sp)
    62b0:	400307b7          	lui	a5,0x40030
    62b4:	000d0593          	mv	a1,s10
    62b8:	000b8513          	mv	a0,s7
    62bc:	08f12e23          	sw	a5,156(sp)
    62c0:	0b312023          	sw	s3,160(sp)
    62c4:	0b512223          	sw	s5,164(sp)
    62c8:	0b812423          	sw	s8,168(sp)
    62cc:	0a812623          	sw	s0,172(sp)
    62d0:	08012823          	sw	zero,144(sp)
    62d4:	08012a23          	sw	zero,148(sp)
    62d8:	08012c23          	sw	zero,152(sp)
    62dc:	908fb0ef          	jal	13e4 <__multf3>
    62e0:	000b8513          	mv	a0,s7
    62e4:	e0cfd0ef          	jal	38f0 <__fixtfsi>
    62e8:	00050593          	mv	a1,a0
    62ec:	00050d93          	mv	s11,a0
    62f0:	000b8513          	mv	a0,s7
    62f4:	0b012a03          	lw	s4,176(sp)
    62f8:	0b412983          	lw	s3,180(sp)
    62fc:	0b812483          	lw	s1,184(sp)
    6300:	0bc12403          	lw	s0,188(sp)
    6304:	ee0fd0ef          	jal	39e4 <__floatsitf>
    6308:	0b012783          	lw	a5,176(sp)
    630c:	05412603          	lw	a2,84(sp)
    6310:	02012583          	lw	a1,32(sp)
    6314:	08f12023          	sw	a5,128(sp)
    6318:	0b412783          	lw	a5,180(sp)
    631c:	000d0513          	mv	a0,s10
    6320:	09412823          	sw	s4,144(sp)
    6324:	08f12223          	sw	a5,132(sp)
    6328:	0b812783          	lw	a5,184(sp)
    632c:	09312a23          	sw	s3,148(sp)
    6330:	08912c23          	sw	s1,152(sp)
    6334:	08f12423          	sw	a5,136(sp)
    6338:	0bc12783          	lw	a5,188(sp)
    633c:	08812e23          	sw	s0,156(sp)
    6340:	08f12623          	sw	a5,140(sp)
    6344:	8f8fc0ef          	jal	243c <__subtf3>
    6348:	05012783          	lw	a5,80(sp)
    634c:	0a012483          	lw	s1,160(sp)
    6350:	0a412a03          	lw	s4,164(sp)
    6354:	01b787b3          	add	a5,a5,s11
    6358:	0007c703          	lbu	a4,0(a5) # 40030000 <_stack_top+0x1ff30000>
    635c:	0a812603          	lw	a2,168(sp)
    6360:	0ac12783          	lw	a5,172(sp)
    6364:	05212c23          	sw	s2,88(sp)
    6368:	00e90023          	sb	a4,0(s2)
    636c:	fff00713          	li	a4,-1
    6370:	00190913          	add	s2,s2,1
    6374:	00048993          	mv	s3,s1
    6378:	000a0a93          	mv	s5,s4
    637c:	00060c13          	mv	s8,a2
    6380:	00078413          	mv	s0,a5
    6384:	eeec90e3          	bne	s9,a4,6264 <_vfprintf_r+0x20c8>
    6388:	00090a93          	mv	s5,s2
    638c:	00048f13          	mv	t5,s1
    6390:	000a0e93          	mv	t4,s4
    6394:	06812883          	lw	a7,104(sp)
    6398:	07412403          	lw	s0,116(sp)
    639c:	07012903          	lw	s2,112(sp)
    63a0:	05012383          	lw	t2,80(sp)
    63a4:	07812983          	lw	s3,120(sp)
    63a8:	07c12c03          	lw	s8,124(sp)
    63ac:	06412483          	lw	s1,100(sp)
    63b0:	06c12a03          	lw	s4,108(sp)
    63b4:	fff00713          	li	a4,-1
    63b8:	3ffe06b7          	lui	a3,0x3ffe0
    63bc:	000d0593          	mv	a1,s10
    63c0:	000b8513          	mv	a0,s7
    63c4:	02712223          	sw	t2,36(sp)
    63c8:	03112023          	sw	a7,32(sp)
    63cc:	06e12423          	sw	a4,104(sp)
    63d0:	0be12823          	sw	t5,176(sp)
    63d4:	07e12223          	sw	t5,100(sp)
    63d8:	0bd12a23          	sw	t4,180(sp)
    63dc:	05d12a23          	sw	t4,84(sp)
    63e0:	0ac12c23          	sw	a2,184(sp)
    63e4:	04c12823          	sw	a2,80(sp)
    63e8:	0af12e23          	sw	a5,188(sp)
    63ec:	02f12423          	sw	a5,40(sp)
    63f0:	0a012023          	sw	zero,160(sp)
    63f4:	0a012223          	sw	zero,164(sp)
    63f8:	0a012423          	sw	zero,168(sp)
    63fc:	0ad12623          	sw	a3,172(sp)
    6400:	d1dfa0ef          	jal	111c <__getf2>
    6404:	02012883          	lw	a7,32(sp)
    6408:	02412383          	lw	t2,36(sp)
    640c:	4ea04463          	bgtz	a0,68f4 <_vfprintf_r+0x2758>
    6410:	000d0593          	mv	a1,s10
    6414:	000b8513          	mv	a0,s7
    6418:	c31fa0ef          	jal	1048 <__eqtf2>
    641c:	02012883          	lw	a7,32(sp)
    6420:	02412383          	lw	t2,36(sp)
    6424:	06812703          	lw	a4,104(sp)
    6428:	00051663          	bnez	a0,6434 <_vfprintf_r+0x2298>
    642c:	001dfd93          	and	s11,s11,1
    6430:	4c0d9263          	bnez	s11,68f4 <_vfprintf_r+0x2758>
    6434:	00170b93          	add	s7,a4,1
    6438:	017a8bb3          	add	s7,s5,s7
    643c:	03000693          	li	a3,48
    6440:	4e074e63          	bltz	a4,693c <_vfprintf_r+0x27a0>
    6444:	001a8a93          	add	s5,s5,1
    6448:	feda8fa3          	sb	a3,-1(s5)
    644c:	ff5b9ce3          	bne	s7,s5,6444 <_vfprintf_r+0x22a8>
    6450:	418b87b3          	sub	a5,s7,s8
    6454:	02f12223          	sw	a5,36(sp)
    6458:	fdf8fa93          	and	s5,a7,-33
    645c:	a85ff06f          	j	5ee0 <_vfprintf_r+0x1d44>
    6460:	000d0593          	mv	a1,s10
    6464:	000b8513          	mv	a0,s7
    6468:	05112823          	sw	a7,80(sp)
    646c:	0be12823          	sw	t5,176(sp)
    6470:	03e12423          	sw	t5,40(sp)
    6474:	0bd12a23          	sw	t4,180(sp)
    6478:	03d12223          	sw	t4,36(sp)
    647c:	0bc12c23          	sw	t3,184(sp)
    6480:	03c12023          	sw	t3,32(sp)
    6484:	04d12a23          	sw	a3,84(sp)
    6488:	0bb12e23          	sw	s11,188(sp)
    648c:	0a012023          	sw	zero,160(sp)
    6490:	0a012223          	sw	zero,164(sp)
    6494:	0a012423          	sw	zero,168(sp)
    6498:	0a012623          	sw	zero,172(sp)
    649c:	badfa0ef          	jal	1048 <__eqtf2>
    64a0:	02012e03          	lw	t3,32(sp)
    64a4:	02412e83          	lw	t4,36(sp)
    64a8:	02812f03          	lw	t5,40(sp)
    64ac:	05012883          	lw	a7,80(sp)
    64b0:	9c0502e3          	beqz	a0,5e74 <_vfprintf_r+0x1cd8>
    64b4:	05412683          	lw	a3,84(sp)
    64b8:	00100613          	li	a2,1
    64bc:	40d606b3          	sub	a3,a2,a3
    64c0:	0cd12623          	sw	a3,204(sp)
    64c4:	9b5ff06f          	j	5e78 <_vfprintf_r+0x1cdc>
    64c8:	00190693          	add	a3,s2,1
    64cc:	00200613          	li	a2,2
    64d0:	91dff06f          	j	5dec <_vfprintf_r+0x1c50>
    64d4:	00090693          	mv	a3,s2
    64d8:	00300613          	li	a2,3
    64dc:	911ff06f          	j	5dec <_vfprintf_r+0x1c50>
    64e0:	0b010b93          	add	s7,sp,176
    64e4:	000b8513          	mv	a0,s7
    64e8:	07112223          	sw	a7,100(sp)
    64ec:	0be12823          	sw	t5,176(sp)
    64f0:	0bd12a23          	sw	t4,180(sp)
    64f4:	0bc12c23          	sw	t3,184(sp)
    64f8:	0bb12e23          	sw	s11,188(sp)
    64fc:	849fd0ef          	jal	3d44 <__trunctfdf2>
    6500:	0cc10613          	add	a2,sp,204
    6504:	779050ef          	jal	c47c <frexp>
    6508:	00058613          	mv	a2,a1
    650c:	00050593          	mv	a1,a0
    6510:	000b8513          	mv	a0,s7
    6514:	e24fd0ef          	jal	3b38 <__extenddftf2>
    6518:	09010793          	add	a5,sp,144
    651c:	00078593          	mv	a1,a5
    6520:	02f12023          	sw	a5,32(sp)
    6524:	0b012783          	lw	a5,176(sp)
    6528:	0a010d13          	add	s10,sp,160
    652c:	08010613          	add	a2,sp,128
    6530:	08f12823          	sw	a5,144(sp)
    6534:	0b412783          	lw	a5,180(sp)
    6538:	000d0513          	mv	a0,s10
    653c:	04c12a23          	sw	a2,84(sp)
    6540:	08f12a23          	sw	a5,148(sp)
    6544:	0b812783          	lw	a5,184(sp)
    6548:	08012023          	sw	zero,128(sp)
    654c:	08012223          	sw	zero,132(sp)
    6550:	08f12c23          	sw	a5,152(sp)
    6554:	0bc12783          	lw	a5,188(sp)
    6558:	08012423          	sw	zero,136(sp)
    655c:	08f12e23          	sw	a5,156(sp)
    6560:	3ffc07b7          	lui	a5,0x3ffc0
    6564:	08f12623          	sw	a5,140(sp)
    6568:	e7dfa0ef          	jal	13e4 <__multf3>
    656c:	0a012703          	lw	a4,160(sp)
    6570:	0a412683          	lw	a3,164(sp)
    6574:	0a812803          	lw	a6,168(sp)
    6578:	0ac12e03          	lw	t3,172(sp)
    657c:	000d0593          	mv	a1,s10
    6580:	000b8513          	mv	a0,s7
    6584:	0ae12823          	sw	a4,176(sp)
    6588:	04e12c23          	sw	a4,88(sp)
    658c:	0ad12a23          	sw	a3,180(sp)
    6590:	04d12823          	sw	a3,80(sp)
    6594:	0b012c23          	sw	a6,184(sp)
    6598:	03012423          	sw	a6,40(sp)
    659c:	0bc12e23          	sw	t3,188(sp)
    65a0:	03c12223          	sw	t3,36(sp)
    65a4:	0a012023          	sw	zero,160(sp)
    65a8:	0a012223          	sw	zero,164(sp)
    65ac:	0a012423          	sw	zero,168(sp)
    65b0:	0a012623          	sw	zero,172(sp)
    65b4:	a95fa0ef          	jal	1048 <__eqtf2>
    65b8:	02412e03          	lw	t3,36(sp)
    65bc:	02812803          	lw	a6,40(sp)
    65c0:	05012683          	lw	a3,80(sp)
    65c4:	05812703          	lw	a4,88(sp)
    65c8:	06412883          	lw	a7,100(sp)
    65cc:	00051a63          	bnez	a0,65e0 <_vfprintf_r+0x2444>
    65d0:	00100793          	li	a5,1
    65d4:	0cf12623          	sw	a5,204(sp)
    65d8:	06100793          	li	a5,97
    65dc:	c4f882e3          	beq	a7,a5,6220 <_vfprintf_r+0x2084>
    65e0:	000147b7          	lui	a5,0x14
    65e4:	9dc78393          	add	t2,a5,-1572 # 139dc <__clz_tab+0x144>
    65e8:	c41ff06f          	j	6228 <_vfprintf_r+0x208c>
    65ec:	02c12783          	lw	a5,44(sp)
    65f0:	0017f793          	and	a5,a5,1
    65f4:	2c079063          	bnez	a5,68b4 <_vfprintf_r+0x2718>
    65f8:	0dc12b83          	lw	s7,220(sp)
    65fc:	0cc12683          	lw	a3,204(sp)
    6600:	418b87b3          	sub	a5,s7,s8
    6604:	02f12223          	sw	a5,36(sp)
    6608:	ffd00793          	li	a5,-3
    660c:	02d12023          	sw	a3,32(sp)
    6610:	00f6c463          	blt	a3,a5,6618 <_vfprintf_r+0x247c>
    6614:	02d95863          	bge	s2,a3,6644 <_vfprintf_r+0x24a8>
    6618:	fff68793          	add	a5,a3,-1 # 3ffdffff <_stack_top+0x1fedffff>
    661c:	ffe88893          	add	a7,a7,-2
    6620:	0cf12623          	sw	a5,204(sp)
    6624:	0ff8f713          	zext.b	a4,a7
    6628:	00000613          	li	a2,0
    662c:	8edff06f          	j	5f18 <_vfprintf_r+0x1d7c>
    6630:	0c714703          	lbu	a4,199(sp)
    6634:	00000913          	li	s2,0
    6638:	00070463          	beqz	a4,6640 <_vfprintf_r+0x24a4>
    663c:	83cfe06f          	j	4678 <_vfprintf_r+0x4dc>
    6640:	d8dfd06f          	j	43cc <_vfprintf_r+0x230>
    6644:	02412783          	lw	a5,36(sp)
    6648:	14f6c463          	blt	a3,a5,6790 <_vfprintf_r+0x25f4>
    664c:	02c12783          	lw	a5,44(sp)
    6650:	00068d13          	mv	s10,a3
    6654:	0017f793          	and	a5,a5,1
    6658:	00078663          	beqz	a5,6664 <_vfprintf_r+0x24c8>
    665c:	03412783          	lw	a5,52(sp)
    6660:	00f68d33          	add	s10,a3,a5
    6664:	02c12783          	lw	a5,44(sp)
    6668:	4007f793          	and	a5,a5,1024
    666c:	00078463          	beqz	a5,6674 <_vfprintf_r+0x24d8>
    6670:	36d04063          	bgtz	a3,69d0 <_vfprintf_r+0x2834>
    6674:	fffd4693          	not	a3,s10
    6678:	05c12b83          	lw	s7,92(sp)
    667c:	41f6d693          	sra	a3,a3,0x1f
    6680:	00dd7cb3          	and	s9,s10,a3
    6684:	06700893          	li	a7,103
    6688:	02012623          	sw	zero,44(sp)
    668c:	02012423          	sw	zero,40(sp)
    6690:	961ff06f          	j	5ff0 <_vfprintf_r+0x1e54>
    6694:	00012a23          	sw	zero,20(sp)
    6698:	800007b7          	lui	a5,0x80000
    669c:	01b7cdb3          	xor	s11,a5,s11
    66a0:	02d00793          	li	a5,45
    66a4:	06f12023          	sw	a5,96(sp)
    66a8:	a7dff06f          	j	6124 <_vfprintf_r+0x1f88>
    66ac:	0e410613          	add	a2,sp,228
    66b0:	00048593          	mv	a1,s1
    66b4:	00098513          	mv	a0,s3
    66b8:	4ad080ef          	jal	f364 <__sprint_r>
    66bc:	00050463          	beqz	a0,66c4 <_vfprintf_r+0x2528>
    66c0:	981fe06f          	j	5040 <_vfprintf_r+0xea4>
    66c4:	000bc683          	lbu	a3,0(s7)
    66c8:	0ec12703          	lw	a4,236(sp)
    66cc:	000b0613          	mv	a2,s6
    66d0:	00dc0c33          	add	s8,s8,a3
    66d4:	d14ff06f          	j	5be8 <_vfprintf_r+0x1a4c>
    66d8:	00900513          	li	a0,9
    66dc:	91956e63          	bltu	a0,s9,57f8 <_vfprintf_r+0x165c>
    66e0:	998ff06f          	j	5878 <_vfprintf_r+0x16dc>
    66e4:	07800713          	li	a4,120
    66e8:	9f9ff06f          	j	60e0 <_vfprintf_r+0x1f44>
    66ec:	02d00713          	li	a4,45
    66f0:	0ce103a3          	sb	a4,199(sp)
    66f4:	ab4ff06f          	j	59a8 <_vfprintf_r+0x180c>
    66f8:	00812583          	lw	a1,8(sp)
    66fc:	0e410613          	add	a2,sp,228
    6700:	00098513          	mv	a0,s3
    6704:	461080ef          	jal	f364 <__sprint_r>
    6708:	00050463          	beqz	a0,6710 <_vfprintf_r+0x2574>
    670c:	935fe06f          	j	5040 <_vfprintf_r+0xea4>
    6710:	0cc12603          	lw	a2,204(sp)
    6714:	0ec12703          	lw	a4,236(sp)
    6718:	000b0413          	mv	s0,s6
    671c:	bddfe06f          	j	52f8 <_vfprintf_r+0x115c>
    6720:	0c714703          	lbu	a4,199(sp)
    6724:	01512c23          	sw	s5,24(sp)
    6728:	02012623          	sw	zero,44(sp)
    672c:	02012423          	sw	zero,40(sp)
    6730:	02012023          	sw	zero,32(sp)
    6734:	00090c93          	mv	s9,s2
    6738:	00090d13          	mv	s10,s2
    673c:	00000913          	li	s2,0
    6740:	00070463          	beqz	a4,6748 <_vfprintf_r+0x25ac>
    6744:	f35fd06f          	j	4678 <_vfprintf_r+0x4dc>
    6748:	c85fd06f          	j	43cc <_vfprintf_r+0x230>
    674c:	000142b7          	lui	t0,0x14
    6750:	9c028c13          	add	s8,t0,-1600 # 139c0 <__clz_tab+0x128>
    6754:	a64ff06f          	j	59b8 <_vfprintf_r+0x181c>
    6758:	00812583          	lw	a1,8(sp)
    675c:	0e410613          	add	a2,sp,228
    6760:	00098513          	mv	a0,s3
    6764:	401080ef          	jal	f364 <__sprint_r>
    6768:	00050463          	beqz	a0,6770 <_vfprintf_r+0x25d4>
    676c:	8d5fe06f          	j	5040 <_vfprintf_r+0xea4>
    6770:	0cc12603          	lw	a2,204(sp)
    6774:	02412783          	lw	a5,36(sp)
    6778:	0ec12703          	lw	a4,236(sp)
    677c:	000b0413          	mv	s0,s6
    6780:	40c78633          	sub	a2,a5,a2
    6784:	bbdfe06f          	j	5340 <_vfprintf_r+0x11a4>
    6788:	000b8d93          	mv	s11,s7
    678c:	ba0fe06f          	j	4b2c <_vfprintf_r+0x990>
    6790:	02412783          	lw	a5,36(sp)
    6794:	03412703          	lw	a4,52(sp)
    6798:	06700893          	li	a7,103
    679c:	00e78d33          	add	s10,a5,a4
    67a0:	02012783          	lw	a5,32(sp)
    67a4:	2af05863          	blez	a5,6a54 <_vfprintf_r+0x28b8>
    67a8:	02c12783          	lw	a5,44(sp)
    67ac:	4007f793          	and	a5,a5,1024
    67b0:	22079263          	bnez	a5,69d4 <_vfprintf_r+0x2838>
    67b4:	fffd4693          	not	a3,s10
    67b8:	41f6d693          	sra	a3,a3,0x1f
    67bc:	05c12b83          	lw	s7,92(sp)
    67c0:	00dd7cb3          	and	s9,s10,a3
    67c4:	ec5ff06f          	j	6688 <_vfprintf_r+0x24ec>
    67c8:	00014837          	lui	a6,0x14
    67cc:	ff000593          	li	a1,-16
    67d0:	40a00933          	neg	s2,a0
    67d4:	c0080a93          	add	s5,a6,-1024 # 13c00 <zeroes.0>
    67d8:	01000d13          	li	s10,16
    67dc:	00700d93          	li	s11,7
    67e0:	00b54863          	blt	a0,a1,67f0 <_vfprintf_r+0x2654>
    67e4:	0840006f          	j	6868 <_vfprintf_r+0x26cc>
    67e8:	ff090913          	add	s2,s2,-16
    67ec:	072d5e63          	bge	s10,s2,6868 <_vfprintf_r+0x26cc>
    67f0:	01070713          	add	a4,a4,16
    67f4:	00160613          	add	a2,a2,1
    67f8:	01542023          	sw	s5,0(s0)
    67fc:	01a42223          	sw	s10,4(s0)
    6800:	0ee12623          	sw	a4,236(sp)
    6804:	0ec12423          	sw	a2,232(sp)
    6808:	00840413          	add	s0,s0,8
    680c:	fccddee3          	bge	s11,a2,67e8 <_vfprintf_r+0x264c>
    6810:	00812583          	lw	a1,8(sp)
    6814:	0e410613          	add	a2,sp,228
    6818:	00098513          	mv	a0,s3
    681c:	349080ef          	jal	f364 <__sprint_r>
    6820:	00050463          	beqz	a0,6828 <_vfprintf_r+0x268c>
    6824:	81dfe06f          	j	5040 <_vfprintf_r+0xea4>
    6828:	0ec12703          	lw	a4,236(sp)
    682c:	0e812603          	lw	a2,232(sp)
    6830:	000b0413          	mv	s0,s6
    6834:	fb5ff06f          	j	67e8 <_vfprintf_r+0x264c>
    6838:	fff00793          	li	a5,-1
    683c:	00f12823          	sw	a5,16(sp)
    6840:	cd5fd06f          	j	4514 <_vfprintf_r+0x378>
    6844:	02c12783          	lw	a5,44(sp)
    6848:	02012703          	lw	a4,32(sp)
    684c:	0017f793          	and	a5,a5,1
    6850:	0127e7b3          	or	a5,a5,s2
    6854:	24e05263          	blez	a4,6a98 <_vfprintf_r+0x28fc>
    6858:	20079c63          	bnez	a5,6a70 <_vfprintf_r+0x28d4>
    685c:	02012d03          	lw	s10,32(sp)
    6860:	06600893          	li	a7,102
    6864:	f45ff06f          	j	67a8 <_vfprintf_r+0x260c>
    6868:	01270733          	add	a4,a4,s2
    686c:	00160613          	add	a2,a2,1
    6870:	01542023          	sw	s5,0(s0)
    6874:	01242223          	sw	s2,4(s0)
    6878:	0ee12623          	sw	a4,236(sp)
    687c:	0ec12423          	sw	a2,232(sp)
    6880:	00700593          	li	a1,7
    6884:	00c5c463          	blt	a1,a2,688c <_vfprintf_r+0x26f0>
    6888:	888ff06f          	j	5910 <_vfprintf_r+0x1774>
    688c:	00812583          	lw	a1,8(sp)
    6890:	0e410613          	add	a2,sp,228
    6894:	00098513          	mv	a0,s3
    6898:	2cd080ef          	jal	f364 <__sprint_r>
    689c:	00050463          	beqz	a0,68a4 <_vfprintf_r+0x2708>
    68a0:	fa0fe06f          	j	5040 <_vfprintf_r+0xea4>
    68a4:	0ec12703          	lw	a4,236(sp)
    68a8:	0e812603          	lw	a2,232(sp)
    68ac:	000b0413          	mv	s0,s6
    68b0:	99cff06f          	j	5a4c <_vfprintf_r+0x18b0>
    68b4:	00dc0cb3          	add	s9,s8,a3
    68b8:	04700a93          	li	s5,71
    68bc:	0a010d13          	add	s10,sp,160
    68c0:	dbcff06f          	j	5e7c <_vfprintf_r+0x1ce0>
    68c4:	0d610713          	add	a4,sp,214
    68c8:	00061863          	bnez	a2,68d8 <_vfprintf_r+0x273c>
    68cc:	03000713          	li	a4,48
    68d0:	0ce10b23          	sb	a4,214(sp)
    68d4:	0d710713          	add	a4,sp,215
    68d8:	1b010693          	add	a3,sp,432
    68dc:	03078793          	add	a5,a5,48 # 80000030 <_stack_top+0x5ff00030>
    68e0:	40d706b3          	sub	a3,a4,a3
    68e4:	00f70023          	sb	a5,0(a4)
    68e8:	0dd68793          	add	a5,a3,221
    68ec:	04f12223          	sw	a5,68(sp)
    68f0:	ec0ff06f          	j	5fb0 <_vfprintf_r+0x1e14>
    68f4:	05812783          	lw	a5,88(sp)
    68f8:	00f3c603          	lbu	a2,15(t2)
    68fc:	000a8713          	mv	a4,s5
    6900:	0cf12e23          	sw	a5,220(sp)
    6904:	fffac683          	lbu	a3,-1(s5)
    6908:	02c69063          	bne	a3,a2,6928 <_vfprintf_r+0x278c>
    690c:	03000593          	li	a1,48
    6910:	feb70fa3          	sb	a1,-1(a4)
    6914:	0dc12703          	lw	a4,220(sp)
    6918:	fff70793          	add	a5,a4,-1
    691c:	0cf12e23          	sw	a5,220(sp)
    6920:	fff74683          	lbu	a3,-1(a4)
    6924:	fed606e3          	beq	a2,a3,6910 <_vfprintf_r+0x2774>
    6928:	00168613          	add	a2,a3,1
    692c:	03900593          	li	a1,57
    6930:	0ff67613          	zext.b	a2,a2
    6934:	00b68863          	beq	a3,a1,6944 <_vfprintf_r+0x27a8>
    6938:	fec70fa3          	sb	a2,-1(a4)
    693c:	000a8b93          	mv	s7,s5
    6940:	b11ff06f          	j	6450 <_vfprintf_r+0x22b4>
    6944:	00a3c603          	lbu	a2,10(t2)
    6948:	fec70fa3          	sb	a2,-1(a4)
    694c:	ff1ff06f          	j	693c <_vfprintf_r+0x27a0>
    6950:	00190593          	add	a1,s2,1
    6954:	00098513          	mv	a0,s3
    6958:	01112a23          	sw	a7,20(sp)
    695c:	010040ef          	jal	a96c <_malloc_r>
    6960:	01412883          	lw	a7,20(sp)
    6964:	00050c13          	mv	s8,a0
    6968:	18050863          	beqz	a0,6af8 <_vfprintf_r+0x295c>
    696c:	00a12a23          	sw	a0,20(sp)
    6970:	f94ff06f          	j	6104 <_vfprintf_r+0x1f68>
    6974:	02c12783          	lw	a5,44(sp)
    6978:	0017f793          	and	a5,a5,1
    697c:	e4078863          	beqz	a5,5fcc <_vfprintf_r+0x1e30>
    6980:	e44ff06f          	j	5fc4 <_vfprintf_r+0x1e28>
    6984:	00090463          	beqz	s2,698c <_vfprintf_r+0x27f0>
    6988:	e49fd06f          	j	47d0 <_vfprintf_r+0x634>
    698c:	00100913          	li	s2,1
    6990:	e41fd06f          	j	47d0 <_vfprintf_r+0x634>
    6994:	00600913          	li	s2,6
    6998:	e39fd06f          	j	47d0 <_vfprintf_r+0x634>
    699c:	00090a93          	mv	s5,s2
    69a0:	00048f13          	mv	t5,s1
    69a4:	000a0e93          	mv	t4,s4
    69a8:	06812883          	lw	a7,104(sp)
    69ac:	07412403          	lw	s0,116(sp)
    69b0:	07012903          	lw	s2,112(sp)
    69b4:	05012383          	lw	t2,80(sp)
    69b8:	07812983          	lw	s3,120(sp)
    69bc:	07c12c03          	lw	s8,124(sp)
    69c0:	06412483          	lw	s1,100(sp)
    69c4:	06c12a03          	lw	s4,108(sp)
    69c8:	000c8713          	mv	a4,s9
    69cc:	9edff06f          	j	63b8 <_vfprintf_r+0x221c>
    69d0:	06700893          	li	a7,103
    69d4:	04012603          	lw	a2,64(sp)
    69d8:	0ff00713          	li	a4,255
    69dc:	00064783          	lbu	a5,0(a2)
    69e0:	12e78663          	beq	a5,a4,6b0c <_vfprintf_r+0x2970>
    69e4:	02012683          	lw	a3,32(sp)
    69e8:	00000513          	li	a0,0
    69ec:	00000593          	li	a1,0
    69f0:	00d7de63          	bge	a5,a3,6a0c <_vfprintf_r+0x2870>
    69f4:	40f686b3          	sub	a3,a3,a5
    69f8:	00164783          	lbu	a5,1(a2)
    69fc:	04078663          	beqz	a5,6a48 <_vfprintf_r+0x28ac>
    6a00:	00158593          	add	a1,a1,1
    6a04:	00160613          	add	a2,a2,1
    6a08:	fee794e3          	bne	a5,a4,69f0 <_vfprintf_r+0x2854>
    6a0c:	04c12023          	sw	a2,64(sp)
    6a10:	02d12023          	sw	a3,32(sp)
    6a14:	02b12423          	sw	a1,40(sp)
    6a18:	02a12623          	sw	a0,44(sp)
    6a1c:	02c12783          	lw	a5,44(sp)
    6a20:	02812703          	lw	a4,40(sp)
    6a24:	05c12b83          	lw	s7,92(sp)
    6a28:	00e78733          	add	a4,a5,a4
    6a2c:	04c12783          	lw	a5,76(sp)
    6a30:	02f70733          	mul	a4,a4,a5
    6a34:	01a70d33          	add	s10,a4,s10
    6a38:	fffd4693          	not	a3,s10
    6a3c:	41f6d693          	sra	a3,a3,0x1f
    6a40:	00dd7cb3          	and	s9,s10,a3
    6a44:	dacff06f          	j	5ff0 <_vfprintf_r+0x1e54>
    6a48:	00064783          	lbu	a5,0(a2)
    6a4c:	00150513          	add	a0,a0,1
    6a50:	fb9ff06f          	j	6a08 <_vfprintf_r+0x286c>
    6a54:	40fd0e33          	sub	t3,s10,a5
    6a58:	001e0d13          	add	s10,t3,1
    6a5c:	fffd4693          	not	a3,s10
    6a60:	41f6d693          	sra	a3,a3,0x1f
    6a64:	05c12b83          	lw	s7,92(sp)
    6a68:	00dd7cb3          	and	s9,s10,a3
    6a6c:	c1dff06f          	j	6688 <_vfprintf_r+0x24ec>
    6a70:	03412783          	lw	a5,52(sp)
    6a74:	06600893          	li	a7,102
    6a78:	00f70e33          	add	t3,a4,a5
    6a7c:	012e0d33          	add	s10,t3,s2
    6a80:	d29ff06f          	j	67a8 <_vfprintf_r+0x260c>
    6a84:	07000713          	li	a4,112
    6a88:	c8cff06f          	j	5f14 <_vfprintf_r+0x1d78>
    6a8c:	00200793          	li	a5,2
    6a90:	04f12223          	sw	a5,68(sp)
    6a94:	d1cff06f          	j	5fb0 <_vfprintf_r+0x1e14>
    6a98:	00079c63          	bnez	a5,6ab0 <_vfprintf_r+0x2914>
    6a9c:	05c12b83          	lw	s7,92(sp)
    6aa0:	00100c93          	li	s9,1
    6aa4:	06600893          	li	a7,102
    6aa8:	00100d13          	li	s10,1
    6aac:	bddff06f          	j	6688 <_vfprintf_r+0x24ec>
    6ab0:	03412783          	lw	a5,52(sp)
    6ab4:	05c12b83          	lw	s7,92(sp)
    6ab8:	06600893          	li	a7,102
    6abc:	00178e13          	add	t3,a5,1
    6ac0:	012e0d33          	add	s10,t3,s2
    6ac4:	fffd4693          	not	a3,s10
    6ac8:	41f6d693          	sra	a3,a3,0x1f
    6acc:	00dd7cb3          	and	s9,s10,a3
    6ad0:	bb9ff06f          	j	6688 <_vfprintf_r+0x24ec>
    6ad4:	01812783          	lw	a5,24(sp)
    6ad8:	0007a903          	lw	s2,0(a5)
    6adc:	00478793          	add	a5,a5,4
    6ae0:	00095463          	bgez	s2,6ae8 <_vfprintf_r+0x294c>
    6ae4:	fff00913          	li	s2,-1
    6ae8:	0014c883          	lbu	a7,1(s1)
    6aec:	00f12c23          	sw	a5,24(sp)
    6af0:	00070493          	mv	s1,a4
    6af4:	859fd06f          	j	434c <_vfprintf_r+0x1b0>
    6af8:	00812703          	lw	a4,8(sp)
    6afc:	00c75783          	lhu	a5,12(a4)
    6b00:	0407e793          	or	a5,a5,64
    6b04:	00f71623          	sh	a5,12(a4)
    6b08:	9f9fd06f          	j	4500 <_vfprintf_r+0x364>
    6b0c:	02012623          	sw	zero,44(sp)
    6b10:	02012423          	sw	zero,40(sp)
    6b14:	f09ff06f          	j	6a1c <_vfprintf_r+0x2880>

00006b18 <vfprintf>:
    6b18:	00050793          	mv	a5,a0
    6b1c:	19c1a503          	lw	a0,412(gp) # 2000099c <_impure_ptr>
    6b20:	00060693          	mv	a3,a2
    6b24:	00058613          	mv	a2,a1
    6b28:	00078593          	mv	a1,a5
    6b2c:	e70fd06f          	j	419c <_vfprintf_r>

00006b30 <__sbprintf>:
    6b30:	00c59783          	lh	a5,12(a1)
    6b34:	00e5d703          	lhu	a4,14(a1)
    6b38:	0645a303          	lw	t1,100(a1)
    6b3c:	ffd7f793          	and	a5,a5,-3
    6b40:	01079793          	sll	a5,a5,0x10
    6b44:	01c5a883          	lw	a7,28(a1)
    6b48:	0245a803          	lw	a6,36(a1)
    6b4c:	01071713          	sll	a4,a4,0x10
    6b50:	0107d793          	srl	a5,a5,0x10
    6b54:	b8010113          	add	sp,sp,-1152
    6b58:	00e7e7b3          	or	a5,a5,a4
    6b5c:	46812c23          	sw	s0,1144(sp)
    6b60:	40000713          	li	a4,1024
    6b64:	00f12a23          	sw	a5,20(sp)
    6b68:	00058413          	mv	s0,a1
    6b6c:	07010793          	add	a5,sp,112
    6b70:	00810593          	add	a1,sp,8
    6b74:	46912a23          	sw	s1,1140(sp)
    6b78:	47212823          	sw	s2,1136(sp)
    6b7c:	46112e23          	sw	ra,1148(sp)
    6b80:	00050913          	mv	s2,a0
    6b84:	06612623          	sw	t1,108(sp)
    6b88:	03112223          	sw	a7,36(sp)
    6b8c:	03012623          	sw	a6,44(sp)
    6b90:	00f12423          	sw	a5,8(sp)
    6b94:	00f12c23          	sw	a5,24(sp)
    6b98:	00e12823          	sw	a4,16(sp)
    6b9c:	00e12e23          	sw	a4,28(sp)
    6ba0:	02012023          	sw	zero,32(sp)
    6ba4:	df8fd0ef          	jal	419c <_vfprintf_r>
    6ba8:	00050493          	mv	s1,a0
    6bac:	02055c63          	bgez	a0,6be4 <__sbprintf+0xb4>
    6bb0:	01415783          	lhu	a5,20(sp)
    6bb4:	0407f793          	and	a5,a5,64
    6bb8:	00078863          	beqz	a5,6bc8 <__sbprintf+0x98>
    6bbc:	00c45783          	lhu	a5,12(s0)
    6bc0:	0407e793          	or	a5,a5,64
    6bc4:	00f41623          	sh	a5,12(s0)
    6bc8:	47c12083          	lw	ra,1148(sp)
    6bcc:	47812403          	lw	s0,1144(sp)
    6bd0:	47012903          	lw	s2,1136(sp)
    6bd4:	00048513          	mv	a0,s1
    6bd8:	47412483          	lw	s1,1140(sp)
    6bdc:	48010113          	add	sp,sp,1152
    6be0:	00008067          	ret
    6be4:	00810593          	add	a1,sp,8
    6be8:	00090513          	mv	a0,s2
    6bec:	39c000ef          	jal	6f88 <_fflush_r>
    6bf0:	fc0500e3          	beqz	a0,6bb0 <__sbprintf+0x80>
    6bf4:	fff00493          	li	s1,-1
    6bf8:	fb9ff06f          	j	6bb0 <__sbprintf+0x80>

00006bfc <__swsetup_r>:
    6bfc:	19c1a783          	lw	a5,412(gp) # 2000099c <_impure_ptr>
    6c00:	ff010113          	add	sp,sp,-16
    6c04:	00812423          	sw	s0,8(sp)
    6c08:	00912223          	sw	s1,4(sp)
    6c0c:	00112623          	sw	ra,12(sp)
    6c10:	00050493          	mv	s1,a0
    6c14:	00058413          	mv	s0,a1
    6c18:	00078663          	beqz	a5,6c24 <__swsetup_r+0x28>
    6c1c:	0387a703          	lw	a4,56(a5)
    6c20:	08070063          	beqz	a4,6ca0 <__swsetup_r+0xa4>
    6c24:	00c41783          	lh	a5,12(s0)
    6c28:	0087f713          	and	a4,a5,8
    6c2c:	08070463          	beqz	a4,6cb4 <__swsetup_r+0xb8>
    6c30:	01042703          	lw	a4,16(s0)
    6c34:	0a070063          	beqz	a4,6cd4 <__swsetup_r+0xd8>
    6c38:	0017f693          	and	a3,a5,1
    6c3c:	02068863          	beqz	a3,6c6c <__swsetup_r+0x70>
    6c40:	01442683          	lw	a3,20(s0)
    6c44:	00042423          	sw	zero,8(s0)
    6c48:	00000513          	li	a0,0
    6c4c:	40d006b3          	neg	a3,a3
    6c50:	00d42c23          	sw	a3,24(s0)
    6c54:	02070a63          	beqz	a4,6c88 <__swsetup_r+0x8c>
    6c58:	00c12083          	lw	ra,12(sp)
    6c5c:	00812403          	lw	s0,8(sp)
    6c60:	00412483          	lw	s1,4(sp)
    6c64:	01010113          	add	sp,sp,16
    6c68:	00008067          	ret
    6c6c:	0027f693          	and	a3,a5,2
    6c70:	00000613          	li	a2,0
    6c74:	00069463          	bnez	a3,6c7c <__swsetup_r+0x80>
    6c78:	01442603          	lw	a2,20(s0)
    6c7c:	00c42423          	sw	a2,8(s0)
    6c80:	00000513          	li	a0,0
    6c84:	fc071ae3          	bnez	a4,6c58 <__swsetup_r+0x5c>
    6c88:	0807f713          	and	a4,a5,128
    6c8c:	fc0706e3          	beqz	a4,6c58 <__swsetup_r+0x5c>
    6c90:	0407e793          	or	a5,a5,64
    6c94:	00f41623          	sh	a5,12(s0)
    6c98:	fff00513          	li	a0,-1
    6c9c:	fbdff06f          	j	6c58 <__swsetup_r+0x5c>
    6ca0:	00078513          	mv	a0,a5
    6ca4:	714000ef          	jal	73b8 <__sinit>
    6ca8:	00c41783          	lh	a5,12(s0)
    6cac:	0087f713          	and	a4,a5,8
    6cb0:	f80710e3          	bnez	a4,6c30 <__swsetup_r+0x34>
    6cb4:	0107f713          	and	a4,a5,16
    6cb8:	06070a63          	beqz	a4,6d2c <__swsetup_r+0x130>
    6cbc:	0047f713          	and	a4,a5,4
    6cc0:	02071c63          	bnez	a4,6cf8 <__swsetup_r+0xfc>
    6cc4:	01042703          	lw	a4,16(s0)
    6cc8:	0087e793          	or	a5,a5,8
    6ccc:	00f41623          	sh	a5,12(s0)
    6cd0:	f60714e3          	bnez	a4,6c38 <__swsetup_r+0x3c>
    6cd4:	2807f693          	and	a3,a5,640
    6cd8:	20000613          	li	a2,512
    6cdc:	f4c68ee3          	beq	a3,a2,6c38 <__swsetup_r+0x3c>
    6ce0:	00040593          	mv	a1,s0
    6ce4:	00048513          	mv	a0,s1
    6ce8:	21d030ef          	jal	a704 <__smakebuf_r>
    6cec:	00c41783          	lh	a5,12(s0)
    6cf0:	01042703          	lw	a4,16(s0)
    6cf4:	f45ff06f          	j	6c38 <__swsetup_r+0x3c>
    6cf8:	03042583          	lw	a1,48(s0)
    6cfc:	00058e63          	beqz	a1,6d18 <__swsetup_r+0x11c>
    6d00:	04040713          	add	a4,s0,64
    6d04:	00e58863          	beq	a1,a4,6d14 <__swsetup_r+0x118>
    6d08:	00048513          	mv	a0,s1
    6d0c:	01d000ef          	jal	7528 <_free_r>
    6d10:	00c41783          	lh	a5,12(s0)
    6d14:	02042823          	sw	zero,48(s0)
    6d18:	01042703          	lw	a4,16(s0)
    6d1c:	fdb7f793          	and	a5,a5,-37
    6d20:	00042223          	sw	zero,4(s0)
    6d24:	00e42023          	sw	a4,0(s0)
    6d28:	fa1ff06f          	j	6cc8 <__swsetup_r+0xcc>
    6d2c:	00900713          	li	a4,9
    6d30:	00e4a023          	sw	a4,0(s1)
    6d34:	0407e793          	or	a5,a5,64
    6d38:	f5dff06f          	j	6c94 <__swsetup_r+0x98>

00006d3c <__sflush_r>:
    6d3c:	00c59783          	lh	a5,12(a1)
    6d40:	fe010113          	add	sp,sp,-32
    6d44:	00812c23          	sw	s0,24(sp)
    6d48:	01312623          	sw	s3,12(sp)
    6d4c:	00112e23          	sw	ra,28(sp)
    6d50:	00912a23          	sw	s1,20(sp)
    6d54:	01212823          	sw	s2,16(sp)
    6d58:	0087f713          	and	a4,a5,8
    6d5c:	00058413          	mv	s0,a1
    6d60:	00050993          	mv	s3,a0
    6d64:	12071263          	bnez	a4,6e88 <__sflush_r+0x14c>
    6d68:	00001737          	lui	a4,0x1
    6d6c:	80070713          	add	a4,a4,-2048 # 800 <__divdf3+0x47c>
    6d70:	0045a683          	lw	a3,4(a1)
    6d74:	00e7e733          	or	a4,a5,a4
    6d78:	00e59623          	sh	a4,12(a1)
    6d7c:	18d05863          	blez	a3,6f0c <__sflush_r+0x1d0>
    6d80:	02842803          	lw	a6,40(s0)
    6d84:	0e080263          	beqz	a6,6e68 <__sflush_r+0x12c>
    6d88:	00c7d793          	srl	a5,a5,0xc
    6d8c:	0009a483          	lw	s1,0(s3)
    6d90:	0017f793          	and	a5,a5,1
    6d94:	0009a023          	sw	zero,0(s3)
    6d98:	01c42583          	lw	a1,28(s0)
    6d9c:	18079063          	bnez	a5,6f1c <__sflush_r+0x1e0>
    6da0:	00000613          	li	a2,0
    6da4:	00100693          	li	a3,1
    6da8:	00098513          	mv	a0,s3
    6dac:	000800e7          	jalr	a6
    6db0:	fff00793          	li	a5,-1
    6db4:	00050613          	mv	a2,a0
    6db8:	1af50063          	beq	a0,a5,6f58 <__sflush_r+0x21c>
    6dbc:	00c41703          	lh	a4,12(s0)
    6dc0:	02842803          	lw	a6,40(s0)
    6dc4:	01c42583          	lw	a1,28(s0)
    6dc8:	00477713          	and	a4,a4,4
    6dcc:	00070e63          	beqz	a4,6de8 <__sflush_r+0xac>
    6dd0:	00442703          	lw	a4,4(s0)
    6dd4:	03042783          	lw	a5,48(s0)
    6dd8:	40e60633          	sub	a2,a2,a4
    6ddc:	00078663          	beqz	a5,6de8 <__sflush_r+0xac>
    6de0:	03c42783          	lw	a5,60(s0)
    6de4:	40f60633          	sub	a2,a2,a5
    6de8:	00000693          	li	a3,0
    6dec:	00098513          	mv	a0,s3
    6df0:	000800e7          	jalr	a6
    6df4:	fff00793          	li	a5,-1
    6df8:	12f51663          	bne	a0,a5,6f24 <__sflush_r+0x1e8>
    6dfc:	0009a683          	lw	a3,0(s3)
    6e00:	01d00793          	li	a5,29
    6e04:	0cd7ee63          	bltu	a5,a3,6ee0 <__sflush_r+0x1a4>
    6e08:	dfc00737          	lui	a4,0xdfc00
    6e0c:	ffe70713          	add	a4,a4,-2 # dfbffffe <_stack_top+0xbfaffffe>
    6e10:	40d75733          	sra	a4,a4,a3
    6e14:	00177713          	and	a4,a4,1
    6e18:	00c41783          	lh	a5,12(s0)
    6e1c:	0c071463          	bnez	a4,6ee4 <__sflush_r+0x1a8>
    6e20:	01042603          	lw	a2,16(s0)
    6e24:	fffff737          	lui	a4,0xfffff
    6e28:	7ff70713          	add	a4,a4,2047 # fffff7ff <_stack_top+0xdfeff7ff>
    6e2c:	00e7f733          	and	a4,a5,a4
    6e30:	00c7d793          	srl	a5,a5,0xc
    6e34:	00e41623          	sh	a4,12(s0)
    6e38:	00042223          	sw	zero,4(s0)
    6e3c:	00c42023          	sw	a2,0(s0)
    6e40:	0017f793          	and	a5,a5,1
    6e44:	12079c63          	bnez	a5,6f7c <__sflush_r+0x240>
    6e48:	03042583          	lw	a1,48(s0)
    6e4c:	0099a023          	sw	s1,0(s3)
    6e50:	00058c63          	beqz	a1,6e68 <__sflush_r+0x12c>
    6e54:	04040793          	add	a5,s0,64
    6e58:	00f58663          	beq	a1,a5,6e64 <__sflush_r+0x128>
    6e5c:	00098513          	mv	a0,s3
    6e60:	6c8000ef          	jal	7528 <_free_r>
    6e64:	02042823          	sw	zero,48(s0)
    6e68:	00000513          	li	a0,0
    6e6c:	01c12083          	lw	ra,28(sp)
    6e70:	01812403          	lw	s0,24(sp)
    6e74:	01412483          	lw	s1,20(sp)
    6e78:	01012903          	lw	s2,16(sp)
    6e7c:	00c12983          	lw	s3,12(sp)
    6e80:	02010113          	add	sp,sp,32
    6e84:	00008067          	ret
    6e88:	0105a903          	lw	s2,16(a1)
    6e8c:	fc090ee3          	beqz	s2,6e68 <__sflush_r+0x12c>
    6e90:	0005a483          	lw	s1,0(a1)
    6e94:	0037f793          	and	a5,a5,3
    6e98:	0125a023          	sw	s2,0(a1)
    6e9c:	412484b3          	sub	s1,s1,s2
    6ea0:	00000713          	li	a4,0
    6ea4:	00079463          	bnez	a5,6eac <__sflush_r+0x170>
    6ea8:	0145a703          	lw	a4,20(a1)
    6eac:	00e42423          	sw	a4,8(s0)
    6eb0:	00904863          	bgtz	s1,6ec0 <__sflush_r+0x184>
    6eb4:	fb5ff06f          	j	6e68 <__sflush_r+0x12c>
    6eb8:	00a90933          	add	s2,s2,a0
    6ebc:	fa9056e3          	blez	s1,6e68 <__sflush_r+0x12c>
    6ec0:	02442783          	lw	a5,36(s0)
    6ec4:	01c42583          	lw	a1,28(s0)
    6ec8:	00048693          	mv	a3,s1
    6ecc:	00090613          	mv	a2,s2
    6ed0:	00098513          	mv	a0,s3
    6ed4:	000780e7          	jalr	a5
    6ed8:	40a484b3          	sub	s1,s1,a0
    6edc:	fca04ee3          	bgtz	a0,6eb8 <__sflush_r+0x17c>
    6ee0:	00c41783          	lh	a5,12(s0)
    6ee4:	0407e793          	or	a5,a5,64
    6ee8:	01c12083          	lw	ra,28(sp)
    6eec:	00f41623          	sh	a5,12(s0)
    6ef0:	01812403          	lw	s0,24(sp)
    6ef4:	01412483          	lw	s1,20(sp)
    6ef8:	01012903          	lw	s2,16(sp)
    6efc:	00c12983          	lw	s3,12(sp)
    6f00:	fff00513          	li	a0,-1
    6f04:	02010113          	add	sp,sp,32
    6f08:	00008067          	ret
    6f0c:	03c5a683          	lw	a3,60(a1)
    6f10:	e6d048e3          	bgtz	a3,6d80 <__sflush_r+0x44>
    6f14:	00000513          	li	a0,0
    6f18:	f55ff06f          	j	6e6c <__sflush_r+0x130>
    6f1c:	05042603          	lw	a2,80(s0)
    6f20:	ea9ff06f          	j	6dc8 <__sflush_r+0x8c>
    6f24:	00c41783          	lh	a5,12(s0)
    6f28:	01042683          	lw	a3,16(s0)
    6f2c:	fffff737          	lui	a4,0xfffff
    6f30:	7ff70713          	add	a4,a4,2047 # fffff7ff <_stack_top+0xdfeff7ff>
    6f34:	00e7f733          	and	a4,a5,a4
    6f38:	00c7d793          	srl	a5,a5,0xc
    6f3c:	00e41623          	sh	a4,12(s0)
    6f40:	00042223          	sw	zero,4(s0)
    6f44:	00d42023          	sw	a3,0(s0)
    6f48:	0017f793          	and	a5,a5,1
    6f4c:	ee078ee3          	beqz	a5,6e48 <__sflush_r+0x10c>
    6f50:	04a42823          	sw	a0,80(s0)
    6f54:	ef5ff06f          	j	6e48 <__sflush_r+0x10c>
    6f58:	0009a783          	lw	a5,0(s3)
    6f5c:	e60780e3          	beqz	a5,6dbc <__sflush_r+0x80>
    6f60:	01d00713          	li	a4,29
    6f64:	00e78663          	beq	a5,a4,6f70 <__sflush_r+0x234>
    6f68:	01600713          	li	a4,22
    6f6c:	f6e79ae3          	bne	a5,a4,6ee0 <__sflush_r+0x1a4>
    6f70:	0099a023          	sw	s1,0(s3)
    6f74:	00000513          	li	a0,0
    6f78:	ef5ff06f          	j	6e6c <__sflush_r+0x130>
    6f7c:	ec0696e3          	bnez	a3,6e48 <__sflush_r+0x10c>
    6f80:	04a42823          	sw	a0,80(s0)
    6f84:	ec5ff06f          	j	6e48 <__sflush_r+0x10c>

00006f88 <_fflush_r>:
    6f88:	fe010113          	add	sp,sp,-32
    6f8c:	00812c23          	sw	s0,24(sp)
    6f90:	00112e23          	sw	ra,28(sp)
    6f94:	00050413          	mv	s0,a0
    6f98:	00050663          	beqz	a0,6fa4 <_fflush_r+0x1c>
    6f9c:	03852783          	lw	a5,56(a0)
    6fa0:	02078063          	beqz	a5,6fc0 <_fflush_r+0x38>
    6fa4:	00c59783          	lh	a5,12(a1)
    6fa8:	02079663          	bnez	a5,6fd4 <_fflush_r+0x4c>
    6fac:	01c12083          	lw	ra,28(sp)
    6fb0:	01812403          	lw	s0,24(sp)
    6fb4:	00000513          	li	a0,0
    6fb8:	02010113          	add	sp,sp,32
    6fbc:	00008067          	ret
    6fc0:	00b12623          	sw	a1,12(sp)
    6fc4:	3f4000ef          	jal	73b8 <__sinit>
    6fc8:	00c12583          	lw	a1,12(sp)
    6fcc:	00c59783          	lh	a5,12(a1)
    6fd0:	fc078ee3          	beqz	a5,6fac <_fflush_r+0x24>
    6fd4:	00040513          	mv	a0,s0
    6fd8:	01812403          	lw	s0,24(sp)
    6fdc:	01c12083          	lw	ra,28(sp)
    6fe0:	02010113          	add	sp,sp,32
    6fe4:	d59ff06f          	j	6d3c <__sflush_r>

00006fe8 <fflush>:
    6fe8:	06050663          	beqz	a0,7054 <fflush+0x6c>
    6fec:	fe010113          	add	sp,sp,-32
    6ff0:	00812c23          	sw	s0,24(sp)
    6ff4:	00050413          	mv	s0,a0
    6ff8:	19c1a503          	lw	a0,412(gp) # 2000099c <_impure_ptr>
    6ffc:	00112e23          	sw	ra,28(sp)
    7000:	00050663          	beqz	a0,700c <fflush+0x24>
    7004:	03852783          	lw	a5,56(a0)
    7008:	02078a63          	beqz	a5,703c <fflush+0x54>
    700c:	00c41783          	lh	a5,12(s0)
    7010:	00079c63          	bnez	a5,7028 <fflush+0x40>
    7014:	01c12083          	lw	ra,28(sp)
    7018:	01812403          	lw	s0,24(sp)
    701c:	00000513          	li	a0,0
    7020:	02010113          	add	sp,sp,32
    7024:	00008067          	ret
    7028:	00040593          	mv	a1,s0
    702c:	01812403          	lw	s0,24(sp)
    7030:	01c12083          	lw	ra,28(sp)
    7034:	02010113          	add	sp,sp,32
    7038:	d05ff06f          	j	6d3c <__sflush_r>
    703c:	00a12623          	sw	a0,12(sp)
    7040:	378000ef          	jal	73b8 <__sinit>
    7044:	00c41783          	lh	a5,12(s0)
    7048:	00c12503          	lw	a0,12(sp)
    704c:	fc0784e3          	beqz	a5,7014 <fflush+0x2c>
    7050:	fd9ff06f          	j	7028 <fflush+0x40>
    7054:	000147b7          	lui	a5,0x14
    7058:	6e87a503          	lw	a0,1768(a5) # 146e8 <_global_impure_ptr>
    705c:	000075b7          	lui	a1,0x7
    7060:	f8858593          	add	a1,a1,-120 # 6f88 <_fflush_r>
    7064:	0610006f          	j	78c4 <_fwalk_reent>

00007068 <__fp_lock>:
    7068:	00000513          	li	a0,0
    706c:	00008067          	ret

00007070 <_cleanup_r>:
    7070:	000115b7          	lui	a1,0x11
    7074:	a1458593          	add	a1,a1,-1516 # 10a14 <_fclose_r>
    7078:	04d0006f          	j	78c4 <_fwalk_reent>

0000707c <__fp_unlock>:
    707c:	00000513          	li	a0,0
    7080:	00008067          	ret

00007084 <__sinit.part.0>:
    7084:	fe010113          	add	sp,sp,-32
    7088:	000077b7          	lui	a5,0x7
    708c:	00112e23          	sw	ra,28(sp)
    7090:	00812c23          	sw	s0,24(sp)
    7094:	00912a23          	sw	s1,20(sp)
    7098:	01212823          	sw	s2,16(sp)
    709c:	01312623          	sw	s3,12(sp)
    70a0:	01412423          	sw	s4,8(sp)
    70a4:	01512223          	sw	s5,4(sp)
    70a8:	01612023          	sw	s6,0(sp)
    70ac:	00452403          	lw	s0,4(a0)
    70b0:	07078793          	add	a5,a5,112 # 7070 <_cleanup_r>
    70b4:	02f52e23          	sw	a5,60(a0)
    70b8:	2ec50713          	add	a4,a0,748
    70bc:	00300793          	li	a5,3
    70c0:	2ee52423          	sw	a4,744(a0)
    70c4:	2ef52223          	sw	a5,740(a0)
    70c8:	2e052023          	sw	zero,736(a0)
    70cc:	00400793          	li	a5,4
    70d0:	00050913          	mv	s2,a0
    70d4:	00f42623          	sw	a5,12(s0)
    70d8:	00800613          	li	a2,8
    70dc:	00000593          	li	a1,0
    70e0:	00042023          	sw	zero,0(s0)
    70e4:	00042223          	sw	zero,4(s0)
    70e8:	00042423          	sw	zero,8(s0)
    70ec:	06042223          	sw	zero,100(s0)
    70f0:	00042823          	sw	zero,16(s0)
    70f4:	00042a23          	sw	zero,20(s0)
    70f8:	00042c23          	sw	zero,24(s0)
    70fc:	05c40513          	add	a0,s0,92
    7100:	82cf90ef          	jal	12c <memset>
    7104:	0000cb37          	lui	s6,0xc
    7108:	00892483          	lw	s1,8(s2)
    710c:	0000cab7          	lui	s5,0xc
    7110:	0000ca37          	lui	s4,0xc
    7114:	0000c9b7          	lui	s3,0xc
    7118:	60cb0b13          	add	s6,s6,1548 # c60c <__sread>
    711c:	670a8a93          	add	s5,s5,1648 # c670 <__swrite>
    7120:	6f8a0a13          	add	s4,s4,1784 # c6f8 <__sseek>
    7124:	77098993          	add	s3,s3,1904 # c770 <__sclose>
    7128:	000107b7          	lui	a5,0x10
    712c:	03642023          	sw	s6,32(s0)
    7130:	03542223          	sw	s5,36(s0)
    7134:	03442423          	sw	s4,40(s0)
    7138:	03342623          	sw	s3,44(s0)
    713c:	00842e23          	sw	s0,28(s0)
    7140:	00978793          	add	a5,a5,9 # 10009 <_vfiprintf_r+0xc8d>
    7144:	00f4a623          	sw	a5,12(s1)
    7148:	00800613          	li	a2,8
    714c:	00000593          	li	a1,0
    7150:	0004a023          	sw	zero,0(s1)
    7154:	0004a223          	sw	zero,4(s1)
    7158:	0004a423          	sw	zero,8(s1)
    715c:	0604a223          	sw	zero,100(s1)
    7160:	0004a823          	sw	zero,16(s1)
    7164:	0004aa23          	sw	zero,20(s1)
    7168:	0004ac23          	sw	zero,24(s1)
    716c:	05c48513          	add	a0,s1,92
    7170:	fbdf80ef          	jal	12c <memset>
    7174:	00c92403          	lw	s0,12(s2)
    7178:	000207b7          	lui	a5,0x20
    717c:	0364a023          	sw	s6,32(s1)
    7180:	0354a223          	sw	s5,36(s1)
    7184:	0344a423          	sw	s4,40(s1)
    7188:	0334a623          	sw	s3,44(s1)
    718c:	0094ae23          	sw	s1,28(s1)
    7190:	01278793          	add	a5,a5,18 # 20012 <_sidata+0xb90a>
    7194:	00f42623          	sw	a5,12(s0)
    7198:	00042023          	sw	zero,0(s0)
    719c:	00042223          	sw	zero,4(s0)
    71a0:	00042423          	sw	zero,8(s0)
    71a4:	06042223          	sw	zero,100(s0)
    71a8:	00042823          	sw	zero,16(s0)
    71ac:	00042a23          	sw	zero,20(s0)
    71b0:	00042c23          	sw	zero,24(s0)
    71b4:	05c40513          	add	a0,s0,92
    71b8:	00800613          	li	a2,8
    71bc:	00000593          	li	a1,0
    71c0:	f6df80ef          	jal	12c <memset>
    71c4:	01c12083          	lw	ra,28(sp)
    71c8:	03642023          	sw	s6,32(s0)
    71cc:	03542223          	sw	s5,36(s0)
    71d0:	03442423          	sw	s4,40(s0)
    71d4:	03342623          	sw	s3,44(s0)
    71d8:	00842e23          	sw	s0,28(s0)
    71dc:	01812403          	lw	s0,24(sp)
    71e0:	00100793          	li	a5,1
    71e4:	02f92c23          	sw	a5,56(s2)
    71e8:	01412483          	lw	s1,20(sp)
    71ec:	01012903          	lw	s2,16(sp)
    71f0:	00c12983          	lw	s3,12(sp)
    71f4:	00812a03          	lw	s4,8(sp)
    71f8:	00412a83          	lw	s5,4(sp)
    71fc:	00012b03          	lw	s6,0(sp)
    7200:	02010113          	add	sp,sp,32
    7204:	00008067          	ret

00007208 <__sfmoreglue>:
    7208:	ff010113          	add	sp,sp,-16
    720c:	00912223          	sw	s1,4(sp)
    7210:	06800793          	li	a5,104
    7214:	fff58493          	add	s1,a1,-1
    7218:	02f484b3          	mul	s1,s1,a5
    721c:	01212023          	sw	s2,0(sp)
    7220:	00058913          	mv	s2,a1
    7224:	00812423          	sw	s0,8(sp)
    7228:	00112623          	sw	ra,12(sp)
    722c:	07448593          	add	a1,s1,116
    7230:	73c030ef          	jal	a96c <_malloc_r>
    7234:	00050413          	mv	s0,a0
    7238:	02050063          	beqz	a0,7258 <__sfmoreglue+0x50>
    723c:	00c50513          	add	a0,a0,12
    7240:	00042023          	sw	zero,0(s0)
    7244:	01242223          	sw	s2,4(s0)
    7248:	00a42423          	sw	a0,8(s0)
    724c:	06848613          	add	a2,s1,104
    7250:	00000593          	li	a1,0
    7254:	ed9f80ef          	jal	12c <memset>
    7258:	00c12083          	lw	ra,12(sp)
    725c:	00040513          	mv	a0,s0
    7260:	00812403          	lw	s0,8(sp)
    7264:	00412483          	lw	s1,4(sp)
    7268:	00012903          	lw	s2,0(sp)
    726c:	01010113          	add	sp,sp,16
    7270:	00008067          	ret

00007274 <__sfp>:
    7274:	fe010113          	add	sp,sp,-32
    7278:	000147b7          	lui	a5,0x14
    727c:	01212823          	sw	s2,16(sp)
    7280:	6e87a903          	lw	s2,1768(a5) # 146e8 <_global_impure_ptr>
    7284:	01312623          	sw	s3,12(sp)
    7288:	00112e23          	sw	ra,28(sp)
    728c:	03892783          	lw	a5,56(s2)
    7290:	00812c23          	sw	s0,24(sp)
    7294:	00912a23          	sw	s1,20(sp)
    7298:	00050993          	mv	s3,a0
    729c:	0a078663          	beqz	a5,7348 <__sfp+0xd4>
    72a0:	2e090913          	add	s2,s2,736
    72a4:	fff00493          	li	s1,-1
    72a8:	00492783          	lw	a5,4(s2)
    72ac:	00892403          	lw	s0,8(s2)
    72b0:	fff78793          	add	a5,a5,-1
    72b4:	0007d863          	bgez	a5,72c4 <__sfp+0x50>
    72b8:	0800006f          	j	7338 <__sfp+0xc4>
    72bc:	06840413          	add	s0,s0,104
    72c0:	06978c63          	beq	a5,s1,7338 <__sfp+0xc4>
    72c4:	00c41703          	lh	a4,12(s0)
    72c8:	fff78793          	add	a5,a5,-1
    72cc:	fe0718e3          	bnez	a4,72bc <__sfp+0x48>
    72d0:	ffff07b7          	lui	a5,0xffff0
    72d4:	00178793          	add	a5,a5,1 # ffff0001 <_stack_top+0xdfef0001>
    72d8:	00f42623          	sw	a5,12(s0)
    72dc:	06042223          	sw	zero,100(s0)
    72e0:	00042023          	sw	zero,0(s0)
    72e4:	00042423          	sw	zero,8(s0)
    72e8:	00042223          	sw	zero,4(s0)
    72ec:	00042823          	sw	zero,16(s0)
    72f0:	00042a23          	sw	zero,20(s0)
    72f4:	00042c23          	sw	zero,24(s0)
    72f8:	00800613          	li	a2,8
    72fc:	00000593          	li	a1,0
    7300:	05c40513          	add	a0,s0,92
    7304:	e29f80ef          	jal	12c <memset>
    7308:	02042823          	sw	zero,48(s0)
    730c:	02042a23          	sw	zero,52(s0)
    7310:	04042223          	sw	zero,68(s0)
    7314:	04042423          	sw	zero,72(s0)
    7318:	01c12083          	lw	ra,28(sp)
    731c:	00040513          	mv	a0,s0
    7320:	01812403          	lw	s0,24(sp)
    7324:	01412483          	lw	s1,20(sp)
    7328:	01012903          	lw	s2,16(sp)
    732c:	00c12983          	lw	s3,12(sp)
    7330:	02010113          	add	sp,sp,32
    7334:	00008067          	ret
    7338:	00092403          	lw	s0,0(s2)
    733c:	00040c63          	beqz	s0,7354 <__sfp+0xe0>
    7340:	00040913          	mv	s2,s0
    7344:	f65ff06f          	j	72a8 <__sfp+0x34>
    7348:	00090513          	mv	a0,s2
    734c:	d39ff0ef          	jal	7084 <__sinit.part.0>
    7350:	f51ff06f          	j	72a0 <__sfp+0x2c>
    7354:	1ac00593          	li	a1,428
    7358:	00098513          	mv	a0,s3
    735c:	610030ef          	jal	a96c <_malloc_r>
    7360:	00050413          	mv	s0,a0
    7364:	02050863          	beqz	a0,7394 <__sfp+0x120>
    7368:	00c50513          	add	a0,a0,12
    736c:	00400793          	li	a5,4
    7370:	00042023          	sw	zero,0(s0)
    7374:	00f42223          	sw	a5,4(s0)
    7378:	00a42423          	sw	a0,8(s0)
    737c:	1a000613          	li	a2,416
    7380:	00000593          	li	a1,0
    7384:	da9f80ef          	jal	12c <memset>
    7388:	00892023          	sw	s0,0(s2)
    738c:	00040913          	mv	s2,s0
    7390:	f19ff06f          	j	72a8 <__sfp+0x34>
    7394:	00092023          	sw	zero,0(s2)
    7398:	00c00793          	li	a5,12
    739c:	00f9a023          	sw	a5,0(s3)
    73a0:	f79ff06f          	j	7318 <__sfp+0xa4>

000073a4 <_cleanup>:
    73a4:	000147b7          	lui	a5,0x14
    73a8:	6e87a503          	lw	a0,1768(a5) # 146e8 <_global_impure_ptr>
    73ac:	000115b7          	lui	a1,0x11
    73b0:	a1458593          	add	a1,a1,-1516 # 10a14 <_fclose_r>
    73b4:	5100006f          	j	78c4 <_fwalk_reent>

000073b8 <__sinit>:
    73b8:	03852783          	lw	a5,56(a0)
    73bc:	00078463          	beqz	a5,73c4 <__sinit+0xc>
    73c0:	00008067          	ret
    73c4:	cc1ff06f          	j	7084 <__sinit.part.0>

000073c8 <__sfp_lock_acquire>:
    73c8:	00008067          	ret

000073cc <__sfp_lock_release>:
    73cc:	00008067          	ret

000073d0 <__sinit_lock_acquire>:
    73d0:	00008067          	ret

000073d4 <__sinit_lock_release>:
    73d4:	00008067          	ret

000073d8 <__fp_lock_all>:
    73d8:	19c1a503          	lw	a0,412(gp) # 2000099c <_impure_ptr>
    73dc:	000075b7          	lui	a1,0x7
    73e0:	06858593          	add	a1,a1,104 # 7068 <__fp_lock>
    73e4:	43c0006f          	j	7820 <_fwalk>

000073e8 <__fp_unlock_all>:
    73e8:	19c1a503          	lw	a0,412(gp) # 2000099c <_impure_ptr>
    73ec:	000075b7          	lui	a1,0x7
    73f0:	07c58593          	add	a1,a1,124 # 707c <__fp_unlock>
    73f4:	42c0006f          	j	7820 <_fwalk>

000073f8 <_malloc_trim_r>:
    73f8:	fe010113          	add	sp,sp,-32
    73fc:	01312623          	sw	s3,12(sp)
    7400:	00812c23          	sw	s0,24(sp)
    7404:	00912a23          	sw	s1,20(sp)
    7408:	01212823          	sw	s2,16(sp)
    740c:	01412423          	sw	s4,8(sp)
    7410:	00112e23          	sw	ra,28(sp)
    7414:	00058a13          	mv	s4,a1
    7418:	00050913          	mv	s2,a0
    741c:	d9418993          	add	s3,gp,-620 # 20000594 <__malloc_av_>
    7420:	5f5030ef          	jal	b214 <__malloc_lock>
    7424:	0089a703          	lw	a4,8(s3)
    7428:	000017b7          	lui	a5,0x1
    742c:	fef78413          	add	s0,a5,-17 # fef <__muldf3+0x5a3>
    7430:	00472483          	lw	s1,4(a4)
    7434:	ffc4f493          	and	s1,s1,-4
    7438:	00848433          	add	s0,s1,s0
    743c:	41440433          	sub	s0,s0,s4
    7440:	00c45413          	srl	s0,s0,0xc
    7444:	fff40413          	add	s0,s0,-1
    7448:	00c41413          	sll	s0,s0,0xc
    744c:	00f44e63          	blt	s0,a5,7468 <_malloc_trim_r+0x70>
    7450:	00000593          	li	a1,0
    7454:	00090513          	mv	a0,s2
    7458:	7c9040ef          	jal	c420 <_sbrk_r>
    745c:	0089a783          	lw	a5,8(s3)
    7460:	009787b3          	add	a5,a5,s1
    7464:	02f50863          	beq	a0,a5,7494 <_malloc_trim_r+0x9c>
    7468:	00090513          	mv	a0,s2
    746c:	5ad030ef          	jal	b218 <__malloc_unlock>
    7470:	01c12083          	lw	ra,28(sp)
    7474:	01812403          	lw	s0,24(sp)
    7478:	01412483          	lw	s1,20(sp)
    747c:	01012903          	lw	s2,16(sp)
    7480:	00c12983          	lw	s3,12(sp)
    7484:	00812a03          	lw	s4,8(sp)
    7488:	00000513          	li	a0,0
    748c:	02010113          	add	sp,sp,32
    7490:	00008067          	ret
    7494:	408005b3          	neg	a1,s0
    7498:	00090513          	mv	a0,s2
    749c:	785040ef          	jal	c420 <_sbrk_r>
    74a0:	fff00793          	li	a5,-1
    74a4:	04f50863          	beq	a0,a5,74f4 <_malloc_trim_r+0xfc>
    74a8:	1a818793          	add	a5,gp,424 # 200009a8 <__malloc_current_mallinfo>
    74ac:	0007a703          	lw	a4,0(a5)
    74b0:	0089a683          	lw	a3,8(s3)
    74b4:	408484b3          	sub	s1,s1,s0
    74b8:	0014e493          	or	s1,s1,1
    74bc:	40870733          	sub	a4,a4,s0
    74c0:	00090513          	mv	a0,s2
    74c4:	0096a223          	sw	s1,4(a3)
    74c8:	00e7a023          	sw	a4,0(a5)
    74cc:	54d030ef          	jal	b218 <__malloc_unlock>
    74d0:	01c12083          	lw	ra,28(sp)
    74d4:	01812403          	lw	s0,24(sp)
    74d8:	01412483          	lw	s1,20(sp)
    74dc:	01012903          	lw	s2,16(sp)
    74e0:	00c12983          	lw	s3,12(sp)
    74e4:	00812a03          	lw	s4,8(sp)
    74e8:	00100513          	li	a0,1
    74ec:	02010113          	add	sp,sp,32
    74f0:	00008067          	ret
    74f4:	00000593          	li	a1,0
    74f8:	00090513          	mv	a0,s2
    74fc:	725040ef          	jal	c420 <_sbrk_r>
    7500:	0089a703          	lw	a4,8(s3)
    7504:	00f00693          	li	a3,15
    7508:	40e507b3          	sub	a5,a0,a4
    750c:	f4f6dee3          	bge	a3,a5,7468 <_malloc_trim_r+0x70>
    7510:	1a01a683          	lw	a3,416(gp) # 200009a0 <__malloc_sbrk_base>
    7514:	0017e793          	or	a5,a5,1
    7518:	00f72223          	sw	a5,4(a4)
    751c:	40d50533          	sub	a0,a0,a3
    7520:	1aa1a423          	sw	a0,424(gp) # 200009a8 <__malloc_current_mallinfo>
    7524:	f45ff06f          	j	7468 <_malloc_trim_r+0x70>

00007528 <_free_r>:
    7528:	16058e63          	beqz	a1,76a4 <_free_r+0x17c>
    752c:	ff010113          	add	sp,sp,-16
    7530:	00812423          	sw	s0,8(sp)
    7534:	00912223          	sw	s1,4(sp)
    7538:	00058413          	mv	s0,a1
    753c:	00050493          	mv	s1,a0
    7540:	00112623          	sw	ra,12(sp)
    7544:	4d1030ef          	jal	b214 <__malloc_lock>
    7548:	ffc42503          	lw	a0,-4(s0)
    754c:	ff840713          	add	a4,s0,-8
    7550:	ffe57793          	and	a5,a0,-2
    7554:	00f70633          	add	a2,a4,a5
    7558:	d9418593          	add	a1,gp,-620 # 20000594 <__malloc_av_>
    755c:	00462683          	lw	a3,4(a2)
    7560:	0085a803          	lw	a6,8(a1)
    7564:	ffc6f693          	and	a3,a3,-4
    7568:	18c80e63          	beq	a6,a2,7704 <_free_r+0x1dc>
    756c:	00d62223          	sw	a3,4(a2)
    7570:	00157513          	and	a0,a0,1
    7574:	00d60833          	add	a6,a2,a3
    7578:	08051e63          	bnez	a0,7614 <_free_r+0xec>
    757c:	ff842303          	lw	t1,-8(s0)
    7580:	00482803          	lw	a6,4(a6)
    7584:	40670733          	sub	a4,a4,t1
    7588:	00872883          	lw	a7,8(a4)
    758c:	d9c18513          	add	a0,gp,-612 # 2000059c <__malloc_av_+0x8>
    7590:	006787b3          	add	a5,a5,t1
    7594:	00187813          	and	a6,a6,1
    7598:	14a88063          	beq	a7,a0,76d8 <_free_r+0x1b0>
    759c:	00c72303          	lw	t1,12(a4)
    75a0:	0068a623          	sw	t1,12(a7)
    75a4:	01132423          	sw	a7,8(t1)
    75a8:	1a080463          	beqz	a6,7750 <_free_r+0x228>
    75ac:	0017e693          	or	a3,a5,1
    75b0:	00d72223          	sw	a3,4(a4)
    75b4:	00f62023          	sw	a5,0(a2)
    75b8:	1ff00693          	li	a3,511
    75bc:	06f6ec63          	bltu	a3,a5,7634 <_free_r+0x10c>
    75c0:	ff87f693          	and	a3,a5,-8
    75c4:	00868693          	add	a3,a3,8
    75c8:	0045a503          	lw	a0,4(a1)
    75cc:	00d586b3          	add	a3,a1,a3
    75d0:	0006a603          	lw	a2,0(a3)
    75d4:	0057d813          	srl	a6,a5,0x5
    75d8:	00100793          	li	a5,1
    75dc:	010797b3          	sll	a5,a5,a6
    75e0:	00a7e7b3          	or	a5,a5,a0
    75e4:	ff868513          	add	a0,a3,-8
    75e8:	00a72623          	sw	a0,12(a4)
    75ec:	00c72423          	sw	a2,8(a4)
    75f0:	00f5a223          	sw	a5,4(a1)
    75f4:	00e6a023          	sw	a4,0(a3)
    75f8:	00e62623          	sw	a4,12(a2)
    75fc:	00812403          	lw	s0,8(sp)
    7600:	00c12083          	lw	ra,12(sp)
    7604:	00048513          	mv	a0,s1
    7608:	00412483          	lw	s1,4(sp)
    760c:	01010113          	add	sp,sp,16
    7610:	4090306f          	j	b218 <__malloc_unlock>
    7614:	00482503          	lw	a0,4(a6)
    7618:	00157513          	and	a0,a0,1
    761c:	08050663          	beqz	a0,76a8 <_free_r+0x180>
    7620:	0017e693          	or	a3,a5,1
    7624:	fed42e23          	sw	a3,-4(s0)
    7628:	00f62023          	sw	a5,0(a2)
    762c:	1ff00693          	li	a3,511
    7630:	f8f6f8e3          	bgeu	a3,a5,75c0 <_free_r+0x98>
    7634:	0097d693          	srl	a3,a5,0x9
    7638:	00400613          	li	a2,4
    763c:	10d66e63          	bltu	a2,a3,7758 <_free_r+0x230>
    7640:	0067d693          	srl	a3,a5,0x6
    7644:	03968513          	add	a0,a3,57
    7648:	03868613          	add	a2,a3,56
    764c:	00351513          	sll	a0,a0,0x3
    7650:	00a58533          	add	a0,a1,a0
    7654:	00052683          	lw	a3,0(a0)
    7658:	ff850513          	add	a0,a0,-8
    765c:	00d51863          	bne	a0,a3,766c <_free_r+0x144>
    7660:	1500006f          	j	77b0 <_free_r+0x288>
    7664:	0086a683          	lw	a3,8(a3)
    7668:	00d50863          	beq	a0,a3,7678 <_free_r+0x150>
    766c:	0046a603          	lw	a2,4(a3)
    7670:	ffc67613          	and	a2,a2,-4
    7674:	fec7e8e3          	bltu	a5,a2,7664 <_free_r+0x13c>
    7678:	00c6a503          	lw	a0,12(a3)
    767c:	00a72623          	sw	a0,12(a4)
    7680:	00d72423          	sw	a3,8(a4)
    7684:	00812403          	lw	s0,8(sp)
    7688:	00e52423          	sw	a4,8(a0)
    768c:	00c12083          	lw	ra,12(sp)
    7690:	00048513          	mv	a0,s1
    7694:	00412483          	lw	s1,4(sp)
    7698:	00e6a623          	sw	a4,12(a3)
    769c:	01010113          	add	sp,sp,16
    76a0:	3790306f          	j	b218 <__malloc_unlock>
    76a4:	00008067          	ret
    76a8:	00d787b3          	add	a5,a5,a3
    76ac:	d9c18513          	add	a0,gp,-612 # 2000059c <__malloc_av_+0x8>
    76b0:	00862683          	lw	a3,8(a2)
    76b4:	0ca68c63          	beq	a3,a0,778c <_free_r+0x264>
    76b8:	00c62803          	lw	a6,12(a2)
    76bc:	0017e513          	or	a0,a5,1
    76c0:	00f70633          	add	a2,a4,a5
    76c4:	0106a623          	sw	a6,12(a3)
    76c8:	00d82423          	sw	a3,8(a6)
    76cc:	00a72223          	sw	a0,4(a4)
    76d0:	00f62023          	sw	a5,0(a2)
    76d4:	ee5ff06f          	j	75b8 <_free_r+0x90>
    76d8:	12081c63          	bnez	a6,7810 <_free_r+0x2e8>
    76dc:	00862583          	lw	a1,8(a2)
    76e0:	00c62603          	lw	a2,12(a2)
    76e4:	00f686b3          	add	a3,a3,a5
    76e8:	0016e793          	or	a5,a3,1
    76ec:	00c5a623          	sw	a2,12(a1)
    76f0:	00b62423          	sw	a1,8(a2)
    76f4:	00f72223          	sw	a5,4(a4)
    76f8:	00d70733          	add	a4,a4,a3
    76fc:	00d72023          	sw	a3,0(a4)
    7700:	efdff06f          	j	75fc <_free_r+0xd4>
    7704:	00157513          	and	a0,a0,1
    7708:	00d786b3          	add	a3,a5,a3
    770c:	02051063          	bnez	a0,772c <_free_r+0x204>
    7710:	ff842503          	lw	a0,-8(s0)
    7714:	40a70733          	sub	a4,a4,a0
    7718:	00c72783          	lw	a5,12(a4)
    771c:	00872603          	lw	a2,8(a4)
    7720:	00a686b3          	add	a3,a3,a0
    7724:	00f62623          	sw	a5,12(a2)
    7728:	00c7a423          	sw	a2,8(a5)
    772c:	0016e613          	or	a2,a3,1
    7730:	1a41a783          	lw	a5,420(gp) # 200009a4 <__malloc_trim_threshold>
    7734:	00c72223          	sw	a2,4(a4)
    7738:	00e5a423          	sw	a4,8(a1)
    773c:	ecf6e0e3          	bltu	a3,a5,75fc <_free_r+0xd4>
    7740:	1e01a583          	lw	a1,480(gp) # 200009e0 <__malloc_top_pad>
    7744:	00048513          	mv	a0,s1
    7748:	cb1ff0ef          	jal	73f8 <_malloc_trim_r>
    774c:	eb1ff06f          	j	75fc <_free_r+0xd4>
    7750:	00d787b3          	add	a5,a5,a3
    7754:	f5dff06f          	j	76b0 <_free_r+0x188>
    7758:	01400613          	li	a2,20
    775c:	02d67063          	bgeu	a2,a3,777c <_free_r+0x254>
    7760:	05400613          	li	a2,84
    7764:	06d66463          	bltu	a2,a3,77cc <_free_r+0x2a4>
    7768:	00c7d693          	srl	a3,a5,0xc
    776c:	06f68513          	add	a0,a3,111
    7770:	06e68613          	add	a2,a3,110
    7774:	00351513          	sll	a0,a0,0x3
    7778:	ed9ff06f          	j	7650 <_free_r+0x128>
    777c:	05c68513          	add	a0,a3,92
    7780:	05b68613          	add	a2,a3,91
    7784:	00351513          	sll	a0,a0,0x3
    7788:	ec9ff06f          	j	7650 <_free_r+0x128>
    778c:	00e5aa23          	sw	a4,20(a1)
    7790:	00e5a823          	sw	a4,16(a1)
    7794:	0017e693          	or	a3,a5,1
    7798:	00a72623          	sw	a0,12(a4)
    779c:	00a72423          	sw	a0,8(a4)
    77a0:	00d72223          	sw	a3,4(a4)
    77a4:	00f70733          	add	a4,a4,a5
    77a8:	00f72023          	sw	a5,0(a4)
    77ac:	e51ff06f          	j	75fc <_free_r+0xd4>
    77b0:	0045a803          	lw	a6,4(a1)
    77b4:	40265613          	sra	a2,a2,0x2
    77b8:	00100793          	li	a5,1
    77bc:	00c797b3          	sll	a5,a5,a2
    77c0:	0107e7b3          	or	a5,a5,a6
    77c4:	00f5a223          	sw	a5,4(a1)
    77c8:	eb5ff06f          	j	767c <_free_r+0x154>
    77cc:	15400613          	li	a2,340
    77d0:	00d66c63          	bltu	a2,a3,77e8 <_free_r+0x2c0>
    77d4:	00f7d693          	srl	a3,a5,0xf
    77d8:	07868513          	add	a0,a3,120
    77dc:	07768613          	add	a2,a3,119
    77e0:	00351513          	sll	a0,a0,0x3
    77e4:	e6dff06f          	j	7650 <_free_r+0x128>
    77e8:	55400613          	li	a2,1364
    77ec:	00d66c63          	bltu	a2,a3,7804 <_free_r+0x2dc>
    77f0:	0127d693          	srl	a3,a5,0x12
    77f4:	07d68513          	add	a0,a3,125
    77f8:	07c68613          	add	a2,a3,124
    77fc:	00351513          	sll	a0,a0,0x3
    7800:	e51ff06f          	j	7650 <_free_r+0x128>
    7804:	3f800513          	li	a0,1016
    7808:	07e00613          	li	a2,126
    780c:	e45ff06f          	j	7650 <_free_r+0x128>
    7810:	0017e693          	or	a3,a5,1
    7814:	00d72223          	sw	a3,4(a4)
    7818:	00f62023          	sw	a5,0(a2)
    781c:	de1ff06f          	j	75fc <_free_r+0xd4>

00007820 <_fwalk>:
    7820:	fe010113          	add	sp,sp,-32
    7824:	01212823          	sw	s2,16(sp)
    7828:	01312623          	sw	s3,12(sp)
    782c:	01412423          	sw	s4,8(sp)
    7830:	01512223          	sw	s5,4(sp)
    7834:	01612023          	sw	s6,0(sp)
    7838:	00112e23          	sw	ra,28(sp)
    783c:	00812c23          	sw	s0,24(sp)
    7840:	00912a23          	sw	s1,20(sp)
    7844:	00058b13          	mv	s6,a1
    7848:	2e050a93          	add	s5,a0,736
    784c:	00000a13          	li	s4,0
    7850:	00100993          	li	s3,1
    7854:	fff00913          	li	s2,-1
    7858:	004aa483          	lw	s1,4(s5)
    785c:	008aa403          	lw	s0,8(s5)
    7860:	fff48493          	add	s1,s1,-1
    7864:	0204c663          	bltz	s1,7890 <_fwalk+0x70>
    7868:	00c45783          	lhu	a5,12(s0)
    786c:	fff48493          	add	s1,s1,-1
    7870:	00f9fc63          	bgeu	s3,a5,7888 <_fwalk+0x68>
    7874:	00e41783          	lh	a5,14(s0)
    7878:	00040513          	mv	a0,s0
    787c:	01278663          	beq	a5,s2,7888 <_fwalk+0x68>
    7880:	000b00e7          	jalr	s6
    7884:	00aa6a33          	or	s4,s4,a0
    7888:	06840413          	add	s0,s0,104
    788c:	fd249ee3          	bne	s1,s2,7868 <_fwalk+0x48>
    7890:	000aaa83          	lw	s5,0(s5)
    7894:	fc0a92e3          	bnez	s5,7858 <_fwalk+0x38>
    7898:	01c12083          	lw	ra,28(sp)
    789c:	01812403          	lw	s0,24(sp)
    78a0:	01412483          	lw	s1,20(sp)
    78a4:	01012903          	lw	s2,16(sp)
    78a8:	00c12983          	lw	s3,12(sp)
    78ac:	00412a83          	lw	s5,4(sp)
    78b0:	00012b03          	lw	s6,0(sp)
    78b4:	000a0513          	mv	a0,s4
    78b8:	00812a03          	lw	s4,8(sp)
    78bc:	02010113          	add	sp,sp,32
    78c0:	00008067          	ret

000078c4 <_fwalk_reent>:
    78c4:	fd010113          	add	sp,sp,-48
    78c8:	03212023          	sw	s2,32(sp)
    78cc:	01312e23          	sw	s3,28(sp)
    78d0:	01412c23          	sw	s4,24(sp)
    78d4:	01512a23          	sw	s5,20(sp)
    78d8:	01612823          	sw	s6,16(sp)
    78dc:	01712623          	sw	s7,12(sp)
    78e0:	02112623          	sw	ra,44(sp)
    78e4:	02812423          	sw	s0,40(sp)
    78e8:	02912223          	sw	s1,36(sp)
    78ec:	00050a93          	mv	s5,a0
    78f0:	00058b93          	mv	s7,a1
    78f4:	2e050b13          	add	s6,a0,736
    78f8:	00000a13          	li	s4,0
    78fc:	00100993          	li	s3,1
    7900:	fff00913          	li	s2,-1
    7904:	004b2483          	lw	s1,4(s6)
    7908:	008b2403          	lw	s0,8(s6)
    790c:	fff48493          	add	s1,s1,-1
    7910:	0204c863          	bltz	s1,7940 <_fwalk_reent+0x7c>
    7914:	00c45783          	lhu	a5,12(s0)
    7918:	fff48493          	add	s1,s1,-1
    791c:	00f9fe63          	bgeu	s3,a5,7938 <_fwalk_reent+0x74>
    7920:	00e41783          	lh	a5,14(s0)
    7924:	00040593          	mv	a1,s0
    7928:	000a8513          	mv	a0,s5
    792c:	01278663          	beq	a5,s2,7938 <_fwalk_reent+0x74>
    7930:	000b80e7          	jalr	s7
    7934:	00aa6a33          	or	s4,s4,a0
    7938:	06840413          	add	s0,s0,104
    793c:	fd249ce3          	bne	s1,s2,7914 <_fwalk_reent+0x50>
    7940:	000b2b03          	lw	s6,0(s6)
    7944:	fc0b10e3          	bnez	s6,7904 <_fwalk_reent+0x40>
    7948:	02c12083          	lw	ra,44(sp)
    794c:	02812403          	lw	s0,40(sp)
    7950:	02412483          	lw	s1,36(sp)
    7954:	02012903          	lw	s2,32(sp)
    7958:	01c12983          	lw	s3,28(sp)
    795c:	01412a83          	lw	s5,20(sp)
    7960:	01012b03          	lw	s6,16(sp)
    7964:	00c12b83          	lw	s7,12(sp)
    7968:	000a0513          	mv	a0,s4
    796c:	01812a03          	lw	s4,24(sp)
    7970:	03010113          	add	sp,sp,48
    7974:	00008067          	ret

00007978 <eshdn1>:
    7978:	00450693          	add	a3,a0,4
    797c:	00000713          	li	a4,0
    7980:	01a50513          	add	a0,a0,26
    7984:	ffff8837          	lui	a6,0xffff8
    7988:	0006d783          	lhu	a5,0(a3)
    798c:	0017f613          	and	a2,a5,1
    7990:	00060463          	beqz	a2,7998 <eshdn1+0x20>
    7994:	00176713          	or	a4,a4,1
    7998:	00277613          	and	a2,a4,2
    799c:	0017d793          	srl	a5,a5,0x1
    79a0:	00171713          	sll	a4,a4,0x1
    79a4:	0107e5b3          	or	a1,a5,a6
    79a8:	00060663          	beqz	a2,79b4 <eshdn1+0x3c>
    79ac:	01059793          	sll	a5,a1,0x10
    79b0:	0107d793          	srl	a5,a5,0x10
    79b4:	00f69023          	sh	a5,0(a3)
    79b8:	01071713          	sll	a4,a4,0x10
    79bc:	00268693          	add	a3,a3,2
    79c0:	01075713          	srl	a4,a4,0x10
    79c4:	fcd512e3          	bne	a0,a3,7988 <eshdn1+0x10>
    79c8:	00008067          	ret

000079cc <eshup1>:
    79cc:	01850693          	add	a3,a0,24
    79d0:	00000713          	li	a4,0
    79d4:	00250513          	add	a0,a0,2
    79d8:	0006d783          	lhu	a5,0(a3)
    79dc:	01079613          	sll	a2,a5,0x10
    79e0:	41065613          	sra	a2,a2,0x10
    79e4:	00179793          	sll	a5,a5,0x1
    79e8:	00065463          	bgez	a2,79f0 <eshup1+0x24>
    79ec:	00176713          	or	a4,a4,1
    79f0:	00277613          	and	a2,a4,2
    79f4:	01079793          	sll	a5,a5,0x10
    79f8:	00171713          	sll	a4,a4,0x1
    79fc:	0107d793          	srl	a5,a5,0x10
    7a00:	00060463          	beqz	a2,7a08 <eshup1+0x3c>
    7a04:	0017e793          	or	a5,a5,1
    7a08:	00f69023          	sh	a5,0(a3)
    7a0c:	01071713          	sll	a4,a4,0x10
    7a10:	ffe68693          	add	a3,a3,-2
    7a14:	01075713          	srl	a4,a4,0x10
    7a18:	fcd510e3          	bne	a0,a3,79d8 <eshup1+0xc>
    7a1c:	00008067          	ret

00007a20 <m16m>:
    7a20:	fe010113          	add	sp,sp,-32
    7a24:	00010e37          	lui	t3,0x10
    7a28:	00011d23          	sh	zero,26(sp)
    7a2c:	00011e23          	sh	zero,28(sp)
    7a30:	01858593          	add	a1,a1,24
    7a34:	01c10793          	add	a5,sp,28
    7a38:	00810813          	add	a6,sp,8
    7a3c:	fffe0e13          	add	t3,t3,-1 # ffff <_vfiprintf_r+0xc83>
    7a40:	0005d703          	lhu	a4,0(a1)
    7a44:	ffe78793          	add	a5,a5,-2
    7a48:	ffe58593          	add	a1,a1,-2
    7a4c:	02070a63          	beqz	a4,7a80 <m16m+0x60>
    7a50:	02a70733          	mul	a4,a4,a0
    7a54:	0027d883          	lhu	a7,2(a5)
    7a58:	0007d303          	lhu	t1,0(a5)
    7a5c:	01c776b3          	and	a3,a4,t3
    7a60:	011686b3          	add	a3,a3,a7
    7a64:	01075713          	srl	a4,a4,0x10
    7a68:	0106d893          	srl	a7,a3,0x10
    7a6c:	00670733          	add	a4,a4,t1
    7a70:	01170733          	add	a4,a4,a7
    7a74:	00e79023          	sh	a4,0(a5)
    7a78:	00d79123          	sh	a3,2(a5)
    7a7c:	01075713          	srl	a4,a4,0x10
    7a80:	fee79f23          	sh	a4,-2(a5)
    7a84:	fb079ee3          	bne	a5,a6,7a40 <m16m+0x20>
    7a88:	00460613          	add	a2,a2,4
    7a8c:	01e10693          	add	a3,sp,30
    7a90:	0007d703          	lhu	a4,0(a5)
    7a94:	00278793          	add	a5,a5,2
    7a98:	00260613          	add	a2,a2,2
    7a9c:	fee61f23          	sh	a4,-2(a2)
    7aa0:	fed798e3          	bne	a5,a3,7a90 <m16m+0x70>
    7aa4:	02010113          	add	sp,sp,32
    7aa8:	00008067          	ret

00007aac <emovo.constprop.0>:
    7aac:	00055703          	lhu	a4,0(a0)
    7ab0:	00255783          	lhu	a5,2(a0)
    7ab4:	00070663          	beqz	a4,7ac0 <emovo.constprop.0+0x14>
    7ab8:	00008737          	lui	a4,0x8
    7abc:	00e7e7b3          	or	a5,a5,a4
    7ac0:	00f59923          	sh	a5,18(a1)
    7ac4:	00255703          	lhu	a4,2(a0)
    7ac8:	000087b7          	lui	a5,0x8
    7acc:	fff78793          	add	a5,a5,-1 # 7fff <ecmp+0xb3>
    7ad0:	02f70463          	beq	a4,a5,7af8 <emovo.constprop.0+0x4c>
    7ad4:	00650793          	add	a5,a0,6
    7ad8:	01058593          	add	a1,a1,16
    7adc:	01850513          	add	a0,a0,24
    7ae0:	0007d703          	lhu	a4,0(a5)
    7ae4:	00278793          	add	a5,a5,2
    7ae8:	ffe58593          	add	a1,a1,-2
    7aec:	00e59123          	sh	a4,2(a1)
    7af0:	fea798e3          	bne	a5,a0,7ae0 <emovo.constprop.0+0x34>
    7af4:	00008067          	ret
    7af8:	00650793          	add	a5,a0,6
    7afc:	01a50513          	add	a0,a0,26
    7b00:	0007d703          	lhu	a4,0(a5)
    7b04:	00278793          	add	a5,a5,2
    7b08:	02071a63          	bnez	a4,7b3c <emovo.constprop.0+0x90>
    7b0c:	fef51ae3          	bne	a0,a5,7b00 <emovo.constprop.0+0x54>
    7b10:	01258713          	add	a4,a1,18
    7b14:	00058793          	mv	a5,a1
    7b18:	00278793          	add	a5,a5,2
    7b1c:	fe079f23          	sh	zero,-2(a5)
    7b20:	fee79ce3          	bne	a5,a4,7b18 <emovo.constprop.0+0x6c>
    7b24:	0125d783          	lhu	a5,18(a1)
    7b28:	00008737          	lui	a4,0x8
    7b2c:	fff70713          	add	a4,a4,-1 # 7fff <ecmp+0xb3>
    7b30:	00e7e7b3          	or	a5,a5,a4
    7b34:	00f59923          	sh	a5,18(a1)
    7b38:	00008067          	ret
    7b3c:	01058713          	add	a4,a1,16
    7b40:	00058793          	mv	a5,a1
    7b44:	00278793          	add	a5,a5,2
    7b48:	fe079f23          	sh	zero,-2(a5)
    7b4c:	fee79ce3          	bne	a5,a4,7b44 <emovo.constprop.0+0x98>
    7b50:	ffffc7b7          	lui	a5,0xffffc
    7b54:	00f59823          	sh	a5,16(a1)
    7b58:	ffff87b7          	lui	a5,0xffff8
    7b5c:	fff7c793          	not	a5,a5
    7b60:	00f59923          	sh	a5,18(a1)
    7b64:	00008067          	ret

00007b68 <enormlz>:
    7b68:	00455783          	lhu	a5,4(a0)
    7b6c:	ff010113          	add	sp,sp,-16
    7b70:	00912223          	sw	s1,4(sp)
    7b74:	00112623          	sw	ra,12(sp)
    7b78:	00812423          	sw	s0,8(sp)
    7b7c:	01212023          	sw	s2,0(sp)
    7b80:	00050493          	mv	s1,a0
    7b84:	0c079a63          	bnez	a5,7c58 <enormlz+0xf0>
    7b88:	00655783          	lhu	a5,6(a0)
    7b8c:	00000413          	li	s0,0
    7b90:	01079713          	sll	a4,a5,0x10
    7b94:	41075713          	sra	a4,a4,0x10
    7b98:	0a074263          	bltz	a4,7c3c <enormlz+0xd4>
    7b9c:	01850693          	add	a3,a0,24
    7ba0:	0a000613          	li	a2,160
    7ba4:	02079663          	bnez	a5,7bd0 <enormlz+0x68>
    7ba8:	00448793          	add	a5,s1,4
    7bac:	0027d703          	lhu	a4,2(a5) # ffff8002 <_stack_top+0xdfef8002>
    7bb0:	00278793          	add	a5,a5,2
    7bb4:	fee79f23          	sh	a4,-2(a5)
    7bb8:	fed79ae3          	bne	a5,a3,7bac <enormlz+0x44>
    7bbc:	00049c23          	sh	zero,24(s1)
    7bc0:	01040413          	add	s0,s0,16
    7bc4:	06c40c63          	beq	s0,a2,7c3c <enormlz+0xd4>
    7bc8:	0064d783          	lhu	a5,6(s1)
    7bcc:	fc078ee3          	beqz	a5,7ba8 <enormlz+0x40>
    7bd0:	0ff00713          	li	a4,255
    7bd4:	04f76063          	bltu	a4,a5,7c14 <enormlz+0xac>
    7bd8:	01848813          	add	a6,s1,24
    7bdc:	00248593          	add	a1,s1,2
    7be0:	0ff00513          	li	a0,255
    7be4:	00000793          	li	a5,0
    7be8:	00080713          	mv	a4,a6
    7bec:	00075683          	lhu	a3,0(a4)
    7bf0:	ffe70713          	add	a4,a4,-2
    7bf4:	00869613          	sll	a2,a3,0x8
    7bf8:	00c7e7b3          	or	a5,a5,a2
    7bfc:	00f71123          	sh	a5,2(a4)
    7c00:	0086d793          	srl	a5,a3,0x8
    7c04:	feb714e3          	bne	a4,a1,7bec <enormlz+0x84>
    7c08:	0064d783          	lhu	a5,6(s1)
    7c0c:	00840413          	add	s0,s0,8
    7c10:	fcf57ae3          	bgeu	a0,a5,7be4 <enormlz+0x7c>
    7c14:	0a000913          	li	s2,160
    7c18:	0140006f          	j	7c2c <enormlz+0xc4>
    7c1c:	00140413          	add	s0,s0,1
    7c20:	dadff0ef          	jal	79cc <eshup1>
    7c24:	00894c63          	blt	s2,s0,7c3c <enormlz+0xd4>
    7c28:	0064d783          	lhu	a5,6(s1)
    7c2c:	01079793          	sll	a5,a5,0x10
    7c30:	4107d793          	sra	a5,a5,0x10
    7c34:	00048513          	mv	a0,s1
    7c38:	fe07d2e3          	bgez	a5,7c1c <enormlz+0xb4>
    7c3c:	00c12083          	lw	ra,12(sp)
    7c40:	00040513          	mv	a0,s0
    7c44:	00812403          	lw	s0,8(sp)
    7c48:	00412483          	lw	s1,4(sp)
    7c4c:	00012903          	lw	s2,0(sp)
    7c50:	01010113          	add	sp,sp,16
    7c54:	00008067          	ret
    7c58:	0ff00713          	li	a4,255
    7c5c:	00000413          	li	s0,0
    7c60:	04f76063          	bltu	a4,a5,7ca0 <enormlz+0x138>
    7c64:	f6f00913          	li	s2,-145
    7c68:	0140006f          	j	7c7c <enormlz+0x114>
    7c6c:	fff40413          	add	s0,s0,-1
    7c70:	d09ff0ef          	jal	7978 <eshdn1>
    7c74:	fd2404e3          	beq	s0,s2,7c3c <enormlz+0xd4>
    7c78:	0044d783          	lhu	a5,4(s1)
    7c7c:	00048513          	mv	a0,s1
    7c80:	fe0796e3          	bnez	a5,7c6c <enormlz+0x104>
    7c84:	00c12083          	lw	ra,12(sp)
    7c88:	00040513          	mv	a0,s0
    7c8c:	00812403          	lw	s0,8(sp)
    7c90:	00412483          	lw	s1,4(sp)
    7c94:	00012903          	lw	s2,0(sp)
    7c98:	01010113          	add	sp,sp,16
    7c9c:	00008067          	ret
    7ca0:	00450713          	add	a4,a0,4
    7ca4:	01a50593          	add	a1,a0,26
    7ca8:	00000793          	li	a5,0
    7cac:	00075683          	lhu	a3,0(a4)
    7cb0:	00270713          	add	a4,a4,2
    7cb4:	0086d613          	srl	a2,a3,0x8
    7cb8:	00c7e7b3          	or	a5,a5,a2
    7cbc:	00869693          	sll	a3,a3,0x8
    7cc0:	fef71f23          	sh	a5,-2(a4)
    7cc4:	01069793          	sll	a5,a3,0x10
    7cc8:	0107d793          	srl	a5,a5,0x10
    7ccc:	feb710e3          	bne	a4,a1,7cac <enormlz+0x144>
    7cd0:	0044d783          	lhu	a5,4(s1)
    7cd4:	ff800413          	li	s0,-8
    7cd8:	f8dff06f          	j	7c64 <enormlz+0xfc>

00007cdc <eshift.part.0>:
    7cdc:	fe010113          	add	sp,sp,-32
    7ce0:	00812c23          	sw	s0,24(sp)
    7ce4:	00912a23          	sw	s1,20(sp)
    7ce8:	00112e23          	sw	ra,28(sp)
    7cec:	01212823          	sw	s2,16(sp)
    7cf0:	01312623          	sw	s3,12(sp)
    7cf4:	00058493          	mv	s1,a1
    7cf8:	00050413          	mv	s0,a0
    7cfc:	0a05c463          	bltz	a1,7da4 <eshift.part.0+0xc8>
    7d00:	00f00793          	li	a5,15
    7d04:	00058613          	mv	a2,a1
    7d08:	00450513          	add	a0,a0,4
    7d0c:	01840693          	add	a3,s0,24
    7d10:	00f00593          	li	a1,15
    7d14:	0297d463          	bge	a5,s1,7d3c <eshift.part.0+0x60>
    7d18:	00050793          	mv	a5,a0
    7d1c:	0027d703          	lhu	a4,2(a5)
    7d20:	00278793          	add	a5,a5,2
    7d24:	fee79f23          	sh	a4,-2(a5)
    7d28:	fef69ae3          	bne	a3,a5,7d1c <eshift.part.0+0x40>
    7d2c:	00041c23          	sh	zero,24(s0)
    7d30:	ff060613          	add	a2,a2,-16
    7d34:	fec5c2e3          	blt	a1,a2,7d18 <eshift.part.0+0x3c>
    7d38:	00f4f493          	and	s1,s1,15
    7d3c:	00700793          	li	a5,7
    7d40:	0297d863          	bge	a5,s1,7d70 <eshift.part.0+0x94>
    7d44:	01840713          	add	a4,s0,24
    7d48:	00240593          	add	a1,s0,2
    7d4c:	00000793          	li	a5,0
    7d50:	00075683          	lhu	a3,0(a4)
    7d54:	ffe70713          	add	a4,a4,-2
    7d58:	00869613          	sll	a2,a3,0x8
    7d5c:	00c7e7b3          	or	a5,a5,a2
    7d60:	00f71123          	sh	a5,2(a4)
    7d64:	0086d793          	srl	a5,a3,0x8
    7d68:	feb714e3          	bne	a4,a1,7d50 <eshift.part.0+0x74>
    7d6c:	ff848493          	add	s1,s1,-8
    7d70:	00048a63          	beqz	s1,7d84 <eshift.part.0+0xa8>
    7d74:	fff48493          	add	s1,s1,-1
    7d78:	00040513          	mv	a0,s0
    7d7c:	c51ff0ef          	jal	79cc <eshup1>
    7d80:	fe049ae3          	bnez	s1,7d74 <eshift.part.0+0x98>
    7d84:	01c12083          	lw	ra,28(sp)
    7d88:	01812403          	lw	s0,24(sp)
    7d8c:	01412483          	lw	s1,20(sp)
    7d90:	01012903          	lw	s2,16(sp)
    7d94:	00c12983          	lw	s3,12(sp)
    7d98:	00000513          	li	a0,0
    7d9c:	02010113          	add	sp,sp,32
    7da0:	00008067          	ret
    7da4:	ff100793          	li	a5,-15
    7da8:	40b00933          	neg	s2,a1
    7dac:	00000993          	li	s3,0
    7db0:	01850593          	add	a1,a0,24
    7db4:	00450693          	add	a3,a0,4
    7db8:	00f00613          	li	a2,15
    7dbc:	0cf4d863          	bge	s1,a5,7e8c <eshift.part.0+0x1b0>
    7dc0:	01845703          	lhu	a4,24(s0)
    7dc4:	00058793          	mv	a5,a1
    7dc8:	00e9e9b3          	or	s3,s3,a4
    7dcc:	ffe7d703          	lhu	a4,-2(a5)
    7dd0:	ffe78793          	add	a5,a5,-2
    7dd4:	00e79123          	sh	a4,2(a5)
    7dd8:	fed79ae3          	bne	a5,a3,7dcc <eshift.part.0+0xf0>
    7ddc:	00041223          	sh	zero,4(s0)
    7de0:	ff090913          	add	s2,s2,-16
    7de4:	fd264ee3          	blt	a2,s2,7dc0 <eshift.part.0+0xe4>
    7de8:	ff000913          	li	s2,-16
    7dec:	ff100713          	li	a4,-15
    7df0:	40990933          	sub	s2,s2,s1
    7df4:	00000793          	li	a5,0
    7df8:	08e4c463          	blt	s1,a4,7e80 <eshift.part.0+0x1a4>
    7dfc:	00f90933          	add	s2,s2,a5
    7e00:	00700793          	li	a5,7
    7e04:	0327de63          	bge	a5,s2,7e40 <eshift.part.0+0x164>
    7e08:	01844783          	lbu	a5,24(s0)
    7e0c:	01a40593          	add	a1,s0,26
    7e10:	00f9e9b3          	or	s3,s3,a5
    7e14:	00000793          	li	a5,0
    7e18:	0006d703          	lhu	a4,0(a3)
    7e1c:	00268693          	add	a3,a3,2
    7e20:	00875613          	srl	a2,a4,0x8
    7e24:	00c7e7b3          	or	a5,a5,a2
    7e28:	00871713          	sll	a4,a4,0x8
    7e2c:	fef69f23          	sh	a5,-2(a3)
    7e30:	01071793          	sll	a5,a4,0x10
    7e34:	0107d793          	srl	a5,a5,0x10
    7e38:	feb690e3          	bne	a3,a1,7e18 <eshift.part.0+0x13c>
    7e3c:	ff890913          	add	s2,s2,-8
    7e40:	02090063          	beqz	s2,7e60 <eshift.part.0+0x184>
    7e44:	01845783          	lhu	a5,24(s0)
    7e48:	fff90913          	add	s2,s2,-1
    7e4c:	00040513          	mv	a0,s0
    7e50:	0017f793          	and	a5,a5,1
    7e54:	00f9e9b3          	or	s3,s3,a5
    7e58:	b21ff0ef          	jal	7978 <eshdn1>
    7e5c:	fe0914e3          	bnez	s2,7e44 <eshift.part.0+0x168>
    7e60:	01c12083          	lw	ra,28(sp)
    7e64:	01812403          	lw	s0,24(sp)
    7e68:	01412483          	lw	s1,20(sp)
    7e6c:	01012903          	lw	s2,16(sp)
    7e70:	01303533          	snez	a0,s3
    7e74:	00c12983          	lw	s3,12(sp)
    7e78:	02010113          	add	sp,sp,32
    7e7c:	00008067          	ret
    7e80:	ff097793          	and	a5,s2,-16
    7e84:	40f007b3          	neg	a5,a5
    7e88:	f75ff06f          	j	7dfc <eshift.part.0+0x120>
    7e8c:	ff900793          	li	a5,-7
    7e90:	f6f4cce3          	blt	s1,a5,7e08 <eshift.part.0+0x12c>
    7e94:	fb1ff06f          	j	7e44 <eshift.part.0+0x168>

00007e98 <emovi>:
    7e98:	01255783          	lhu	a5,18(a0)
    7e9c:	000086b7          	lui	a3,0x8
    7ea0:	fff68693          	add	a3,a3,-1 # 7fff <ecmp+0xb3>
    7ea4:	00f7d793          	srl	a5,a5,0xf
    7ea8:	40f007b3          	neg	a5,a5
    7eac:	00f59023          	sh	a5,0(a1)
    7eb0:	01255703          	lhu	a4,18(a0)
    7eb4:	01050793          	add	a5,a0,16
    7eb8:	00d77733          	and	a4,a4,a3
    7ebc:	00e59123          	sh	a4,2(a1)
    7ec0:	02d70663          	beq	a4,a3,7eec <emovi+0x54>
    7ec4:	00658713          	add	a4,a1,6
    7ec8:	00059223          	sh	zero,4(a1)
    7ecc:	ffe50513          	add	a0,a0,-2
    7ed0:	0007d683          	lhu	a3,0(a5)
    7ed4:	ffe78793          	add	a5,a5,-2
    7ed8:	00270713          	add	a4,a4,2
    7edc:	fed71f23          	sh	a3,-2(a4)
    7ee0:	fea798e3          	bne	a5,a0,7ed0 <emovi+0x38>
    7ee4:	00059c23          	sh	zero,24(a1)
    7ee8:	00008067          	ret
    7eec:	01255683          	lhu	a3,18(a0)
    7ef0:	00e6f6b3          	and	a3,a3,a4
    7ef4:	00e69e63          	bne	a3,a4,7f10 <emovi+0x78>
    7ef8:	01250613          	add	a2,a0,18
    7efc:	00050713          	mv	a4,a0
    7f00:	00075683          	lhu	a3,0(a4)
    7f04:	00270713          	add	a4,a4,2
    7f08:	02069063          	bnez	a3,7f28 <emovi+0x90>
    7f0c:	fec71ae3          	bne	a4,a2,7f00 <emovi+0x68>
    7f10:	00458793          	add	a5,a1,4
    7f14:	01a58593          	add	a1,a1,26
    7f18:	00278793          	add	a5,a5,2
    7f1c:	fe079f23          	sh	zero,-2(a5)
    7f20:	feb79ce3          	bne	a5,a1,7f18 <emovi+0x80>
    7f24:	00008067          	ret
    7f28:	00658713          	add	a4,a1,6
    7f2c:	00059223          	sh	zero,4(a1)
    7f30:	ffc50513          	add	a0,a0,-4
    7f34:	0007d683          	lhu	a3,0(a5)
    7f38:	ffe78793          	add	a5,a5,-2
    7f3c:	00270713          	add	a4,a4,2
    7f40:	fed71f23          	sh	a3,-2(a4)
    7f44:	fef518e3          	bne	a0,a5,7f34 <emovi+0x9c>
    7f48:	00008067          	ret

00007f4c <ecmp>:
    7f4c:	01255783          	lhu	a5,18(a0)
    7f50:	fb010113          	add	sp,sp,-80
    7f54:	04812423          	sw	s0,72(sp)
    7f58:	fff7c793          	not	a5,a5
    7f5c:	04112623          	sw	ra,76(sp)
    7f60:	01179713          	sll	a4,a5,0x11
    7f64:	00058413          	mv	s0,a1
    7f68:	00071e63          	bnez	a4,7f84 <ecmp+0x38>
    7f6c:	01250693          	add	a3,a0,18
    7f70:	00050793          	mv	a5,a0
    7f74:	0007d703          	lhu	a4,0(a5)
    7f78:	00278793          	add	a5,a5,2
    7f7c:	08071c63          	bnez	a4,8014 <ecmp+0xc8>
    7f80:	fed79ae3          	bne	a5,a3,7f74 <ecmp+0x28>
    7f84:	01245783          	lhu	a5,18(s0)
    7f88:	fff7c793          	not	a5,a5
    7f8c:	01179713          	sll	a4,a5,0x11
    7f90:	06070063          	beqz	a4,7ff0 <ecmp+0xa4>
    7f94:	00810593          	add	a1,sp,8
    7f98:	f01ff0ef          	jal	7e98 <emovi>
    7f9c:	02410593          	add	a1,sp,36
    7fa0:	00040513          	mv	a0,s0
    7fa4:	ef5ff0ef          	jal	7e98 <emovi>
    7fa8:	00815583          	lhu	a1,8(sp)
    7fac:	02415503          	lhu	a0,36(sp)
    7fb0:	06b50c63          	beq	a0,a1,8028 <ecmp+0xdc>
    7fb4:	00a10793          	add	a5,sp,10
    7fb8:	02610713          	add	a4,sp,38
    7fbc:	02010613          	add	a2,sp,32
    7fc0:	0007d683          	lhu	a3,0(a5)
    7fc4:	00278793          	add	a5,a5,2
    7fc8:	0a069863          	bnez	a3,8078 <ecmp+0x12c>
    7fcc:	00075683          	lhu	a3,0(a4)
    7fd0:	00270713          	add	a4,a4,2
    7fd4:	0a069263          	bnez	a3,8078 <ecmp+0x12c>
    7fd8:	fef614e3          	bne	a2,a5,7fc0 <ecmp+0x74>
    7fdc:	00000513          	li	a0,0
    7fe0:	04c12083          	lw	ra,76(sp)
    7fe4:	04812403          	lw	s0,72(sp)
    7fe8:	05010113          	add	sp,sp,80
    7fec:	00008067          	ret
    7ff0:	00040793          	mv	a5,s0
    7ff4:	0007d703          	lhu	a4,0(a5)
    7ff8:	01240693          	add	a3,s0,18
    7ffc:	00278793          	add	a5,a5,2
    8000:	00071a63          	bnez	a4,8014 <ecmp+0xc8>
    8004:	f8d788e3          	beq	a5,a3,7f94 <ecmp+0x48>
    8008:	0007d703          	lhu	a4,0(a5)
    800c:	00278793          	add	a5,a5,2
    8010:	fe070ae3          	beqz	a4,8004 <ecmp+0xb8>
    8014:	04c12083          	lw	ra,76(sp)
    8018:	04812403          	lw	s0,72(sp)
    801c:	ffe00513          	li	a0,-2
    8020:	05010113          	add	sp,sp,80
    8024:	00008067          	ret
    8028:	00815603          	lhu	a2,8(sp)
    802c:	02415683          	lhu	a3,36(sp)
    8030:	00a03533          	snez	a0,a0
    8034:	02410713          	add	a4,sp,36
    8038:	00810793          	add	a5,sp,8
    803c:	40a00533          	neg	a0,a0
    8040:	00156513          	or	a0,a0,1
    8044:	02010593          	add	a1,sp,32
    8048:	00278793          	add	a5,a5,2
    804c:	00270713          	add	a4,a4,2
    8050:	00d61e63          	bne	a2,a3,806c <ecmp+0x120>
    8054:	f8b784e3          	beq	a5,a1,7fdc <ecmp+0x90>
    8058:	0007d603          	lhu	a2,0(a5)
    805c:	00075683          	lhu	a3,0(a4)
    8060:	00278793          	add	a5,a5,2
    8064:	00270713          	add	a4,a4,2
    8068:	fed606e3          	beq	a2,a3,8054 <ecmp+0x108>
    806c:	f6c6eae3          	bltu	a3,a2,7fe0 <ecmp+0x94>
    8070:	40a00533          	neg	a0,a0
    8074:	f6dff06f          	j	7fe0 <ecmp+0x94>
    8078:	00059c63          	bnez	a1,8090 <ecmp+0x144>
    807c:	04c12083          	lw	ra,76(sp)
    8080:	04812403          	lw	s0,72(sp)
    8084:	00100513          	li	a0,1
    8088:	05010113          	add	sp,sp,80
    808c:	00008067          	ret
    8090:	fff00513          	li	a0,-1
    8094:	f4dff06f          	j	7fe0 <ecmp+0x94>

00008098 <emdnorm>:
    8098:	fe010113          	add	sp,sp,-32
    809c:	00812c23          	sw	s0,24(sp)
    80a0:	00912a23          	sw	s1,20(sp)
    80a4:	01212823          	sw	s2,16(sp)
    80a8:	01312623          	sw	s3,12(sp)
    80ac:	01412423          	sw	s4,8(sp)
    80b0:	01512223          	sw	s5,4(sp)
    80b4:	00068913          	mv	s2,a3
    80b8:	00078413          	mv	s0,a5
    80bc:	00112e23          	sw	ra,28(sp)
    80c0:	00050493          	mv	s1,a0
    80c4:	00058993          	mv	s3,a1
    80c8:	00060a13          	mv	s4,a2
    80cc:	00070a93          	mv	s5,a4
    80d0:	a99ff0ef          	jal	7b68 <enormlz>
    80d4:	09000793          	li	a5,144
    80d8:	40a90933          	sub	s2,s2,a0
    80dc:	16a7da63          	bge	a5,a0,8250 <emdnorm+0x1b8>
    80e0:	000087b7          	lui	a5,0x8
    80e4:	ffe78793          	add	a5,a5,-2 # 7ffe <ecmp+0xb2>
    80e8:	2b27da63          	bge	a5,s2,839c <emdnorm+0x304>
    80ec:	200a8c63          	beqz	s5,8304 <emdnorm+0x26c>
    80f0:	00442a83          	lw	s5,4(s0)
    80f4:	00042783          	lw	a5,0(s0)
    80f8:	26fa8a63          	beq	s5,a5,836c <emdnorm+0x2d4>
    80fc:	01a40713          	add	a4,s0,26
    8100:	03440793          	add	a5,s0,52
    8104:	00270713          	add	a4,a4,2
    8108:	fe071f23          	sh	zero,-2(a4)
    810c:	fee79ce3          	bne	a5,a4,8104 <emdnorm+0x6c>
    8110:	03800793          	li	a5,56
    8114:	36fa8863          	beq	s5,a5,8484 <emdnorm+0x3ec>
    8118:	1957dc63          	bge	a5,s5,82b0 <emdnorm+0x218>
    811c:	04000793          	li	a5,64
    8120:	28fa8a63          	beq	s5,a5,83b4 <emdnorm+0x31c>
    8124:	07100793          	li	a5,113
    8128:	38fa9c63          	bne	s5,a5,84c0 <emdnorm+0x428>
    812c:	400087b7          	lui	a5,0x40008
    8130:	00a00693          	li	a3,10
    8134:	ffff8737          	lui	a4,0xffff8
    8138:	fff78793          	add	a5,a5,-1 # 40007fff <_stack_top+0x1ff07fff>
    813c:	00d42423          	sw	a3,8(s0)
    8140:	00f42a23          	sw	a5,20(s0)
    8144:	00e41c23          	sh	a4,24(s0)
    8148:	00d42623          	sw	a3,12(s0)
    814c:	02e41723          	sh	a4,46(s0)
    8150:	01542023          	sw	s5,0(s0)
    8154:	21205263          	blez	s2,8358 <emdnorm+0x2c0>
    8158:	0144d683          	lhu	a3,20(s1)
    815c:	01448613          	add	a2,s1,20
    8160:	00b00793          	li	a5,11
    8164:	01169693          	sll	a3,a3,0x11
    8168:	0116d693          	srl	a3,a3,0x11
    816c:	00179793          	sll	a5,a5,0x1
    8170:	00f487b3          	add	a5,s1,a5
    8174:	01a48593          	add	a1,s1,26
    8178:	0007d703          	lhu	a4,0(a5)
    817c:	00070463          	beqz	a4,8184 <emdnorm+0xec>
    8180:	0016e693          	or	a3,a3,1
    8184:	00079023          	sh	zero,0(a5)
    8188:	00278793          	add	a5,a5,2
    818c:	feb796e3          	bne	a5,a1,8178 <emdnorm+0xe0>
    8190:	00065703          	lhu	a4,0(a2)
    8194:	01445583          	lhu	a1,20(s0)
    8198:	fff5c593          	not	a1,a1
    819c:	00b77733          	and	a4,a4,a1
    81a0:	00e61023          	sh	a4,0(a2)
    81a4:	01645783          	lhu	a5,22(s0)
    81a8:	00d7f733          	and	a4,a5,a3
    81ac:	06070063          	beqz	a4,820c <emdnorm+0x174>
    81b0:	02d79263          	bne	a5,a3,81d4 <emdnorm+0x13c>
    81b4:	2c099463          	bnez	s3,847c <emdnorm+0x3e4>
    81b8:	00c42783          	lw	a5,12(s0)
    81bc:	01845703          	lhu	a4,24(s0)
    81c0:	00179793          	sll	a5,a5,0x1
    81c4:	00f487b3          	add	a5,s1,a5
    81c8:	0007d783          	lhu	a5,0(a5)
    81cc:	00e7f7b3          	and	a5,a5,a4
    81d0:	02078e63          	beqz	a5,820c <emdnorm+0x174>
    81d4:	03240793          	add	a5,s0,50
    81d8:	01848613          	add	a2,s1,24
    81dc:	00248593          	add	a1,s1,2
    81e0:	00000513          	li	a0,0
    81e4:	0007d703          	lhu	a4,0(a5)
    81e8:	00065683          	lhu	a3,0(a2)
    81ec:	ffe60613          	add	a2,a2,-2
    81f0:	ffe78793          	add	a5,a5,-2
    81f4:	00d70733          	add	a4,a4,a3
    81f8:	00a70733          	add	a4,a4,a0
    81fc:	01075513          	srl	a0,a4,0x10
    8200:	00e61123          	sh	a4,2(a2)
    8204:	00157513          	and	a0,a0,1
    8208:	fcc59ee3          	bne	a1,a2,81e4 <emdnorm+0x14c>
    820c:	23205863          	blez	s2,843c <emdnorm+0x3a4>
    8210:	0044d783          	lhu	a5,4(s1)
    8214:	20079463          	bnez	a5,841c <emdnorm+0x384>
    8218:	000087b7          	lui	a5,0x8
    821c:	00049c23          	sh	zero,24(s1)
    8220:	ffe78793          	add	a5,a5,-2 # 7ffe <ecmp+0xb2>
    8224:	0f27c263          	blt	a5,s2,8308 <emdnorm+0x270>
    8228:	01249123          	sh	s2,2(s1)
    822c:	01c12083          	lw	ra,28(sp)
    8230:	01812403          	lw	s0,24(sp)
    8234:	01412483          	lw	s1,20(sp)
    8238:	01012903          	lw	s2,16(sp)
    823c:	00c12983          	lw	s3,12(sp)
    8240:	00812a03          	lw	s4,8(sp)
    8244:	00412a83          	lw	s5,4(sp)
    8248:	02010113          	add	sp,sp,32
    824c:	00008067          	ret
    8250:	04094063          	bltz	s2,8290 <emdnorm+0x1f8>
    8254:	fc0a82e3          	beqz	s5,8218 <emdnorm+0x180>
    8258:	00442a83          	lw	s5,4(s0)
    825c:	00042783          	lw	a5,0(s0)
    8260:	e8fa9ee3          	bne	s5,a5,80fc <emdnorm+0x64>
    8264:	2d204063          	bgtz	s2,8524 <emdnorm+0x48c>
    8268:	09000713          	li	a4,144
    826c:	2ce79063          	bne	a5,a4,852c <emdnorm+0x494>
    8270:	00842603          	lw	a2,8(s0)
    8274:	01445583          	lhu	a1,20(s0)
    8278:	09000a93          	li	s5,144
    827c:	00161613          	sll	a2,a2,0x1
    8280:	00c48633          	add	a2,s1,a2
    8284:	00065703          	lhu	a4,0(a2)
    8288:	00b776b3          	and	a3,a4,a1
    828c:	f0dff06f          	j	8198 <emdnorm+0x100>
    8290:	f7000793          	li	a5,-144
    8294:	16f95063          	bge	s2,a5,83f4 <emdnorm+0x35c>
    8298:	00248793          	add	a5,s1,2
    829c:	01a48493          	add	s1,s1,26
    82a0:	00278793          	add	a5,a5,2
    82a4:	fe079f23          	sh	zero,-2(a5)
    82a8:	fef49ce3          	bne	s1,a5,82a0 <emdnorm+0x208>
    82ac:	f81ff06f          	j	822c <emdnorm+0x194>
    82b0:	01800793          	li	a5,24
    82b4:	06fa8c63          	beq	s5,a5,832c <emdnorm+0x294>
    82b8:	03500793          	li	a5,53
    82bc:	20fa9263          	bne	s5,a5,84c0 <emdnorm+0x428>
    82c0:	000017b7          	lui	a5,0x1
    82c4:	04000737          	lui	a4,0x4000
    82c8:	00600693          	li	a3,6
    82cc:	80078793          	add	a5,a5,-2048 # 800 <__divdf3+0x47c>
    82d0:	7ff70713          	add	a4,a4,2047 # 40007ff <_sidata+0x3fec0f7>
    82d4:	00d42423          	sw	a3,8(s0)
    82d8:	00e42a23          	sw	a4,20(s0)
    82dc:	00f41c23          	sh	a5,24(s0)
    82e0:	00d42623          	sw	a3,12(s0)
    82e4:	02f41323          	sh	a5,38(s0)
    82e8:	01542023          	sw	s5,0(s0)
    82ec:	07205663          	blez	s2,8358 <emdnorm+0x2c0>
    82f0:	00c4d683          	lhu	a3,12(s1)
    82f4:	00c48613          	add	a2,s1,12
    82f8:	00700793          	li	a5,7
    82fc:	7ff6f693          	and	a3,a3,2047
    8300:	e6dff06f          	j	816c <emdnorm+0xd4>
    8304:	00049c23          	sh	zero,24(s1)
    8308:	ffff87b7          	lui	a5,0xffff8
    830c:	fff7c793          	not	a5,a5
    8310:	00f49123          	sh	a5,2(s1)
    8314:	00448793          	add	a5,s1,4
    8318:	01848493          	add	s1,s1,24
    831c:	00079023          	sh	zero,0(a5) # ffff8000 <_stack_top+0xdfef8000>
    8320:	00278793          	add	a5,a5,2
    8324:	fef49ce3          	bne	s1,a5,831c <emdnorm+0x284>
    8328:	f05ff06f          	j	822c <emdnorm+0x194>
    832c:	008007b7          	lui	a5,0x800
    8330:	00400693          	li	a3,4
    8334:	10000713          	li	a4,256
    8338:	0ff78793          	add	a5,a5,255 # 8000ff <_sidata+0x7eb9f7>
    833c:	00d42423          	sw	a3,8(s0)
    8340:	00f42a23          	sw	a5,20(s0)
    8344:	00e41c23          	sh	a4,24(s0)
    8348:	00d42623          	sw	a3,12(s0)
    834c:	02e41123          	sh	a4,34(s0)
    8350:	01542023          	sw	s5,0(s0)
    8354:	1b204a63          	bgtz	s2,8508 <emdnorm+0x470>
    8358:	0184d783          	lhu	a5,24(s1)
    835c:	00048513          	mv	a0,s1
    8360:	0017f793          	and	a5,a5,1
    8364:	00f9e9b3          	or	s3,s3,a5
    8368:	e10ff0ef          	jal	7978 <eshdn1>
    836c:	00842783          	lw	a5,8(s0)
    8370:	01445583          	lhu	a1,20(s0)
    8374:	08f00513          	li	a0,143
    8378:	00179613          	sll	a2,a5,0x1
    837c:	00c48633          	add	a2,s1,a2
    8380:	00065703          	lhu	a4,0(a2)
    8384:	00b776b3          	and	a3,a4,a1
    8388:	e15548e3          	blt	a0,s5,8198 <emdnorm+0x100>
    838c:	00178793          	add	a5,a5,1
    8390:	00c00513          	li	a0,12
    8394:	dcf55ce3          	bge	a0,a5,816c <emdnorm+0xd4>
    8398:	e01ff06f          	j	8198 <emdnorm+0x100>
    839c:	00248793          	add	a5,s1,2
    83a0:	01a48493          	add	s1,s1,26
    83a4:	00278793          	add	a5,a5,2
    83a8:	fe079f23          	sh	zero,-2(a5)
    83ac:	fef49ce3          	bne	s1,a5,83a4 <emdnorm+0x30c>
    83b0:	e7dff06f          	j	822c <emdnorm+0x194>
    83b4:	00700793          	li	a5,7
    83b8:	00f42423          	sw	a5,8(s0)
    83bc:	800107b7          	lui	a5,0x80010
    83c0:	fff78793          	add	a5,a5,-1 # 8000ffff <_stack_top+0x5ff0ffff>
    83c4:	00100713          	li	a4,1
    83c8:	00f42a23          	sw	a5,20(s0)
    83cc:	00600793          	li	a5,6
    83d0:	00e41c23          	sh	a4,24(s0)
    83d4:	00f42623          	sw	a5,12(s0)
    83d8:	02e41323          	sh	a4,38(s0)
    83dc:	01542023          	sw	s5,0(s0)
    83e0:	f7205ce3          	blez	s2,8358 <emdnorm+0x2c0>
    83e4:	00e4d683          	lhu	a3,14(s1)
    83e8:	00e48613          	add	a2,s1,14
    83ec:	00800793          	li	a5,8
    83f0:	d7dff06f          	j	816c <emdnorm+0xd4>
    83f4:	00090593          	mv	a1,s2
    83f8:	00048513          	mv	a0,s1
    83fc:	8e1ff0ef          	jal	7cdc <eshift.part.0>
    8400:	0e050a63          	beqz	a0,84f4 <emdnorm+0x45c>
    8404:	100a8a63          	beqz	s5,8518 <emdnorm+0x480>
    8408:	00442a83          	lw	s5,4(s0)
    840c:	00042783          	lw	a5,0(s0)
    8410:	00100993          	li	s3,1
    8414:	cefa94e3          	bne	s5,a5,80fc <emdnorm+0x64>
    8418:	e51ff06f          	j	8268 <emdnorm+0x1d0>
    841c:	00048513          	mv	a0,s1
    8420:	d58ff0ef          	jal	7978 <eshdn1>
    8424:	000087b7          	lui	a5,0x8
    8428:	00190913          	add	s2,s2,1
    842c:	00049c23          	sh	zero,24(s1)
    8430:	ffe78793          	add	a5,a5,-2 # 7ffe <ecmp+0xb2>
    8434:	ed27cae3          	blt	a5,s2,8308 <emdnorm+0x270>
    8438:	df1ff06f          	j	8228 <emdnorm+0x190>
    843c:	09000793          	li	a5,144
    8440:	02fa8263          	beq	s5,a5,8464 <emdnorm+0x3cc>
    8444:	00048513          	mv	a0,s1
    8448:	d84ff0ef          	jal	79cc <eshup1>
    844c:	0044d783          	lhu	a5,4(s1)
    8450:	00079e63          	bnez	a5,846c <emdnorm+0x3d4>
    8454:	00049c23          	sh	zero,24(s1)
    8458:	dc0958e3          	bgez	s2,8228 <emdnorm+0x190>
    845c:	00049123          	sh	zero,2(s1)
    8460:	dcdff06f          	j	822c <emdnorm+0x194>
    8464:	0044d783          	lhu	a5,4(s1)
    8468:	fe0786e3          	beqz	a5,8454 <emdnorm+0x3bc>
    846c:	00048513          	mv	a0,s1
    8470:	d08ff0ef          	jal	7978 <eshdn1>
    8474:	00190913          	add	s2,s2,1
    8478:	fddff06f          	j	8454 <emdnorm+0x3bc>
    847c:	d40a0ce3          	beqz	s4,81d4 <emdnorm+0x13c>
    8480:	d8dff06f          	j	820c <emdnorm+0x174>
    8484:	008007b7          	lui	a5,0x800
    8488:	00600693          	li	a3,6
    848c:	10000713          	li	a4,256
    8490:	0ff78793          	add	a5,a5,255 # 8000ff <_sidata+0x7eb9f7>
    8494:	00d42423          	sw	a3,8(s0)
    8498:	00f42a23          	sw	a5,20(s0)
    849c:	00e41c23          	sh	a4,24(s0)
    84a0:	00d42623          	sw	a3,12(s0)
    84a4:	02e41323          	sh	a4,38(s0)
    84a8:	01542023          	sw	s5,0(s0)
    84ac:	eb2056e3          	blez	s2,8358 <emdnorm+0x2c0>
    84b0:	00c4c683          	lbu	a3,12(s1)
    84b4:	00c48613          	add	a2,s1,12
    84b8:	00700793          	li	a5,7
    84bc:	cb1ff06f          	j	816c <emdnorm+0xd4>
    84c0:	00c00793          	li	a5,12
    84c4:	00f42423          	sw	a5,8(s0)
    84c8:	800107b7          	lui	a5,0x80010
    84cc:	fff78793          	add	a5,a5,-1 # 8000ffff <_stack_top+0x5ff0ffff>
    84d0:	00100713          	li	a4,1
    84d4:	00f42a23          	sw	a5,20(s0)
    84d8:	00b00793          	li	a5,11
    84dc:	00f42623          	sw	a5,12(s0)
    84e0:	00e41c23          	sh	a4,24(s0)
    84e4:	02e41823          	sh	a4,48(s0)
    84e8:	01542023          	sw	s5,0(s0)
    84ec:	000a8793          	mv	a5,s5
    84f0:	d75ff06f          	j	8264 <emdnorm+0x1cc>
    84f4:	020a8263          	beqz	s5,8518 <emdnorm+0x480>
    84f8:	00442a83          	lw	s5,4(s0)
    84fc:	00042783          	lw	a5,0(s0)
    8500:	befa9ee3          	bne	s5,a5,80fc <emdnorm+0x64>
    8504:	d65ff06f          	j	8268 <emdnorm+0x1d0>
    8508:	0084c683          	lbu	a3,8(s1)
    850c:	00848613          	add	a2,s1,8
    8510:	00500793          	li	a5,5
    8514:	c59ff06f          	j	816c <emdnorm+0xd4>
    8518:	00049c23          	sh	zero,24(s1)
    851c:	00049123          	sh	zero,2(s1)
    8520:	d0dff06f          	j	822c <emdnorm+0x194>
    8524:	00078a93          	mv	s5,a5
    8528:	e45ff06f          	j	836c <emdnorm+0x2d4>
    852c:	00078a93          	mv	s5,a5
    8530:	e29ff06f          	j	8358 <emdnorm+0x2c0>

00008534 <eiremain>:
    8534:	fd010113          	add	sp,sp,-48
    8538:	03212023          	sw	s2,32(sp)
    853c:	01312e23          	sw	s3,28(sp)
    8540:	00058913          	mv	s2,a1
    8544:	00255983          	lhu	s3,2(a0)
    8548:	02112623          	sw	ra,44(sp)
    854c:	02812423          	sw	s0,40(sp)
    8550:	02912223          	sw	s1,36(sp)
    8554:	01412c23          	sw	s4,24(sp)
    8558:	00060493          	mv	s1,a2
    855c:	01712623          	sw	s7,12(sp)
    8560:	01512a23          	sw	s5,20(sp)
    8564:	01612823          	sw	s6,16(sp)
    8568:	01812423          	sw	s8,8(sp)
    856c:	01912223          	sw	s9,4(sp)
    8570:	01a12023          	sw	s10,0(sp)
    8574:	00050b93          	mv	s7,a0
    8578:	df0ff0ef          	jal	7b68 <enormlz>
    857c:	00295403          	lhu	s0,2(s2)
    8580:	00050793          	mv	a5,a0
    8584:	00090513          	mv	a0,s2
    8588:	40f989b3          	sub	s3,s3,a5
    858c:	03448a13          	add	s4,s1,52
    8590:	dd8ff0ef          	jal	7b68 <enormlz>
    8594:	40a40433          	sub	s0,s0,a0
    8598:	04e48713          	add	a4,s1,78
    859c:	000a0793          	mv	a5,s4
    85a0:	00278793          	add	a5,a5,2
    85a4:	fe079f23          	sh	zero,-2(a5)
    85a8:	fee79ce3          	bne	a5,a4,85a0 <eiremain+0x6c>
    85ac:	09344863          	blt	s0,s3,863c <eiremain+0x108>
    85b0:	004b8b13          	add	s6,s7,4
    85b4:	00490a93          	add	s5,s2,4
    85b8:	01ab8c13          	add	s8,s7,26
    85bc:	00290d13          	add	s10,s2,2
    85c0:	000a8713          	mv	a4,s5
    85c4:	000b0793          	mv	a5,s6
    85c8:	0007d603          	lhu	a2,0(a5)
    85cc:	00075683          	lhu	a3,0(a4)
    85d0:	00278793          	add	a5,a5,2
    85d4:	00270713          	add	a4,a4,2
    85d8:	0ad61a63          	bne	a2,a3,868c <eiremain+0x158>
    85dc:	fefc16e3          	bne	s8,a5,85c8 <eiremain+0x94>
    85e0:	018b8613          	add	a2,s7,24
    85e4:	01890713          	add	a4,s2,24
    85e8:	00000693          	li	a3,0
    85ec:	00075783          	lhu	a5,0(a4)
    85f0:	00065583          	lhu	a1,0(a2)
    85f4:	ffe70713          	add	a4,a4,-2
    85f8:	ffe60613          	add	a2,a2,-2
    85fc:	40b787b3          	sub	a5,a5,a1
    8600:	40d787b3          	sub	a5,a5,a3
    8604:	0107d693          	srl	a3,a5,0x10
    8608:	00f71123          	sh	a5,2(a4)
    860c:	0016f693          	and	a3,a3,1
    8610:	fda71ee3          	bne	a4,s10,85ec <eiremain+0xb8>
    8614:	00100c93          	li	s9,1
    8618:	000a0513          	mv	a0,s4
    861c:	bb0ff0ef          	jal	79cc <eshup1>
    8620:	04c4d783          	lhu	a5,76(s1)
    8624:	fff40413          	add	s0,s0,-1
    8628:	00090513          	mv	a0,s2
    862c:	00fce7b3          	or	a5,s9,a5
    8630:	04f49623          	sh	a5,76(s1)
    8634:	b98ff0ef          	jal	79cc <eshup1>
    8638:	f93454e3          	bge	s0,s3,85c0 <eiremain+0x8c>
    863c:	00040693          	mv	a3,s0
    8640:	02812403          	lw	s0,40(sp)
    8644:	02c12083          	lw	ra,44(sp)
    8648:	01c12983          	lw	s3,28(sp)
    864c:	01812a03          	lw	s4,24(sp)
    8650:	01412a83          	lw	s5,20(sp)
    8654:	01012b03          	lw	s6,16(sp)
    8658:	00c12b83          	lw	s7,12(sp)
    865c:	00812c03          	lw	s8,8(sp)
    8660:	00412c83          	lw	s9,4(sp)
    8664:	00012d03          	lw	s10,0(sp)
    8668:	00048793          	mv	a5,s1
    866c:	00090513          	mv	a0,s2
    8670:	02412483          	lw	s1,36(sp)
    8674:	02012903          	lw	s2,32(sp)
    8678:	00000713          	li	a4,0
    867c:	00000613          	li	a2,0
    8680:	00000593          	li	a1,0
    8684:	03010113          	add	sp,sp,48
    8688:	a11ff06f          	j	8098 <emdnorm>
    868c:	00000c93          	li	s9,0
    8690:	f8c6e4e3          	bltu	a3,a2,8618 <eiremain+0xe4>
    8694:	f4dff06f          	j	85e0 <eiremain+0xac>

00008698 <e113toe.isra.0>:
    8698:	fd010113          	add	sp,sp,-48
    869c:	02812423          	sw	s0,40(sp)
    86a0:	02112623          	sw	ra,44(sp)
    86a4:	00058413          	mv	s0,a1
    86a8:	00410793          	add	a5,sp,4
    86ac:	01e10713          	add	a4,sp,30
    86b0:	00278793          	add	a5,a5,2
    86b4:	fe079f23          	sh	zero,-2(a5)
    86b8:	fee79ce3          	bne	a5,a4,86b0 <e113toe.isra.0+0x18>
    86bc:	00e55603          	lhu	a2,14(a0)
    86c0:	000087b7          	lui	a5,0x8
    86c4:	fff78793          	add	a5,a5,-1 # 7fff <ecmp+0xb3>
    86c8:	00f65713          	srl	a4,a2,0xf
    86cc:	40e00733          	neg	a4,a4
    86d0:	00e11223          	sh	a4,4(sp)
    86d4:	00f67633          	and	a2,a2,a5
    86d8:	06f60063          	beq	a2,a5,8738 <e113toe.isra.0+0xa0>
    86dc:	00e50793          	add	a5,a0,14
    86e0:	00c11323          	sh	a2,6(sp)
    86e4:	00a10713          	add	a4,sp,10
    86e8:	ffe7d683          	lhu	a3,-2(a5)
    86ec:	ffe78793          	add	a5,a5,-2
    86f0:	00270713          	add	a4,a4,2
    86f4:	fed71f23          	sh	a3,-2(a4)
    86f8:	fef518e3          	bne	a0,a5,86e8 <e113toe.isra.0+0x50>
    86fc:	02061263          	bnez	a2,8720 <e113toe.isra.0+0x88>
    8700:	00011423          	sh	zero,8(sp)
    8704:	00040593          	mv	a1,s0
    8708:	00410513          	add	a0,sp,4
    870c:	ba0ff0ef          	jal	7aac <emovo.constprop.0>
    8710:	02c12083          	lw	ra,44(sp)
    8714:	02812403          	lw	s0,40(sp)
    8718:	03010113          	add	sp,sp,48
    871c:	00008067          	ret
    8720:	00100793          	li	a5,1
    8724:	fff00593          	li	a1,-1
    8728:	00410513          	add	a0,sp,4
    872c:	00f11423          	sh	a5,8(sp)
    8730:	dacff0ef          	jal	7cdc <eshift.part.0>
    8734:	fd1ff06f          	j	8704 <e113toe.isra.0+0x6c>
    8738:	00050793          	mv	a5,a0
    873c:	00e50693          	add	a3,a0,14
    8740:	0007d703          	lhu	a4,0(a5)
    8744:	00278793          	add	a5,a5,2
    8748:	06071c63          	bnez	a4,87c0 <e113toe.isra.0+0x128>
    874c:	fed79ae3          	bne	a5,a3,8740 <e113toe.isra.0+0xa8>
    8750:	01440713          	add	a4,s0,20
    8754:	00040793          	mv	a5,s0
    8758:	00278793          	add	a5,a5,2
    875c:	fe079f23          	sh	zero,-2(a5)
    8760:	fee79ce3          	bne	a5,a4,8758 <e113toe.isra.0+0xc0>
    8764:	01240713          	add	a4,s0,18
    8768:	00040793          	mv	a5,s0
    876c:	00278793          	add	a5,a5,2
    8770:	fe079f23          	sh	zero,-2(a5)
    8774:	fee79ce3          	bne	a5,a4,876c <e113toe.isra.0+0xd4>
    8778:	01245783          	lhu	a5,18(s0)
    877c:	000086b7          	lui	a3,0x8
    8780:	fff68693          	add	a3,a3,-1 # 7fff <ecmp+0xb3>
    8784:	00d7e7b3          	or	a5,a5,a3
    8788:	01079793          	sll	a5,a5,0x10
    878c:	0107d793          	srl	a5,a5,0x10
    8790:	00f41923          	sh	a5,18(s0)
    8794:	00e51683          	lh	a3,14(a0)
    8798:	f606dce3          	bgez	a3,8710 <e113toe.isra.0+0x78>
    879c:	00040693          	mv	a3,s0
    87a0:	0006d603          	lhu	a2,0(a3)
    87a4:	00268693          	add	a3,a3,2
    87a8:	f60614e3          	bnez	a2,8710 <e113toe.isra.0+0x78>
    87ac:	fee69ae3          	bne	a3,a4,87a0 <e113toe.isra.0+0x108>
    87b0:	ffff8737          	lui	a4,0xffff8
    87b4:	00e7c7b3          	xor	a5,a5,a4
    87b8:	00f41923          	sh	a5,18(s0)
    87bc:	f55ff06f          	j	8710 <e113toe.isra.0+0x78>
    87c0:	01040713          	add	a4,s0,16
    87c4:	00040793          	mv	a5,s0
    87c8:	00278793          	add	a5,a5,2
    87cc:	fe079f23          	sh	zero,-2(a5)
    87d0:	fee79ce3          	bne	a5,a4,87c8 <e113toe.isra.0+0x130>
    87d4:	ffffc7b7          	lui	a5,0xffffc
    87d8:	00f41823          	sh	a5,16(s0)
    87dc:	ffff87b7          	lui	a5,0xffff8
    87e0:	fff7c793          	not	a5,a5
    87e4:	00f41923          	sh	a5,18(s0)
    87e8:	f29ff06f          	j	8710 <e113toe.isra.0+0x78>

000087ec <ediv>:
    87ec:	01255783          	lhu	a5,18(a0)
    87f0:	f5010113          	add	sp,sp,-176
    87f4:	0a812423          	sw	s0,168(sp)
    87f8:	fff7c793          	not	a5,a5
    87fc:	0a912223          	sw	s1,164(sp)
    8800:	0b212023          	sw	s2,160(sp)
    8804:	09312e23          	sw	s3,156(sp)
    8808:	0a112623          	sw	ra,172(sp)
    880c:	09412c23          	sw	s4,152(sp)
    8810:	09512a23          	sw	s5,148(sp)
    8814:	09612823          	sw	s6,144(sp)
    8818:	09712623          	sw	s7,140(sp)
    881c:	09812423          	sw	s8,136(sp)
    8820:	09912223          	sw	s9,132(sp)
    8824:	09a12023          	sw	s10,128(sp)
    8828:	07b12e23          	sw	s11,124(sp)
    882c:	01179713          	sll	a4,a5,0x11
    8830:	00050493          	mv	s1,a0
    8834:	00058993          	mv	s3,a1
    8838:	00060413          	mv	s0,a2
    883c:	00068913          	mv	s2,a3
    8840:	00071e63          	bnez	a4,885c <ediv+0x70>
    8844:	01250693          	add	a3,a0,18
    8848:	00050793          	mv	a5,a0
    884c:	0007d703          	lhu	a4,0(a5) # ffff8000 <_stack_top+0xdfef8000>
    8850:	00278793          	add	a5,a5,2
    8854:	0e071e63          	bnez	a4,8950 <ediv+0x164>
    8858:	fed79ae3          	bne	a5,a3,884c <ediv+0x60>
    885c:	0129d783          	lhu	a5,18(s3)
    8860:	fff7c793          	not	a5,a5
    8864:	01179713          	sll	a4,a5,0x11
    8868:	00071e63          	bnez	a4,8884 <ediv+0x98>
    886c:	01298693          	add	a3,s3,18
    8870:	00098793          	mv	a5,s3
    8874:	0007d703          	lhu	a4,0(a5)
    8878:	00278793          	add	a5,a5,2
    887c:	0e071863          	bnez	a4,896c <ediv+0x180>
    8880:	fed79ae3          	bne	a5,a3,8874 <ediv+0x88>
    8884:	00014a37          	lui	s4,0x14
    8888:	edca0593          	add	a1,s4,-292 # 13edc <ezero>
    888c:	00048513          	mv	a0,s1
    8890:	ebcff0ef          	jal	7f4c <ecmp>
    8894:	18050a63          	beqz	a0,8a28 <ediv+0x23c>
    8898:	0124d603          	lhu	a2,18(s1)
    889c:	000087b7          	lui	a5,0x8
    88a0:	fff78793          	add	a5,a5,-1 # 7fff <ecmp+0xb3>
    88a4:	00f67533          	and	a0,a2,a5
    88a8:	0ef51063          	bne	a0,a5,8988 <ediv+0x19c>
    88ac:	01248693          	add	a3,s1,18
    88b0:	00048793          	mv	a5,s1
    88b4:	0007d703          	lhu	a4,0(a5)
    88b8:	00278793          	add	a5,a5,2
    88bc:	0c071663          	bnez	a4,8988 <ediv+0x19c>
    88c0:	fed79ae3          	bne	a5,a3,88b4 <ediv+0xc8>
    88c4:	0129d703          	lhu	a4,18(s3)
    88c8:	fff74793          	not	a5,a4
    88cc:	01179693          	sll	a3,a5,0x11
    88d0:	14069263          	bnez	a3,8a14 <ediv+0x228>
    88d4:	01298693          	add	a3,s3,18
    88d8:	00098793          	mv	a5,s3
    88dc:	0007d583          	lhu	a1,0(a5)
    88e0:	00278793          	add	a5,a5,2
    88e4:	48059863          	bnez	a1,8d74 <ediv+0x588>
    88e8:	fed79ae3          	bne	a5,a3,88dc <ediv+0xf0>
    88ec:	01040713          	add	a4,s0,16
    88f0:	00040793          	mv	a5,s0
    88f4:	00278793          	add	a5,a5,2
    88f8:	fe079f23          	sh	zero,-2(a5)
    88fc:	fee79ce3          	bne	a5,a4,88f4 <ediv+0x108>
    8900:	ffffc7b7          	lui	a5,0xffffc
    8904:	00f41823          	sh	a5,16(s0)
    8908:	ffff87b7          	lui	a5,0xffff8
    890c:	fff7c793          	not	a5,a5
    8910:	00f41923          	sh	a5,18(s0)
    8914:	0ac12083          	lw	ra,172(sp)
    8918:	0a812403          	lw	s0,168(sp)
    891c:	0a412483          	lw	s1,164(sp)
    8920:	0a012903          	lw	s2,160(sp)
    8924:	09c12983          	lw	s3,156(sp)
    8928:	09812a03          	lw	s4,152(sp)
    892c:	09412a83          	lw	s5,148(sp)
    8930:	09012b03          	lw	s6,144(sp)
    8934:	08c12b83          	lw	s7,140(sp)
    8938:	08812c03          	lw	s8,136(sp)
    893c:	08412c83          	lw	s9,132(sp)
    8940:	08012d03          	lw	s10,128(sp)
    8944:	07c12d83          	lw	s11,124(sp)
    8948:	0b010113          	add	sp,sp,176
    894c:	00008067          	ret
    8950:	01448713          	add	a4,s1,20
    8954:	0004d783          	lhu	a5,0(s1)
    8958:	00248493          	add	s1,s1,2
    895c:	00240413          	add	s0,s0,2
    8960:	fef41f23          	sh	a5,-2(s0)
    8964:	fee498e3          	bne	s1,a4,8954 <ediv+0x168>
    8968:	fadff06f          	j	8914 <ediv+0x128>
    896c:	01440713          	add	a4,s0,20
    8970:	0009d783          	lhu	a5,0(s3)
    8974:	00240413          	add	s0,s0,2
    8978:	00298993          	add	s3,s3,2
    897c:	fef41f23          	sh	a5,-2(s0)
    8980:	fee418e3          	bne	s0,a4,8970 <ediv+0x184>
    8984:	f91ff06f          	j	8914 <ediv+0x128>
    8988:	0129d703          	lhu	a4,18(s3)
    898c:	fff74793          	not	a5,a4
    8990:	01179693          	sll	a3,a5,0x11
    8994:	0a069463          	bnez	a3,8a3c <ediv+0x250>
    8998:	00000813          	li	a6,0
    899c:	01298693          	add	a3,s3,18
    89a0:	00098793          	mv	a5,s3
    89a4:	0007d583          	lhu	a1,0(a5) # ffff8000 <_stack_top+0xdfef8000>
    89a8:	00278793          	add	a5,a5,2
    89ac:	06059263          	bnez	a1,8a10 <ediv+0x224>
    89b0:	fed79ae3          	bne	a5,a3,89a4 <ediv+0x1b8>
    89b4:	000087b7          	lui	a5,0x8
    89b8:	fff78793          	add	a5,a5,-1 # 7fff <ecmp+0xb3>
    89bc:	0cf50863          	beq	a0,a5,8a8c <ediv+0x2a0>
    89c0:	00f65613          	srl	a2,a2,0xf
    89c4:	0009d783          	lhu	a5,0(s3)
    89c8:	00298993          	add	s3,s3,2
    89cc:	38079c63          	bnez	a5,8d64 <ediv+0x578>
    89d0:	fed99ae3          	bne	s3,a3,89c4 <ediv+0x1d8>
    89d4:	00f75793          	srl	a5,a4,0xf
    89d8:	00c7c7b3          	xor	a5,a5,a2
    89dc:	00f79793          	sll	a5,a5,0xf
    89e0:	00f41923          	sh	a5,18(s0)
    89e4:	01240713          	add	a4,s0,18
    89e8:	00040793          	mv	a5,s0
    89ec:	00278793          	add	a5,a5,2
    89f0:	fe079f23          	sh	zero,-2(a5)
    89f4:	fee79ce3          	bne	a5,a4,89ec <ediv+0x200>
    89f8:	01245783          	lhu	a5,18(s0)
    89fc:	00008737          	lui	a4,0x8
    8a00:	fff70713          	add	a4,a4,-1 # 7fff <ecmp+0xb3>
    8a04:	00e7e7b3          	or	a5,a5,a4
    8a08:	00f41923          	sh	a5,18(s0)
    8a0c:	f09ff06f          	j	8914 <ediv+0x128>
    8a10:	02080663          	beqz	a6,8a3c <ediv+0x250>
    8a14:	01440793          	add	a5,s0,20
    8a18:	00240413          	add	s0,s0,2
    8a1c:	fe041f23          	sh	zero,-2(s0)
    8a20:	fef41ce3          	bne	s0,a5,8a18 <ediv+0x22c>
    8a24:	ef1ff06f          	j	8914 <ediv+0x128>
    8a28:	edca0593          	add	a1,s4,-292
    8a2c:	00098513          	mv	a0,s3
    8a30:	d1cff0ef          	jal	7f4c <ecmp>
    8a34:	e60512e3          	bnez	a0,8898 <ediv+0xac>
    8a38:	eb5ff06f          	j	88ec <ediv+0x100>
    8a3c:	01c10593          	add	a1,sp,28
    8a40:	00048513          	mv	a0,s1
    8a44:	c54ff0ef          	jal	7e98 <emovi>
    8a48:	03810593          	add	a1,sp,56
    8a4c:	00098513          	mv	a0,s3
    8a50:	c48ff0ef          	jal	7e98 <emovi>
    8a54:	03a15b03          	lhu	s6,58(sp)
    8a58:	01e15c03          	lhu	s8,30(sp)
    8a5c:	040b1463          	bnez	s6,8aa4 <ediv+0x2b8>
    8a60:	03a10793          	add	a5,sp,58
    8a64:	05010c93          	add	s9,sp,80
    8a68:	0007d703          	lhu	a4,0(a5)
    8a6c:	00278793          	add	a5,a5,2
    8a70:	2c071663          	bnez	a4,8d3c <ediv+0x550>
    8a74:	fefc9ae3          	bne	s9,a5,8a68 <ediv+0x27c>
    8a78:	01440793          	add	a5,s0,20
    8a7c:	00240413          	add	s0,s0,2
    8a80:	fe041f23          	sh	zero,-2(s0)
    8a84:	fef41ce3          	bne	s0,a5,8a7c <ediv+0x290>
    8a88:	e8dff06f          	j	8914 <ediv+0x128>
    8a8c:	01248593          	add	a1,s1,18
    8a90:	0004d783          	lhu	a5,0(s1)
    8a94:	00248493          	add	s1,s1,2
    8a98:	2c079a63          	bnez	a5,8d6c <ediv+0x580>
    8a9c:	feb49ae3          	bne	s1,a1,8a90 <ediv+0x2a4>
    8aa0:	f21ff06f          	j	89c0 <ediv+0x1d4>
    8aa4:	01612223          	sw	s6,4(sp)
    8aa8:	040c1663          	bnez	s8,8af4 <ediv+0x308>
    8aac:	01e10793          	add	a5,sp,30
    8ab0:	03410693          	add	a3,sp,52
    8ab4:	0007d703          	lhu	a4,0(a5)
    8ab8:	00278793          	add	a5,a5,2
    8abc:	28071a63          	bnez	a4,8d50 <ediv+0x564>
    8ac0:	fed79ae3          	bne	a5,a3,8ab4 <ediv+0x2c8>
    8ac4:	01c15683          	lhu	a3,28(sp)
    8ac8:	03815603          	lhu	a2,56(sp)
    8acc:	01240713          	add	a4,s0,18
    8ad0:	00040793          	mv	a5,s0
    8ad4:	40c686b3          	sub	a3,a3,a2
    8ad8:	00d036b3          	snez	a3,a3
    8adc:	00f69693          	sll	a3,a3,0xf
    8ae0:	00d41923          	sh	a3,18(s0)
    8ae4:	00278793          	add	a5,a5,2
    8ae8:	fe079f23          	sh	zero,-2(a5)
    8aec:	fee79ce3          	bne	a5,a4,8ae4 <ediv+0x2f8>
    8af0:	f09ff06f          	j	89f8 <ediv+0x20c>
    8af4:	01812423          	sw	s8,8(sp)
    8af8:	03490793          	add	a5,s2,52
    8afc:	00f12623          	sw	a5,12(sp)
    8b00:	03812783          	lw	a5,56(sp)
    8b04:	03890493          	add	s1,s2,56
    8b08:	04e90993          	add	s3,s2,78
    8b0c:	02f92a23          	sw	a5,52(s2)
    8b10:	00048793          	mv	a5,s1
    8b14:	00278793          	add	a5,a5,2
    8b18:	fe079f23          	sh	zero,-2(a5)
    8b1c:	ff379ce3          	bne	a5,s3,8b14 <ediv+0x328>
    8b20:	03810513          	add	a0,sp,56
    8b24:	e55fe0ef          	jal	7978 <eshdn1>
    8b28:	02215b83          	lhu	s7,34(sp)
    8b2c:	00010a37          	lui	s4,0x10
    8b30:	03a10d13          	add	s10,sp,58
    8b34:	010b9a93          	sll	s5,s7,0x10
    8b38:	417a8ab3          	sub	s5,s5,s7
    8b3c:	05010c93          	add	s9,sp,80
    8b40:	fffa0a13          	add	s4,s4,-1 # ffff <_vfiprintf_r+0xc83>
    8b44:	06e10d93          	add	s11,sp,110
    8b48:	05610c13          	add	s8,sp,86
    8b4c:	03c15783          	lhu	a5,60(sp)
    8b50:	03e15703          	lhu	a4,62(sp)
    8b54:	000a0b13          	mv	s6,s4
    8b58:	01079793          	sll	a5,a5,0x10
    8b5c:	00e787b3          	add	a5,a5,a4
    8b60:	00fae863          	bltu	s5,a5,8b70 <ediv+0x384>
    8b64:	0377d7b3          	divu	a5,a5,s7
    8b68:	01079b13          	sll	s6,a5,0x10
    8b6c:	010b5b13          	srl	s6,s6,0x10
    8b70:	05410613          	add	a2,sp,84
    8b74:	01c10593          	add	a1,sp,28
    8b78:	000b0513          	mv	a0,s6
    8b7c:	ea5fe0ef          	jal	7a20 <m16m>
    8b80:	03c10713          	add	a4,sp,60
    8b84:	05810793          	add	a5,sp,88
    8b88:	0007d603          	lhu	a2,0(a5)
    8b8c:	00075683          	lhu	a3,0(a4)
    8b90:	00278793          	add	a5,a5,2
    8b94:	00270713          	add	a4,a4,2
    8b98:	0ed61863          	bne	a2,a3,8c88 <ediv+0x49c>
    8b9c:	ffb796e3          	bne	a5,s11,8b88 <ediv+0x39c>
    8ba0:	00000693          	li	a3,0
    8ba4:	06c10613          	add	a2,sp,108
    8ba8:	000c8793          	mv	a5,s9
    8bac:	0007d703          	lhu	a4,0(a5)
    8bb0:	00065583          	lhu	a1,0(a2)
    8bb4:	ffe78793          	add	a5,a5,-2
    8bb8:	ffe60613          	add	a2,a2,-2
    8bbc:	40b70733          	sub	a4,a4,a1
    8bc0:	40d70733          	sub	a4,a4,a3
    8bc4:	01075693          	srl	a3,a4,0x10
    8bc8:	00e79123          	sh	a4,2(a5)
    8bcc:	0016f693          	and	a3,a3,1
    8bd0:	fda79ee3          	bne	a5,s10,8bac <ediv+0x3c0>
    8bd4:	01649023          	sh	s6,0(s1)
    8bd8:	03c10793          	add	a5,sp,60
    8bdc:	0027d703          	lhu	a4,2(a5)
    8be0:	00278793          	add	a5,a5,2
    8be4:	fee79f23          	sh	a4,-2(a5)
    8be8:	ff979ae3          	bne	a5,s9,8bdc <ediv+0x3f0>
    8bec:	04011823          	sh	zero,80(sp)
    8bf0:	00248493          	add	s1,s1,2
    8bf4:	f4999ce3          	bne	s3,s1,8b4c <ediv+0x360>
    8bf8:	00000713          	li	a4,0
    8bfc:	03c10793          	add	a5,sp,60
    8c00:	05210693          	add	a3,sp,82
    8c04:	0007d603          	lhu	a2,0(a5)
    8c08:	00278793          	add	a5,a5,2
    8c0c:	00c76733          	or	a4,a4,a2
    8c10:	fed79ae3          	bne	a5,a3,8c04 <ediv+0x418>
    8c14:	00c12483          	lw	s1,12(sp)
    8c18:	00e035b3          	snez	a1,a4
    8c1c:	03810793          	add	a5,sp,56
    8c20:	0004d703          	lhu	a4,0(s1)
    8c24:	00278793          	add	a5,a5,2
    8c28:	00248493          	add	s1,s1,2
    8c2c:	fee79f23          	sh	a4,-2(a5)
    8c30:	fef698e3          	bne	a3,a5,8c20 <ediv+0x434>
    8c34:	00412783          	lw	a5,4(sp)
    8c38:	00812703          	lw	a4,8(sp)
    8c3c:	000046b7          	lui	a3,0x4
    8c40:	fff68693          	add	a3,a3,-1 # 3fff <__trunctfdf2+0x2bb>
    8c44:	40e78b33          	sub	s6,a5,a4
    8c48:	03810513          	add	a0,sp,56
    8c4c:	00090793          	mv	a5,s2
    8c50:	04000713          	li	a4,64
    8c54:	00db06b3          	add	a3,s6,a3
    8c58:	00000613          	li	a2,0
    8c5c:	c3cff0ef          	jal	8098 <emdnorm>
    8c60:	03815703          	lhu	a4,56(sp)
    8c64:	01c15783          	lhu	a5,28(sp)
    8c68:	00040593          	mv	a1,s0
    8c6c:	03810513          	add	a0,sp,56
    8c70:	40e787b3          	sub	a5,a5,a4
    8c74:	00f037b3          	snez	a5,a5
    8c78:	40f007b3          	neg	a5,a5
    8c7c:	02f11c23          	sh	a5,56(sp)
    8c80:	e2dfe0ef          	jal	7aac <emovo.constprop.0>
    8c84:	c91ff06f          	j	8914 <ediv+0x128>
    8c88:	f0c6fce3          	bgeu	a3,a2,8ba0 <ediv+0x3b4>
    8c8c:	fffb0793          	add	a5,s6,-1
    8c90:	01079313          	sll	t1,a5,0x10
    8c94:	01035313          	srl	t1,t1,0x10
    8c98:	00000693          	li	a3,0
    8c9c:	03410613          	add	a2,sp,52
    8ca0:	06c10713          	add	a4,sp,108
    8ca4:	00075783          	lhu	a5,0(a4)
    8ca8:	00065583          	lhu	a1,0(a2)
    8cac:	ffe70713          	add	a4,a4,-2
    8cb0:	ffe60613          	add	a2,a2,-2
    8cb4:	40b787b3          	sub	a5,a5,a1
    8cb8:	40d787b3          	sub	a5,a5,a3
    8cbc:	0107d693          	srl	a3,a5,0x10
    8cc0:	00f71123          	sh	a5,2(a4)
    8cc4:	0016f693          	and	a3,a3,1
    8cc8:	fd871ee3          	bne	a4,s8,8ca4 <ediv+0x4b8>
    8ccc:	03c10713          	add	a4,sp,60
    8cd0:	05810793          	add	a5,sp,88
    8cd4:	0007d603          	lhu	a2,0(a5)
    8cd8:	00075683          	lhu	a3,0(a4)
    8cdc:	00278793          	add	a5,a5,2
    8ce0:	00270713          	add	a4,a4,2
    8ce4:	00d61863          	bne	a2,a3,8cf4 <ediv+0x508>
    8ce8:	ffb796e3          	bne	a5,s11,8cd4 <ediv+0x4e8>
    8cec:	00030b13          	mv	s6,t1
    8cf0:	eb1ff06f          	j	8ba0 <ediv+0x3b4>
    8cf4:	fec6fce3          	bgeu	a3,a2,8cec <ediv+0x500>
    8cf8:	ffeb0513          	add	a0,s6,-2
    8cfc:	01051b13          	sll	s6,a0,0x10
    8d00:	010b5b13          	srl	s6,s6,0x10
    8d04:	00000693          	li	a3,0
    8d08:	03410613          	add	a2,sp,52
    8d0c:	06c10713          	add	a4,sp,108
    8d10:	00075783          	lhu	a5,0(a4)
    8d14:	00065583          	lhu	a1,0(a2)
    8d18:	ffe70713          	add	a4,a4,-2
    8d1c:	ffe60613          	add	a2,a2,-2
    8d20:	40b787b3          	sub	a5,a5,a1
    8d24:	40d787b3          	sub	a5,a5,a3
    8d28:	0107d693          	srl	a3,a5,0x10
    8d2c:	00f71123          	sh	a5,2(a4)
    8d30:	0016f693          	and	a3,a3,1
    8d34:	fd871ee3          	bne	a4,s8,8d10 <ediv+0x524>
    8d38:	e69ff06f          	j	8ba0 <ediv+0x3b4>
    8d3c:	03810513          	add	a0,sp,56
    8d40:	e29fe0ef          	jal	7b68 <enormlz>
    8d44:	40a007b3          	neg	a5,a0
    8d48:	00f12223          	sw	a5,4(sp)
    8d4c:	d5dff06f          	j	8aa8 <ediv+0x2bc>
    8d50:	01c10513          	add	a0,sp,28
    8d54:	e15fe0ef          	jal	7b68 <enormlz>
    8d58:	40a007b3          	neg	a5,a0
    8d5c:	00f12423          	sw	a5,8(sp)
    8d60:	d99ff06f          	j	8af8 <ediv+0x30c>
    8d64:	00000793          	li	a5,0
    8d68:	c71ff06f          	j	89d8 <ediv+0x1ec>
    8d6c:	00000613          	li	a2,0
    8d70:	c55ff06f          	j	89c4 <ediv+0x1d8>
    8d74:	00100813          	li	a6,1
    8d78:	c29ff06f          	j	89a0 <ediv+0x1b4>

00008d7c <emul>:
    8d7c:	01255803          	lhu	a6,18(a0)
    8d80:	00008737          	lui	a4,0x8
    8d84:	f7010113          	add	sp,sp,-144
    8d88:	fff70713          	add	a4,a4,-1 # 7fff <ecmp+0xb3>
    8d8c:	08812423          	sw	s0,136(sp)
    8d90:	08912223          	sw	s1,132(sp)
    8d94:	09212023          	sw	s2,128(sp)
    8d98:	07512a23          	sw	s5,116(sp)
    8d9c:	00050493          	mv	s1,a0
    8da0:	08112623          	sw	ra,140(sp)
    8da4:	07312e23          	sw	s3,124(sp)
    8da8:	07412c23          	sw	s4,120(sp)
    8dac:	07612823          	sw	s6,112(sp)
    8db0:	07712623          	sw	s7,108(sp)
    8db4:	07812423          	sw	s8,104(sp)
    8db8:	07912223          	sw	s9,100(sp)
    8dbc:	07a12023          	sw	s10,96(sp)
    8dc0:	00e87533          	and	a0,a6,a4
    8dc4:	00058913          	mv	s2,a1
    8dc8:	00060413          	mv	s0,a2
    8dcc:	00068a93          	mv	s5,a3
    8dd0:	16e51e63          	bne	a0,a4,8f4c <emul+0x1d0>
    8dd4:	01248993          	add	s3,s1,18
    8dd8:	00048713          	mv	a4,s1
    8ddc:	00075603          	lhu	a2,0(a4)
    8de0:	00270713          	add	a4,a4,2
    8de4:	1e061c63          	bnez	a2,8fdc <emul+0x260>
    8de8:	ff371ae3          	bne	a4,s3,8ddc <emul+0x60>
    8dec:	01295603          	lhu	a2,18(s2)
    8df0:	fff64793          	not	a5,a2
    8df4:	01179713          	sll	a4,a5,0x11
    8df8:	16070063          	beqz	a4,8f58 <emul+0x1dc>
    8dfc:	00048793          	mv	a5,s1
    8e00:	0007d703          	lhu	a4,0(a5)
    8e04:	00278793          	add	a5,a5,2
    8e08:	28071063          	bnez	a4,9088 <emul+0x30c>
    8e0c:	ff379ae3          	bne	a5,s3,8e00 <emul+0x84>
    8e10:	000145b7          	lui	a1,0x14
    8e14:	edc58593          	add	a1,a1,-292 # 13edc <ezero>
    8e18:	00090513          	mv	a0,s2
    8e1c:	930ff0ef          	jal	7f4c <ecmp>
    8e20:	28050063          	beqz	a0,90a0 <emul+0x324>
    8e24:	01295603          	lhu	a2,18(s2)
    8e28:	00008737          	lui	a4,0x8
    8e2c:	fff70713          	add	a4,a4,-1 # 7fff <ecmp+0xb3>
    8e30:	00e676b3          	and	a3,a2,a4
    8e34:	01290793          	add	a5,s2,18
    8e38:	40e69263          	bne	a3,a4,923c <emul+0x4c0>
    8e3c:	00090713          	mv	a4,s2
    8e40:	00075683          	lhu	a3,0(a4)
    8e44:	00270713          	add	a4,a4,2
    8e48:	1e069c63          	bnez	a3,9040 <emul+0x2c4>
    8e4c:	fef71ae3          	bne	a4,a5,8e40 <emul+0xc4>
    8e50:	000145b7          	lui	a1,0x14
    8e54:	edc58593          	add	a1,a1,-292 # 13edc <ezero>
    8e58:	00048513          	mv	a0,s1
    8e5c:	8f0ff0ef          	jal	7f4c <ecmp>
    8e60:	24050063          	beqz	a0,90a0 <emul+0x324>
    8e64:	0124d803          	lhu	a6,18(s1)
    8e68:	01295603          	lhu	a2,18(s2)
    8e6c:	000087b7          	lui	a5,0x8
    8e70:	fff78793          	add	a5,a5,-1 # 7fff <ecmp+0xb3>
    8e74:	00f87733          	and	a4,a6,a5
    8e78:	00f676b3          	and	a3,a2,a5
    8e7c:	1cf70c63          	beq	a4,a5,9054 <emul+0x2d8>
    8e80:	00068593          	mv	a1,a3
    8e84:	00070693          	mv	a3,a4
    8e88:	000087b7          	lui	a5,0x8
    8e8c:	fff78793          	add	a5,a5,-1 # 7fff <ecmp+0xb3>
    8e90:	0ef59c63          	bne	a1,a5,8f88 <emul+0x20c>
    8e94:	01290793          	add	a5,s2,18
    8e98:	00090713          	mv	a4,s2
    8e9c:	00075583          	lhu	a1,0(a4)
    8ea0:	00270713          	add	a4,a4,2
    8ea4:	0e059263          	bnez	a1,8f88 <emul+0x20c>
    8ea8:	fee79ae3          	bne	a5,a4,8e9c <emul+0x120>
    8eac:	00008737          	lui	a4,0x8
    8eb0:	fff70713          	add	a4,a4,-1 # 7fff <ecmp+0xb3>
    8eb4:	01248993          	add	s3,s1,18
    8eb8:	20e69a63          	bne	a3,a4,90cc <emul+0x350>
    8ebc:	0004d783          	lhu	a5,0(s1)
    8ec0:	00248493          	add	s1,s1,2
    8ec4:	20079c63          	bnez	a5,90dc <emul+0x360>
    8ec8:	fe999ae3          	bne	s3,s1,8ebc <emul+0x140>
    8ecc:	00f85813          	srl	a6,a6,0xf
    8ed0:	000087b7          	lui	a5,0x8
    8ed4:	fff78793          	add	a5,a5,-1 # 7fff <ecmp+0xb3>
    8ed8:	18f68c63          	beq	a3,a5,9070 <emul+0x2f4>
    8edc:	00f65793          	srl	a5,a2,0xf
    8ee0:	0107c7b3          	xor	a5,a5,a6
    8ee4:	00f79793          	sll	a5,a5,0xf
    8ee8:	00f41923          	sh	a5,18(s0)
    8eec:	01240713          	add	a4,s0,18
    8ef0:	00040793          	mv	a5,s0
    8ef4:	00278793          	add	a5,a5,2
    8ef8:	fe079f23          	sh	zero,-2(a5)
    8efc:	fee79ce3          	bne	a5,a4,8ef4 <emul+0x178>
    8f00:	01245783          	lhu	a5,18(s0)
    8f04:	00008737          	lui	a4,0x8
    8f08:	fff70713          	add	a4,a4,-1 # 7fff <ecmp+0xb3>
    8f0c:	00e7e7b3          	or	a5,a5,a4
    8f10:	00f41923          	sh	a5,18(s0)
    8f14:	08c12083          	lw	ra,140(sp)
    8f18:	08812403          	lw	s0,136(sp)
    8f1c:	08412483          	lw	s1,132(sp)
    8f20:	08012903          	lw	s2,128(sp)
    8f24:	07c12983          	lw	s3,124(sp)
    8f28:	07812a03          	lw	s4,120(sp)
    8f2c:	07412a83          	lw	s5,116(sp)
    8f30:	07012b03          	lw	s6,112(sp)
    8f34:	06c12b83          	lw	s7,108(sp)
    8f38:	06812c03          	lw	s8,104(sp)
    8f3c:	06412c83          	lw	s9,100(sp)
    8f40:	06012d03          	lw	s10,96(sp)
    8f44:	09010113          	add	sp,sp,144
    8f48:	00008067          	ret
    8f4c:	0125d603          	lhu	a2,18(a1)
    8f50:	00e677b3          	and	a5,a2,a4
    8f54:	02e79a63          	bne	a5,a4,8f88 <emul+0x20c>
    8f58:	01290793          	add	a5,s2,18
    8f5c:	00090713          	mv	a4,s2
    8f60:	00075683          	lhu	a3,0(a4)
    8f64:	00270713          	add	a4,a4,2
    8f68:	08069863          	bnez	a3,8ff8 <emul+0x27c>
    8f6c:	fef71ae3          	bne	a4,a5,8f60 <emul+0x1e4>
    8f70:	00008737          	lui	a4,0x8
    8f74:	fff70713          	add	a4,a4,-1 # 7fff <ecmp+0xb3>
    8f78:	01248993          	add	s3,s1,18
    8f7c:	e8e500e3          	beq	a0,a4,8dfc <emul+0x80>
    8f80:	00e676b3          	and	a3,a2,a4
    8f84:	eae68ce3          	beq	a3,a4,8e3c <emul+0xc0>
    8f88:	00048513          	mv	a0,s1
    8f8c:	00c10593          	add	a1,sp,12
    8f90:	f09fe0ef          	jal	7e98 <emovi>
    8f94:	00090513          	mv	a0,s2
    8f98:	02810593          	add	a1,sp,40
    8f9c:	efdfe0ef          	jal	7e98 <emovi>
    8fa0:	00e15903          	lhu	s2,14(sp)
    8fa4:	02a15483          	lhu	s1,42(sp)
    8fa8:	06090663          	beqz	s2,9014 <emul+0x298>
    8fac:	14049463          	bnez	s1,90f4 <emul+0x378>
    8fb0:	02a10793          	add	a5,sp,42
    8fb4:	04010693          	add	a3,sp,64
    8fb8:	0007d703          	lhu	a4,0(a5)
    8fbc:	00278793          	add	a5,a5,2
    8fc0:	26071463          	bnez	a4,9228 <emul+0x4ac>
    8fc4:	fed79ae3          	bne	a5,a3,8fb8 <emul+0x23c>
    8fc8:	01440793          	add	a5,s0,20
    8fcc:	00240413          	add	s0,s0,2
    8fd0:	fe041f23          	sh	zero,-2(s0)
    8fd4:	fe879ce3          	bne	a5,s0,8fcc <emul+0x250>
    8fd8:	f3dff06f          	j	8f14 <emul+0x198>
    8fdc:	01440713          	add	a4,s0,20
    8fe0:	0004d783          	lhu	a5,0(s1)
    8fe4:	00240413          	add	s0,s0,2
    8fe8:	00248493          	add	s1,s1,2
    8fec:	fef41f23          	sh	a5,-2(s0)
    8ff0:	fee418e3          	bne	s0,a4,8fe0 <emul+0x264>
    8ff4:	f21ff06f          	j	8f14 <emul+0x198>
    8ff8:	01490713          	add	a4,s2,20
    8ffc:	00095783          	lhu	a5,0(s2)
    9000:	00290913          	add	s2,s2,2
    9004:	00240413          	add	s0,s0,2
    9008:	fef41f23          	sh	a5,-2(s0)
    900c:	ff2718e3          	bne	a4,s2,8ffc <emul+0x280>
    9010:	f05ff06f          	j	8f14 <emul+0x198>
    9014:	00e10793          	add	a5,sp,14
    9018:	02410693          	add	a3,sp,36
    901c:	0007d703          	lhu	a4,0(a5)
    9020:	00278793          	add	a5,a5,2
    9024:	1e071a63          	bnez	a4,9218 <emul+0x49c>
    9028:	fef69ae3          	bne	a3,a5,901c <emul+0x2a0>
    902c:	01440793          	add	a5,s0,20
    9030:	00240413          	add	s0,s0,2
    9034:	fe041f23          	sh	zero,-2(s0)
    9038:	fef41ce3          	bne	s0,a5,9030 <emul+0x2b4>
    903c:	ed9ff06f          	j	8f14 <emul+0x198>
    9040:	0124d803          	lhu	a6,18(s1)
    9044:	00008737          	lui	a4,0x8
    9048:	fff70713          	add	a4,a4,-1 # 7fff <ecmp+0xb3>
    904c:	00e876b3          	and	a3,a6,a4
    9050:	e4e694e3          	bne	a3,a4,8e98 <emul+0x11c>
    9054:	01248993          	add	s3,s1,18
    9058:	00048793          	mv	a5,s1
    905c:	0007d703          	lhu	a4,0(a5)
    9060:	00278793          	add	a5,a5,2
    9064:	08071063          	bnez	a4,90e4 <emul+0x368>
    9068:	fef99ae3          	bne	s3,a5,905c <emul+0x2e0>
    906c:	e51ff06f          	j	8ebc <emul+0x140>
    9070:	01290793          	add	a5,s2,18
    9074:	00095703          	lhu	a4,0(s2)
    9078:	00290913          	add	s2,s2,2
    907c:	04071c63          	bnez	a4,90d4 <emul+0x358>
    9080:	ff279ae3          	bne	a5,s2,9074 <emul+0x2f8>
    9084:	e59ff06f          	j	8edc <emul+0x160>
    9088:	00008737          	lui	a4,0x8
    908c:	fff70713          	add	a4,a4,-1 # 7fff <ecmp+0xb3>
    9090:	00e676b3          	and	a3,a2,a4
    9094:	01290793          	add	a5,s2,18
    9098:	dae682e3          	beq	a3,a4,8e3c <emul+0xc0>
    909c:	fbdff06f          	j	9058 <emul+0x2dc>
    90a0:	01040713          	add	a4,s0,16
    90a4:	00040793          	mv	a5,s0
    90a8:	00278793          	add	a5,a5,2
    90ac:	fe079f23          	sh	zero,-2(a5)
    90b0:	fee79ce3          	bne	a5,a4,90a8 <emul+0x32c>
    90b4:	ffffc7b7          	lui	a5,0xffffc
    90b8:	00f41823          	sh	a5,16(s0)
    90bc:	ffff87b7          	lui	a5,0xffff8
    90c0:	fff7c793          	not	a5,a5
    90c4:	00f41923          	sh	a5,18(s0)
    90c8:	e4dff06f          	j	8f14 <emul+0x198>
    90cc:	00f85813          	srl	a6,a6,0xf
    90d0:	fa5ff06f          	j	9074 <emul+0x2f8>
    90d4:	00000793          	li	a5,0
    90d8:	e09ff06f          	j	8ee0 <emul+0x164>
    90dc:	00000813          	li	a6,0
    90e0:	df1ff06f          	j	8ed0 <emul+0x154>
    90e4:	00068593          	mv	a1,a3
    90e8:	000086b7          	lui	a3,0x8
    90ec:	fff68693          	add	a3,a3,-1 # 7fff <ecmp+0xb3>
    90f0:	d99ff06f          	j	8e88 <emul+0x10c>
    90f4:	00048993          	mv	s3,s1
    90f8:	02815783          	lhu	a5,40(sp)
    90fc:	01049493          	sll	s1,s1,0x10
    9100:	038a8a13          	add	s4,s5,56
    9104:	0097e7b3          	or	a5,a5,s1
    9108:	02faaa23          	sw	a5,52(s5)
    910c:	034a8493          	add	s1,s5,52
    9110:	000a0793          	mv	a5,s4
    9114:	04ea8713          	add	a4,s5,78
    9118:	00079023          	sh	zero,0(a5) # ffff8000 <_stack_top+0xdfef8000>
    911c:	00278793          	add	a5,a5,2
    9120:	fee79ce3          	bne	a5,a4,9118 <emul+0x39c>
    9124:	04ca8c93          	add	s9,s5,76
    9128:	00000c13          	li	s8,0
    912c:	02410b13          	add	s6,sp,36
    9130:	01010d13          	add	s10,sp,16
    9134:	04610b93          	add	s7,sp,70
    9138:	000b5503          	lhu	a0,0(s6)
    913c:	ffeb0b13          	add	s6,s6,-2
    9140:	08051a63          	bnez	a0,91d4 <emul+0x458>
    9144:	04cad783          	lhu	a5,76(s5)
    9148:	000c8713          	mv	a4,s9
    914c:	00fc6c33          	or	s8,s8,a5
    9150:	ffe75603          	lhu	a2,-2(a4)
    9154:	ffe70713          	add	a4,a4,-2
    9158:	00c71123          	sh	a2,2(a4)
    915c:	feea1ae3          	bne	s4,a4,9150 <emul+0x3d4>
    9160:	020a9c23          	sh	zero,56(s5)
    9164:	fdab1ae3          	bne	s6,s10,9138 <emul+0x3bc>
    9168:	02810793          	add	a5,sp,40
    916c:	04210693          	add	a3,sp,66
    9170:	0004d703          	lhu	a4,0(s1)
    9174:	00278793          	add	a5,a5,2
    9178:	00248493          	add	s1,s1,2
    917c:	fee79f23          	sh	a4,-2(a5)
    9180:	fef698e3          	bne	a3,a5,9170 <emul+0x3f4>
    9184:	ffffc6b7          	lui	a3,0xffffc
    9188:	01390933          	add	s2,s2,s3
    918c:	00268693          	add	a3,a3,2 # ffffc002 <_stack_top+0xdfefc002>
    9190:	000c0593          	mv	a1,s8
    9194:	02810513          	add	a0,sp,40
    9198:	000a8793          	mv	a5,s5
    919c:	04000713          	li	a4,64
    91a0:	00d906b3          	add	a3,s2,a3
    91a4:	00000613          	li	a2,0
    91a8:	ef1fe0ef          	jal	8098 <emdnorm>
    91ac:	02815703          	lhu	a4,40(sp)
    91b0:	00c15783          	lhu	a5,12(sp)
    91b4:	00040593          	mv	a1,s0
    91b8:	02810513          	add	a0,sp,40
    91bc:	40e787b3          	sub	a5,a5,a4
    91c0:	00f037b3          	snez	a5,a5
    91c4:	40f007b3          	neg	a5,a5
    91c8:	02f11423          	sh	a5,40(sp)
    91cc:	8e1fe0ef          	jal	7aac <emovo.constprop.0>
    91d0:	d45ff06f          	j	8f14 <emul+0x198>
    91d4:	04410613          	add	a2,sp,68
    91d8:	02810593          	add	a1,sp,40
    91dc:	845fe0ef          	jal	7a20 <m16m>
    91e0:	000c8513          	mv	a0,s9
    91e4:	00000593          	li	a1,0
    91e8:	05c10613          	add	a2,sp,92
    91ec:	00055783          	lhu	a5,0(a0)
    91f0:	00065703          	lhu	a4,0(a2)
    91f4:	ffe50513          	add	a0,a0,-2
    91f8:	ffe60613          	add	a2,a2,-2
    91fc:	00f70733          	add	a4,a4,a5
    9200:	00b70733          	add	a4,a4,a1
    9204:	01075593          	srl	a1,a4,0x10
    9208:	00e51123          	sh	a4,2(a0)
    920c:	0015f593          	and	a1,a1,1
    9210:	fd761ee3          	bne	a2,s7,91ec <emul+0x470>
    9214:	f31ff06f          	j	9144 <emul+0x3c8>
    9218:	00c10513          	add	a0,sp,12
    921c:	94dfe0ef          	jal	7b68 <enormlz>
    9220:	40a00933          	neg	s2,a0
    9224:	d89ff06f          	j	8fac <emul+0x230>
    9228:	02810513          	add	a0,sp,40
    922c:	93dfe0ef          	jal	7b68 <enormlz>
    9230:	40a009b3          	neg	s3,a0
    9234:	02a15483          	lhu	s1,42(sp)
    9238:	ec1ff06f          	j	90f8 <emul+0x37c>
    923c:	0124d803          	lhu	a6,18(s1)
    9240:	00e877b3          	and	a5,a6,a4
    9244:	e0e78ae3          	beq	a5,a4,9058 <emul+0x2dc>
    9248:	d41ff06f          	j	8f88 <emul+0x20c>

0000924c <_ldtoa_r>:
    924c:	00c5a883          	lw	a7,12(a1)
    9250:	e0010113          	add	sp,sp,-512
    9254:	0005ae83          	lw	t4,0(a1)
    9258:	0045ae03          	lw	t3,4(a1)
    925c:	0085a303          	lw	t1,8(a1)
    9260:	05112623          	sw	a7,76(sp)
    9264:	04052583          	lw	a1,64(a0)
    9268:	fff00893          	li	a7,-1
    926c:	17112823          	sw	a7,368(sp)
    9270:	09000893          	li	a7,144
    9274:	1e812c23          	sw	s0,504(sp)
    9278:	1f412423          	sw	s4,488(sp)
    927c:	1e112e23          	sw	ra,508(sp)
    9280:	1e912a23          	sw	s1,500(sp)
    9284:	1f212823          	sw	s2,496(sp)
    9288:	1f312623          	sw	s3,492(sp)
    928c:	1f512223          	sw	s5,484(sp)
    9290:	1f612023          	sw	s6,480(sp)
    9294:	1d712e23          	sw	s7,476(sp)
    9298:	1d812c23          	sw	s8,472(sp)
    929c:	1d912a23          	sw	s9,468(sp)
    92a0:	1da12823          	sw	s10,464(sp)
    92a4:	1db12623          	sw	s11,460(sp)
    92a8:	00a12023          	sw	a0,0(sp)
    92ac:	05d12023          	sw	t4,64(sp)
    92b0:	05c12223          	sw	t3,68(sp)
    92b4:	04612423          	sw	t1,72(sp)
    92b8:	17112a23          	sw	a7,372(sp)
    92bc:	00d12423          	sw	a3,8(sp)
    92c0:	00e12623          	sw	a4,12(sp)
    92c4:	01012823          	sw	a6,16(sp)
    92c8:	00060a13          	mv	s4,a2
    92cc:	00078413          	mv	s0,a5
    92d0:	02058263          	beqz	a1,92f4 <_ldtoa_r+0xa8>
    92d4:	04452703          	lw	a4,68(a0)
    92d8:	00100793          	li	a5,1
    92dc:	00050493          	mv	s1,a0
    92e0:	00e797b3          	sll	a5,a5,a4
    92e4:	00e5a223          	sw	a4,4(a1)
    92e8:	00f5a423          	sw	a5,8(a1)
    92ec:	7d9010ef          	jal	b2c4 <_Bfree>
    92f0:	0404a023          	sw	zero,64(s1)
    92f4:	07010593          	add	a1,sp,112
    92f8:	04010513          	add	a0,sp,64
    92fc:	b9cff0ef          	jal	8698 <e113toe.isra.0>
    9300:	08215603          	lhu	a2,130(sp)
    9304:	00008737          	lui	a4,0x8
    9308:	fff70713          	add	a4,a4,-1 # 7fff <ecmp+0xb3>
    930c:	00e677b3          	and	a5,a2,a4
    9310:	00f12a23          	sw	a5,20(sp)
    9314:	46e78c63          	beq	a5,a4,978c <_ldtoa_r+0x540>
    9318:	00f65613          	srl	a2,a2,0xf
    931c:	00c42023          	sw	a2,0(s0)
    9320:	00300793          	li	a5,3
    9324:	14fa06e3          	beq	s4,a5,9c70 <_ldtoa_r+0xa24>
    9328:	01400793          	li	a5,20
    932c:	00f12223          	sw	a5,4(sp)
    9330:	140a1ce3          	bnez	s4,9c88 <_ldtoa_r+0xa3c>
    9334:	07010793          	add	a5,sp,112
    9338:	08410613          	add	a2,sp,132
    933c:	08c10713          	add	a4,sp,140
    9340:	0007a683          	lw	a3,0(a5)
    9344:	00478793          	add	a5,a5,4
    9348:	00470713          	add	a4,a4,4
    934c:	fed72e23          	sw	a3,-4(a4)
    9350:	fef618e3          	bne	a2,a5,9340 <_ldtoa_r+0xf4>
    9354:	09e15d03          	lhu	s10,158(sp)
    9358:	00000913          	li	s2,0
    935c:	010d1793          	sll	a5,s10,0x10
    9360:	4107d793          	sra	a5,a5,0x10
    9364:	0007dc63          	bgez	a5,937c <_ldtoa_r+0x130>
    9368:	011d1d13          	sll	s10,s10,0x11
    936c:	011d5d13          	srl	s10,s10,0x11
    9370:	000107b7          	lui	a5,0x10
    9374:	09a11f23          	sh	s10,158(sp)
    9378:	fff78913          	add	s2,a5,-1 # ffff <_vfiprintf_r+0xc83>
    937c:	00014bb7          	lui	s7,0x14
    9380:	ec8b8713          	add	a4,s7,-312 # 13ec8 <eone>
    9384:	0a810993          	add	s3,sp,168
    9388:	01470a93          	add	s5,a4,20
    938c:	00098613          	mv	a2,s3
    9390:	ec8b8693          	add	a3,s7,-312
    9394:	0006a783          	lw	a5,0(a3)
    9398:	00468693          	add	a3,a3,4
    939c:	00460613          	add	a2,a2,4
    93a0:	fef62e23          	sw	a5,-4(a2)
    93a4:	ff5698e3          	bne	a3,s5,9394 <_ldtoa_r+0x148>
    93a8:	6a0d1e63          	bnez	s10,9a64 <_ldtoa_r+0x818>
    93ac:	08c10793          	add	a5,sp,140
    93b0:	09e10593          	add	a1,sp,158
    93b4:	00078693          	mv	a3,a5
    93b8:	0006d783          	lhu	a5,0(a3)
    93bc:	6a079e63          	bnez	a5,9a78 <_ldtoa_r+0x82c>
    93c0:	00268693          	add	a3,a3,2
    93c4:	fed59ae3          	bne	a1,a3,93b8 <_ldtoa_r+0x16c>
    93c8:	00000413          	li	s0,0
    93cc:	13410d93          	add	s11,sp,308
    93d0:	17010b13          	add	s6,sp,368
    93d4:	0e010c13          	add	s8,sp,224
    93d8:	0f810493          	add	s1,sp,248
    93dc:	000c0593          	mv	a1,s8
    93e0:	0a810513          	add	a0,sp,168
    93e4:	ab5fe0ef          	jal	7e98 <emovi>
    93e8:	000c0a93          	mv	s5,s8
    93ec:	000c0713          	mv	a4,s8
    93f0:	00072783          	lw	a5,0(a4)
    93f4:	00470713          	add	a4,a4,4
    93f8:	00498993          	add	s3,s3,4
    93fc:	fef9ae23          	sw	a5,-4(s3)
    9400:	fee498e3          	bne	s1,a4,93f0 <_ldtoa_r+0x1a4>
    9404:	000c0593          	mv	a1,s8
    9408:	08c10513          	add	a0,sp,140
    940c:	0c011023          	sh	zero,192(sp)
    9410:	a89fe0ef          	jal	7e98 <emovi>
    9414:	0a410d13          	add	s10,sp,164
    9418:	08c10793          	add	a5,sp,140
    941c:	000aa703          	lw	a4,0(s5)
    9420:	00478793          	add	a5,a5,4
    9424:	004a8a93          	add	s5,s5,4
    9428:	fee7ae23          	sw	a4,-4(a5)
    942c:	ffa798e3          	bne	a5,s10,941c <_ldtoa_r+0x1d0>
    9430:	0a810513          	add	a0,sp,168
    9434:	000b0613          	mv	a2,s6
    9438:	08c10593          	add	a1,sp,140
    943c:	0a011223          	sh	zero,164(sp)
    9440:	8f4ff0ef          	jal	8534 <eiremain>
    9444:	1bc15503          	lhu	a0,444(sp)
    9448:	00014ab7          	lui	s5,0x14
    944c:	16051863          	bnez	a0,95bc <_ldtoa_r+0x370>
    9450:	08e10c93          	add	s9,sp,142
    9454:	0c610b93          	add	s7,sp,198
    9458:	edca8593          	add	a1,s5,-292 # 13edc <ezero>
    945c:	08c10513          	add	a0,sp,140
    9460:	aedfe0ef          	jal	7f4c <ecmp>
    9464:	14050c63          	beqz	a0,95bc <_ldtoa_r+0x370>
    9468:	00000713          	li	a4,0
    946c:	0a410693          	add	a3,sp,164
    9470:	0006d783          	lhu	a5,0(a3)
    9474:	01079613          	sll	a2,a5,0x10
    9478:	41065613          	sra	a2,a2,0x10
    947c:	00065463          	bgez	a2,9484 <_ldtoa_r+0x238>
    9480:	00176713          	or	a4,a4,1
    9484:	00179793          	sll	a5,a5,0x1
    9488:	01079793          	sll	a5,a5,0x10
    948c:	00277613          	and	a2,a4,2
    9490:	0107d793          	srl	a5,a5,0x10
    9494:	00060463          	beqz	a2,949c <_ldtoa_r+0x250>
    9498:	0017e793          	or	a5,a5,1
    949c:	00171713          	sll	a4,a4,0x1
    94a0:	00f69023          	sh	a5,0(a3)
    94a4:	01071713          	sll	a4,a4,0x10
    94a8:	ffe68693          	add	a3,a3,-2
    94ac:	01075713          	srl	a4,a4,0x10
    94b0:	fd9690e3          	bne	a3,s9,9470 <_ldtoa_r+0x224>
    94b4:	0c410713          	add	a4,sp,196
    94b8:	08c10793          	add	a5,sp,140
    94bc:	0007a683          	lw	a3,0(a5)
    94c0:	00478793          	add	a5,a5,4
    94c4:	00470713          	add	a4,a4,4
    94c8:	fed72e23          	sw	a3,-4(a4)
    94cc:	ffa798e3          	bne	a5,s10,94bc <_ldtoa_r+0x270>
    94d0:	0c011e23          	sh	zero,220(sp)
    94d4:	00000713          	li	a4,0
    94d8:	0dc10693          	add	a3,sp,220
    94dc:	0006d783          	lhu	a5,0(a3)
    94e0:	01079613          	sll	a2,a5,0x10
    94e4:	41065613          	sra	a2,a2,0x10
    94e8:	00065463          	bgez	a2,94f0 <_ldtoa_r+0x2a4>
    94ec:	00176713          	or	a4,a4,1
    94f0:	00179793          	sll	a5,a5,0x1
    94f4:	01079793          	sll	a5,a5,0x10
    94f8:	00277613          	and	a2,a4,2
    94fc:	0107d793          	srl	a5,a5,0x10
    9500:	00060463          	beqz	a2,9508 <_ldtoa_r+0x2bc>
    9504:	0017e793          	or	a5,a5,1
    9508:	00171713          	sll	a4,a4,0x1
    950c:	00f69023          	sh	a5,0(a3)
    9510:	01071713          	sll	a4,a4,0x10
    9514:	ffe68693          	add	a3,a3,-2
    9518:	01075713          	srl	a4,a4,0x10
    951c:	fd7690e3          	bne	a3,s7,94dc <_ldtoa_r+0x290>
    9520:	00000713          	li	a4,0
    9524:	0dc10693          	add	a3,sp,220
    9528:	0006d783          	lhu	a5,0(a3)
    952c:	01079613          	sll	a2,a5,0x10
    9530:	41065613          	sra	a2,a2,0x10
    9534:	00065463          	bgez	a2,953c <_ldtoa_r+0x2f0>
    9538:	00176713          	or	a4,a4,1
    953c:	00179793          	sll	a5,a5,0x1
    9540:	01079793          	sll	a5,a5,0x10
    9544:	00277613          	and	a2,a4,2
    9548:	0107d793          	srl	a5,a5,0x10
    954c:	00060463          	beqz	a2,9554 <_ldtoa_r+0x308>
    9550:	0017e793          	or	a5,a5,1
    9554:	00171713          	sll	a4,a4,0x1
    9558:	00f69023          	sh	a5,0(a3)
    955c:	01071713          	sll	a4,a4,0x10
    9560:	ffe68693          	add	a3,a3,-2
    9564:	01075713          	srl	a4,a4,0x10
    9568:	fd7690e3          	bne	a3,s7,9528 <_ldtoa_r+0x2dc>
    956c:	00000613          	li	a2,0
    9570:	0a410693          	add	a3,sp,164
    9574:	0dc10713          	add	a4,sp,220
    9578:	0006d583          	lhu	a1,0(a3)
    957c:	00075783          	lhu	a5,0(a4)
    9580:	ffe68693          	add	a3,a3,-2
    9584:	ffe70713          	add	a4,a4,-2
    9588:	00b787b3          	add	a5,a5,a1
    958c:	00c787b3          	add	a5,a5,a2
    9590:	0107d613          	srl	a2,a5,0x10
    9594:	00f69123          	sh	a5,2(a3)
    9598:	00167613          	and	a2,a2,1
    959c:	fd771ee3          	bne	a4,s7,9578 <_ldtoa_r+0x32c>
    95a0:	0a810513          	add	a0,sp,168
    95a4:	000b0613          	mv	a2,s6
    95a8:	08c10593          	add	a1,sp,140
    95ac:	f89fe0ef          	jal	8534 <eiremain>
    95b0:	1bc15503          	lhu	a0,444(sp)
    95b4:	fff40413          	add	s0,s0,-1
    95b8:	ea0500e3          	beqz	a0,9458 <_ldtoa_r+0x20c>
    95bc:	00193793          	seqz	a5,s2
    95c0:	40f007b3          	neg	a5,a5
    95c4:	ff37f793          	and	a5,a5,-13
    95c8:	02d78793          	add	a5,a5,45
    95cc:	12f10a23          	sb	a5,308(sp)
    95d0:	00300713          	li	a4,3
    95d4:	00412783          	lw	a5,4(sp)
    95d8:	00ea1463          	bne	s4,a4,95e0 <_ldtoa_r+0x394>
    95dc:	008787b3          	add	a5,a5,s0
    95e0:	02a00713          	li	a4,42
    95e4:	00078493          	mv	s1,a5
    95e8:	00f75463          	bge	a4,a5,95f0 <_ldtoa_r+0x3a4>
    95ec:	02a00493          	li	s1,42
    95f0:	00a00713          	li	a4,10
    95f4:	64e50863          	beq	a0,a4,9c44 <_ldtoa_r+0x9f8>
    95f8:	03050513          	add	a0,a0,48
    95fc:	02e00713          	li	a4,46
    9600:	12a10aa3          	sb	a0,309(sp)
    9604:	12e10b23          	sb	a4,310(sp)
    9608:	2407c463          	bltz	a5,9850 <_ldtoa_r+0x604>
    960c:	13710993          	add	s3,sp,311
    9610:	00000c13          	li	s8,0
    9614:	0c410c93          	add	s9,sp,196
    9618:	0dc10d13          	add	s10,sp,220
    961c:	08e10b93          	add	s7,sp,142
    9620:	0c610a93          	add	s5,sp,198
    9624:	00000713          	li	a4,0
    9628:	0a410693          	add	a3,sp,164
    962c:	0006d783          	lhu	a5,0(a3)
    9630:	01079613          	sll	a2,a5,0x10
    9634:	41065613          	sra	a2,a2,0x10
    9638:	00065463          	bgez	a2,9640 <_ldtoa_r+0x3f4>
    963c:	00176713          	or	a4,a4,1
    9640:	00179793          	sll	a5,a5,0x1
    9644:	01079793          	sll	a5,a5,0x10
    9648:	00277613          	and	a2,a4,2
    964c:	0107d793          	srl	a5,a5,0x10
    9650:	00060463          	beqz	a2,9658 <_ldtoa_r+0x40c>
    9654:	0017e793          	or	a5,a5,1
    9658:	00171713          	sll	a4,a4,0x1
    965c:	00f69023          	sh	a5,0(a3)
    9660:	01071713          	sll	a4,a4,0x10
    9664:	ffe68693          	add	a3,a3,-2
    9668:	01075713          	srl	a4,a4,0x10
    966c:	fd7690e3          	bne	a3,s7,962c <_ldtoa_r+0x3e0>
    9670:	000c8793          	mv	a5,s9
    9674:	08c10713          	add	a4,sp,140
    9678:	00072683          	lw	a3,0(a4)
    967c:	00478793          	add	a5,a5,4
    9680:	00470713          	add	a4,a4,4
    9684:	fed7ae23          	sw	a3,-4(a5)
    9688:	fefd18e3          	bne	s10,a5,9678 <_ldtoa_r+0x42c>
    968c:	0c011e23          	sh	zero,220(sp)
    9690:	00000713          	li	a4,0
    9694:	000d0693          	mv	a3,s10
    9698:	0006d783          	lhu	a5,0(a3)
    969c:	01079613          	sll	a2,a5,0x10
    96a0:	41065613          	sra	a2,a2,0x10
    96a4:	00065463          	bgez	a2,96ac <_ldtoa_r+0x460>
    96a8:	00176713          	or	a4,a4,1
    96ac:	00179793          	sll	a5,a5,0x1
    96b0:	01079793          	sll	a5,a5,0x10
    96b4:	00277613          	and	a2,a4,2
    96b8:	0107d793          	srl	a5,a5,0x10
    96bc:	00060463          	beqz	a2,96c4 <_ldtoa_r+0x478>
    96c0:	0017e793          	or	a5,a5,1
    96c4:	00171713          	sll	a4,a4,0x1
    96c8:	00f69023          	sh	a5,0(a3)
    96cc:	01071713          	sll	a4,a4,0x10
    96d0:	ffe68693          	add	a3,a3,-2
    96d4:	01075713          	srl	a4,a4,0x10
    96d8:	fd5690e3          	bne	a3,s5,9698 <_ldtoa_r+0x44c>
    96dc:	00000713          	li	a4,0
    96e0:	000d0693          	mv	a3,s10
    96e4:	0006d783          	lhu	a5,0(a3)
    96e8:	01079613          	sll	a2,a5,0x10
    96ec:	41065613          	sra	a2,a2,0x10
    96f0:	00065463          	bgez	a2,96f8 <_ldtoa_r+0x4ac>
    96f4:	00176713          	or	a4,a4,1
    96f8:	00179793          	sll	a5,a5,0x1
    96fc:	01079793          	sll	a5,a5,0x10
    9700:	00277613          	and	a2,a4,2
    9704:	0107d793          	srl	a5,a5,0x10
    9708:	00060463          	beqz	a2,9710 <_ldtoa_r+0x4c4>
    970c:	0017e793          	or	a5,a5,1
    9710:	00171713          	sll	a4,a4,0x1
    9714:	00f69023          	sh	a5,0(a3)
    9718:	01071713          	sll	a4,a4,0x10
    971c:	ffe68693          	add	a3,a3,-2
    9720:	01075713          	srl	a4,a4,0x10
    9724:	fd5690e3          	bne	a3,s5,96e4 <_ldtoa_r+0x498>
    9728:	00000613          	li	a2,0
    972c:	0a410693          	add	a3,sp,164
    9730:	000d0713          	mv	a4,s10
    9734:	0006d583          	lhu	a1,0(a3)
    9738:	00075783          	lhu	a5,0(a4)
    973c:	ffe68693          	add	a3,a3,-2
    9740:	ffe70713          	add	a4,a4,-2
    9744:	00b787b3          	add	a5,a5,a1
    9748:	00c787b3          	add	a5,a5,a2
    974c:	0107d613          	srl	a2,a5,0x10
    9750:	00f69123          	sh	a5,2(a3)
    9754:	00167613          	and	a2,a2,1
    9758:	fd571ee3          	bne	a4,s5,9734 <_ldtoa_r+0x4e8>
    975c:	08c10593          	add	a1,sp,140
    9760:	000b0613          	mv	a2,s6
    9764:	0a810513          	add	a0,sp,168
    9768:	dcdfe0ef          	jal	8534 <eiremain>
    976c:	1bc15583          	lhu	a1,444(sp)
    9770:	00198793          	add	a5,s3,1
    9774:	001c0c13          	add	s8,s8,1
    9778:	03058713          	add	a4,a1,48
    977c:	fee78fa3          	sb	a4,-1(a5)
    9780:	0d84ce63          	blt	s1,s8,985c <_ldtoa_r+0x610>
    9784:	00078993          	mv	s3,a5
    9788:	e9dff06f          	j	9624 <_ldtoa_r+0x3d8>
    978c:	07010713          	add	a4,sp,112
    9790:	08210793          	add	a5,sp,130
    9794:	00075683          	lhu	a3,0(a4)
    9798:	00270713          	add	a4,a4,2
    979c:	000692e3          	bnez	a3,9fa0 <_ldtoa_r+0xd54>
    97a0:	fef71ae3          	bne	a4,a5,9794 <_ldtoa_r+0x548>
    97a4:	00f65613          	srl	a2,a2,0xf
    97a8:	00c42023          	sw	a2,0(s0)
    97ac:	00300793          	li	a5,3
    97b0:	7cfa0863          	beq	s4,a5,9f80 <_ldtoa_r+0xd34>
    97b4:	01400793          	li	a5,20
    97b8:	00f12223          	sw	a5,4(sp)
    97bc:	000a0e63          	beqz	s4,97d8 <_ldtoa_r+0x58c>
    97c0:	00812783          	lw	a5,8(sp)
    97c4:	fff78793          	add	a5,a5,-1
    97c8:	00078713          	mv	a4,a5
    97cc:	00f12223          	sw	a5,4(sp)
    97d0:	02a00793          	li	a5,42
    97d4:	7ae7ce63          	blt	a5,a4,9f90 <_ldtoa_r+0xd44>
    97d8:	07015703          	lhu	a4,112(sp)
    97dc:	07010793          	add	a5,sp,112
    97e0:	08210693          	add	a3,sp,130
    97e4:	00278793          	add	a5,a5,2
    97e8:	00071a63          	bnez	a4,97fc <_ldtoa_r+0x5b0>
    97ec:	b4d784e3          	beq	a5,a3,9334 <_ldtoa_r+0xe8>
    97f0:	0007d703          	lhu	a4,0(a5)
    97f4:	00278793          	add	a5,a5,2
    97f8:	fe070ae3          	beqz	a4,97ec <_ldtoa_r+0x5a0>
    97fc:	13410d93          	add	s11,sp,308
    9800:	000145b7          	lui	a1,0x14
    9804:	c9458593          	add	a1,a1,-876 # 13c94 <blanks.1+0x84>
    9808:	000d8513          	mv	a0,s11
    980c:	589020ef          	jal	c594 <sprintf>
    9810:	00002437          	lui	s0,0x2
    9814:	70f40413          	add	s0,s0,1807 # 270f <__subtf3+0x2d3>
    9818:	09000793          	li	a5,144
    981c:	16f12a23          	sw	a5,372(sp)
    9820:	18812023          	sw	s0,384(sp)
    9824:	07010793          	add	a5,sp,112
    9828:	08210693          	add	a3,sp,130
    982c:	0007d703          	lhu	a4,0(a5)
    9830:	00278793          	add	a5,a5,2
    9834:	160710e3          	bnez	a4,a194 <_ldtoa_r+0xf48>
    9838:	fed79ae3          	bne	a5,a3,982c <_ldtoa_r+0x5e0>
    983c:	00c12703          	lw	a4,12(sp)
    9840:	000027b7          	lui	a5,0x2
    9844:	70f78793          	add	a5,a5,1807 # 270f <__subtf3+0x2d3>
    9848:	00f72023          	sw	a5,0(a4)
    984c:	0e00006f          	j	992c <_ldtoa_r+0x6e0>
    9850:	1bc15583          	lhu	a1,444(sp)
    9854:	13610993          	add	s3,sp,310
    9858:	13710793          	add	a5,sp,311
    985c:	00400713          	li	a4,4
    9860:	04b75863          	bge	a4,a1,98b0 <_ldtoa_r+0x664>
    9864:	00500713          	li	a4,5
    9868:	16e58ae3          	beq	a1,a4,a1dc <_ldtoa_r+0xf90>
    986c:	ffe7c703          	lbu	a4,-2(a5)
    9870:	ffe78593          	add	a1,a5,-2
    9874:	07f77713          	and	a4,a4,127
    9878:	0204c663          	bltz	s1,98a4 <_ldtoa_r+0x658>
    987c:	02e00793          	li	a5,46
    9880:	03800613          	li	a2,56
    9884:	03000513          	li	a0,48
    9888:	0ef708e3          	beq	a4,a5,a178 <_ldtoa_r+0xf2c>
    988c:	0ee670e3          	bgeu	a2,a4,a16c <_ldtoa_r+0xf20>
    9890:	fff5c703          	lbu	a4,-1(a1)
    9894:	00a58023          	sb	a0,0(a1)
    9898:	fff58593          	add	a1,a1,-1
    989c:	07f77713          	and	a4,a4,127
    98a0:	fe9ff06f          	j	9888 <_ldtoa_r+0x63c>
    98a4:	03100713          	li	a4,49
    98a8:	fee78f23          	sb	a4,-2(a5)
    98ac:	00140413          	add	s0,s0,1
    98b0:	000145b7          	lui	a1,0x14
    98b4:	00040613          	mv	a2,s0
    98b8:	c3c58593          	add	a1,a1,-964 # 13c3c <blanks.1+0x2c>
    98bc:	00098513          	mv	a0,s3
    98c0:	4d5020ef          	jal	c594 <sprintf>
    98c4:	09000793          	li	a5,144
    98c8:	01412703          	lw	a4,20(sp)
    98cc:	16f12a23          	sw	a5,372(sp)
    98d0:	000087b7          	lui	a5,0x8
    98d4:	18812023          	sw	s0,384(sp)
    98d8:	fff78793          	add	a5,a5,-1 # 7fff <ecmp+0xb3>
    98dc:	f4f704e3          	beq	a4,a5,9824 <_ldtoa_r+0x5d8>
    98e0:	00c12683          	lw	a3,12(sp)
    98e4:	13414703          	lbu	a4,308(sp)
    98e8:	00140793          	add	a5,s0,1
    98ec:	00f6a023          	sw	a5,0(a3)
    98f0:	6a070463          	beqz	a4,9f98 <_ldtoa_r+0xd4c>
    98f4:	000d8793          	mv	a5,s11
    98f8:	02e00693          	li	a3,46
    98fc:	30d70e63          	beq	a4,a3,9c18 <_ldtoa_r+0x9cc>
    9900:	0017c703          	lbu	a4,1(a5)
    9904:	00178793          	add	a5,a5,1
    9908:	fe071ae3          	bnez	a4,98fc <_ldtoa_r+0x6b0>
    990c:	04500693          	li	a3,69
    9910:	00fde663          	bltu	s11,a5,991c <_ldtoa_r+0x6d0>
    9914:	0140006f          	j	9928 <_ldtoa_r+0x6dc>
    9918:	69b78063          	beq	a5,s11,9f98 <_ldtoa_r+0xd4c>
    991c:	fff7c703          	lbu	a4,-1(a5)
    9920:	fff78793          	add	a5,a5,-1
    9924:	fed71ae3          	bne	a4,a3,9918 <_ldtoa_r+0x6cc>
    9928:	00078023          	sb	zero,0(a5)
    992c:	000d8793          	mv	a5,s11
    9930:	02000693          	li	a3,32
    9934:	02d00613          	li	a2,45
    9938:	0007c703          	lbu	a4,0(a5)
    993c:	00d70463          	beq	a4,a3,9944 <_ldtoa_r+0x6f8>
    9940:	00c71663          	bne	a4,a2,994c <_ldtoa_r+0x700>
    9944:	00178793          	add	a5,a5,1
    9948:	ff1ff06f          	j	9938 <_ldtoa_r+0x6ec>
    994c:	000d8693          	mv	a3,s11
    9950:	0007c703          	lbu	a4,0(a5)
    9954:	00068993          	mv	s3,a3
    9958:	00178793          	add	a5,a5,1
    995c:	00e68023          	sb	a4,0(a3)
    9960:	00168693          	add	a3,a3,1
    9964:	fe0716e3          	bnez	a4,9950 <_ldtoa_r+0x704>
    9968:	00200793          	li	a5,2
    996c:	fff9c683          	lbu	a3,-1(s3)
    9970:	28fa0863          	beq	s4,a5,9c00 <_ldtoa_r+0x9b4>
    9974:	00412783          	lw	a5,4(sp)
    9978:	00040713          	mv	a4,s0
    997c:	00f45463          	bge	s0,a5,9984 <_ldtoa_r+0x738>
    9980:	00078713          	mv	a4,a5
    9984:	03000793          	li	a5,48
    9988:	02f69663          	bne	a3,a5,99b4 <_ldtoa_r+0x768>
    998c:	41b987b3          	sub	a5,s3,s11
    9990:	02f75263          	bge	a4,a5,99b4 <_ldtoa_r+0x768>
    9994:	03000693          	li	a3,48
    9998:	00c0006f          	j	99a4 <_ldtoa_r+0x758>
    999c:	41b987b3          	sub	a5,s3,s11
    99a0:	00f75a63          	bge	a4,a5,99b4 <_ldtoa_r+0x768>
    99a4:	ffe9c783          	lbu	a5,-2(s3)
    99a8:	fe098fa3          	sb	zero,-1(s3)
    99ac:	fff98993          	add	s3,s3,-1
    99b0:	fed786e3          	beq	a5,a3,999c <_ldtoa_r+0x750>
    99b4:	00300793          	li	a5,3
    99b8:	20fa0063          	beq	s4,a5,9bb8 <_ldtoa_r+0x96c>
    99bc:	00812783          	lw	a5,8(sp)
    99c0:	01700693          	li	a3,23
    99c4:	00100713          	li	a4,1
    99c8:	00978493          	add	s1,a5,9
    99cc:	00400793          	li	a5,4
    99d0:	2296f063          	bgeu	a3,s1,9bf0 <_ldtoa_r+0x9a4>
    99d4:	00179793          	sll	a5,a5,0x1
    99d8:	01478693          	add	a3,a5,20
    99dc:	00070593          	mv	a1,a4
    99e0:	00170713          	add	a4,a4,1
    99e4:	fed4f8e3          	bgeu	s1,a3,99d4 <_ldtoa_r+0x788>
    99e8:	00012783          	lw	a5,0(sp)
    99ec:	04b7a223          	sw	a1,68(a5)
    99f0:	00012503          	lw	a0,0(sp)
    99f4:	029010ef          	jal	b21c <_Balloc>
    99f8:	00050413          	mv	s0,a0
    99fc:	20050ae3          	beqz	a0,a410 <_ldtoa_r+0x11c4>
    9a00:	00012783          	lw	a5,0(sp)
    9a04:	000d8593          	mv	a1,s11
    9a08:	04a7a023          	sw	a0,64(a5)
    9a0c:	56d020ef          	jal	c778 <strcpy>
    9a10:	01012703          	lw	a4,16(sp)
    9a14:	00070863          	beqz	a4,9a24 <_ldtoa_r+0x7d8>
    9a18:	41b987b3          	sub	a5,s3,s11
    9a1c:	00f407b3          	add	a5,s0,a5
    9a20:	00f72023          	sw	a5,0(a4)
    9a24:	1fc12083          	lw	ra,508(sp)
    9a28:	00040513          	mv	a0,s0
    9a2c:	1f812403          	lw	s0,504(sp)
    9a30:	1f412483          	lw	s1,500(sp)
    9a34:	1f012903          	lw	s2,496(sp)
    9a38:	1ec12983          	lw	s3,492(sp)
    9a3c:	1e812a03          	lw	s4,488(sp)
    9a40:	1e412a83          	lw	s5,484(sp)
    9a44:	1e012b03          	lw	s6,480(sp)
    9a48:	1dc12b83          	lw	s7,476(sp)
    9a4c:	1d812c03          	lw	s8,472(sp)
    9a50:	1d412c83          	lw	s9,468(sp)
    9a54:	1d012d03          	lw	s10,464(sp)
    9a58:	1cc12d83          	lw	s11,460(sp)
    9a5c:	20010113          	add	sp,sp,512
    9a60:	00008067          	ret
    9a64:	000086b7          	lui	a3,0x8
    9a68:	fff68693          	add	a3,a3,-1 # 7fff <ecmp+0xb3>
    9a6c:	6cdd0a63          	beq	s10,a3,a140 <_ldtoa_r+0xef4>
    9a70:	09c11683          	lh	a3,156(sp)
    9a74:	7406d863          	bgez	a3,a1c4 <_ldtoa_r+0xf78>
    9a78:	08c10593          	add	a1,sp,140
    9a7c:	ec8b8513          	add	a0,s7,-312
    9a80:	00e12c23          	sw	a4,24(sp)
    9a84:	cc8fe0ef          	jal	7f4c <ecmp>
    9a88:	940500e3          	beqz	a0,93c8 <_ldtoa_r+0x17c>
    9a8c:	01812703          	lw	a4,24(sp)
    9a90:	20054c63          	bltz	a0,9ca8 <_ldtoa_r+0xa5c>
    9a94:	7c0d1063          	bnez	s10,a254 <_ldtoa_r+0x1008>
    9a98:	09c11683          	lh	a3,156(sp)
    9a9c:	00000413          	li	s0,0
    9aa0:	17010b13          	add	s6,sp,368
    9aa4:	1006cce3          	bltz	a3,a3bc <_ldtoa_r+0x1170>
    9aa8:	00014d37          	lui	s10,0x14
    9aac:	00070493          	mv	s1,a4
    9ab0:	08c10613          	add	a2,sp,140
    9ab4:	000b0693          	mv	a3,s6
    9ab8:	00060593          	mv	a1,a2
    9abc:	eb4d0513          	add	a0,s10,-332 # 13eb4 <etens+0xf0>
    9ac0:	abcff0ef          	jal	8d7c <emul>
    9ac4:	09c11783          	lh	a5,156(sp)
    9ac8:	fff40413          	add	s0,s0,-1
    9acc:	fe07d2e3          	bgez	a5,9ab0 <_ldtoa_r+0x864>
    9ad0:	00048713          	mv	a4,s1
    9ad4:	0e010c13          	add	s8,sp,224
    9ad8:	0f810493          	add	s1,sp,248
    9adc:	08c10793          	add	a5,sp,140
    9ae0:	000c0613          	mv	a2,s8
    9ae4:	0a010513          	add	a0,sp,160
    9ae8:	00078693          	mv	a3,a5
    9aec:	0006a783          	lw	a5,0(a3)
    9af0:	00468693          	add	a3,a3,4
    9af4:	00460613          	add	a2,a2,4
    9af8:	fef62e23          	sw	a5,-4(a2)
    9afc:	fea698e3          	bne	a3,a0,9aec <_ldtoa_r+0x8a0>
    9b00:	0a810693          	add	a3,sp,168
    9b04:	00072783          	lw	a5,0(a4)
    9b08:	00470713          	add	a4,a4,4
    9b0c:	00468693          	add	a3,a3,4
    9b10:	fef6ae23          	sw	a5,-4(a3)
    9b14:	ff5718e3          	bne	a4,s5,9b04 <_ldtoa_r+0x8b8>
    9b18:	00014d37          	lui	s10,0x14
    9b1c:	00014cb7          	lui	s9,0x14
    9b20:	00014db7          	lui	s11,0x14
    9b24:	fffffab7          	lui	s5,0xfffff
    9b28:	dc4d0d13          	add	s10,s10,-572 # 13dc4 <etens>
    9b2c:	cc0c8c93          	add	s9,s9,-832 # 13cc0 <emtens>
    9b30:	db0d8d93          	add	s11,s11,-592 # 13db0 <emtens+0xf0>
    9b34:	00c0006f          	j	9b40 <_ldtoa_r+0x8f4>
    9b38:	014c8c93          	add	s9,s9,20
    9b3c:	014d0d13          	add	s10,s10,20
    9b40:	000c0593          	mv	a1,s8
    9b44:	ec8b8513          	add	a0,s7,-312
    9b48:	c04fe0ef          	jal	7f4c <ecmp>
    9b4c:	04a05863          	blez	a0,9b9c <_ldtoa_r+0x950>
    9b50:	000c0593          	mv	a1,s8
    9b54:	000c8513          	mv	a0,s9
    9b58:	bf4fe0ef          	jal	7f4c <ecmp>
    9b5c:	02054863          	bltz	a0,9b8c <_ldtoa_r+0x940>
    9b60:	000b0693          	mv	a3,s6
    9b64:	000c0613          	mv	a2,s8
    9b68:	000c0593          	mv	a1,s8
    9b6c:	000d0513          	mv	a0,s10
    9b70:	a0cff0ef          	jal	8d7c <emul>
    9b74:	0a810613          	add	a2,sp,168
    9b78:	000b0693          	mv	a3,s6
    9b7c:	00060593          	mv	a1,a2
    9b80:	000d0513          	mv	a0,s10
    9b84:	9f8ff0ef          	jal	8d7c <emul>
    9b88:	01540433          	add	s0,s0,s5
    9b8c:	01fad793          	srl	a5,s5,0x1f
    9b90:	015787b3          	add	a5,a5,s5
    9b94:	4017da93          	sra	s5,a5,0x1
    9b98:	fbbc90e3          	bne	s9,s11,9b38 <_ldtoa_r+0x8ec>
    9b9c:	0a810613          	add	a2,sp,168
    9ba0:	000b0693          	mv	a3,s6
    9ba4:	ec8b8593          	add	a1,s7,-312
    9ba8:	00060513          	mv	a0,a2
    9bac:	c41fe0ef          	jal	87ec <ediv>
    9bb0:	13410d93          	add	s11,sp,308
    9bb4:	829ff06f          	j	93dc <_ldtoa_r+0x190>
    9bb8:	00412783          	lw	a5,4(sp)
    9bbc:	00f40433          	add	s0,s0,a5
    9bc0:	54044a63          	bltz	s0,a114 <_ldtoa_r+0xec8>
    9bc4:	00c12783          	lw	a5,12(sp)
    9bc8:	00812703          	lw	a4,8(sp)
    9bcc:	0007a783          	lw	a5,0(a5)
    9bd0:	00f707b3          	add	a5,a4,a5
    9bd4:	00f12423          	sw	a5,8(sp)
    9bd8:	00812783          	lw	a5,8(sp)
    9bdc:	01700693          	li	a3,23
    9be0:	00100713          	li	a4,1
    9be4:	00378493          	add	s1,a5,3
    9be8:	00400793          	li	a5,4
    9bec:	de96e4e3          	bltu	a3,s1,99d4 <_ldtoa_r+0x788>
    9bf0:	00012783          	lw	a5,0(sp)
    9bf4:	00000593          	li	a1,0
    9bf8:	0407a223          	sw	zero,68(a5)
    9bfc:	df5ff06f          	j	99f0 <_ldtoa_r+0x7a4>
    9c00:	03000793          	li	a5,48
    9c04:	daf69ce3          	bne	a3,a5,99bc <_ldtoa_r+0x770>
    9c08:	41b987b3          	sub	a5,s3,s11
    9c0c:	00100713          	li	a4,1
    9c10:	d8f742e3          	blt	a4,a5,9994 <_ldtoa_r+0x748>
    9c14:	da9ff06f          	j	99bc <_ldtoa_r+0x770>
    9c18:	0007c703          	lbu	a4,0(a5)
    9c1c:	ce0708e3          	beqz	a4,990c <_ldtoa_r+0x6c0>
    9c20:	0017c703          	lbu	a4,1(a5)
    9c24:	00178793          	add	a5,a5,1
    9c28:	fee78fa3          	sb	a4,-1(a5)
    9c2c:	ce0700e3          	beqz	a4,990c <_ldtoa_r+0x6c0>
    9c30:	0017c703          	lbu	a4,1(a5)
    9c34:	00178793          	add	a5,a5,1
    9c38:	fee78fa3          	sb	a4,-1(a5)
    9c3c:	fe0712e3          	bnez	a4,9c20 <_ldtoa_r+0x9d4>
    9c40:	ccdff06f          	j	990c <_ldtoa_r+0x6c0>
    9c44:	03100713          	li	a4,49
    9c48:	12e10aa3          	sb	a4,309(sp)
    9c4c:	02e00713          	li	a4,46
    9c50:	12e10b23          	sb	a4,310(sp)
    9c54:	00140413          	add	s0,s0,1
    9c58:	30f05c63          	blez	a5,9f70 <_ldtoa_r+0xd24>
    9c5c:	03000793          	li	a5,48
    9c60:	12f10ba3          	sb	a5,311(sp)
    9c64:	fff48493          	add	s1,s1,-1
    9c68:	13810993          	add	s3,sp,312
    9c6c:	9a5ff06f          	j	9610 <_ldtoa_r+0x3c4>
    9c70:	00812703          	lw	a4,8(sp)
    9c74:	02a00793          	li	a5,42
    9c78:	00e12223          	sw	a4,4(sp)
    9c7c:	eae7dc63          	bge	a5,a4,9334 <_ldtoa_r+0xe8>
    9c80:	00f12223          	sw	a5,4(sp)
    9c84:	eb0ff06f          	j	9334 <_ldtoa_r+0xe8>
    9c88:	00812783          	lw	a5,8(sp)
    9c8c:	fff78793          	add	a5,a5,-1
    9c90:	00078713          	mv	a4,a5
    9c94:	00f12223          	sw	a5,4(sp)
    9c98:	02a00793          	li	a5,42
    9c9c:	e8e7dc63          	bge	a5,a4,9334 <_ldtoa_r+0xe8>
    9ca0:	00f12223          	sw	a5,4(sp)
    9ca4:	e90ff06f          	j	9334 <_ldtoa_r+0xe8>
    9ca8:	0c410c93          	add	s9,sp,196
    9cac:	000c8493          	mv	s1,s9
    9cb0:	0a010813          	add	a6,sp,160
    9cb4:	000c8593          	mv	a1,s9
    9cb8:	08c10613          	add	a2,sp,140
    9cbc:	00062783          	lw	a5,0(a2)
    9cc0:	00460613          	add	a2,a2,4
    9cc4:	00458593          	add	a1,a1,4
    9cc8:	fef5ae23          	sw	a5,-4(a1)
    9ccc:	ff0618e3          	bne	a2,a6,9cbc <_ldtoa_r+0xa70>
    9cd0:	00004637          	lui	a2,0x4
    9cd4:	08e60613          	add	a2,a2,142 # 408e <__trunctfdf2+0x34a>
    9cd8:	0cc11b23          	sh	a2,214(sp)
    9cdc:	00014637          	lui	a2,0x14
    9ce0:	e6460393          	add	t2,a2,-412 # 13e64 <etens+0xa0>
    9ce4:	0a810693          	add	a3,sp,168
    9ce8:	00014637          	lui	a2,0x14
    9cec:	01268313          	add	t1,a3,18
    9cf0:	ec860693          	add	a3,a2,-312 # 13ec8 <eone>
    9cf4:	00008637          	lui	a2,0x8
    9cf8:	02d12023          	sw	a3,32(sp)
    9cfc:	fff60693          	add	a3,a2,-1 # 7fff <ecmp+0xb3>
    9d00:	ffffc637          	lui	a2,0xffffc
    9d04:	00d12c23          	sw	a3,24(sp)
    9d08:	00260693          	add	a3,a2,2 # ffffc002 <_stack_top+0xdfefc002>
    9d0c:	00014637          	lui	a2,0x14
    9d10:	0e010c13          	add	s8,sp,224
    9d14:	01000793          	li	a5,16
    9d18:	0bc10893          	add	a7,sp,188
    9d1c:	00d12e23          	sw	a3,28(sp)
    9d20:	c9c60693          	add	a3,a2,-868 # 13c9c <bmask>
    9d24:	03a12423          	sw	s10,40(sp)
    9d28:	03212623          	sw	s2,44(sp)
    9d2c:	02912823          	sw	s1,48(sp)
    9d30:	03312c23          	sw	s3,56(sp)
    9d34:	000c0913          	mv	s2,s8
    9d38:	00000413          	li	s0,0
    9d3c:	000a0c13          	mv	s8,s4
    9d40:	13410d93          	add	s11,sp,308
    9d44:	17010b13          	add	s6,sp,368
    9d48:	02d12223          	sw	a3,36(sp)
    9d4c:	00078d13          	mv	s10,a5
    9d50:	00038493          	mv	s1,t2
    9d54:	02e12a23          	sw	a4,52(sp)
    9d58:	00030993          	mv	s3,t1
    9d5c:	00088a13          	mv	s4,a7
    9d60:	0a810613          	add	a2,sp,168
    9d64:	000b0693          	mv	a3,s6
    9d68:	000c8593          	mv	a1,s9
    9d6c:	00048513          	mv	a0,s1
    9d70:	a7dfe0ef          	jal	87ec <ediv>
    9d74:	05c10613          	add	a2,sp,92
    9d78:	00060713          	mv	a4,a2
    9d7c:	0a810793          	add	a5,sp,168
    9d80:	07010813          	add	a6,sp,112
    9d84:	0007a683          	lw	a3,0(a5)
    9d88:	00478793          	add	a5,a5,4
    9d8c:	00470713          	add	a4,a4,4
    9d90:	fed72e23          	sw	a3,-4(a4)
    9d94:	fefa18e3          	bne	s4,a5,9d84 <_ldtoa_r+0xb38>
    9d98:	01812783          	lw	a5,24(sp)
    9d9c:	06e15503          	lhu	a0,110(sp)
    9da0:	00f57eb3          	and	t4,a0,a5
    9da4:	01c12783          	lw	a5,28(sp)
    9da8:	00fe8eb3          	add	t4,t4,a5
    9dac:	37d05e63          	blez	t4,a128 <_ldtoa_r+0xedc>
    9db0:	09000793          	li	a5,144
    9db4:	41d785b3          	sub	a1,a5,t4
    9db8:	00090713          	mv	a4,s2
    9dbc:	05c10793          	add	a5,sp,92
    9dc0:	0007a683          	lw	a3,0(a5)
    9dc4:	00478793          	add	a5,a5,4
    9dc8:	00470713          	add	a4,a4,4
    9dcc:	fed72e23          	sw	a3,-4(a4)
    9dd0:	ff0798e3          	bne	a5,a6,9dc0 <_ldtoa_r+0xb74>
    9dd4:	06b05863          	blez	a1,9e44 <_ldtoa_r+0xbf8>
    9dd8:	00f00793          	li	a5,15
    9ddc:	00090713          	mv	a4,s2
    9de0:	02b7de63          	bge	a5,a1,9e1c <_ldtoa_r+0xbd0>
    9de4:	08000693          	li	a3,128
    9de8:	41d686b3          	sub	a3,a3,t4
    9dec:	0046d693          	srl	a3,a3,0x4
    9df0:	00168713          	add	a4,a3,1
    9df4:	00171713          	sll	a4,a4,0x1
    9df8:	00e90733          	add	a4,s2,a4
    9dfc:	00090793          	mv	a5,s2
    9e00:	00278793          	add	a5,a5,2
    9e04:	fe079f23          	sh	zero,-2(a5)
    9e08:	fef71ce3          	bne	a4,a5,9e00 <_ldtoa_r+0xbb4>
    9e0c:	08000593          	li	a1,128
    9e10:	41d585b3          	sub	a1,a1,t4
    9e14:	00469693          	sll	a3,a3,0x4
    9e18:	40d585b3          	sub	a1,a1,a3
    9e1c:	02412683          	lw	a3,36(sp)
    9e20:	00159793          	sll	a5,a1,0x1
    9e24:	00f687b3          	add	a5,a3,a5
    9e28:	0007d783          	lhu	a5,0(a5)
    9e2c:	00075683          	lhu	a3,0(a4)
    9e30:	00f6f7b3          	and	a5,a3,a5
    9e34:	00f71023          	sh	a5,0(a4)
    9e38:	01051513          	sll	a0,a0,0x10
    9e3c:	41055513          	sra	a0,a0,0x10
    9e40:	16054463          	bltz	a0,9fa8 <_ldtoa_r+0xd5c>
    9e44:	00090713          	mv	a4,s2
    9e48:	0a810793          	add	a5,sp,168
    9e4c:	0007d603          	lhu	a2,0(a5)
    9e50:	00075683          	lhu	a3,0(a4)
    9e54:	02d61863          	bne	a2,a3,9e84 <_ldtoa_r+0xc38>
    9e58:	00278793          	add	a5,a5,2
    9e5c:	00270713          	add	a4,a4,2
    9e60:	ff3796e3          	bne	a5,s3,9e4c <_ldtoa_r+0xc00>
    9e64:	000c8713          	mv	a4,s9
    9e68:	0a810793          	add	a5,sp,168
    9e6c:	0007a683          	lw	a3,0(a5)
    9e70:	00478793          	add	a5,a5,4
    9e74:	00470713          	add	a4,a4,4
    9e78:	fed72e23          	sw	a3,-4(a4)
    9e7c:	fefa18e3          	bne	s4,a5,9e6c <_ldtoa_r+0xc20>
    9e80:	01a40433          	add	s0,s0,s10
    9e84:	02012783          	lw	a5,32(sp)
    9e88:	01448493          	add	s1,s1,20
    9e8c:	001d5d13          	srl	s10,s10,0x1
    9e90:	ecf498e3          	bne	s1,a5,9d60 <_ldtoa_r+0xb14>
    9e94:	0d615603          	lhu	a2,214(sp)
    9e98:	02812d03          	lw	s10,40(sp)
    9e9c:	ffffc5b7          	lui	a1,0xffffc
    9ea0:	f7258593          	add	a1,a1,-142 # ffffbf72 <_stack_top+0xdfefbf72>
    9ea4:	000c0a13          	mv	s4,s8
    9ea8:	00b60633          	add	a2,a2,a1
    9eac:	00090c13          	mv	s8,s2
    9eb0:	03012483          	lw	s1,48(sp)
    9eb4:	03412703          	lw	a4,52(sp)
    9eb8:	03812983          	lw	s3,56(sp)
    9ebc:	02c12903          	lw	s2,44(sp)
    9ec0:	00cd0633          	add	a2,s10,a2
    9ec4:	0cc11b23          	sh	a2,214(sp)
    9ec8:	014c8513          	add	a0,s9,20
    9ecc:	08c10613          	add	a2,sp,140
    9ed0:	0004a783          	lw	a5,0(s1)
    9ed4:	00448493          	add	s1,s1,4
    9ed8:	00460613          	add	a2,a2,4
    9edc:	fef62e23          	sw	a5,-4(a2)
    9ee0:	fe9518e3          	bne	a0,s1,9ed0 <_ldtoa_r+0xc84>
    9ee4:	0a810693          	add	a3,sp,168
    9ee8:	00072783          	lw	a5,0(a4)
    9eec:	00470713          	add	a4,a4,4
    9ef0:	00468693          	add	a3,a3,4
    9ef4:	fef6ae23          	sw	a5,-4(a3)
    9ef8:	ff5718e3          	bne	a4,s5,9ee8 <_ldtoa_r+0xc9c>
    9efc:	00014ab7          	lui	s5,0x14
    9f00:	00001bb7          	lui	s7,0x1
    9f04:	dc4a8a93          	add	s5,s5,-572 # 13dc4 <etens>
    9f08:	00014d37          	lui	s10,0x14
    9f0c:	0140006f          	j	9f20 <_ldtoa_r+0xcd4>
    9f10:	eb4d0793          	add	a5,s10,-332 # 13eb4 <etens+0xf0>
    9f14:	001bdb93          	srl	s7,s7,0x1
    9f18:	24fa8663          	beq	s5,a5,a164 <_ldtoa_r+0xf18>
    9f1c:	014a8a93          	add	s5,s5,20
    9f20:	000c8593          	mv	a1,s9
    9f24:	eb4d0513          	add	a0,s10,-332
    9f28:	824fe0ef          	jal	7f4c <ecmp>
    9f2c:	22a04c63          	bgtz	a0,a164 <_ldtoa_r+0xf18>
    9f30:	000c8593          	mv	a1,s9
    9f34:	000a8513          	mv	a0,s5
    9f38:	814fe0ef          	jal	7f4c <ecmp>
    9f3c:	fca04ae3          	bgtz	a0,9f10 <_ldtoa_r+0xcc4>
    9f40:	000b0693          	mv	a3,s6
    9f44:	000c8613          	mv	a2,s9
    9f48:	000c8593          	mv	a1,s9
    9f4c:	000a8513          	mv	a0,s5
    9f50:	89dfe0ef          	jal	87ec <ediv>
    9f54:	0a810613          	add	a2,sp,168
    9f58:	000b0693          	mv	a3,s6
    9f5c:	00060593          	mv	a1,a2
    9f60:	000a8513          	mv	a0,s5
    9f64:	e19fe0ef          	jal	8d7c <emul>
    9f68:	01740433          	add	s0,s0,s7
    9f6c:	fa5ff06f          	j	9f10 <_ldtoa_r+0xcc4>
    9f70:	13710993          	add	s3,sp,311
    9f74:	00000493          	li	s1,0
    9f78:	92079ce3          	bnez	a5,98b0 <_ldtoa_r+0x664>
    9f7c:	e94ff06f          	j	9610 <_ldtoa_r+0x3c4>
    9f80:	00812703          	lw	a4,8(sp)
    9f84:	02a00793          	li	a5,42
    9f88:	00e12223          	sw	a4,4(sp)
    9f8c:	84e7d6e3          	bge	a5,a4,97d8 <_ldtoa_r+0x58c>
    9f90:	00f12223          	sw	a5,4(sp)
    9f94:	845ff06f          	j	97d8 <_ldtoa_r+0x58c>
    9f98:	000d8793          	mv	a5,s11
    9f9c:	98dff06f          	j	9928 <_ldtoa_r+0x6dc>
    9fa0:	00000613          	li	a2,0
    9fa4:	805ff06f          	j	97a8 <_ldtoa_r+0x55c>
    9fa8:	00090793          	mv	a5,s2
    9fac:	0140006f          	j	9fc0 <_ldtoa_r+0xd74>
    9fb0:	00260613          	add	a2,a2,2
    9fb4:	06e10713          	add	a4,sp,110
    9fb8:	00278793          	add	a5,a5,2
    9fbc:	e8c704e3          	beq	a4,a2,9e44 <_ldtoa_r+0xbf8>
    9fc0:	00065683          	lhu	a3,0(a2)
    9fc4:	0007d703          	lhu	a4,0(a5)
    9fc8:	fee684e3          	beq	a3,a4,9fb0 <_ldtoa_r+0xd64>
    9fcc:	0f215783          	lhu	a5,242(sp)
    9fd0:	fff7c793          	not	a5,a5
    9fd4:	01179713          	sll	a4,a5,0x11
    9fd8:	3a070a63          	beqz	a4,a38c <_ldtoa_r+0x1140>
    9fdc:	0fc10593          	add	a1,sp,252
    9fe0:	ec8b8513          	add	a0,s7,-312 # ec8 <__muldf3+0x47c>
    9fe4:	eb5fd0ef          	jal	7e98 <emovi>
    9fe8:	11810593          	add	a1,sp,280
    9fec:	00090513          	mv	a0,s2
    9ff0:	ea9fd0ef          	jal	7e98 <emovi>
    9ff4:	0fc15783          	lhu	a5,252(sp)
    9ff8:	11a15603          	lhu	a2,282(sp)
    9ffc:	0fe15e83          	lhu	t4,254(sp)
    a000:	fff7c793          	not	a5,a5
    a004:	0ef11e23          	sh	a5,252(sp)
    a008:	40ce85b3          	sub	a1,t4,a2
    a00c:	00060693          	mv	a3,a2
    a010:	06b05e63          	blez	a1,a08c <_ldtoa_r+0xe40>
    a014:	11810513          	add	a0,sp,280
    a018:	000d8693          	mv	a3,s11
    a01c:	13010793          	add	a5,sp,304
    a020:	000d8593          	mv	a1,s11
    a024:	00050713          	mv	a4,a0
    a028:	00072883          	lw	a7,0(a4)
    a02c:	00470713          	add	a4,a4,4
    a030:	00458593          	add	a1,a1,4
    a034:	ff15ae23          	sw	a7,-4(a1)
    a038:	fee798e3          	bne	a5,a4,a028 <_ldtoa_r+0xddc>
    a03c:	0fc10593          	add	a1,sp,252
    a040:	14011623          	sh	zero,332(sp)
    a044:	11410713          	add	a4,sp,276
    a048:	00058793          	mv	a5,a1
    a04c:	0007a883          	lw	a7,0(a5)
    a050:	00478793          	add	a5,a5,4
    a054:	00450513          	add	a0,a0,4
    a058:	ff152e23          	sw	a7,-4(a0)
    a05c:	fef718e3          	bne	a4,a5,a04c <_ldtoa_r+0xe00>
    a060:	12011823          	sh	zero,304(sp)
    a064:	018d8793          	add	a5,s11,24
    a068:	0006a703          	lw	a4,0(a3)
    a06c:	00468693          	add	a3,a3,4
    a070:	00458593          	add	a1,a1,4
    a074:	fee5ae23          	sw	a4,-4(a1)
    a078:	fed798e3          	bne	a5,a3,a068 <_ldtoa_r+0xe1c>
    a07c:	11a15683          	lhu	a3,282(sp)
    a080:	41d605b3          	sub	a1,a2,t4
    a084:	10011a23          	sh	zero,276(sp)
    a088:	00068613          	mv	a2,a3
    a08c:	32058e63          	beqz	a1,a3c8 <_ldtoa_r+0x117c>
    a090:	02d12e23          	sw	a3,60(sp)
    a094:	f6f00793          	li	a5,-145
    a098:	06f5c663          	blt	a1,a5,a104 <_ldtoa_r+0xeb8>
    a09c:	0fc10513          	add	a0,sp,252
    a0a0:	c3dfd0ef          	jal	7cdc <eshift.part.0>
    a0a4:	03c12683          	lw	a3,60(sp)
    a0a8:	00050593          	mv	a1,a0
    a0ac:	13010793          	add	a5,sp,304
    a0b0:	11410713          	add	a4,sp,276
    a0b4:	0fc15503          	lhu	a0,252(sp)
    a0b8:	11815603          	lhu	a2,280(sp)
    a0bc:	3ac50a63          	beq	a0,a2,a470 <_ldtoa_r+0x1224>
    a0c0:	00000613          	li	a2,0
    a0c4:	11a10e93          	add	t4,sp,282
    a0c8:	0007d503          	lhu	a0,0(a5)
    a0cc:	00075883          	lhu	a7,0(a4)
    a0d0:	ffe78793          	add	a5,a5,-2
    a0d4:	ffe70713          	add	a4,a4,-2
    a0d8:	41150533          	sub	a0,a0,a7
    a0dc:	40c50633          	sub	a2,a0,a2
    a0e0:	01065513          	srl	a0,a2,0x10
    a0e4:	00c79123          	sh	a2,2(a5)
    a0e8:	00157613          	and	a2,a0,1
    a0ec:	fdd79ee3          	bne	a5,t4,a0c8 <_ldtoa_r+0xe7c>
    a0f0:	00100613          	li	a2,1
    a0f4:	000b0793          	mv	a5,s6
    a0f8:	04000713          	li	a4,64
    a0fc:	11810513          	add	a0,sp,280
    a100:	f99fd0ef          	jal	8098 <emdnorm>
    a104:	00090593          	mv	a1,s2
    a108:	11810513          	add	a0,sp,280
    a10c:	9a1fd0ef          	jal	7aac <emovo.constprop.0>
    a110:	d35ff06f          	j	9e44 <_ldtoa_r+0xbf8>
    a114:	00c12783          	lw	a5,12(sp)
    a118:	12010a23          	sb	zero,308(sp)
    a11c:	000d8993          	mv	s3,s11
    a120:	0007a023          	sw	zero,0(a5)
    a124:	ab5ff06f          	j	9bd8 <_ldtoa_r+0x98c>
    a128:	00090793          	mv	a5,s2
    a12c:	00278793          	add	a5,a5,2
    a130:	0f410713          	add	a4,sp,244
    a134:	fe079f23          	sh	zero,-2(a5)
    a138:	fee79ae3          	bne	a5,a4,a12c <_ldtoa_r+0xee0>
    a13c:	cfdff06f          	j	9e38 <_ldtoa_r+0xbec>
    a140:	13410d93          	add	s11,sp,308
    a144:	0e090863          	beqz	s2,a234 <_ldtoa_r+0xfe8>
    a148:	000145b7          	lui	a1,0x14
    a14c:	c2058593          	add	a1,a1,-992 # 13c20 <blanks.1+0x10>
    a150:	000d8513          	mv	a0,s11
    a154:	440020ef          	jal	c594 <sprintf>
    a158:	00002437          	lui	s0,0x2
    a15c:	70f40413          	add	s0,s0,1807 # 270f <__subtf3+0x2d3>
    a160:	f64ff06f          	j	98c4 <_ldtoa_r+0x678>
    a164:	0f810493          	add	s1,sp,248
    a168:	a74ff06f          	j	93dc <_ldtoa_r+0x190>
    a16c:	00170713          	add	a4,a4,1
    a170:	00e58023          	sb	a4,0(a1)
    a174:	f3cff06f          	j	98b0 <_ldtoa_r+0x664>
    a178:	fff5c783          	lbu	a5,-1(a1)
    a17c:	03800713          	li	a4,56
    a180:	0cf77463          	bgeu	a4,a5,a248 <_ldtoa_r+0xffc>
    a184:	03100793          	li	a5,49
    a188:	00140413          	add	s0,s0,1
    a18c:	fef58fa3          	sb	a5,-1(a1)
    a190:	f20ff06f          	j	98b0 <_ldtoa_r+0x664>
    a194:	07010793          	add	a5,sp,112
    a198:	08210693          	add	a3,sp,130
    a19c:	0080006f          	j	a1a4 <_ldtoa_r+0xf58>
    a1a0:	f4d78063          	beq	a5,a3,98e0 <_ldtoa_r+0x694>
    a1a4:	0007d703          	lhu	a4,0(a5)
    a1a8:	00278793          	add	a5,a5,2
    a1ac:	fe070ae3          	beqz	a4,a1a0 <_ldtoa_r+0xf54>
    a1b0:	00c12703          	lw	a4,12(sp)
    a1b4:	000027b7          	lui	a5,0x2
    a1b8:	70f78793          	add	a5,a5,1807 # 270f <__subtf3+0x2d3>
    a1bc:	00f72023          	sw	a5,0(a4)
    a1c0:	f6cff06f          	j	992c <_ldtoa_r+0x6e0>
    a1c4:	13410d93          	add	s11,sp,308
    a1c8:	000145b7          	lui	a1,0x14
    a1cc:	c3858593          	add	a1,a1,-968 # 13c38 <blanks.1+0x28>
    a1d0:	000d8513          	mv	a0,s11
    a1d4:	3c0020ef          	jal	c594 <sprintf>
    a1d8:	f81ff06f          	j	a158 <_ldtoa_r+0xf0c>
    a1dc:	0a810593          	add	a1,sp,168
    a1e0:	08c10513          	add	a0,sp,140
    a1e4:	00f12c23          	sw	a5,24(sp)
    a1e8:	8c5fd0ef          	jal	7aac <emovo.constprop.0>
    a1ec:	000145b7          	lui	a1,0x14
    a1f0:	edc58593          	add	a1,a1,-292 # 13edc <ezero>
    a1f4:	0a810513          	add	a0,sp,168
    a1f8:	d55fd0ef          	jal	7f4c <ecmp>
    a1fc:	01812783          	lw	a5,24(sp)
    a200:	e6051663          	bnez	a0,986c <_ldtoa_r+0x620>
    a204:	ea04c663          	bltz	s1,98b0 <_ldtoa_r+0x664>
    a208:	ffe7c703          	lbu	a4,-2(a5)
    a20c:	ffe78593          	add	a1,a5,-2
    a210:	fd270613          	add	a2,a4,-46
    a214:	00163613          	seqz	a2,a2
    a218:	fff64613          	not	a2,a2
    a21c:	00c98633          	add	a2,s3,a2
    a220:	00064603          	lbu	a2,0(a2)
    a224:	07f77713          	and	a4,a4,127
    a228:	00167613          	and	a2,a2,1
    a22c:	e4061863          	bnez	a2,987c <_ldtoa_r+0x630>
    a230:	e80ff06f          	j	98b0 <_ldtoa_r+0x664>
    a234:	000145b7          	lui	a1,0x14
    a238:	c2c58593          	add	a1,a1,-980 # 13c2c <blanks.1+0x1c>
    a23c:	000d8513          	mv	a0,s11
    a240:	354020ef          	jal	c594 <sprintf>
    a244:	f15ff06f          	j	a158 <_ldtoa_r+0xf0c>
    a248:	00178793          	add	a5,a5,1
    a24c:	fef58fa3          	sb	a5,-1(a1)
    a250:	e60ff06f          	j	98b0 <_ldtoa_r+0x664>
    a254:	0e010c13          	add	s8,sp,224
    a258:	000c0593          	mv	a1,s8
    a25c:	08c10513          	add	a0,sp,140
    a260:	00004d37          	lui	s10,0x4
    a264:	00e12e23          	sw	a4,28(sp)
    a268:	00000413          	li	s0,0
    a26c:	c2dfd0ef          	jal	7e98 <emovi>
    a270:	0f810493          	add	s1,sp,248
    a274:	0e210b13          	add	s6,sp,226
    a278:	ffed0d13          	add	s10,s10,-2 # 3ffe <__trunctfdf2+0x2ba>
    a27c:	0dc10c93          	add	s9,sp,220
    a280:	fd500d93          	li	s11,-43
    a284:	01212c23          	sw	s2,24(sp)
    a288:	03312023          	sw	s3,32(sp)
    a28c:	0f815783          	lhu	a5,248(sp)
    a290:	0077f793          	and	a5,a5,7
    a294:	0c079863          	bnez	a5,a364 <_ldtoa_r+0x1118>
    a298:	0c410993          	add	s3,sp,196
    a29c:	000c0913          	mv	s2,s8
    a2a0:	00098713          	mv	a4,s3
    a2a4:	000c0793          	mv	a5,s8
    a2a8:	0007a683          	lw	a3,0(a5)
    a2ac:	00478793          	add	a5,a5,4
    a2b0:	00470713          	add	a4,a4,4
    a2b4:	fed72e23          	sw	a3,-4(a4)
    a2b8:	fe9798e3          	bne	a5,s1,a2a8 <_ldtoa_r+0x105c>
    a2bc:	0c410513          	add	a0,sp,196
    a2c0:	0c011e23          	sh	zero,220(sp)
    a2c4:	eb4fd0ef          	jal	7978 <eshdn1>
    a2c8:	0c410513          	add	a0,sp,196
    a2cc:	eacfd0ef          	jal	7978 <eshdn1>
    a2d0:	00000613          	li	a2,0
    a2d4:	0dc10693          	add	a3,sp,220
    a2d8:	00048713          	mv	a4,s1
    a2dc:	0006d503          	lhu	a0,0(a3)
    a2e0:	00075783          	lhu	a5,0(a4)
    a2e4:	ffe68693          	add	a3,a3,-2
    a2e8:	ffe70713          	add	a4,a4,-2
    a2ec:	00a787b3          	add	a5,a5,a0
    a2f0:	00c787b3          	add	a5,a5,a2
    a2f4:	0107d613          	srl	a2,a5,0x10
    a2f8:	00f69123          	sh	a5,2(a3)
    a2fc:	00167613          	and	a2,a2,1
    a300:	fd671ee3          	bne	a4,s6,a2dc <_ldtoa_r+0x1090>
    a304:	0c615783          	lhu	a5,198(sp)
    a308:	0c815703          	lhu	a4,200(sp)
    a30c:	00378793          	add	a5,a5,3
    a310:	0cf11323          	sh	a5,198(sp)
    a314:	02070063          	beqz	a4,a334 <_ldtoa_r+0x10e8>
    a318:	0c410513          	add	a0,sp,196
    a31c:	e5cfd0ef          	jal	7978 <eshdn1>
    a320:	0c615783          	lhu	a5,198(sp)
    a324:	0c815703          	lhu	a4,200(sp)
    a328:	00178793          	add	a5,a5,1
    a32c:	0cf11323          	sh	a5,198(sp)
    a330:	fe0714e3          	bnez	a4,a318 <_ldtoa_r+0x10cc>
    a334:	0dc15783          	lhu	a5,220(sp)
    a338:	02079663          	bnez	a5,a364 <_ldtoa_r+0x1118>
    a33c:	0c615783          	lhu	a5,198(sp)
    a340:	02fd6263          	bltu	s10,a5,a364 <_ldtoa_r+0x1118>
    a344:	0009a783          	lw	a5,0(s3)
    a348:	00498993          	add	s3,s3,4
    a34c:	00490913          	add	s2,s2,4
    a350:	fef92e23          	sw	a5,-4(s2)
    a354:	ff9998e3          	bne	s3,s9,a344 <_ldtoa_r+0x10f8>
    a358:	0e011c23          	sh	zero,248(sp)
    a35c:	fff40413          	add	s0,s0,-1
    a360:	f3b416e3          	bne	s0,s11,a28c <_ldtoa_r+0x1040>
    a364:	01c12703          	lw	a4,28(sp)
    a368:	08c10593          	add	a1,sp,140
    a36c:	000c0513          	mv	a0,s8
    a370:	01812903          	lw	s2,24(sp)
    a374:	02012983          	lw	s3,32(sp)
    a378:	00e12c23          	sw	a4,24(sp)
    a37c:	f30fd0ef          	jal	7aac <emovo.constprop.0>
    a380:	01812703          	lw	a4,24(sp)
    a384:	17010b13          	add	s6,sp,368
    a388:	f54ff06f          	j	9adc <_ldtoa_r+0x890>
    a38c:	00090793          	mv	a5,s2
    a390:	0f210713          	add	a4,sp,242
    a394:	0007d683          	lhu	a3,0(a5)
    a398:	00278793          	add	a5,a5,2
    a39c:	aa0694e3          	bnez	a3,9e44 <_ldtoa_r+0xbf8>
    a3a0:	fee79ae3          	bne	a5,a4,a394 <_ldtoa_r+0x1148>
    a3a4:	00090793          	mv	a5,s2
    a3a8:	0007d683          	lhu	a3,0(a5)
    a3ac:	00278793          	add	a5,a5,2
    a3b0:	c20696e3          	bnez	a3,9fdc <_ldtoa_r+0xd90>
    a3b4:	fee79ae3          	bne	a5,a4,a3a8 <_ldtoa_r+0x115c>
    a3b8:	a8dff06f          	j	9e44 <_ldtoa_r+0xbf8>
    a3bc:	0e010c13          	add	s8,sp,224
    a3c0:	0f810493          	add	s1,sp,248
    a3c4:	f18ff06f          	j	9adc <_ldtoa_r+0x890>
    a3c8:	11c10713          	add	a4,sp,284
    a3cc:	10010793          	add	a5,sp,256
    a3d0:	11610f13          	add	t5,sp,278
    a3d4:	0007de83          	lhu	t4,0(a5)
    a3d8:	00075503          	lhu	a0,0(a4)
    a3dc:	00278793          	add	a5,a5,2
    a3e0:	00270713          	add	a4,a4,2
    a3e4:	04ae9663          	bne	t4,a0,a430 <_ldtoa_r+0x11e4>
    a3e8:	ffe796e3          	bne	a5,t5,a3d4 <_ldtoa_r+0x1188>
    a3ec:	0fc15703          	lhu	a4,252(sp)
    a3f0:	11815783          	lhu	a5,280(sp)
    a3f4:	04f70663          	beq	a4,a5,a440 <_ldtoa_r+0x11f4>
    a3f8:	00090793          	mv	a5,s2
    a3fc:	0f410713          	add	a4,sp,244
    a400:	00278793          	add	a5,a5,2
    a404:	fe079f23          	sh	zero,-2(a5)
    a408:	fee79ce3          	bne	a5,a4,a400 <_ldtoa_r+0x11b4>
    a40c:	a39ff06f          	j	9e44 <_ldtoa_r+0xbf8>
    a410:	000146b7          	lui	a3,0x14
    a414:	000015b7          	lui	a1,0x1
    a418:	00014537          	lui	a0,0x14
    a41c:	c4068693          	add	a3,a3,-960 # 13c40 <blanks.1+0x30>
    a420:	00000613          	li	a2,0
    a424:	b6e58593          	add	a1,a1,-1170 # b6e <__muldf3+0x122>
    a428:	c5450513          	add	a0,a0,-940 # 13c54 <blanks.1+0x44>
    a42c:	434060ef          	jal	10860 <__assert_func>
    a430:	07d56c63          	bltu	a0,t4,a4a8 <_ldtoa_r+0x125c>
    a434:	13010793          	add	a5,sp,304
    a438:	11410713          	add	a4,sp,276
    a43c:	c79ff06f          	j	a0b4 <_ldtoa_r+0xe68>
    a440:	00068793          	mv	a5,a3
    a444:	00069663          	bnez	a3,a450 <_ldtoa_r+0x1204>
    a448:	11e11703          	lh	a4,286(sp)
    a44c:	0c075663          	bgez	a4,a518 <_ldtoa_r+0x12cc>
    a450:	11a10713          	add	a4,sp,282
    a454:	13010793          	add	a5,sp,304
    a458:	00075583          	lhu	a1,0(a4)
    a45c:	10059663          	bnez	a1,a568 <_ldtoa_r+0x131c>
    a460:	00270713          	add	a4,a4,2
    a464:	fee79ae3          	bne	a5,a4,a458 <_ldtoa_r+0x120c>
    a468:	10c11d23          	sh	a2,282(sp)
    a46c:	c99ff06f          	j	a104 <_ldtoa_r+0xeb8>
    a470:	00000613          	li	a2,0
    a474:	0fe10e93          	add	t4,sp,254
    a478:	0007d883          	lhu	a7,0(a5)
    a47c:	00075503          	lhu	a0,0(a4)
    a480:	ffe78793          	add	a5,a5,-2
    a484:	ffe70713          	add	a4,a4,-2
    a488:	01150533          	add	a0,a0,a7
    a48c:	00c50633          	add	a2,a0,a2
    a490:	01065513          	srl	a0,a2,0x10
    a494:	00c79123          	sh	a2,2(a5)
    a498:	00157613          	and	a2,a0,1
    a49c:	fdd71ee3          	bne	a4,t4,a478 <_ldtoa_r+0x122c>
    a4a0:	00000613          	li	a2,0
    a4a4:	c51ff06f          	j	a0f4 <_ldtoa_r+0xea8>
    a4a8:	11810f13          	add	t5,sp,280
    a4ac:	000d8513          	mv	a0,s11
    a4b0:	13010793          	add	a5,sp,304
    a4b4:	000d8613          	mv	a2,s11
    a4b8:	000f0713          	mv	a4,t5
    a4bc:	00072883          	lw	a7,0(a4)
    a4c0:	00470713          	add	a4,a4,4
    a4c4:	00460613          	add	a2,a2,4
    a4c8:	ff162e23          	sw	a7,-4(a2)
    a4cc:	fee798e3          	bne	a5,a4,a4bc <_ldtoa_r+0x1270>
    a4d0:	0fc10613          	add	a2,sp,252
    a4d4:	14011623          	sh	zero,332(sp)
    a4d8:	11410713          	add	a4,sp,276
    a4dc:	00060e93          	mv	t4,a2
    a4e0:	000ea883          	lw	a7,0(t4)
    a4e4:	004e8e93          	add	t4,t4,4
    a4e8:	004f0f13          	add	t5,t5,4
    a4ec:	ff1f2e23          	sw	a7,-4(t5)
    a4f0:	ffd718e3          	bne	a4,t4,a4e0 <_ldtoa_r+0x1294>
    a4f4:	12011823          	sh	zero,304(sp)
    a4f8:	018d8e93          	add	t4,s11,24
    a4fc:	00052883          	lw	a7,0(a0)
    a500:	00450513          	add	a0,a0,4
    a504:	00460613          	add	a2,a2,4
    a508:	ff162e23          	sw	a7,-4(a2)
    a50c:	feae98e3          	bne	t4,a0,a4fc <_ldtoa_r+0x12b0>
    a510:	10011a23          	sh	zero,276(sp)
    a514:	ba1ff06f          	j	a0b4 <_ldtoa_r+0xe68>
    a518:	13010693          	add	a3,sp,304
    a51c:	11a10e93          	add	t4,sp,282
    a520:	0006d703          	lhu	a4,0(a3)
    a524:	01071613          	sll	a2,a4,0x10
    a528:	41065613          	sra	a2,a2,0x10
    a52c:	00065463          	bgez	a2,a534 <_ldtoa_r+0x12e8>
    a530:	0017e793          	or	a5,a5,1
    a534:	00171713          	sll	a4,a4,0x1
    a538:	01071713          	sll	a4,a4,0x10
    a53c:	0027f613          	and	a2,a5,2
    a540:	01075713          	srl	a4,a4,0x10
    a544:	00060463          	beqz	a2,a54c <_ldtoa_r+0x1300>
    a548:	00176713          	or	a4,a4,1
    a54c:	00179793          	sll	a5,a5,0x1
    a550:	00e69023          	sh	a4,0(a3)
    a554:	01079793          	sll	a5,a5,0x10
    a558:	ffe68693          	add	a3,a3,-2
    a55c:	0107d793          	srl	a5,a5,0x10
    a560:	fdd690e3          	bne	a3,t4,a520 <_ldtoa_r+0x12d4>
    a564:	ba1ff06f          	j	a104 <_ldtoa_r+0xeb8>
    a568:	00168613          	add	a2,a3,1
    a56c:	10c11d23          	sh	a2,282(sp)
    a570:	b95ff06f          	j	a104 <_ldtoa_r+0xeb8>

0000a574 <_ldcheck>:
    a574:	00852703          	lw	a4,8(a0)
    a578:	00c52783          	lw	a5,12(a0)
    a57c:	00052603          	lw	a2,0(a0)
    a580:	00452683          	lw	a3,4(a0)
    a584:	fc010113          	add	sp,sp,-64
    a588:	00010513          	mv	a0,sp
    a58c:	01410593          	add	a1,sp,20
    a590:	00e12423          	sw	a4,8(sp)
    a594:	00f12623          	sw	a5,12(sp)
    a598:	02112e23          	sw	ra,60(sp)
    a59c:	00c12023          	sw	a2,0(sp)
    a5a0:	00d12223          	sw	a3,4(sp)
    a5a4:	8f4fe0ef          	jal	8698 <e113toe.isra.0>
    a5a8:	02615783          	lhu	a5,38(sp)
    a5ac:	00000513          	li	a0,0
    a5b0:	fff7c793          	not	a5,a5
    a5b4:	01179713          	sll	a4,a5,0x11
    a5b8:	02071063          	bnez	a4,a5d8 <_ldcheck+0x64>
    a5bc:	01410793          	add	a5,sp,20
    a5c0:	02610693          	add	a3,sp,38
    a5c4:	0007d703          	lhu	a4,0(a5)
    a5c8:	00278793          	add	a5,a5,2
    a5cc:	00071c63          	bnez	a4,a5e4 <_ldcheck+0x70>
    a5d0:	fed79ae3          	bne	a5,a3,a5c4 <_ldcheck+0x50>
    a5d4:	00200513          	li	a0,2
    a5d8:	03c12083          	lw	ra,60(sp)
    a5dc:	04010113          	add	sp,sp,64
    a5e0:	00008067          	ret
    a5e4:	00100513          	li	a0,1
    a5e8:	ff1ff06f          	j	a5d8 <_ldcheck+0x64>

0000a5ec <__localeconv_l>:
    a5ec:	0f050513          	add	a0,a0,240
    a5f0:	00008067          	ret

0000a5f4 <_localeconv_r>:
    a5f4:	d1818513          	add	a0,gp,-744 # 20000518 <__global_locale+0xf0>
    a5f8:	00008067          	ret

0000a5fc <localeconv>:
    a5fc:	d1818513          	add	a0,gp,-744 # 20000518 <__global_locale+0xf0>
    a600:	00008067          	ret

0000a604 <_setlocale_r>:
    a604:	ff010113          	add	sp,sp,-16
    a608:	00112623          	sw	ra,12(sp)
    a60c:	00812423          	sw	s0,8(sp)
    a610:	00912223          	sw	s1,4(sp)
    a614:	02060c63          	beqz	a2,a64c <_setlocale_r+0x48>
    a618:	000145b7          	lui	a1,0x14
    a61c:	ef458593          	add	a1,a1,-268 # 13ef4 <ezero+0x18>
    a620:	00060513          	mv	a0,a2
    a624:	00060413          	mv	s0,a2
    a628:	be1f50ef          	jal	208 <strcmp>
    a62c:	000144b7          	lui	s1,0x14
    a630:	02051263          	bnez	a0,a654 <_setlocale_r+0x50>
    a634:	ef048513          	add	a0,s1,-272 # 13ef0 <ezero+0x14>
    a638:	00c12083          	lw	ra,12(sp)
    a63c:	00812403          	lw	s0,8(sp)
    a640:	00412483          	lw	s1,4(sp)
    a644:	01010113          	add	sp,sp,16
    a648:	00008067          	ret
    a64c:	000144b7          	lui	s1,0x14
    a650:	fe5ff06f          	j	a634 <_setlocale_r+0x30>
    a654:	ef048593          	add	a1,s1,-272 # 13ef0 <ezero+0x14>
    a658:	00040513          	mv	a0,s0
    a65c:	badf50ef          	jal	208 <strcmp>
    a660:	fc050ae3          	beqz	a0,a634 <_setlocale_r+0x30>
    a664:	000145b7          	lui	a1,0x14
    a668:	42458593          	add	a1,a1,1060 # 14424 <blanks.1+0x1c>
    a66c:	00040513          	mv	a0,s0
    a670:	b99f50ef          	jal	208 <strcmp>
    a674:	fc0500e3          	beqz	a0,a634 <_setlocale_r+0x30>
    a678:	00000513          	li	a0,0
    a67c:	fbdff06f          	j	a638 <_setlocale_r+0x34>

0000a680 <__locale_mb_cur_max>:
    a680:	d501c503          	lbu	a0,-688(gp) # 20000550 <__global_locale+0x128>
    a684:	00008067          	ret

0000a688 <setlocale>:
    a688:	ff010113          	add	sp,sp,-16
    a68c:	00112623          	sw	ra,12(sp)
    a690:	00812423          	sw	s0,8(sp)
    a694:	00912223          	sw	s1,4(sp)
    a698:	02058c63          	beqz	a1,a6d0 <setlocale+0x48>
    a69c:	00058413          	mv	s0,a1
    a6a0:	000145b7          	lui	a1,0x14
    a6a4:	ef458593          	add	a1,a1,-268 # 13ef4 <ezero+0x18>
    a6a8:	00040513          	mv	a0,s0
    a6ac:	b5df50ef          	jal	208 <strcmp>
    a6b0:	000144b7          	lui	s1,0x14
    a6b4:	02051263          	bnez	a0,a6d8 <setlocale+0x50>
    a6b8:	ef048513          	add	a0,s1,-272 # 13ef0 <ezero+0x14>
    a6bc:	00c12083          	lw	ra,12(sp)
    a6c0:	00812403          	lw	s0,8(sp)
    a6c4:	00412483          	lw	s1,4(sp)
    a6c8:	01010113          	add	sp,sp,16
    a6cc:	00008067          	ret
    a6d0:	000144b7          	lui	s1,0x14
    a6d4:	fe5ff06f          	j	a6b8 <setlocale+0x30>
    a6d8:	ef048593          	add	a1,s1,-272 # 13ef0 <ezero+0x14>
    a6dc:	00040513          	mv	a0,s0
    a6e0:	b29f50ef          	jal	208 <strcmp>
    a6e4:	fc050ae3          	beqz	a0,a6b8 <setlocale+0x30>
    a6e8:	000145b7          	lui	a1,0x14
    a6ec:	42458593          	add	a1,a1,1060 # 14424 <blanks.1+0x1c>
    a6f0:	00040513          	mv	a0,s0
    a6f4:	b15f50ef          	jal	208 <strcmp>
    a6f8:	fc0500e3          	beqz	a0,a6b8 <setlocale+0x30>
    a6fc:	00000513          	li	a0,0
    a700:	fbdff06f          	j	a6bc <setlocale+0x34>

0000a704 <__smakebuf_r>:
    a704:	00c59783          	lh	a5,12(a1)
    a708:	f8010113          	add	sp,sp,-128
    a70c:	06812c23          	sw	s0,120(sp)
    a710:	06112e23          	sw	ra,124(sp)
    a714:	06912a23          	sw	s1,116(sp)
    a718:	07212823          	sw	s2,112(sp)
    a71c:	07312623          	sw	s3,108(sp)
    a720:	07412423          	sw	s4,104(sp)
    a724:	0027f713          	and	a4,a5,2
    a728:	00058413          	mv	s0,a1
    a72c:	02070c63          	beqz	a4,a764 <__smakebuf_r+0x60>
    a730:	04358793          	add	a5,a1,67
    a734:	00f5a023          	sw	a5,0(a1)
    a738:	00f5a823          	sw	a5,16(a1)
    a73c:	00100793          	li	a5,1
    a740:	00f5aa23          	sw	a5,20(a1)
    a744:	07c12083          	lw	ra,124(sp)
    a748:	07812403          	lw	s0,120(sp)
    a74c:	07412483          	lw	s1,116(sp)
    a750:	07012903          	lw	s2,112(sp)
    a754:	06c12983          	lw	s3,108(sp)
    a758:	06812a03          	lw	s4,104(sp)
    a75c:	08010113          	add	sp,sp,128
    a760:	00008067          	ret
    a764:	00e59583          	lh	a1,14(a1)
    a768:	00050493          	mv	s1,a0
    a76c:	0805cc63          	bltz	a1,a804 <__smakebuf_r+0x100>
    a770:	00810613          	add	a2,sp,8
    a774:	5dc060ef          	jal	10d50 <_fstat_r>
    a778:	08054463          	bltz	a0,a800 <__smakebuf_r+0xfc>
    a77c:	00c12783          	lw	a5,12(sp)
    a780:	0000f937          	lui	s2,0xf
    a784:	000019b7          	lui	s3,0x1
    a788:	00f97933          	and	s2,s2,a5
    a78c:	ffffe7b7          	lui	a5,0xffffe
    a790:	00f90933          	add	s2,s2,a5
    a794:	00193913          	seqz	s2,s2
    a798:	40000a13          	li	s4,1024
    a79c:	80098993          	add	s3,s3,-2048 # 800 <__divdf3+0x47c>
    a7a0:	000a0593          	mv	a1,s4
    a7a4:	00048513          	mv	a0,s1
    a7a8:	1c4000ef          	jal	a96c <_malloc_r>
    a7ac:	00c41783          	lh	a5,12(s0)
    a7b0:	06050e63          	beqz	a0,a82c <__smakebuf_r+0x128>
    a7b4:	00007737          	lui	a4,0x7
    a7b8:	07070713          	add	a4,a4,112 # 7070 <_cleanup_r>
    a7bc:	02e4ae23          	sw	a4,60(s1)
    a7c0:	0807e793          	or	a5,a5,128
    a7c4:	00f41623          	sh	a5,12(s0)
    a7c8:	00a42023          	sw	a0,0(s0)
    a7cc:	00a42823          	sw	a0,16(s0)
    a7d0:	01442a23          	sw	s4,20(s0)
    a7d4:	08091863          	bnez	s2,a864 <__smakebuf_r+0x160>
    a7d8:	0137e7b3          	or	a5,a5,s3
    a7dc:	07c12083          	lw	ra,124(sp)
    a7e0:	00f41623          	sh	a5,12(s0)
    a7e4:	07812403          	lw	s0,120(sp)
    a7e8:	07412483          	lw	s1,116(sp)
    a7ec:	07012903          	lw	s2,112(sp)
    a7f0:	06c12983          	lw	s3,108(sp)
    a7f4:	06812a03          	lw	s4,104(sp)
    a7f8:	08010113          	add	sp,sp,128
    a7fc:	00008067          	ret
    a800:	00c41783          	lh	a5,12(s0)
    a804:	0807f793          	and	a5,a5,128
    a808:	00000913          	li	s2,0
    a80c:	04078663          	beqz	a5,a858 <__smakebuf_r+0x154>
    a810:	04000a13          	li	s4,64
    a814:	000a0593          	mv	a1,s4
    a818:	00048513          	mv	a0,s1
    a81c:	150000ef          	jal	a96c <_malloc_r>
    a820:	00c41783          	lh	a5,12(s0)
    a824:	00000993          	li	s3,0
    a828:	f80516e3          	bnez	a0,a7b4 <__smakebuf_r+0xb0>
    a82c:	2007f713          	and	a4,a5,512
    a830:	f0071ae3          	bnez	a4,a744 <__smakebuf_r+0x40>
    a834:	ffc7f793          	and	a5,a5,-4
    a838:	0027e793          	or	a5,a5,2
    a83c:	04340713          	add	a4,s0,67
    a840:	00f41623          	sh	a5,12(s0)
    a844:	00100793          	li	a5,1
    a848:	00e42023          	sw	a4,0(s0)
    a84c:	00e42823          	sw	a4,16(s0)
    a850:	00f42a23          	sw	a5,20(s0)
    a854:	ef1ff06f          	j	a744 <__smakebuf_r+0x40>
    a858:	40000a13          	li	s4,1024
    a85c:	00000993          	li	s3,0
    a860:	f41ff06f          	j	a7a0 <__smakebuf_r+0x9c>
    a864:	00e41583          	lh	a1,14(s0)
    a868:	00048513          	mv	a0,s1
    a86c:	1e5060ef          	jal	11250 <_isatty_r>
    a870:	00051663          	bnez	a0,a87c <__smakebuf_r+0x178>
    a874:	00c41783          	lh	a5,12(s0)
    a878:	f61ff06f          	j	a7d8 <__smakebuf_r+0xd4>
    a87c:	00c45783          	lhu	a5,12(s0)
    a880:	ffc7f793          	and	a5,a5,-4
    a884:	0017e793          	or	a5,a5,1
    a888:	01079793          	sll	a5,a5,0x10
    a88c:	4107d793          	sra	a5,a5,0x10
    a890:	f49ff06f          	j	a7d8 <__smakebuf_r+0xd4>

0000a894 <__swhatbuf_r>:
    a894:	f9010113          	add	sp,sp,-112
    a898:	06812423          	sw	s0,104(sp)
    a89c:	00058413          	mv	s0,a1
    a8a0:	00e59583          	lh	a1,14(a1)
    a8a4:	06912223          	sw	s1,100(sp)
    a8a8:	07212023          	sw	s2,96(sp)
    a8ac:	06112623          	sw	ra,108(sp)
    a8b0:	00060493          	mv	s1,a2
    a8b4:	00068913          	mv	s2,a3
    a8b8:	0405ca63          	bltz	a1,a90c <__swhatbuf_r+0x78>
    a8bc:	00810613          	add	a2,sp,8
    a8c0:	490060ef          	jal	10d50 <_fstat_r>
    a8c4:	04054463          	bltz	a0,a90c <__swhatbuf_r+0x78>
    a8c8:	00c12703          	lw	a4,12(sp)
    a8cc:	0000f7b7          	lui	a5,0xf
    a8d0:	06c12083          	lw	ra,108(sp)
    a8d4:	00e7f7b3          	and	a5,a5,a4
    a8d8:	ffffe737          	lui	a4,0xffffe
    a8dc:	00e787b3          	add	a5,a5,a4
    a8e0:	06812403          	lw	s0,104(sp)
    a8e4:	0017b793          	seqz	a5,a5
    a8e8:	00f92023          	sw	a5,0(s2) # f000 <_svfprintf_r+0x26a0>
    a8ec:	40000713          	li	a4,1024
    a8f0:	00e4a023          	sw	a4,0(s1)
    a8f4:	00001537          	lui	a0,0x1
    a8f8:	06412483          	lw	s1,100(sp)
    a8fc:	06012903          	lw	s2,96(sp)
    a900:	80050513          	add	a0,a0,-2048 # 800 <__divdf3+0x47c>
    a904:	07010113          	add	sp,sp,112
    a908:	00008067          	ret
    a90c:	00c45783          	lhu	a5,12(s0)
    a910:	0807f793          	and	a5,a5,128
    a914:	02078863          	beqz	a5,a944 <__swhatbuf_r+0xb0>
    a918:	06c12083          	lw	ra,108(sp)
    a91c:	06812403          	lw	s0,104(sp)
    a920:	00000793          	li	a5,0
    a924:	00f92023          	sw	a5,0(s2)
    a928:	04000713          	li	a4,64
    a92c:	00e4a023          	sw	a4,0(s1)
    a930:	06012903          	lw	s2,96(sp)
    a934:	06412483          	lw	s1,100(sp)
    a938:	00000513          	li	a0,0
    a93c:	07010113          	add	sp,sp,112
    a940:	00008067          	ret
    a944:	06c12083          	lw	ra,108(sp)
    a948:	06812403          	lw	s0,104(sp)
    a94c:	00f92023          	sw	a5,0(s2)
    a950:	40000713          	li	a4,1024
    a954:	00e4a023          	sw	a4,0(s1)
    a958:	06012903          	lw	s2,96(sp)
    a95c:	06412483          	lw	s1,100(sp)
    a960:	00000513          	li	a0,0
    a964:	07010113          	add	sp,sp,112
    a968:	00008067          	ret

0000a96c <_malloc_r>:
    a96c:	fd010113          	add	sp,sp,-48
    a970:	01312e23          	sw	s3,28(sp)
    a974:	02112623          	sw	ra,44(sp)
    a978:	02812423          	sw	s0,40(sp)
    a97c:	02912223          	sw	s1,36(sp)
    a980:	03212023          	sw	s2,32(sp)
    a984:	01412c23          	sw	s4,24(sp)
    a988:	01512a23          	sw	s5,20(sp)
    a98c:	01612823          	sw	s6,16(sp)
    a990:	01712623          	sw	s7,12(sp)
    a994:	01812423          	sw	s8,8(sp)
    a998:	01912223          	sw	s9,4(sp)
    a99c:	00b58793          	add	a5,a1,11
    a9a0:	01600713          	li	a4,22
    a9a4:	00050993          	mv	s3,a0
    a9a8:	08f76c63          	bltu	a4,a5,aa40 <_malloc_r+0xd4>
    a9ac:	01000793          	li	a5,16
    a9b0:	20b7ea63          	bltu	a5,a1,abc4 <_malloc_r+0x258>
    a9b4:	061000ef          	jal	b214 <__malloc_lock>
    a9b8:	01000493          	li	s1,16
    a9bc:	01800793          	li	a5,24
    a9c0:	00200593          	li	a1,2
    a9c4:	d9418913          	add	s2,gp,-620 # 20000594 <__malloc_av_>
    a9c8:	00f907b3          	add	a5,s2,a5
    a9cc:	0047a403          	lw	s0,4(a5) # f004 <_svfprintf_r+0x26a4>
    a9d0:	ff878713          	add	a4,a5,-8
    a9d4:	30e40063          	beq	s0,a4,acd4 <_malloc_r+0x368>
    a9d8:	00442783          	lw	a5,4(s0)
    a9dc:	00c42683          	lw	a3,12(s0)
    a9e0:	00842603          	lw	a2,8(s0)
    a9e4:	ffc7f793          	and	a5,a5,-4
    a9e8:	00f407b3          	add	a5,s0,a5
    a9ec:	0047a703          	lw	a4,4(a5)
    a9f0:	00d62623          	sw	a3,12(a2)
    a9f4:	00c6a423          	sw	a2,8(a3)
    a9f8:	00176713          	or	a4,a4,1
    a9fc:	00098513          	mv	a0,s3
    aa00:	00e7a223          	sw	a4,4(a5)
    aa04:	015000ef          	jal	b218 <__malloc_unlock>
    aa08:	00840513          	add	a0,s0,8
    aa0c:	02c12083          	lw	ra,44(sp)
    aa10:	02812403          	lw	s0,40(sp)
    aa14:	02412483          	lw	s1,36(sp)
    aa18:	02012903          	lw	s2,32(sp)
    aa1c:	01c12983          	lw	s3,28(sp)
    aa20:	01812a03          	lw	s4,24(sp)
    aa24:	01412a83          	lw	s5,20(sp)
    aa28:	01012b03          	lw	s6,16(sp)
    aa2c:	00c12b83          	lw	s7,12(sp)
    aa30:	00812c03          	lw	s8,8(sp)
    aa34:	00412c83          	lw	s9,4(sp)
    aa38:	03010113          	add	sp,sp,48
    aa3c:	00008067          	ret
    aa40:	ff87f493          	and	s1,a5,-8
    aa44:	1807c063          	bltz	a5,abc4 <_malloc_r+0x258>
    aa48:	16b4ee63          	bltu	s1,a1,abc4 <_malloc_r+0x258>
    aa4c:	7c8000ef          	jal	b214 <__malloc_lock>
    aa50:	1f700793          	li	a5,503
    aa54:	3897fa63          	bgeu	a5,s1,ade8 <_malloc_r+0x47c>
    aa58:	0094d793          	srl	a5,s1,0x9
    aa5c:	16078c63          	beqz	a5,abd4 <_malloc_r+0x268>
    aa60:	00400713          	li	a4,4
    aa64:	2ef76063          	bltu	a4,a5,ad44 <_malloc_r+0x3d8>
    aa68:	0064d793          	srl	a5,s1,0x6
    aa6c:	03978593          	add	a1,a5,57
    aa70:	03878513          	add	a0,a5,56
    aa74:	00359693          	sll	a3,a1,0x3
    aa78:	d9418913          	add	s2,gp,-620 # 20000594 <__malloc_av_>
    aa7c:	00d906b3          	add	a3,s2,a3
    aa80:	0046a403          	lw	s0,4(a3)
    aa84:	ff868693          	add	a3,a3,-8
    aa88:	02868663          	beq	a3,s0,aab4 <_malloc_r+0x148>
    aa8c:	00f00613          	li	a2,15
    aa90:	0100006f          	j	aaa0 <_malloc_r+0x134>
    aa94:	22075a63          	bgez	a4,acc8 <_malloc_r+0x35c>
    aa98:	00c42403          	lw	s0,12(s0)
    aa9c:	00868c63          	beq	a3,s0,aab4 <_malloc_r+0x148>
    aaa0:	00442783          	lw	a5,4(s0)
    aaa4:	ffc7f793          	and	a5,a5,-4
    aaa8:	40978733          	sub	a4,a5,s1
    aaac:	fee654e3          	bge	a2,a4,aa94 <_malloc_r+0x128>
    aab0:	00050593          	mv	a1,a0
    aab4:	01092403          	lw	s0,16(s2)
    aab8:	d9c18813          	add	a6,gp,-612 # 2000059c <__malloc_av_+0x8>
    aabc:	1d040e63          	beq	s0,a6,ac98 <_malloc_r+0x32c>
    aac0:	00442783          	lw	a5,4(s0)
    aac4:	00f00693          	li	a3,15
    aac8:	ffc7f793          	and	a5,a5,-4
    aacc:	40978733          	sub	a4,a5,s1
    aad0:	32e6c263          	blt	a3,a4,adf4 <_malloc_r+0x488>
    aad4:	01092a23          	sw	a6,20(s2)
    aad8:	01092823          	sw	a6,16(s2)
    aadc:	2e075663          	bgez	a4,adc8 <_malloc_r+0x45c>
    aae0:	1ff00713          	li	a4,511
    aae4:	00492503          	lw	a0,4(s2)
    aae8:	1ef76e63          	bltu	a4,a5,ace4 <_malloc_r+0x378>
    aaec:	ff87f713          	and	a4,a5,-8
    aaf0:	00870713          	add	a4,a4,8 # ffffe008 <_stack_top+0xdfefe008>
    aaf4:	00e90733          	add	a4,s2,a4
    aaf8:	00072683          	lw	a3,0(a4)
    aafc:	0057d613          	srl	a2,a5,0x5
    ab00:	00100793          	li	a5,1
    ab04:	00c797b3          	sll	a5,a5,a2
    ab08:	00f56533          	or	a0,a0,a5
    ab0c:	ff870793          	add	a5,a4,-8
    ab10:	00f42623          	sw	a5,12(s0)
    ab14:	00d42423          	sw	a3,8(s0)
    ab18:	00a92223          	sw	a0,4(s2)
    ab1c:	00872023          	sw	s0,0(a4)
    ab20:	0086a623          	sw	s0,12(a3)
    ab24:	4025d793          	sra	a5,a1,0x2
    ab28:	00100613          	li	a2,1
    ab2c:	00f61633          	sll	a2,a2,a5
    ab30:	0ac56a63          	bltu	a0,a2,abe4 <_malloc_r+0x278>
    ab34:	00a677b3          	and	a5,a2,a0
    ab38:	02079463          	bnez	a5,ab60 <_malloc_r+0x1f4>
    ab3c:	00161613          	sll	a2,a2,0x1
    ab40:	ffc5f593          	and	a1,a1,-4
    ab44:	00a677b3          	and	a5,a2,a0
    ab48:	00458593          	add	a1,a1,4
    ab4c:	00079a63          	bnez	a5,ab60 <_malloc_r+0x1f4>
    ab50:	00161613          	sll	a2,a2,0x1
    ab54:	00a677b3          	and	a5,a2,a0
    ab58:	00458593          	add	a1,a1,4
    ab5c:	fe078ae3          	beqz	a5,ab50 <_malloc_r+0x1e4>
    ab60:	00f00893          	li	a7,15
    ab64:	00359313          	sll	t1,a1,0x3
    ab68:	00690333          	add	t1,s2,t1
    ab6c:	00030513          	mv	a0,t1
    ab70:	00c52783          	lw	a5,12(a0)
    ab74:	00058e13          	mv	t3,a1
    ab78:	1ef50863          	beq	a0,a5,ad68 <_malloc_r+0x3fc>
    ab7c:	0047a703          	lw	a4,4(a5)
    ab80:	00078413          	mv	s0,a5
    ab84:	00c7a783          	lw	a5,12(a5)
    ab88:	ffc77713          	and	a4,a4,-4
    ab8c:	409706b3          	sub	a3,a4,s1
    ab90:	1ed8c863          	blt	a7,a3,ad80 <_malloc_r+0x414>
    ab94:	fe06c2e3          	bltz	a3,ab78 <_malloc_r+0x20c>
    ab98:	00e40733          	add	a4,s0,a4
    ab9c:	00472683          	lw	a3,4(a4)
    aba0:	00842603          	lw	a2,8(s0)
    aba4:	00098513          	mv	a0,s3
    aba8:	0016e693          	or	a3,a3,1
    abac:	00d72223          	sw	a3,4(a4)
    abb0:	00f62623          	sw	a5,12(a2)
    abb4:	00c7a423          	sw	a2,8(a5)
    abb8:	660000ef          	jal	b218 <__malloc_unlock>
    abbc:	00840513          	add	a0,s0,8
    abc0:	e4dff06f          	j	aa0c <_malloc_r+0xa0>
    abc4:	00c00793          	li	a5,12
    abc8:	00f9a023          	sw	a5,0(s3)
    abcc:	00000513          	li	a0,0
    abd0:	e3dff06f          	j	aa0c <_malloc_r+0xa0>
    abd4:	20000693          	li	a3,512
    abd8:	04000593          	li	a1,64
    abdc:	03f00513          	li	a0,63
    abe0:	e99ff06f          	j	aa78 <_malloc_r+0x10c>
    abe4:	00892403          	lw	s0,8(s2)
    abe8:	00442783          	lw	a5,4(s0)
    abec:	ffc7fb13          	and	s6,a5,-4
    abf0:	009b6863          	bltu	s6,s1,ac00 <_malloc_r+0x294>
    abf4:	409b0733          	sub	a4,s6,s1
    abf8:	00f00793          	li	a5,15
    abfc:	0ae7c263          	blt	a5,a4,aca0 <_malloc_r+0x334>
    ac00:	1e01aa83          	lw	s5,480(gp) # 200009e0 <__malloc_top_pad>
    ac04:	1a01a703          	lw	a4,416(gp) # 200009a0 <__malloc_sbrk_base>
    ac08:	fff00793          	li	a5,-1
    ac0c:	01640a33          	add	s4,s0,s6
    ac10:	01548ab3          	add	s5,s1,s5
    ac14:	3af70463          	beq	a4,a5,afbc <_malloc_r+0x650>
    ac18:	000017b7          	lui	a5,0x1
    ac1c:	00f78793          	add	a5,a5,15 # 100f <__muldf3+0x5c3>
    ac20:	00fa8ab3          	add	s5,s5,a5
    ac24:	fffff7b7          	lui	a5,0xfffff
    ac28:	00fafab3          	and	s5,s5,a5
    ac2c:	000a8593          	mv	a1,s5
    ac30:	00098513          	mv	a0,s3
    ac34:	7ec010ef          	jal	c420 <_sbrk_r>
    ac38:	fff00793          	li	a5,-1
    ac3c:	00050b93          	mv	s7,a0
    ac40:	20f50463          	beq	a0,a5,ae48 <_malloc_r+0x4dc>
    ac44:	21456063          	bltu	a0,s4,ae44 <_malloc_r+0x4d8>
    ac48:	1a818c13          	add	s8,gp,424 # 200009a8 <__malloc_current_mallinfo>
    ac4c:	000c2583          	lw	a1,0(s8)
    ac50:	00ba85b3          	add	a1,s5,a1
    ac54:	00bc2023          	sw	a1,0(s8)
    ac58:	00058713          	mv	a4,a1
    ac5c:	28aa1663          	bne	s4,a0,aee8 <_malloc_r+0x57c>
    ac60:	01451793          	sll	a5,a0,0x14
    ac64:	28079263          	bnez	a5,aee8 <_malloc_r+0x57c>
    ac68:	00892b83          	lw	s7,8(s2)
    ac6c:	015b07b3          	add	a5,s6,s5
    ac70:	0017e793          	or	a5,a5,1
    ac74:	00fba223          	sw	a5,4(s7)
    ac78:	1dc1a683          	lw	a3,476(gp) # 200009dc <__malloc_max_sbrked_mem>
    ac7c:	00b6f463          	bgeu	a3,a1,ac84 <_malloc_r+0x318>
    ac80:	1cb1ae23          	sw	a1,476(gp) # 200009dc <__malloc_max_sbrked_mem>
    ac84:	1d81a683          	lw	a3,472(gp) # 200009d8 <__malloc_max_total_mem>
    ac88:	00b6f463          	bgeu	a3,a1,ac90 <_malloc_r+0x324>
    ac8c:	1cb1ac23          	sw	a1,472(gp) # 200009d8 <__malloc_max_total_mem>
    ac90:	000b8413          	mv	s0,s7
    ac94:	1bc0006f          	j	ae50 <_malloc_r+0x4e4>
    ac98:	00492503          	lw	a0,4(s2)
    ac9c:	e89ff06f          	j	ab24 <_malloc_r+0x1b8>
    aca0:	0014e793          	or	a5,s1,1
    aca4:	00f42223          	sw	a5,4(s0)
    aca8:	009404b3          	add	s1,s0,s1
    acac:	00992423          	sw	s1,8(s2)
    acb0:	00176713          	or	a4,a4,1
    acb4:	00098513          	mv	a0,s3
    acb8:	00e4a223          	sw	a4,4(s1)
    acbc:	55c000ef          	jal	b218 <__malloc_unlock>
    acc0:	00840513          	add	a0,s0,8
    acc4:	d49ff06f          	j	aa0c <_malloc_r+0xa0>
    acc8:	00c42683          	lw	a3,12(s0)
    accc:	00842603          	lw	a2,8(s0)
    acd0:	d19ff06f          	j	a9e8 <_malloc_r+0x7c>
    acd4:	00c7a403          	lw	s0,12(a5) # fffff00c <_stack_top+0xdfeff00c>
    acd8:	00258593          	add	a1,a1,2
    acdc:	dc878ce3          	beq	a5,s0,aab4 <_malloc_r+0x148>
    ace0:	cf9ff06f          	j	a9d8 <_malloc_r+0x6c>
    ace4:	0097d713          	srl	a4,a5,0x9
    ace8:	00400693          	li	a3,4
    acec:	14e6f263          	bgeu	a3,a4,ae30 <_malloc_r+0x4c4>
    acf0:	01400693          	li	a3,20
    acf4:	30e6ea63          	bltu	a3,a4,b008 <_malloc_r+0x69c>
    acf8:	05c70613          	add	a2,a4,92
    acfc:	05b70693          	add	a3,a4,91
    ad00:	00361613          	sll	a2,a2,0x3
    ad04:	00c90633          	add	a2,s2,a2
    ad08:	00062703          	lw	a4,0(a2)
    ad0c:	ff860613          	add	a2,a2,-8
    ad10:	00e61863          	bne	a2,a4,ad20 <_malloc_r+0x3b4>
    ad14:	2b00006f          	j	afc4 <_malloc_r+0x658>
    ad18:	00872703          	lw	a4,8(a4)
    ad1c:	00e60863          	beq	a2,a4,ad2c <_malloc_r+0x3c0>
    ad20:	00472683          	lw	a3,4(a4)
    ad24:	ffc6f693          	and	a3,a3,-4
    ad28:	fed7e8e3          	bltu	a5,a3,ad18 <_malloc_r+0x3ac>
    ad2c:	00c72603          	lw	a2,12(a4)
    ad30:	00c42623          	sw	a2,12(s0)
    ad34:	00e42423          	sw	a4,8(s0)
    ad38:	00862423          	sw	s0,8(a2)
    ad3c:	00872623          	sw	s0,12(a4)
    ad40:	de5ff06f          	j	ab24 <_malloc_r+0x1b8>
    ad44:	01400713          	li	a4,20
    ad48:	12f77663          	bgeu	a4,a5,ae74 <_malloc_r+0x508>
    ad4c:	05400713          	li	a4,84
    ad50:	2cf76a63          	bltu	a4,a5,b024 <_malloc_r+0x6b8>
    ad54:	00c4d793          	srl	a5,s1,0xc
    ad58:	06f78593          	add	a1,a5,111
    ad5c:	06e78513          	add	a0,a5,110
    ad60:	00359693          	sll	a3,a1,0x3
    ad64:	d15ff06f          	j	aa78 <_malloc_r+0x10c>
    ad68:	001e0e13          	add	t3,t3,1
    ad6c:	003e7793          	and	a5,t3,3
    ad70:	00850513          	add	a0,a0,8
    ad74:	10078e63          	beqz	a5,ae90 <_malloc_r+0x524>
    ad78:	00c52783          	lw	a5,12(a0)
    ad7c:	dfdff06f          	j	ab78 <_malloc_r+0x20c>
    ad80:	00842603          	lw	a2,8(s0)
    ad84:	0014e593          	or	a1,s1,1
    ad88:	00b42223          	sw	a1,4(s0)
    ad8c:	00f62623          	sw	a5,12(a2)
    ad90:	00c7a423          	sw	a2,8(a5)
    ad94:	009404b3          	add	s1,s0,s1
    ad98:	00992a23          	sw	s1,20(s2)
    ad9c:	00992823          	sw	s1,16(s2)
    ada0:	0016e793          	or	a5,a3,1
    ada4:	0104a623          	sw	a6,12(s1)
    ada8:	0104a423          	sw	a6,8(s1)
    adac:	00f4a223          	sw	a5,4(s1)
    adb0:	00e40733          	add	a4,s0,a4
    adb4:	00098513          	mv	a0,s3
    adb8:	00d72023          	sw	a3,0(a4)
    adbc:	45c000ef          	jal	b218 <__malloc_unlock>
    adc0:	00840513          	add	a0,s0,8
    adc4:	c49ff06f          	j	aa0c <_malloc_r+0xa0>
    adc8:	00f407b3          	add	a5,s0,a5
    adcc:	0047a703          	lw	a4,4(a5)
    add0:	00098513          	mv	a0,s3
    add4:	00176713          	or	a4,a4,1
    add8:	00e7a223          	sw	a4,4(a5)
    addc:	43c000ef          	jal	b218 <__malloc_unlock>
    ade0:	00840513          	add	a0,s0,8
    ade4:	c29ff06f          	j	aa0c <_malloc_r+0xa0>
    ade8:	0034d593          	srl	a1,s1,0x3
    adec:	00848793          	add	a5,s1,8
    adf0:	bd5ff06f          	j	a9c4 <_malloc_r+0x58>
    adf4:	0014e693          	or	a3,s1,1
    adf8:	00d42223          	sw	a3,4(s0)
    adfc:	009404b3          	add	s1,s0,s1
    ae00:	00992a23          	sw	s1,20(s2)
    ae04:	00992823          	sw	s1,16(s2)
    ae08:	00176693          	or	a3,a4,1
    ae0c:	0104a623          	sw	a6,12(s1)
    ae10:	0104a423          	sw	a6,8(s1)
    ae14:	00d4a223          	sw	a3,4(s1)
    ae18:	00f407b3          	add	a5,s0,a5
    ae1c:	00098513          	mv	a0,s3
    ae20:	00e7a023          	sw	a4,0(a5)
    ae24:	3f4000ef          	jal	b218 <__malloc_unlock>
    ae28:	00840513          	add	a0,s0,8
    ae2c:	be1ff06f          	j	aa0c <_malloc_r+0xa0>
    ae30:	0067d713          	srl	a4,a5,0x6
    ae34:	03970613          	add	a2,a4,57
    ae38:	03870693          	add	a3,a4,56
    ae3c:	00361613          	sll	a2,a2,0x3
    ae40:	ec5ff06f          	j	ad04 <_malloc_r+0x398>
    ae44:	09240a63          	beq	s0,s2,aed8 <_malloc_r+0x56c>
    ae48:	00892403          	lw	s0,8(s2)
    ae4c:	00442783          	lw	a5,4(s0)
    ae50:	ffc7f793          	and	a5,a5,-4
    ae54:	40978733          	sub	a4,a5,s1
    ae58:	0097e663          	bltu	a5,s1,ae64 <_malloc_r+0x4f8>
    ae5c:	00f00793          	li	a5,15
    ae60:	e4e7c0e3          	blt	a5,a4,aca0 <_malloc_r+0x334>
    ae64:	00098513          	mv	a0,s3
    ae68:	3b0000ef          	jal	b218 <__malloc_unlock>
    ae6c:	00000513          	li	a0,0
    ae70:	b9dff06f          	j	aa0c <_malloc_r+0xa0>
    ae74:	05c78593          	add	a1,a5,92
    ae78:	05b78513          	add	a0,a5,91
    ae7c:	00359693          	sll	a3,a1,0x3
    ae80:	bf9ff06f          	j	aa78 <_malloc_r+0x10c>
    ae84:	00832783          	lw	a5,8(t1)
    ae88:	fff58593          	add	a1,a1,-1
    ae8c:	24679663          	bne	a5,t1,b0d8 <_malloc_r+0x76c>
    ae90:	0035f793          	and	a5,a1,3
    ae94:	ff830313          	add	t1,t1,-8
    ae98:	fe0796e3          	bnez	a5,ae84 <_malloc_r+0x518>
    ae9c:	00492703          	lw	a4,4(s2)
    aea0:	fff64793          	not	a5,a2
    aea4:	00e7f7b3          	and	a5,a5,a4
    aea8:	00f92223          	sw	a5,4(s2)
    aeac:	00161613          	sll	a2,a2,0x1
    aeb0:	d2c7eae3          	bltu	a5,a2,abe4 <_malloc_r+0x278>
    aeb4:	d20608e3          	beqz	a2,abe4 <_malloc_r+0x278>
    aeb8:	00f67733          	and	a4,a2,a5
    aebc:	00071a63          	bnez	a4,aed0 <_malloc_r+0x564>
    aec0:	00161613          	sll	a2,a2,0x1
    aec4:	00f67733          	and	a4,a2,a5
    aec8:	004e0e13          	add	t3,t3,4
    aecc:	fe070ae3          	beqz	a4,aec0 <_malloc_r+0x554>
    aed0:	000e0593          	mv	a1,t3
    aed4:	c91ff06f          	j	ab64 <_malloc_r+0x1f8>
    aed8:	1a818c13          	add	s8,gp,424 # 200009a8 <__malloc_current_mallinfo>
    aedc:	000c2703          	lw	a4,0(s8)
    aee0:	00ea8733          	add	a4,s5,a4
    aee4:	00ec2023          	sw	a4,0(s8)
    aee8:	1a01a683          	lw	a3,416(gp) # 200009a0 <__malloc_sbrk_base>
    aeec:	fff00793          	li	a5,-1
    aef0:	14f68863          	beq	a3,a5,b040 <_malloc_r+0x6d4>
    aef4:	414b87b3          	sub	a5,s7,s4
    aef8:	00e787b3          	add	a5,a5,a4
    aefc:	00fc2023          	sw	a5,0(s8)
    af00:	007bfc93          	and	s9,s7,7
    af04:	0c0c8c63          	beqz	s9,afdc <_malloc_r+0x670>
    af08:	00001737          	lui	a4,0x1
    af0c:	419b8bb3          	sub	s7,s7,s9
    af10:	00870593          	add	a1,a4,8 # 1008 <__muldf3+0x5bc>
    af14:	008b8b93          	add	s7,s7,8
    af18:	419585b3          	sub	a1,a1,s9
    af1c:	015b8ab3          	add	s5,s7,s5
    af20:	415585b3          	sub	a1,a1,s5
    af24:	fff70713          	add	a4,a4,-1
    af28:	00e5fa33          	and	s4,a1,a4
    af2c:	000a0593          	mv	a1,s4
    af30:	00098513          	mv	a0,s3
    af34:	4ec010ef          	jal	c420 <_sbrk_r>
    af38:	fff00793          	li	a5,-1
    af3c:	14f50863          	beq	a0,a5,b08c <_malloc_r+0x720>
    af40:	41750533          	sub	a0,a0,s7
    af44:	01450ab3          	add	s5,a0,s4
    af48:	000c2703          	lw	a4,0(s8)
    af4c:	01792423          	sw	s7,8(s2)
    af50:	001ae793          	or	a5,s5,1
    af54:	00ea05b3          	add	a1,s4,a4
    af58:	00bc2023          	sw	a1,0(s8)
    af5c:	00fba223          	sw	a5,4(s7)
    af60:	d1240ce3          	beq	s0,s2,ac78 <_malloc_r+0x30c>
    af64:	00f00693          	li	a3,15
    af68:	0f66f063          	bgeu	a3,s6,b048 <_malloc_r+0x6dc>
    af6c:	00442703          	lw	a4,4(s0)
    af70:	ff4b0793          	add	a5,s6,-12
    af74:	ff87f793          	and	a5,a5,-8
    af78:	00177713          	and	a4,a4,1
    af7c:	00f76733          	or	a4,a4,a5
    af80:	00e42223          	sw	a4,4(s0)
    af84:	00500613          	li	a2,5
    af88:	00f40733          	add	a4,s0,a5
    af8c:	00c72223          	sw	a2,4(a4)
    af90:	00c72423          	sw	a2,8(a4)
    af94:	00f6e663          	bltu	a3,a5,afa0 <_malloc_r+0x634>
    af98:	004ba783          	lw	a5,4(s7)
    af9c:	cddff06f          	j	ac78 <_malloc_r+0x30c>
    afa0:	00840593          	add	a1,s0,8
    afa4:	00098513          	mv	a0,s3
    afa8:	d80fc0ef          	jal	7528 <_free_r>
    afac:	00892b83          	lw	s7,8(s2)
    afb0:	000c2583          	lw	a1,0(s8)
    afb4:	004ba783          	lw	a5,4(s7)
    afb8:	cc1ff06f          	j	ac78 <_malloc_r+0x30c>
    afbc:	010a8a93          	add	s5,s5,16
    afc0:	c6dff06f          	j	ac2c <_malloc_r+0x2c0>
    afc4:	4026d693          	sra	a3,a3,0x2
    afc8:	00100793          	li	a5,1
    afcc:	00d797b3          	sll	a5,a5,a3
    afd0:	00f56533          	or	a0,a0,a5
    afd4:	00a92223          	sw	a0,4(s2)
    afd8:	d59ff06f          	j	ad30 <_malloc_r+0x3c4>
    afdc:	015b85b3          	add	a1,s7,s5
    afe0:	40b005b3          	neg	a1,a1
    afe4:	01459593          	sll	a1,a1,0x14
    afe8:	0145da13          	srl	s4,a1,0x14
    afec:	000a0593          	mv	a1,s4
    aff0:	00098513          	mv	a0,s3
    aff4:	42c010ef          	jal	c420 <_sbrk_r>
    aff8:	fff00793          	li	a5,-1
    affc:	f4f512e3          	bne	a0,a5,af40 <_malloc_r+0x5d4>
    b000:	00000a13          	li	s4,0
    b004:	f45ff06f          	j	af48 <_malloc_r+0x5dc>
    b008:	05400693          	li	a3,84
    b00c:	04e6e463          	bltu	a3,a4,b054 <_malloc_r+0x6e8>
    b010:	00c7d713          	srl	a4,a5,0xc
    b014:	06f70613          	add	a2,a4,111
    b018:	06e70693          	add	a3,a4,110
    b01c:	00361613          	sll	a2,a2,0x3
    b020:	ce5ff06f          	j	ad04 <_malloc_r+0x398>
    b024:	15400713          	li	a4,340
    b028:	04f76463          	bltu	a4,a5,b070 <_malloc_r+0x704>
    b02c:	00f4d793          	srl	a5,s1,0xf
    b030:	07878593          	add	a1,a5,120
    b034:	07778513          	add	a0,a5,119
    b038:	00359693          	sll	a3,a1,0x3
    b03c:	a3dff06f          	j	aa78 <_malloc_r+0x10c>
    b040:	1b71a023          	sw	s7,416(gp) # 200009a0 <__malloc_sbrk_base>
    b044:	ebdff06f          	j	af00 <_malloc_r+0x594>
    b048:	00100793          	li	a5,1
    b04c:	00fba223          	sw	a5,4(s7)
    b050:	e15ff06f          	j	ae64 <_malloc_r+0x4f8>
    b054:	15400693          	li	a3,340
    b058:	04e6e463          	bltu	a3,a4,b0a0 <_malloc_r+0x734>
    b05c:	00f7d713          	srl	a4,a5,0xf
    b060:	07870613          	add	a2,a4,120
    b064:	07770693          	add	a3,a4,119
    b068:	00361613          	sll	a2,a2,0x3
    b06c:	c99ff06f          	j	ad04 <_malloc_r+0x398>
    b070:	55400713          	li	a4,1364
    b074:	04f76463          	bltu	a4,a5,b0bc <_malloc_r+0x750>
    b078:	0124d793          	srl	a5,s1,0x12
    b07c:	07d78593          	add	a1,a5,125
    b080:	07c78513          	add	a0,a5,124
    b084:	00359693          	sll	a3,a1,0x3
    b088:	9f1ff06f          	j	aa78 <_malloc_r+0x10c>
    b08c:	ff8c8c93          	add	s9,s9,-8
    b090:	019a8ab3          	add	s5,s5,s9
    b094:	417a8ab3          	sub	s5,s5,s7
    b098:	00000a13          	li	s4,0
    b09c:	eadff06f          	j	af48 <_malloc_r+0x5dc>
    b0a0:	55400693          	li	a3,1364
    b0a4:	02e6e463          	bltu	a3,a4,b0cc <_malloc_r+0x760>
    b0a8:	0127d713          	srl	a4,a5,0x12
    b0ac:	07d70613          	add	a2,a4,125
    b0b0:	07c70693          	add	a3,a4,124
    b0b4:	00361613          	sll	a2,a2,0x3
    b0b8:	c4dff06f          	j	ad04 <_malloc_r+0x398>
    b0bc:	3f800693          	li	a3,1016
    b0c0:	07f00593          	li	a1,127
    b0c4:	07e00513          	li	a0,126
    b0c8:	9b1ff06f          	j	aa78 <_malloc_r+0x10c>
    b0cc:	3f800613          	li	a2,1016
    b0d0:	07e00693          	li	a3,126
    b0d4:	c31ff06f          	j	ad04 <_malloc_r+0x398>
    b0d8:	00492783          	lw	a5,4(s2)
    b0dc:	dd1ff06f          	j	aeac <_malloc_r+0x540>

0000b0e0 <_mbtowc_r>:
    b0e0:	d0c1a783          	lw	a5,-756(gp) # 2000050c <__global_locale+0xe4>
    b0e4:	00078067          	jr	a5

0000b0e8 <__ascii_mbtowc>:
    b0e8:	02058063          	beqz	a1,b108 <__ascii_mbtowc+0x20>
    b0ec:	04060263          	beqz	a2,b130 <__ascii_mbtowc+0x48>
    b0f0:	04068863          	beqz	a3,b140 <__ascii_mbtowc+0x58>
    b0f4:	00064783          	lbu	a5,0(a2)
    b0f8:	00f5a023          	sw	a5,0(a1)
    b0fc:	00064503          	lbu	a0,0(a2)
    b100:	00a03533          	snez	a0,a0
    b104:	00008067          	ret
    b108:	ff010113          	add	sp,sp,-16
    b10c:	00c10593          	add	a1,sp,12
    b110:	02060463          	beqz	a2,b138 <__ascii_mbtowc+0x50>
    b114:	02068a63          	beqz	a3,b148 <__ascii_mbtowc+0x60>
    b118:	00064783          	lbu	a5,0(a2)
    b11c:	00f5a023          	sw	a5,0(a1)
    b120:	00064503          	lbu	a0,0(a2)
    b124:	00a03533          	snez	a0,a0
    b128:	01010113          	add	sp,sp,16
    b12c:	00008067          	ret
    b130:	00000513          	li	a0,0
    b134:	00008067          	ret
    b138:	00000513          	li	a0,0
    b13c:	fedff06f          	j	b128 <__ascii_mbtowc+0x40>
    b140:	ffe00513          	li	a0,-2
    b144:	00008067          	ret
    b148:	ffe00513          	li	a0,-2
    b14c:	fddff06f          	j	b128 <__ascii_mbtowc+0x40>

0000b150 <memchr>:
    b150:	00357793          	and	a5,a0,3
    b154:	0ff5f693          	zext.b	a3,a1
    b158:	02078e63          	beqz	a5,b194 <memchr+0x44>
    b15c:	fff60793          	add	a5,a2,-1
    b160:	02060663          	beqz	a2,b18c <memchr+0x3c>
    b164:	fff00613          	li	a2,-1
    b168:	0180006f          	j	b180 <memchr+0x30>
    b16c:	00150513          	add	a0,a0,1
    b170:	00357713          	and	a4,a0,3
    b174:	02070263          	beqz	a4,b198 <memchr+0x48>
    b178:	fff78793          	add	a5,a5,-1
    b17c:	00c78863          	beq	a5,a2,b18c <memchr+0x3c>
    b180:	00054703          	lbu	a4,0(a0)
    b184:	fed714e3          	bne	a4,a3,b16c <memchr+0x1c>
    b188:	00008067          	ret
    b18c:	00000513          	li	a0,0
    b190:	00008067          	ret
    b194:	00060793          	mv	a5,a2
    b198:	00300713          	li	a4,3
    b19c:	04f77c63          	bgeu	a4,a5,b1f4 <memchr+0xa4>
    b1a0:	0ff5f593          	zext.b	a1,a1
    b1a4:	00859713          	sll	a4,a1,0x8
    b1a8:	00b705b3          	add	a1,a4,a1
    b1ac:	01059713          	sll	a4,a1,0x10
    b1b0:	feff08b7          	lui	a7,0xfeff0
    b1b4:	80808837          	lui	a6,0x80808
    b1b8:	00e585b3          	add	a1,a1,a4
    b1bc:	eff88893          	add	a7,a7,-257 # fefefeff <_stack_top+0xdeeefeff>
    b1c0:	08080813          	add	a6,a6,128 # 80808080 <_stack_top+0x60708080>
    b1c4:	00300313          	li	t1,3
    b1c8:	0100006f          	j	b1d8 <memchr+0x88>
    b1cc:	ffc78793          	add	a5,a5,-4
    b1d0:	00450513          	add	a0,a0,4
    b1d4:	02f37063          	bgeu	t1,a5,b1f4 <memchr+0xa4>
    b1d8:	00052703          	lw	a4,0(a0)
    b1dc:	00e5c733          	xor	a4,a1,a4
    b1e0:	01170633          	add	a2,a4,a7
    b1e4:	fff74713          	not	a4,a4
    b1e8:	00e67733          	and	a4,a2,a4
    b1ec:	01077733          	and	a4,a4,a6
    b1f0:	fc070ee3          	beqz	a4,b1cc <memchr+0x7c>
    b1f4:	00f50733          	add	a4,a0,a5
    b1f8:	00079863          	bnez	a5,b208 <memchr+0xb8>
    b1fc:	f91ff06f          	j	b18c <memchr+0x3c>
    b200:	00150513          	add	a0,a0,1
    b204:	f8a704e3          	beq	a4,a0,b18c <memchr+0x3c>
    b208:	00054783          	lbu	a5,0(a0)
    b20c:	fed79ae3          	bne	a5,a3,b200 <memchr+0xb0>
    b210:	00008067          	ret

0000b214 <__malloc_lock>:
    b214:	00008067          	ret

0000b218 <__malloc_unlock>:
    b218:	00008067          	ret

0000b21c <_Balloc>:
    b21c:	04c52783          	lw	a5,76(a0)
    b220:	ff010113          	add	sp,sp,-16
    b224:	00812423          	sw	s0,8(sp)
    b228:	00912223          	sw	s1,4(sp)
    b22c:	00112623          	sw	ra,12(sp)
    b230:	01212023          	sw	s2,0(sp)
    b234:	00050413          	mv	s0,a0
    b238:	00058493          	mv	s1,a1
    b23c:	02078e63          	beqz	a5,b278 <_Balloc+0x5c>
    b240:	00249713          	sll	a4,s1,0x2
    b244:	00e787b3          	add	a5,a5,a4
    b248:	0007a503          	lw	a0,0(a5)
    b24c:	04050663          	beqz	a0,b298 <_Balloc+0x7c>
    b250:	00052703          	lw	a4,0(a0)
    b254:	00e7a023          	sw	a4,0(a5)
    b258:	00052823          	sw	zero,16(a0)
    b25c:	00052623          	sw	zero,12(a0)
    b260:	00c12083          	lw	ra,12(sp)
    b264:	00812403          	lw	s0,8(sp)
    b268:	00412483          	lw	s1,4(sp)
    b26c:	00012903          	lw	s2,0(sp)
    b270:	01010113          	add	sp,sp,16
    b274:	00008067          	ret
    b278:	02100613          	li	a2,33
    b27c:	00400593          	li	a1,4
    b280:	648050ef          	jal	108c8 <_calloc_r>
    b284:	04a42623          	sw	a0,76(s0)
    b288:	00050793          	mv	a5,a0
    b28c:	fa051ae3          	bnez	a0,b240 <_Balloc+0x24>
    b290:	00000513          	li	a0,0
    b294:	fcdff06f          	j	b260 <_Balloc+0x44>
    b298:	00100913          	li	s2,1
    b29c:	00991933          	sll	s2,s2,s1
    b2a0:	00590613          	add	a2,s2,5
    b2a4:	00261613          	sll	a2,a2,0x2
    b2a8:	00100593          	li	a1,1
    b2ac:	00040513          	mv	a0,s0
    b2b0:	618050ef          	jal	108c8 <_calloc_r>
    b2b4:	fc050ee3          	beqz	a0,b290 <_Balloc+0x74>
    b2b8:	00952223          	sw	s1,4(a0)
    b2bc:	01252423          	sw	s2,8(a0)
    b2c0:	f99ff06f          	j	b258 <_Balloc+0x3c>

0000b2c4 <_Bfree>:
    b2c4:	02058063          	beqz	a1,b2e4 <_Bfree+0x20>
    b2c8:	0045a703          	lw	a4,4(a1)
    b2cc:	04c52783          	lw	a5,76(a0)
    b2d0:	00271713          	sll	a4,a4,0x2
    b2d4:	00e787b3          	add	a5,a5,a4
    b2d8:	0007a703          	lw	a4,0(a5)
    b2dc:	00e5a023          	sw	a4,0(a1)
    b2e0:	00b7a023          	sw	a1,0(a5)
    b2e4:	00008067          	ret

0000b2e8 <__multadd>:
    b2e8:	fe010113          	add	sp,sp,-32
    b2ec:	00912a23          	sw	s1,20(sp)
    b2f0:	0105a483          	lw	s1,16(a1)
    b2f4:	00010337          	lui	t1,0x10
    b2f8:	00812c23          	sw	s0,24(sp)
    b2fc:	01212823          	sw	s2,16(sp)
    b300:	01312623          	sw	s3,12(sp)
    b304:	00112e23          	sw	ra,28(sp)
    b308:	01412423          	sw	s4,8(sp)
    b30c:	00058913          	mv	s2,a1
    b310:	00050993          	mv	s3,a0
    b314:	00068413          	mv	s0,a3
    b318:	01458813          	add	a6,a1,20
    b31c:	00000893          	li	a7,0
    b320:	fff30313          	add	t1,t1,-1 # ffff <_vfiprintf_r+0xc83>
    b324:	00082783          	lw	a5,0(a6)
    b328:	00480813          	add	a6,a6,4
    b32c:	00188893          	add	a7,a7,1
    b330:	0067f733          	and	a4,a5,t1
    b334:	02c70733          	mul	a4,a4,a2
    b338:	0107d693          	srl	a3,a5,0x10
    b33c:	02c686b3          	mul	a3,a3,a2
    b340:	008707b3          	add	a5,a4,s0
    b344:	0107d713          	srl	a4,a5,0x10
    b348:	0067f7b3          	and	a5,a5,t1
    b34c:	00e686b3          	add	a3,a3,a4
    b350:	01069713          	sll	a4,a3,0x10
    b354:	00f707b3          	add	a5,a4,a5
    b358:	fef82e23          	sw	a5,-4(a6)
    b35c:	0106d413          	srl	s0,a3,0x10
    b360:	fc98c2e3          	blt	a7,s1,b324 <__multadd+0x3c>
    b364:	02040263          	beqz	s0,b388 <__multadd+0xa0>
    b368:	00892783          	lw	a5,8(s2)
    b36c:	04f4d063          	bge	s1,a5,b3ac <__multadd+0xc4>
    b370:	00448793          	add	a5,s1,4
    b374:	00279793          	sll	a5,a5,0x2
    b378:	00f907b3          	add	a5,s2,a5
    b37c:	0087a223          	sw	s0,4(a5)
    b380:	00148493          	add	s1,s1,1
    b384:	00992823          	sw	s1,16(s2)
    b388:	01c12083          	lw	ra,28(sp)
    b38c:	01812403          	lw	s0,24(sp)
    b390:	01412483          	lw	s1,20(sp)
    b394:	00c12983          	lw	s3,12(sp)
    b398:	00812a03          	lw	s4,8(sp)
    b39c:	00090513          	mv	a0,s2
    b3a0:	01012903          	lw	s2,16(sp)
    b3a4:	02010113          	add	sp,sp,32
    b3a8:	00008067          	ret
    b3ac:	00492583          	lw	a1,4(s2)
    b3b0:	00098513          	mv	a0,s3
    b3b4:	00158593          	add	a1,a1,1
    b3b8:	e65ff0ef          	jal	b21c <_Balloc>
    b3bc:	00050a13          	mv	s4,a0
    b3c0:	04050c63          	beqz	a0,b418 <__multadd+0x130>
    b3c4:	01092603          	lw	a2,16(s2)
    b3c8:	00c90593          	add	a1,s2,12
    b3cc:	00c50513          	add	a0,a0,12
    b3d0:	00260613          	add	a2,a2,2
    b3d4:	00261613          	sll	a2,a2,0x2
    b3d8:	73d050ef          	jal	11314 <memcpy>
    b3dc:	00492703          	lw	a4,4(s2)
    b3e0:	04c9a783          	lw	a5,76(s3)
    b3e4:	00271713          	sll	a4,a4,0x2
    b3e8:	00e787b3          	add	a5,a5,a4
    b3ec:	0007a703          	lw	a4,0(a5)
    b3f0:	00e92023          	sw	a4,0(s2)
    b3f4:	0127a023          	sw	s2,0(a5)
    b3f8:	00448793          	add	a5,s1,4
    b3fc:	000a0913          	mv	s2,s4
    b400:	00279793          	sll	a5,a5,0x2
    b404:	00f907b3          	add	a5,s2,a5
    b408:	0087a223          	sw	s0,4(a5)
    b40c:	00148493          	add	s1,s1,1
    b410:	00992823          	sw	s1,16(s2)
    b414:	f75ff06f          	j	b388 <__multadd+0xa0>
    b418:	000146b7          	lui	a3,0x14
    b41c:	00014537          	lui	a0,0x14
    b420:	c4068693          	add	a3,a3,-960 # 13c40 <blanks.1+0x30>
    b424:	00000613          	li	a2,0
    b428:	0b500593          	li	a1,181
    b42c:	f0050513          	add	a0,a0,-256 # 13f00 <ezero+0x24>
    b430:	430050ef          	jal	10860 <__assert_func>

0000b434 <__s2b>:
    b434:	fe010113          	add	sp,sp,-32
    b438:	00812c23          	sw	s0,24(sp)
    b43c:	00912a23          	sw	s1,20(sp)
    b440:	01212823          	sw	s2,16(sp)
    b444:	01312623          	sw	s3,12(sp)
    b448:	01412423          	sw	s4,8(sp)
    b44c:	00068993          	mv	s3,a3
    b450:	00900793          	li	a5,9
    b454:	00868693          	add	a3,a3,8
    b458:	00112e23          	sw	ra,28(sp)
    b45c:	01512223          	sw	s5,4(sp)
    b460:	02f6c6b3          	div	a3,a3,a5
    b464:	00050913          	mv	s2,a0
    b468:	00058413          	mv	s0,a1
    b46c:	00060a13          	mv	s4,a2
    b470:	00070493          	mv	s1,a4
    b474:	0d37d863          	bge	a5,s3,b544 <__s2b+0x110>
    b478:	00100793          	li	a5,1
    b47c:	00000593          	li	a1,0
    b480:	00179793          	sll	a5,a5,0x1
    b484:	00158593          	add	a1,a1,1
    b488:	fed7cce3          	blt	a5,a3,b480 <__s2b+0x4c>
    b48c:	00090513          	mv	a0,s2
    b490:	d8dff0ef          	jal	b21c <_Balloc>
    b494:	00050593          	mv	a1,a0
    b498:	0a050a63          	beqz	a0,b54c <__s2b+0x118>
    b49c:	00100793          	li	a5,1
    b4a0:	00f52823          	sw	a5,16(a0)
    b4a4:	00952a23          	sw	s1,20(a0)
    b4a8:	00900793          	li	a5,9
    b4ac:	0947d663          	bge	a5,s4,b538 <__s2b+0x104>
    b4b0:	00940a93          	add	s5,s0,9
    b4b4:	000a8493          	mv	s1,s5
    b4b8:	01440433          	add	s0,s0,s4
    b4bc:	0004c683          	lbu	a3,0(s1)
    b4c0:	00a00613          	li	a2,10
    b4c4:	00090513          	mv	a0,s2
    b4c8:	fd068693          	add	a3,a3,-48
    b4cc:	e1dff0ef          	jal	b2e8 <__multadd>
    b4d0:	00148493          	add	s1,s1,1
    b4d4:	00050593          	mv	a1,a0
    b4d8:	fe8492e3          	bne	s1,s0,b4bc <__s2b+0x88>
    b4dc:	ff8a0413          	add	s0,s4,-8
    b4e0:	008a8433          	add	s0,s5,s0
    b4e4:	033a5663          	bge	s4,s3,b510 <__s2b+0xdc>
    b4e8:	414989b3          	sub	s3,s3,s4
    b4ec:	013409b3          	add	s3,s0,s3
    b4f0:	00044683          	lbu	a3,0(s0)
    b4f4:	00a00613          	li	a2,10
    b4f8:	00090513          	mv	a0,s2
    b4fc:	fd068693          	add	a3,a3,-48
    b500:	de9ff0ef          	jal	b2e8 <__multadd>
    b504:	00140413          	add	s0,s0,1
    b508:	00050593          	mv	a1,a0
    b50c:	fe8992e3          	bne	s3,s0,b4f0 <__s2b+0xbc>
    b510:	01c12083          	lw	ra,28(sp)
    b514:	01812403          	lw	s0,24(sp)
    b518:	01412483          	lw	s1,20(sp)
    b51c:	01012903          	lw	s2,16(sp)
    b520:	00c12983          	lw	s3,12(sp)
    b524:	00812a03          	lw	s4,8(sp)
    b528:	00412a83          	lw	s5,4(sp)
    b52c:	00058513          	mv	a0,a1
    b530:	02010113          	add	sp,sp,32
    b534:	00008067          	ret
    b538:	00a40413          	add	s0,s0,10
    b53c:	00900a13          	li	s4,9
    b540:	fa5ff06f          	j	b4e4 <__s2b+0xb0>
    b544:	00000593          	li	a1,0
    b548:	f45ff06f          	j	b48c <__s2b+0x58>
    b54c:	000146b7          	lui	a3,0x14
    b550:	00014537          	lui	a0,0x14
    b554:	c4068693          	add	a3,a3,-960 # 13c40 <blanks.1+0x30>
    b558:	00000613          	li	a2,0
    b55c:	0ce00593          	li	a1,206
    b560:	f0050513          	add	a0,a0,-256 # 13f00 <ezero+0x24>
    b564:	2fc050ef          	jal	10860 <__assert_func>

0000b568 <__hi0bits>:
    b568:	00050793          	mv	a5,a0
    b56c:	00010737          	lui	a4,0x10
    b570:	00000513          	li	a0,0
    b574:	00e7f663          	bgeu	a5,a4,b580 <__hi0bits+0x18>
    b578:	01079793          	sll	a5,a5,0x10
    b57c:	01000513          	li	a0,16
    b580:	01000737          	lui	a4,0x1000
    b584:	00e7f663          	bgeu	a5,a4,b590 <__hi0bits+0x28>
    b588:	00850513          	add	a0,a0,8
    b58c:	00879793          	sll	a5,a5,0x8
    b590:	10000737          	lui	a4,0x10000
    b594:	00e7f663          	bgeu	a5,a4,b5a0 <__hi0bits+0x38>
    b598:	00450513          	add	a0,a0,4
    b59c:	00479793          	sll	a5,a5,0x4
    b5a0:	40000737          	lui	a4,0x40000
    b5a4:	00e7ea63          	bltu	a5,a4,b5b8 <__hi0bits+0x50>
    b5a8:	fff7c793          	not	a5,a5
    b5ac:	01f7d793          	srl	a5,a5,0x1f
    b5b0:	00f50533          	add	a0,a0,a5
    b5b4:	00008067          	ret
    b5b8:	00279793          	sll	a5,a5,0x2
    b5bc:	0007ca63          	bltz	a5,b5d0 <__hi0bits+0x68>
    b5c0:	00e7f7b3          	and	a5,a5,a4
    b5c4:	00079a63          	bnez	a5,b5d8 <__hi0bits+0x70>
    b5c8:	02000513          	li	a0,32
    b5cc:	00008067          	ret
    b5d0:	00250513          	add	a0,a0,2
    b5d4:	00008067          	ret
    b5d8:	00350513          	add	a0,a0,3
    b5dc:	00008067          	ret

0000b5e0 <__lo0bits>:
    b5e0:	00052783          	lw	a5,0(a0)
    b5e4:	00050713          	mv	a4,a0
    b5e8:	0077f693          	and	a3,a5,7
    b5ec:	02068463          	beqz	a3,b614 <__lo0bits+0x34>
    b5f0:	0017f693          	and	a3,a5,1
    b5f4:	00000513          	li	a0,0
    b5f8:	04069e63          	bnez	a3,b654 <__lo0bits+0x74>
    b5fc:	0027f693          	and	a3,a5,2
    b600:	0a068863          	beqz	a3,b6b0 <__lo0bits+0xd0>
    b604:	0017d793          	srl	a5,a5,0x1
    b608:	00f72023          	sw	a5,0(a4) # 40000000 <_stack_top+0x1ff00000>
    b60c:	00100513          	li	a0,1
    b610:	00008067          	ret
    b614:	01079693          	sll	a3,a5,0x10
    b618:	0106d693          	srl	a3,a3,0x10
    b61c:	00000513          	li	a0,0
    b620:	06068e63          	beqz	a3,b69c <__lo0bits+0xbc>
    b624:	0ff7f693          	zext.b	a3,a5
    b628:	06068063          	beqz	a3,b688 <__lo0bits+0xa8>
    b62c:	00f7f693          	and	a3,a5,15
    b630:	04068263          	beqz	a3,b674 <__lo0bits+0x94>
    b634:	0037f693          	and	a3,a5,3
    b638:	02068463          	beqz	a3,b660 <__lo0bits+0x80>
    b63c:	0017f693          	and	a3,a5,1
    b640:	00069c63          	bnez	a3,b658 <__lo0bits+0x78>
    b644:	0017d793          	srl	a5,a5,0x1
    b648:	00150513          	add	a0,a0,1
    b64c:	00079663          	bnez	a5,b658 <__lo0bits+0x78>
    b650:	02000513          	li	a0,32
    b654:	00008067          	ret
    b658:	00f72023          	sw	a5,0(a4)
    b65c:	00008067          	ret
    b660:	0027d793          	srl	a5,a5,0x2
    b664:	0017f693          	and	a3,a5,1
    b668:	00250513          	add	a0,a0,2
    b66c:	fe0696e3          	bnez	a3,b658 <__lo0bits+0x78>
    b670:	fd5ff06f          	j	b644 <__lo0bits+0x64>
    b674:	0047d793          	srl	a5,a5,0x4
    b678:	0037f693          	and	a3,a5,3
    b67c:	00450513          	add	a0,a0,4
    b680:	fa069ee3          	bnez	a3,b63c <__lo0bits+0x5c>
    b684:	fddff06f          	j	b660 <__lo0bits+0x80>
    b688:	0087d793          	srl	a5,a5,0x8
    b68c:	00f7f693          	and	a3,a5,15
    b690:	00850513          	add	a0,a0,8
    b694:	fa0690e3          	bnez	a3,b634 <__lo0bits+0x54>
    b698:	fddff06f          	j	b674 <__lo0bits+0x94>
    b69c:	0107d793          	srl	a5,a5,0x10
    b6a0:	0ff7f693          	zext.b	a3,a5
    b6a4:	01000513          	li	a0,16
    b6a8:	f80692e3          	bnez	a3,b62c <__lo0bits+0x4c>
    b6ac:	fddff06f          	j	b688 <__lo0bits+0xa8>
    b6b0:	0027d793          	srl	a5,a5,0x2
    b6b4:	00f72023          	sw	a5,0(a4)
    b6b8:	00200513          	li	a0,2
    b6bc:	00008067          	ret

0000b6c0 <__i2b>:
    b6c0:	04c52783          	lw	a5,76(a0)
    b6c4:	ff010113          	add	sp,sp,-16
    b6c8:	00812423          	sw	s0,8(sp)
    b6cc:	00912223          	sw	s1,4(sp)
    b6d0:	00112623          	sw	ra,12(sp)
    b6d4:	00050413          	mv	s0,a0
    b6d8:	00058493          	mv	s1,a1
    b6dc:	02078c63          	beqz	a5,b714 <__i2b+0x54>
    b6e0:	0047a503          	lw	a0,4(a5)
    b6e4:	06050263          	beqz	a0,b748 <__i2b+0x88>
    b6e8:	00052703          	lw	a4,0(a0)
    b6ec:	00e7a223          	sw	a4,4(a5)
    b6f0:	00c12083          	lw	ra,12(sp)
    b6f4:	00812403          	lw	s0,8(sp)
    b6f8:	00100793          	li	a5,1
    b6fc:	00952a23          	sw	s1,20(a0)
    b700:	00052623          	sw	zero,12(a0)
    b704:	00f52823          	sw	a5,16(a0)
    b708:	00412483          	lw	s1,4(sp)
    b70c:	01010113          	add	sp,sp,16
    b710:	00008067          	ret
    b714:	02100613          	li	a2,33
    b718:	00400593          	li	a1,4
    b71c:	1ac050ef          	jal	108c8 <_calloc_r>
    b720:	04a42623          	sw	a0,76(s0)
    b724:	00050793          	mv	a5,a0
    b728:	fa051ce3          	bnez	a0,b6e0 <__i2b+0x20>
    b72c:	000146b7          	lui	a3,0x14
    b730:	00014537          	lui	a0,0x14
    b734:	c4068693          	add	a3,a3,-960 # 13c40 <blanks.1+0x30>
    b738:	00000613          	li	a2,0
    b73c:	14000593          	li	a1,320
    b740:	f0050513          	add	a0,a0,-256 # 13f00 <ezero+0x24>
    b744:	11c050ef          	jal	10860 <__assert_func>
    b748:	01c00613          	li	a2,28
    b74c:	00100593          	li	a1,1
    b750:	00040513          	mv	a0,s0
    b754:	174050ef          	jal	108c8 <_calloc_r>
    b758:	fc050ae3          	beqz	a0,b72c <__i2b+0x6c>
    b75c:	00100793          	li	a5,1
    b760:	00f52223          	sw	a5,4(a0)
    b764:	00200793          	li	a5,2
    b768:	00f52423          	sw	a5,8(a0)
    b76c:	f85ff06f          	j	b6f0 <__i2b+0x30>

0000b770 <__multiply>:
    b770:	fe010113          	add	sp,sp,-32
    b774:	01212823          	sw	s2,16(sp)
    b778:	01312623          	sw	s3,12(sp)
    b77c:	0105a903          	lw	s2,16(a1)
    b780:	01062983          	lw	s3,16(a2)
    b784:	00912a23          	sw	s1,20(sp)
    b788:	01412423          	sw	s4,8(sp)
    b78c:	00112e23          	sw	ra,28(sp)
    b790:	00812c23          	sw	s0,24(sp)
    b794:	00058a13          	mv	s4,a1
    b798:	00060493          	mv	s1,a2
    b79c:	01394c63          	blt	s2,s3,b7b4 <__multiply+0x44>
    b7a0:	00098713          	mv	a4,s3
    b7a4:	00058493          	mv	s1,a1
    b7a8:	00090993          	mv	s3,s2
    b7ac:	00060a13          	mv	s4,a2
    b7b0:	00070913          	mv	s2,a4
    b7b4:	0084a783          	lw	a5,8(s1)
    b7b8:	0044a583          	lw	a1,4(s1)
    b7bc:	01298433          	add	s0,s3,s2
    b7c0:	0087a7b3          	slt	a5,a5,s0
    b7c4:	00f585b3          	add	a1,a1,a5
    b7c8:	a55ff0ef          	jal	b21c <_Balloc>
    b7cc:	1a050e63          	beqz	a0,b988 <__multiply+0x218>
    b7d0:	01450313          	add	t1,a0,20
    b7d4:	00241893          	sll	a7,s0,0x2
    b7d8:	011308b3          	add	a7,t1,a7
    b7dc:	00030793          	mv	a5,t1
    b7e0:	01137863          	bgeu	t1,a7,b7f0 <__multiply+0x80>
    b7e4:	0007a023          	sw	zero,0(a5)
    b7e8:	00478793          	add	a5,a5,4
    b7ec:	ff17ece3          	bltu	a5,a7,b7e4 <__multiply+0x74>
    b7f0:	014a0813          	add	a6,s4,20
    b7f4:	00291e13          	sll	t3,s2,0x2
    b7f8:	01448e93          	add	t4,s1,20
    b7fc:	00299593          	sll	a1,s3,0x2
    b800:	01c80e33          	add	t3,a6,t3
    b804:	00be85b3          	add	a1,t4,a1
    b808:	13c87663          	bgeu	a6,t3,b934 <__multiply+0x1c4>
    b80c:	01548793          	add	a5,s1,21
    b810:	00400f13          	li	t5,4
    b814:	16f5f063          	bgeu	a1,a5,b974 <__multiply+0x204>
    b818:	000106b7          	lui	a3,0x10
    b81c:	fff68693          	add	a3,a3,-1 # ffff <_vfiprintf_r+0xc83>
    b820:	0180006f          	j	b838 <__multiply+0xc8>
    b824:	010fdf93          	srl	t6,t6,0x10
    b828:	080f9863          	bnez	t6,b8b8 <__multiply+0x148>
    b82c:	00480813          	add	a6,a6,4
    b830:	00430313          	add	t1,t1,4
    b834:	11c87063          	bgeu	a6,t3,b934 <__multiply+0x1c4>
    b838:	00082f83          	lw	t6,0(a6)
    b83c:	00dff3b3          	and	t2,t6,a3
    b840:	fe0382e3          	beqz	t2,b824 <__multiply+0xb4>
    b844:	00030293          	mv	t0,t1
    b848:	000e8f93          	mv	t6,t4
    b84c:	00000493          	li	s1,0
    b850:	000fa783          	lw	a5,0(t6)
    b854:	0002a603          	lw	a2,0(t0)
    b858:	00428293          	add	t0,t0,4
    b85c:	00d7f733          	and	a4,a5,a3
    b860:	02770733          	mul	a4,a4,t2
    b864:	0107d793          	srl	a5,a5,0x10
    b868:	00d67933          	and	s2,a2,a3
    b86c:	01065613          	srl	a2,a2,0x10
    b870:	004f8f93          	add	t6,t6,4
    b874:	027787b3          	mul	a5,a5,t2
    b878:	01270733          	add	a4,a4,s2
    b87c:	00970733          	add	a4,a4,s1
    b880:	01075493          	srl	s1,a4,0x10
    b884:	00d77733          	and	a4,a4,a3
    b888:	00c787b3          	add	a5,a5,a2
    b88c:	009787b3          	add	a5,a5,s1
    b890:	01079613          	sll	a2,a5,0x10
    b894:	00e66733          	or	a4,a2,a4
    b898:	fee2ae23          	sw	a4,-4(t0)
    b89c:	0107d493          	srl	s1,a5,0x10
    b8a0:	fabfe8e3          	bltu	t6,a1,b850 <__multiply+0xe0>
    b8a4:	01e307b3          	add	a5,t1,t5
    b8a8:	0097a023          	sw	s1,0(a5)
    b8ac:	00082f83          	lw	t6,0(a6)
    b8b0:	010fdf93          	srl	t6,t6,0x10
    b8b4:	f60f8ce3          	beqz	t6,b82c <__multiply+0xbc>
    b8b8:	00032703          	lw	a4,0(t1)
    b8bc:	00030293          	mv	t0,t1
    b8c0:	000e8613          	mv	a2,t4
    b8c4:	00070493          	mv	s1,a4
    b8c8:	00000393          	li	t2,0
    b8cc:	00062783          	lw	a5,0(a2)
    b8d0:	0104d993          	srl	s3,s1,0x10
    b8d4:	00d77733          	and	a4,a4,a3
    b8d8:	00d7f7b3          	and	a5,a5,a3
    b8dc:	03f787b3          	mul	a5,a5,t6
    b8e0:	0042a483          	lw	s1,4(t0)
    b8e4:	00428293          	add	t0,t0,4
    b8e8:	00460613          	add	a2,a2,4
    b8ec:	00d4f933          	and	s2,s1,a3
    b8f0:	007787b3          	add	a5,a5,t2
    b8f4:	013787b3          	add	a5,a5,s3
    b8f8:	01079393          	sll	t2,a5,0x10
    b8fc:	00e3e733          	or	a4,t2,a4
    b900:	fee2ae23          	sw	a4,-4(t0)
    b904:	ffe65703          	lhu	a4,-2(a2)
    b908:	0107d793          	srl	a5,a5,0x10
    b90c:	03f70733          	mul	a4,a4,t6
    b910:	01270733          	add	a4,a4,s2
    b914:	00f70733          	add	a4,a4,a5
    b918:	01075393          	srl	t2,a4,0x10
    b91c:	fab668e3          	bltu	a2,a1,b8cc <__multiply+0x15c>
    b920:	01e307b3          	add	a5,t1,t5
    b924:	00e7a023          	sw	a4,0(a5)
    b928:	00480813          	add	a6,a6,4
    b92c:	00430313          	add	t1,t1,4
    b930:	f1c864e3          	bltu	a6,t3,b838 <__multiply+0xc8>
    b934:	00804863          	bgtz	s0,b944 <__multiply+0x1d4>
    b938:	0180006f          	j	b950 <__multiply+0x1e0>
    b93c:	fff40413          	add	s0,s0,-1
    b940:	00040863          	beqz	s0,b950 <__multiply+0x1e0>
    b944:	ffc8a783          	lw	a5,-4(a7)
    b948:	ffc88893          	add	a7,a7,-4
    b94c:	fe0788e3          	beqz	a5,b93c <__multiply+0x1cc>
    b950:	01c12083          	lw	ra,28(sp)
    b954:	00852823          	sw	s0,16(a0)
    b958:	01812403          	lw	s0,24(sp)
    b95c:	01412483          	lw	s1,20(sp)
    b960:	01012903          	lw	s2,16(sp)
    b964:	00c12983          	lw	s3,12(sp)
    b968:	00812a03          	lw	s4,8(sp)
    b96c:	02010113          	add	sp,sp,32
    b970:	00008067          	ret
    b974:	409587b3          	sub	a5,a1,s1
    b978:	feb78793          	add	a5,a5,-21
    b97c:	ffc7f793          	and	a5,a5,-4
    b980:	00478f13          	add	t5,a5,4
    b984:	e95ff06f          	j	b818 <__multiply+0xa8>
    b988:	000146b7          	lui	a3,0x14
    b98c:	00014537          	lui	a0,0x14
    b990:	c4068693          	add	a3,a3,-960 # 13c40 <blanks.1+0x30>
    b994:	00000613          	li	a2,0
    b998:	15d00593          	li	a1,349
    b99c:	f0050513          	add	a0,a0,-256 # 13f00 <ezero+0x24>
    b9a0:	6c1040ef          	jal	10860 <__assert_func>

0000b9a4 <__pow5mult>:
    b9a4:	fe010113          	add	sp,sp,-32
    b9a8:	00812c23          	sw	s0,24(sp)
    b9ac:	01212823          	sw	s2,16(sp)
    b9b0:	01312623          	sw	s3,12(sp)
    b9b4:	00112e23          	sw	ra,28(sp)
    b9b8:	00912a23          	sw	s1,20(sp)
    b9bc:	00367793          	and	a5,a2,3
    b9c0:	00060413          	mv	s0,a2
    b9c4:	00050993          	mv	s3,a0
    b9c8:	00058913          	mv	s2,a1
    b9cc:	0a079a63          	bnez	a5,ba80 <__pow5mult+0xdc>
    b9d0:	40245413          	sra	s0,s0,0x2
    b9d4:	06040663          	beqz	s0,ba40 <__pow5mult+0x9c>
    b9d8:	0489a483          	lw	s1,72(s3)
    b9dc:	0c048663          	beqz	s1,baa8 <__pow5mult+0x104>
    b9e0:	00147793          	and	a5,s0,1
    b9e4:	02079063          	bnez	a5,ba04 <__pow5mult+0x60>
    b9e8:	40145413          	sra	s0,s0,0x1
    b9ec:	04040a63          	beqz	s0,ba40 <__pow5mult+0x9c>
    b9f0:	0004a503          	lw	a0,0(s1)
    b9f4:	06050663          	beqz	a0,ba60 <__pow5mult+0xbc>
    b9f8:	00050493          	mv	s1,a0
    b9fc:	00147793          	and	a5,s0,1
    ba00:	fe0784e3          	beqz	a5,b9e8 <__pow5mult+0x44>
    ba04:	00048613          	mv	a2,s1
    ba08:	00090593          	mv	a1,s2
    ba0c:	00098513          	mv	a0,s3
    ba10:	d61ff0ef          	jal	b770 <__multiply>
    ba14:	02090063          	beqz	s2,ba34 <__pow5mult+0x90>
    ba18:	00492703          	lw	a4,4(s2)
    ba1c:	04c9a783          	lw	a5,76(s3)
    ba20:	00271713          	sll	a4,a4,0x2
    ba24:	00e787b3          	add	a5,a5,a4
    ba28:	0007a703          	lw	a4,0(a5)
    ba2c:	00e92023          	sw	a4,0(s2)
    ba30:	0127a023          	sw	s2,0(a5)
    ba34:	40145413          	sra	s0,s0,0x1
    ba38:	00050913          	mv	s2,a0
    ba3c:	fa041ae3          	bnez	s0,b9f0 <__pow5mult+0x4c>
    ba40:	01c12083          	lw	ra,28(sp)
    ba44:	01812403          	lw	s0,24(sp)
    ba48:	01412483          	lw	s1,20(sp)
    ba4c:	00c12983          	lw	s3,12(sp)
    ba50:	00090513          	mv	a0,s2
    ba54:	01012903          	lw	s2,16(sp)
    ba58:	02010113          	add	sp,sp,32
    ba5c:	00008067          	ret
    ba60:	00048613          	mv	a2,s1
    ba64:	00048593          	mv	a1,s1
    ba68:	00098513          	mv	a0,s3
    ba6c:	d05ff0ef          	jal	b770 <__multiply>
    ba70:	00a4a023          	sw	a0,0(s1)
    ba74:	00052023          	sw	zero,0(a0)
    ba78:	00050493          	mv	s1,a0
    ba7c:	f81ff06f          	j	b9fc <__pow5mult+0x58>
    ba80:	fff78793          	add	a5,a5,-1
    ba84:	00014737          	lui	a4,0x14
    ba88:	f4070713          	add	a4,a4,-192 # 13f40 <p05.0>
    ba8c:	00279793          	sll	a5,a5,0x2
    ba90:	00f707b3          	add	a5,a4,a5
    ba94:	0007a603          	lw	a2,0(a5)
    ba98:	00000693          	li	a3,0
    ba9c:	84dff0ef          	jal	b2e8 <__multadd>
    baa0:	00050913          	mv	s2,a0
    baa4:	f2dff06f          	j	b9d0 <__pow5mult+0x2c>
    baa8:	00100593          	li	a1,1
    baac:	00098513          	mv	a0,s3
    bab0:	f6cff0ef          	jal	b21c <_Balloc>
    bab4:	00050493          	mv	s1,a0
    bab8:	02050063          	beqz	a0,bad8 <__pow5mult+0x134>
    babc:	27100793          	li	a5,625
    bac0:	00f52a23          	sw	a5,20(a0)
    bac4:	00100793          	li	a5,1
    bac8:	00f52823          	sw	a5,16(a0)
    bacc:	04a9a423          	sw	a0,72(s3)
    bad0:	00052023          	sw	zero,0(a0)
    bad4:	f0dff06f          	j	b9e0 <__pow5mult+0x3c>
    bad8:	000146b7          	lui	a3,0x14
    badc:	00014537          	lui	a0,0x14
    bae0:	c4068693          	add	a3,a3,-960 # 13c40 <blanks.1+0x30>
    bae4:	00000613          	li	a2,0
    bae8:	14000593          	li	a1,320
    baec:	f0050513          	add	a0,a0,-256 # 13f00 <ezero+0x24>
    baf0:	571040ef          	jal	10860 <__assert_func>

0000baf4 <__lshift>:
    baf4:	fe010113          	add	sp,sp,-32
    baf8:	01512223          	sw	s5,4(sp)
    bafc:	0105aa83          	lw	s5,16(a1)
    bb00:	0085a783          	lw	a5,8(a1)
    bb04:	01312623          	sw	s3,12(sp)
    bb08:	40565993          	sra	s3,a2,0x5
    bb0c:	01598ab3          	add	s5,s3,s5
    bb10:	00812c23          	sw	s0,24(sp)
    bb14:	00912a23          	sw	s1,20(sp)
    bb18:	01212823          	sw	s2,16(sp)
    bb1c:	01412423          	sw	s4,8(sp)
    bb20:	00112e23          	sw	ra,28(sp)
    bb24:	001a8913          	add	s2,s5,1
    bb28:	00058493          	mv	s1,a1
    bb2c:	00060413          	mv	s0,a2
    bb30:	0045a583          	lw	a1,4(a1)
    bb34:	00050a13          	mv	s4,a0
    bb38:	0127d863          	bge	a5,s2,bb48 <__lshift+0x54>
    bb3c:	00179793          	sll	a5,a5,0x1
    bb40:	00158593          	add	a1,a1,1
    bb44:	ff27cce3          	blt	a5,s2,bb3c <__lshift+0x48>
    bb48:	000a0513          	mv	a0,s4
    bb4c:	ed0ff0ef          	jal	b21c <_Balloc>
    bb50:	10050c63          	beqz	a0,bc68 <__lshift+0x174>
    bb54:	01450813          	add	a6,a0,20
    bb58:	03305463          	blez	s3,bb80 <__lshift+0x8c>
    bb5c:	00598993          	add	s3,s3,5
    bb60:	00299993          	sll	s3,s3,0x2
    bb64:	01350733          	add	a4,a0,s3
    bb68:	00080793          	mv	a5,a6
    bb6c:	00478793          	add	a5,a5,4
    bb70:	fe07ae23          	sw	zero,-4(a5)
    bb74:	fee79ce3          	bne	a5,a4,bb6c <__lshift+0x78>
    bb78:	fec98993          	add	s3,s3,-20
    bb7c:	01380833          	add	a6,a6,s3
    bb80:	0104a883          	lw	a7,16(s1)
    bb84:	01448793          	add	a5,s1,20
    bb88:	01f47613          	and	a2,s0,31
    bb8c:	00289893          	sll	a7,a7,0x2
    bb90:	011788b3          	add	a7,a5,a7
    bb94:	0a060463          	beqz	a2,bc3c <__lshift+0x148>
    bb98:	02000593          	li	a1,32
    bb9c:	40c585b3          	sub	a1,a1,a2
    bba0:	00080313          	mv	t1,a6
    bba4:	00000693          	li	a3,0
    bba8:	0007a703          	lw	a4,0(a5)
    bbac:	00430313          	add	t1,t1,4
    bbb0:	00478793          	add	a5,a5,4
    bbb4:	00c71733          	sll	a4,a4,a2
    bbb8:	00d76733          	or	a4,a4,a3
    bbbc:	fee32e23          	sw	a4,-4(t1)
    bbc0:	ffc7a683          	lw	a3,-4(a5)
    bbc4:	00b6d6b3          	srl	a3,a3,a1
    bbc8:	ff17e0e3          	bltu	a5,a7,bba8 <__lshift+0xb4>
    bbcc:	01548793          	add	a5,s1,21
    bbd0:	00400713          	li	a4,4
    bbd4:	00f8ea63          	bltu	a7,a5,bbe8 <__lshift+0xf4>
    bbd8:	409887b3          	sub	a5,a7,s1
    bbdc:	feb78793          	add	a5,a5,-21
    bbe0:	ffc7f793          	and	a5,a5,-4
    bbe4:	00478713          	add	a4,a5,4
    bbe8:	00e80833          	add	a6,a6,a4
    bbec:	00d82023          	sw	a3,0(a6)
    bbf0:	00069463          	bnez	a3,bbf8 <__lshift+0x104>
    bbf4:	000a8913          	mv	s2,s5
    bbf8:	0044a703          	lw	a4,4(s1)
    bbfc:	04ca2783          	lw	a5,76(s4)
    bc00:	01c12083          	lw	ra,28(sp)
    bc04:	00271713          	sll	a4,a4,0x2
    bc08:	00e787b3          	add	a5,a5,a4
    bc0c:	0007a703          	lw	a4,0(a5)
    bc10:	01252823          	sw	s2,16(a0)
    bc14:	01812403          	lw	s0,24(sp)
    bc18:	00e4a023          	sw	a4,0(s1)
    bc1c:	0097a023          	sw	s1,0(a5)
    bc20:	01012903          	lw	s2,16(sp)
    bc24:	01412483          	lw	s1,20(sp)
    bc28:	00c12983          	lw	s3,12(sp)
    bc2c:	00812a03          	lw	s4,8(sp)
    bc30:	00412a83          	lw	s5,4(sp)
    bc34:	02010113          	add	sp,sp,32
    bc38:	00008067          	ret
    bc3c:	0007a703          	lw	a4,0(a5)
    bc40:	00478793          	add	a5,a5,4
    bc44:	00480813          	add	a6,a6,4
    bc48:	fee82e23          	sw	a4,-4(a6)
    bc4c:	fb17f4e3          	bgeu	a5,a7,bbf4 <__lshift+0x100>
    bc50:	0007a703          	lw	a4,0(a5)
    bc54:	00478793          	add	a5,a5,4
    bc58:	00480813          	add	a6,a6,4
    bc5c:	fee82e23          	sw	a4,-4(a6)
    bc60:	fd17eee3          	bltu	a5,a7,bc3c <__lshift+0x148>
    bc64:	f91ff06f          	j	bbf4 <__lshift+0x100>
    bc68:	000146b7          	lui	a3,0x14
    bc6c:	00014537          	lui	a0,0x14
    bc70:	c4068693          	add	a3,a3,-960 # 13c40 <blanks.1+0x30>
    bc74:	00000613          	li	a2,0
    bc78:	1d900593          	li	a1,473
    bc7c:	f0050513          	add	a0,a0,-256 # 13f00 <ezero+0x24>
    bc80:	3e1040ef          	jal	10860 <__assert_func>

0000bc84 <__mcmp>:
    bc84:	01052703          	lw	a4,16(a0)
    bc88:	0105a783          	lw	a5,16(a1)
    bc8c:	00050813          	mv	a6,a0
    bc90:	40f70533          	sub	a0,a4,a5
    bc94:	04f71263          	bne	a4,a5,bcd8 <__mcmp+0x54>
    bc98:	00279793          	sll	a5,a5,0x2
    bc9c:	01480813          	add	a6,a6,20
    bca0:	01458593          	add	a1,a1,20
    bca4:	00f80733          	add	a4,a6,a5
    bca8:	00f587b3          	add	a5,a1,a5
    bcac:	0080006f          	j	bcb4 <__mcmp+0x30>
    bcb0:	02e87463          	bgeu	a6,a4,bcd8 <__mcmp+0x54>
    bcb4:	ffc72603          	lw	a2,-4(a4)
    bcb8:	ffc7a683          	lw	a3,-4(a5)
    bcbc:	ffc70713          	add	a4,a4,-4
    bcc0:	ffc78793          	add	a5,a5,-4
    bcc4:	fed606e3          	beq	a2,a3,bcb0 <__mcmp+0x2c>
    bcc8:	00100513          	li	a0,1
    bccc:	00d67663          	bgeu	a2,a3,bcd8 <__mcmp+0x54>
    bcd0:	fff00513          	li	a0,-1
    bcd4:	00008067          	ret
    bcd8:	00008067          	ret

0000bcdc <__mdiff>:
    bcdc:	0105a703          	lw	a4,16(a1)
    bce0:	01062783          	lw	a5,16(a2)
    bce4:	ff010113          	add	sp,sp,-16
    bce8:	00812423          	sw	s0,8(sp)
    bcec:	00912223          	sw	s1,4(sp)
    bcf0:	01212023          	sw	s2,0(sp)
    bcf4:	00112623          	sw	ra,12(sp)
    bcf8:	00058493          	mv	s1,a1
    bcfc:	00060413          	mv	s0,a2
    bd00:	40f70933          	sub	s2,a4,a5
    bd04:	04f71663          	bne	a4,a5,bd50 <__mdiff+0x74>
    bd08:	00279693          	sll	a3,a5,0x2
    bd0c:	01458593          	add	a1,a1,20
    bd10:	01460713          	add	a4,a2,20
    bd14:	00d587b3          	add	a5,a1,a3
    bd18:	00d70733          	add	a4,a4,a3
    bd1c:	0080006f          	j	bd24 <__mdiff+0x48>
    bd20:	18f5f463          	bgeu	a1,a5,bea8 <__mdiff+0x1cc>
    bd24:	ffc7a603          	lw	a2,-4(a5)
    bd28:	ffc72683          	lw	a3,-4(a4)
    bd2c:	ffc78793          	add	a5,a5,-4
    bd30:	ffc70713          	add	a4,a4,-4
    bd34:	fed606e3          	beq	a2,a3,bd20 <__mdiff+0x44>
    bd38:	02d67063          	bgeu	a2,a3,bd58 <__mdiff+0x7c>
    bd3c:	00048793          	mv	a5,s1
    bd40:	00100913          	li	s2,1
    bd44:	00040493          	mv	s1,s0
    bd48:	00078413          	mv	s0,a5
    bd4c:	00c0006f          	j	bd58 <__mdiff+0x7c>
    bd50:	fe0946e3          	bltz	s2,bd3c <__mdiff+0x60>
    bd54:	00000913          	li	s2,0
    bd58:	0044a583          	lw	a1,4(s1)
    bd5c:	cc0ff0ef          	jal	b21c <_Balloc>
    bd60:	1a050863          	beqz	a0,bf10 <__mdiff+0x234>
    bd64:	0104a303          	lw	t1,16(s1)
    bd68:	01042603          	lw	a2,16(s0)
    bd6c:	01448293          	add	t0,s1,20
    bd70:	00231e13          	sll	t3,t1,0x2
    bd74:	01440813          	add	a6,s0,20
    bd78:	00261613          	sll	a2,a2,0x2
    bd7c:	01450f93          	add	t6,a0,20
    bd80:	000108b7          	lui	a7,0x10
    bd84:	01252623          	sw	s2,12(a0)
    bd88:	01c28e33          	add	t3,t0,t3
    bd8c:	00c80633          	add	a2,a6,a2
    bd90:	000f8f13          	mv	t5,t6
    bd94:	00028e93          	mv	t4,t0
    bd98:	00000693          	li	a3,0
    bd9c:	fff88893          	add	a7,a7,-1 # ffff <_vfiprintf_r+0xc83>
    bda0:	000ea703          	lw	a4,0(t4)
    bda4:	00082583          	lw	a1,0(a6)
    bda8:	004f0f13          	add	t5,t5,4
    bdac:	011777b3          	and	a5,a4,a7
    bdb0:	0115f3b3          	and	t2,a1,a7
    bdb4:	407787b3          	sub	a5,a5,t2
    bdb8:	00d787b3          	add	a5,a5,a3
    bdbc:	01075713          	srl	a4,a4,0x10
    bdc0:	0105d593          	srl	a1,a1,0x10
    bdc4:	4107d693          	sra	a3,a5,0x10
    bdc8:	40b70733          	sub	a4,a4,a1
    bdcc:	00d70733          	add	a4,a4,a3
    bdd0:	01071693          	sll	a3,a4,0x10
    bdd4:	0117f7b3          	and	a5,a5,a7
    bdd8:	00d7e7b3          	or	a5,a5,a3
    bddc:	00480813          	add	a6,a6,4
    bde0:	feff2e23          	sw	a5,-4(t5)
    bde4:	004e8e93          	add	t4,t4,4
    bde8:	41075693          	sra	a3,a4,0x10
    bdec:	fac86ae3          	bltu	a6,a2,bda0 <__mdiff+0xc4>
    bdf0:	40860733          	sub	a4,a2,s0
    bdf4:	feb70713          	add	a4,a4,-21
    bdf8:	01540413          	add	s0,s0,21
    bdfc:	00275f13          	srl	t5,a4,0x2
    be00:	00400713          	li	a4,4
    be04:	00866663          	bltu	a2,s0,be10 <__mdiff+0x134>
    be08:	001f0713          	add	a4,t5,1
    be0c:	00271713          	sll	a4,a4,0x2
    be10:	00e282b3          	add	t0,t0,a4
    be14:	00ef8833          	add	a6,t6,a4
    be18:	00010eb7          	lui	t4,0x10
    be1c:	00080893          	mv	a7,a6
    be20:	00028593          	mv	a1,t0
    be24:	fffe8e93          	add	t4,t4,-1 # ffff <_vfiprintf_r+0xc83>
    be28:	0bc2f863          	bgeu	t0,t3,bed8 <__mdiff+0x1fc>
    be2c:	0005a783          	lw	a5,0(a1)
    be30:	00488893          	add	a7,a7,4
    be34:	00458593          	add	a1,a1,4
    be38:	01d7f733          	and	a4,a5,t4
    be3c:	00d70733          	add	a4,a4,a3
    be40:	0107d613          	srl	a2,a5,0x10
    be44:	41075713          	sra	a4,a4,0x10
    be48:	00c70733          	add	a4,a4,a2
    be4c:	00d787b3          	add	a5,a5,a3
    be50:	01d7f7b3          	and	a5,a5,t4
    be54:	01071693          	sll	a3,a4,0x10
    be58:	00d7e7b3          	or	a5,a5,a3
    be5c:	fef8ae23          	sw	a5,-4(a7)
    be60:	41075693          	sra	a3,a4,0x10
    be64:	fdc5e4e3          	bltu	a1,t3,be2c <__mdiff+0x150>
    be68:	fffe0e13          	add	t3,t3,-1
    be6c:	405e0e33          	sub	t3,t3,t0
    be70:	ffce7e13          	and	t3,t3,-4
    be74:	01c80733          	add	a4,a6,t3
    be78:	00079a63          	bnez	a5,be8c <__mdiff+0x1b0>
    be7c:	ffc72783          	lw	a5,-4(a4)
    be80:	fff30313          	add	t1,t1,-1
    be84:	ffc70713          	add	a4,a4,-4
    be88:	fe078ae3          	beqz	a5,be7c <__mdiff+0x1a0>
    be8c:	00c12083          	lw	ra,12(sp)
    be90:	00812403          	lw	s0,8(sp)
    be94:	00652823          	sw	t1,16(a0)
    be98:	00412483          	lw	s1,4(sp)
    be9c:	00012903          	lw	s2,0(sp)
    bea0:	01010113          	add	sp,sp,16
    bea4:	00008067          	ret
    bea8:	00000593          	li	a1,0
    beac:	b70ff0ef          	jal	b21c <_Balloc>
    beb0:	04050263          	beqz	a0,bef4 <__mdiff+0x218>
    beb4:	00c12083          	lw	ra,12(sp)
    beb8:	00812403          	lw	s0,8(sp)
    bebc:	00100793          	li	a5,1
    bec0:	00f52823          	sw	a5,16(a0)
    bec4:	00052a23          	sw	zero,20(a0)
    bec8:	00412483          	lw	s1,4(sp)
    becc:	00012903          	lw	s2,0(sp)
    bed0:	01010113          	add	sp,sp,16
    bed4:	00008067          	ret
    bed8:	00000713          	li	a4,0
    bedc:	00867663          	bgeu	a2,s0,bee8 <__mdiff+0x20c>
    bee0:	00ef8733          	add	a4,t6,a4
    bee4:	f95ff06f          	j	be78 <__mdiff+0x19c>
    bee8:	002f1713          	sll	a4,t5,0x2
    beec:	00ef8733          	add	a4,t6,a4
    bef0:	f89ff06f          	j	be78 <__mdiff+0x19c>
    bef4:	000146b7          	lui	a3,0x14
    bef8:	00014537          	lui	a0,0x14
    befc:	c4068693          	add	a3,a3,-960 # 13c40 <blanks.1+0x30>
    bf00:	00000613          	li	a2,0
    bf04:	23200593          	li	a1,562
    bf08:	f0050513          	add	a0,a0,-256 # 13f00 <ezero+0x24>
    bf0c:	155040ef          	jal	10860 <__assert_func>
    bf10:	000146b7          	lui	a3,0x14
    bf14:	00014537          	lui	a0,0x14
    bf18:	c4068693          	add	a3,a3,-960 # 13c40 <blanks.1+0x30>
    bf1c:	00000613          	li	a2,0
    bf20:	24000593          	li	a1,576
    bf24:	f0050513          	add	a0,a0,-256 # 13f00 <ezero+0x24>
    bf28:	139040ef          	jal	10860 <__assert_func>

0000bf2c <__ulp>:
    bf2c:	7ff007b7          	lui	a5,0x7ff00
    bf30:	00b7f5b3          	and	a1,a5,a1
    bf34:	fcc007b7          	lui	a5,0xfcc00
    bf38:	00f585b3          	add	a1,a1,a5
    bf3c:	00000793          	li	a5,0
    bf40:	00b05663          	blez	a1,bf4c <__ulp+0x20>
    bf44:	00078513          	mv	a0,a5
    bf48:	00008067          	ret
    bf4c:	40b005b3          	neg	a1,a1
    bf50:	4145d593          	sra	a1,a1,0x14
    bf54:	01300793          	li	a5,19
    bf58:	00b7cc63          	blt	a5,a1,bf70 <__ulp+0x44>
    bf5c:	000807b7          	lui	a5,0x80
    bf60:	40b7d5b3          	sra	a1,a5,a1
    bf64:	00000793          	li	a5,0
    bf68:	00078513          	mv	a0,a5
    bf6c:	00008067          	ret
    bf70:	fec58593          	add	a1,a1,-20
    bf74:	01e00713          	li	a4,30
    bf78:	00100793          	li	a5,1
    bf7c:	00b74663          	blt	a4,a1,bf88 <__ulp+0x5c>
    bf80:	800007b7          	lui	a5,0x80000
    bf84:	00b7d7b3          	srl	a5,a5,a1
    bf88:	00000593          	li	a1,0
    bf8c:	00078513          	mv	a0,a5
    bf90:	00008067          	ret

0000bf94 <__b2d>:
    bf94:	fe010113          	add	sp,sp,-32
    bf98:	00912a23          	sw	s1,20(sp)
    bf9c:	01052483          	lw	s1,16(a0)
    bfa0:	00812c23          	sw	s0,24(sp)
    bfa4:	01450413          	add	s0,a0,20
    bfa8:	00249493          	sll	s1,s1,0x2
    bfac:	009404b3          	add	s1,s0,s1
    bfb0:	01212823          	sw	s2,16(sp)
    bfb4:	ffc4a903          	lw	s2,-4(s1)
    bfb8:	01312623          	sw	s3,12(sp)
    bfbc:	01412423          	sw	s4,8(sp)
    bfc0:	00090513          	mv	a0,s2
    bfc4:	00058993          	mv	s3,a1
    bfc8:	00112e23          	sw	ra,28(sp)
    bfcc:	d9cff0ef          	jal	b568 <__hi0bits>
    bfd0:	02000713          	li	a4,32
    bfd4:	40a707b3          	sub	a5,a4,a0
    bfd8:	00f9a023          	sw	a5,0(s3)
    bfdc:	00a00793          	li	a5,10
    bfe0:	ffc48a13          	add	s4,s1,-4
    bfe4:	08a7dc63          	bge	a5,a0,c07c <__b2d+0xe8>
    bfe8:	ff550613          	add	a2,a0,-11
    bfec:	05447063          	bgeu	s0,s4,c02c <__b2d+0x98>
    bff0:	ff84a783          	lw	a5,-8(s1)
    bff4:	04060c63          	beqz	a2,c04c <__b2d+0xb8>
    bff8:	40c706b3          	sub	a3,a4,a2
    bffc:	00d7d733          	srl	a4,a5,a3
    c000:	00c91933          	sll	s2,s2,a2
    c004:	00e96933          	or	s2,s2,a4
    c008:	ff848593          	add	a1,s1,-8
    c00c:	3ff00737          	lui	a4,0x3ff00
    c010:	00e96733          	or	a4,s2,a4
    c014:	00c797b3          	sll	a5,a5,a2
    c018:	02b47e63          	bgeu	s0,a1,c054 <__b2d+0xc0>
    c01c:	ff44a603          	lw	a2,-12(s1)
    c020:	00d656b3          	srl	a3,a2,a3
    c024:	00d7e7b3          	or	a5,a5,a3
    c028:	02c0006f          	j	c054 <__b2d+0xc0>
    c02c:	00b00793          	li	a5,11
    c030:	00f50c63          	beq	a0,a5,c048 <__b2d+0xb4>
    c034:	00c91933          	sll	s2,s2,a2
    c038:	3ff00737          	lui	a4,0x3ff00
    c03c:	00e96733          	or	a4,s2,a4
    c040:	00000793          	li	a5,0
    c044:	0100006f          	j	c054 <__b2d+0xc0>
    c048:	00000793          	li	a5,0
    c04c:	3ff00737          	lui	a4,0x3ff00
    c050:	00e96733          	or	a4,s2,a4
    c054:	01c12083          	lw	ra,28(sp)
    c058:	01812403          	lw	s0,24(sp)
    c05c:	01412483          	lw	s1,20(sp)
    c060:	01012903          	lw	s2,16(sp)
    c064:	00c12983          	lw	s3,12(sp)
    c068:	00812a03          	lw	s4,8(sp)
    c06c:	00078513          	mv	a0,a5
    c070:	00070593          	mv	a1,a4
    c074:	02010113          	add	sp,sp,32
    c078:	00008067          	ret
    c07c:	00b00693          	li	a3,11
    c080:	40a686b3          	sub	a3,a3,a0
    c084:	3ff007b7          	lui	a5,0x3ff00
    c088:	00d95733          	srl	a4,s2,a3
    c08c:	00f76733          	or	a4,a4,a5
    c090:	00000793          	li	a5,0
    c094:	01447663          	bgeu	s0,s4,c0a0 <__b2d+0x10c>
    c098:	ff84a783          	lw	a5,-8(s1)
    c09c:	00d7d7b3          	srl	a5,a5,a3
    c0a0:	01550513          	add	a0,a0,21
    c0a4:	00a91933          	sll	s2,s2,a0
    c0a8:	00f967b3          	or	a5,s2,a5
    c0ac:	fa9ff06f          	j	c054 <__b2d+0xc0>

0000c0b0 <__d2b>:
    c0b0:	fd010113          	add	sp,sp,-48
    c0b4:	01512a23          	sw	s5,20(sp)
    c0b8:	00058a93          	mv	s5,a1
    c0bc:	00100593          	li	a1,1
    c0c0:	02912223          	sw	s1,36(sp)
    c0c4:	01312e23          	sw	s3,28(sp)
    c0c8:	01412c23          	sw	s4,24(sp)
    c0cc:	02112623          	sw	ra,44(sp)
    c0d0:	02812423          	sw	s0,40(sp)
    c0d4:	03212023          	sw	s2,32(sp)
    c0d8:	00060493          	mv	s1,a2
    c0dc:	00068a13          	mv	s4,a3
    c0e0:	00070993          	mv	s3,a4
    c0e4:	938ff0ef          	jal	b21c <_Balloc>
    c0e8:	10050263          	beqz	a0,c1ec <__d2b+0x13c>
    c0ec:	00100737          	lui	a4,0x100
    c0f0:	0144d913          	srl	s2,s1,0x14
    c0f4:	fff70793          	add	a5,a4,-1 # fffff <_sidata+0xeb8f7>
    c0f8:	7ff97913          	and	s2,s2,2047
    c0fc:	00050413          	mv	s0,a0
    c100:	0097f7b3          	and	a5,a5,s1
    c104:	00090463          	beqz	s2,c10c <__d2b+0x5c>
    c108:	00e7e7b3          	or	a5,a5,a4
    c10c:	00f12623          	sw	a5,12(sp)
    c110:	060a9263          	bnez	s5,c174 <__d2b+0xc4>
    c114:	00c10513          	add	a0,sp,12
    c118:	cc8ff0ef          	jal	b5e0 <__lo0bits>
    c11c:	00c12703          	lw	a4,12(sp)
    c120:	00100493          	li	s1,1
    c124:	00942823          	sw	s1,16(s0)
    c128:	00e42a23          	sw	a4,20(s0)
    c12c:	02050793          	add	a5,a0,32
    c130:	08090863          	beqz	s2,c1c0 <__d2b+0x110>
    c134:	bcd90913          	add	s2,s2,-1075
    c138:	00f90933          	add	s2,s2,a5
    c13c:	03500493          	li	s1,53
    c140:	012a2023          	sw	s2,0(s4)
    c144:	40f48533          	sub	a0,s1,a5
    c148:	00a9a023          	sw	a0,0(s3)
    c14c:	02c12083          	lw	ra,44(sp)
    c150:	00040513          	mv	a0,s0
    c154:	02812403          	lw	s0,40(sp)
    c158:	02412483          	lw	s1,36(sp)
    c15c:	02012903          	lw	s2,32(sp)
    c160:	01c12983          	lw	s3,28(sp)
    c164:	01812a03          	lw	s4,24(sp)
    c168:	01412a83          	lw	s5,20(sp)
    c16c:	03010113          	add	sp,sp,48
    c170:	00008067          	ret
    c174:	00810513          	add	a0,sp,8
    c178:	01512423          	sw	s5,8(sp)
    c17c:	c64ff0ef          	jal	b5e0 <__lo0bits>
    c180:	00c12703          	lw	a4,12(sp)
    c184:	00050793          	mv	a5,a0
    c188:	04050e63          	beqz	a0,c1e4 <__d2b+0x134>
    c18c:	00812603          	lw	a2,8(sp)
    c190:	02000693          	li	a3,32
    c194:	40a686b3          	sub	a3,a3,a0
    c198:	00d716b3          	sll	a3,a4,a3
    c19c:	00a75733          	srl	a4,a4,a0
    c1a0:	00c6e6b3          	or	a3,a3,a2
    c1a4:	00e12623          	sw	a4,12(sp)
    c1a8:	00e034b3          	snez	s1,a4
    c1ac:	00148493          	add	s1,s1,1
    c1b0:	00d42a23          	sw	a3,20(s0)
    c1b4:	00e42c23          	sw	a4,24(s0)
    c1b8:	00942823          	sw	s1,16(s0)
    c1bc:	f6091ce3          	bnez	s2,c134 <__d2b+0x84>
    c1c0:	00249713          	sll	a4,s1,0x2
    c1c4:	00e40733          	add	a4,s0,a4
    c1c8:	01072503          	lw	a0,16(a4)
    c1cc:	bce78793          	add	a5,a5,-1074 # 3feffbce <_stack_top+0x1fdffbce>
    c1d0:	00fa2023          	sw	a5,0(s4)
    c1d4:	b94ff0ef          	jal	b568 <__hi0bits>
    c1d8:	00549493          	sll	s1,s1,0x5
    c1dc:	40a48533          	sub	a0,s1,a0
    c1e0:	f69ff06f          	j	c148 <__d2b+0x98>
    c1e4:	00812683          	lw	a3,8(sp)
    c1e8:	fc1ff06f          	j	c1a8 <__d2b+0xf8>
    c1ec:	000146b7          	lui	a3,0x14
    c1f0:	00014537          	lui	a0,0x14
    c1f4:	c4068693          	add	a3,a3,-960 # 13c40 <blanks.1+0x30>
    c1f8:	00000613          	li	a2,0
    c1fc:	30a00593          	li	a1,778
    c200:	f0050513          	add	a0,a0,-256 # 13f00 <ezero+0x24>
    c204:	65c040ef          	jal	10860 <__assert_func>

0000c208 <__ratio>:
    c208:	fd010113          	add	sp,sp,-48
    c20c:	03212023          	sw	s2,32(sp)
    c210:	00058913          	mv	s2,a1
    c214:	00810593          	add	a1,sp,8
    c218:	02112623          	sw	ra,44(sp)
    c21c:	02812423          	sw	s0,40(sp)
    c220:	02912223          	sw	s1,36(sp)
    c224:	01312e23          	sw	s3,28(sp)
    c228:	00050993          	mv	s3,a0
    c22c:	d69ff0ef          	jal	bf94 <__b2d>
    c230:	00050493          	mv	s1,a0
    c234:	00058413          	mv	s0,a1
    c238:	00090513          	mv	a0,s2
    c23c:	00c10593          	add	a1,sp,12
    c240:	d55ff0ef          	jal	bf94 <__b2d>
    c244:	01092703          	lw	a4,16(s2)
    c248:	0109a783          	lw	a5,16(s3)
    c24c:	00c12683          	lw	a3,12(sp)
    c250:	40e787b3          	sub	a5,a5,a4
    c254:	00812703          	lw	a4,8(sp)
    c258:	00579793          	sll	a5,a5,0x5
    c25c:	40d70733          	sub	a4,a4,a3
    c260:	00e787b3          	add	a5,a5,a4
    c264:	00050713          	mv	a4,a0
    c268:	02f05e63          	blez	a5,c2a4 <__ratio+0x9c>
    c26c:	01479793          	sll	a5,a5,0x14
    c270:	00878433          	add	s0,a5,s0
    c274:	00058693          	mv	a3,a1
    c278:	00048513          	mv	a0,s1
    c27c:	00040593          	mv	a1,s0
    c280:	00070613          	mv	a2,a4
    c284:	900f40ef          	jal	384 <__divdf3>
    c288:	02c12083          	lw	ra,44(sp)
    c28c:	02812403          	lw	s0,40(sp)
    c290:	02412483          	lw	s1,36(sp)
    c294:	02012903          	lw	s2,32(sp)
    c298:	01c12983          	lw	s3,28(sp)
    c29c:	03010113          	add	sp,sp,48
    c2a0:	00008067          	ret
    c2a4:	01479793          	sll	a5,a5,0x14
    c2a8:	40f585b3          	sub	a1,a1,a5
    c2ac:	fc9ff06f          	j	c274 <__ratio+0x6c>

0000c2b0 <_mprec_log10>:
    c2b0:	ff010113          	add	sp,sp,-16
    c2b4:	01212023          	sw	s2,0(sp)
    c2b8:	00112623          	sw	ra,12(sp)
    c2bc:	00812423          	sw	s0,8(sp)
    c2c0:	00912223          	sw	s1,4(sp)
    c2c4:	01700793          	li	a5,23
    c2c8:	00050913          	mv	s2,a0
    c2cc:	04a7da63          	bge	a5,a0,c320 <_mprec_log10+0x70>
    c2d0:	00014737          	lui	a4,0x14
    c2d4:	6f072783          	lw	a5,1776(a4) # 146f0 <_global_impure_ptr+0x8>
    c2d8:	6f472583          	lw	a1,1780(a4)
    c2dc:	00014737          	lui	a4,0x14
    c2e0:	6f872403          	lw	s0,1784(a4) # 146f8 <_global_impure_ptr+0x10>
    c2e4:	6fc72483          	lw	s1,1788(a4)
    c2e8:	00078513          	mv	a0,a5
    c2ec:	00040613          	mv	a2,s0
    c2f0:	00048693          	mv	a3,s1
    c2f4:	f58f40ef          	jal	a4c <__muldf3>
    c2f8:	fff90913          	add	s2,s2,-1
    c2fc:	00050793          	mv	a5,a0
    c300:	fe0914e3          	bnez	s2,c2e8 <_mprec_log10+0x38>
    c304:	00c12083          	lw	ra,12(sp)
    c308:	00812403          	lw	s0,8(sp)
    c30c:	00412483          	lw	s1,4(sp)
    c310:	00012903          	lw	s2,0(sp)
    c314:	00078513          	mv	a0,a5
    c318:	01010113          	add	sp,sp,16
    c31c:	00008067          	ret
    c320:	00014737          	lui	a4,0x14
    c324:	00351913          	sll	s2,a0,0x3
    c328:	fa070713          	add	a4,a4,-96 # 13fa0 <__mprec_tens>
    c32c:	01270733          	add	a4,a4,s2
    c330:	00072783          	lw	a5,0(a4)
    c334:	00c12083          	lw	ra,12(sp)
    c338:	00812403          	lw	s0,8(sp)
    c33c:	00472583          	lw	a1,4(a4)
    c340:	00412483          	lw	s1,4(sp)
    c344:	00012903          	lw	s2,0(sp)
    c348:	00078513          	mv	a0,a5
    c34c:	01010113          	add	sp,sp,16
    c350:	00008067          	ret

0000c354 <__copybits>:
    c354:	01062683          	lw	a3,16(a2)
    c358:	fff58593          	add	a1,a1,-1
    c35c:	4055d593          	sra	a1,a1,0x5
    c360:	00158593          	add	a1,a1,1
    c364:	01460793          	add	a5,a2,20
    c368:	00269693          	sll	a3,a3,0x2
    c36c:	00259593          	sll	a1,a1,0x2
    c370:	00d786b3          	add	a3,a5,a3
    c374:	00b505b3          	add	a1,a0,a1
    c378:	02d7f863          	bgeu	a5,a3,c3a8 <__copybits+0x54>
    c37c:	00050713          	mv	a4,a0
    c380:	0007a803          	lw	a6,0(a5)
    c384:	00478793          	add	a5,a5,4
    c388:	00470713          	add	a4,a4,4
    c38c:	ff072e23          	sw	a6,-4(a4)
    c390:	fed7e8e3          	bltu	a5,a3,c380 <__copybits+0x2c>
    c394:	40c687b3          	sub	a5,a3,a2
    c398:	feb78793          	add	a5,a5,-21
    c39c:	ffc7f793          	and	a5,a5,-4
    c3a0:	00478793          	add	a5,a5,4
    c3a4:	00f50533          	add	a0,a0,a5
    c3a8:	00b57863          	bgeu	a0,a1,c3b8 <__copybits+0x64>
    c3ac:	00450513          	add	a0,a0,4
    c3b0:	fe052e23          	sw	zero,-4(a0)
    c3b4:	feb56ce3          	bltu	a0,a1,c3ac <__copybits+0x58>
    c3b8:	00008067          	ret

0000c3bc <__any_on>:
    c3bc:	01052703          	lw	a4,16(a0)
    c3c0:	4055d613          	sra	a2,a1,0x5
    c3c4:	01450693          	add	a3,a0,20
    c3c8:	02c75263          	bge	a4,a2,c3ec <__any_on+0x30>
    c3cc:	00271713          	sll	a4,a4,0x2
    c3d0:	00e687b3          	add	a5,a3,a4
    c3d4:	04f6f263          	bgeu	a3,a5,c418 <__any_on+0x5c>
    c3d8:	ffc7a703          	lw	a4,-4(a5)
    c3dc:	ffc78793          	add	a5,a5,-4
    c3e0:	fe070ae3          	beqz	a4,c3d4 <__any_on+0x18>
    c3e4:	00100513          	li	a0,1
    c3e8:	00008067          	ret
    c3ec:	00261793          	sll	a5,a2,0x2
    c3f0:	00f687b3          	add	a5,a3,a5
    c3f4:	fee650e3          	bge	a2,a4,c3d4 <__any_on+0x18>
    c3f8:	01f5f593          	and	a1,a1,31
    c3fc:	fc058ce3          	beqz	a1,c3d4 <__any_on+0x18>
    c400:	0007a603          	lw	a2,0(a5)
    c404:	00100513          	li	a0,1
    c408:	00b65733          	srl	a4,a2,a1
    c40c:	00b71733          	sll	a4,a4,a1
    c410:	fce602e3          	beq	a2,a4,c3d4 <__any_on+0x18>
    c414:	00008067          	ret
    c418:	00000513          	li	a0,0
    c41c:	00008067          	ret

0000c420 <_sbrk_r>:
    c420:	ff010113          	add	sp,sp,-16
    c424:	00812423          	sw	s0,8(sp)
    c428:	00912223          	sw	s1,4(sp)
    c42c:	00050413          	mv	s0,a0
    c430:	00058513          	mv	a0,a1
    c434:	00112623          	sw	ra,12(sp)
    c438:	1e01a223          	sw	zero,484(gp) # 200009e4 <errno>
    c43c:	cc5f30ef          	jal	100 <_sbrk>
    c440:	fff00793          	li	a5,-1
    c444:	00f50c63          	beq	a0,a5,c45c <_sbrk_r+0x3c>
    c448:	00c12083          	lw	ra,12(sp)
    c44c:	00812403          	lw	s0,8(sp)
    c450:	00412483          	lw	s1,4(sp)
    c454:	01010113          	add	sp,sp,16
    c458:	00008067          	ret
    c45c:	1e41a783          	lw	a5,484(gp) # 200009e4 <errno>
    c460:	fe0784e3          	beqz	a5,c448 <_sbrk_r+0x28>
    c464:	00c12083          	lw	ra,12(sp)
    c468:	00f42023          	sw	a5,0(s0)
    c46c:	00812403          	lw	s0,8(sp)
    c470:	00412483          	lw	s1,4(sp)
    c474:	01010113          	add	sp,sp,16
    c478:	00008067          	ret

0000c47c <frexp>:
    c47c:	ff010113          	add	sp,sp,-16
    c480:	00912223          	sw	s1,4(sp)
    c484:	800004b7          	lui	s1,0x80000
    c488:	00812423          	sw	s0,8(sp)
    c48c:	00112623          	sw	ra,12(sp)
    c490:	fff4c493          	not	s1,s1
    c494:	00060413          	mv	s0,a2
    c498:	00062023          	sw	zero,0(a2)
    c49c:	00b4f6b3          	and	a3,s1,a1
    c4a0:	7ff00637          	lui	a2,0x7ff00
    c4a4:	00058793          	mv	a5,a1
    c4a8:	00050713          	mv	a4,a0
    c4ac:	02c6fe63          	bgeu	a3,a2,c4e8 <frexp+0x6c>
    c4b0:	00a6e8b3          	or	a7,a3,a0
    c4b4:	02088a63          	beqz	a7,c4e8 <frexp+0x6c>
    c4b8:	00c5f833          	and	a6,a1,a2
    c4bc:	04080463          	beqz	a6,c504 <frexp+0x88>
    c4c0:	00000593          	li	a1,0
    c4c4:	4146d693          	sra	a3,a3,0x14
    c4c8:	80100637          	lui	a2,0x80100
    c4cc:	fff60613          	add	a2,a2,-1 # 800fffff <_stack_top+0x5fffffff>
    c4d0:	c0268693          	add	a3,a3,-1022
    c4d4:	00c7f7b3          	and	a5,a5,a2
    c4d8:	00b686b3          	add	a3,a3,a1
    c4dc:	3fe00637          	lui	a2,0x3fe00
    c4e0:	00c7e7b3          	or	a5,a5,a2
    c4e4:	00d42023          	sw	a3,0(s0)
    c4e8:	00c12083          	lw	ra,12(sp)
    c4ec:	00812403          	lw	s0,8(sp)
    c4f0:	00412483          	lw	s1,4(sp)
    c4f4:	00070513          	mv	a0,a4
    c4f8:	00078593          	mv	a1,a5
    c4fc:	01010113          	add	sp,sp,16
    c500:	00008067          	ret
    c504:	000147b7          	lui	a5,0x14
    c508:	7047a683          	lw	a3,1796(a5) # 14704 <_global_impure_ptr+0x1c>
    c50c:	7007a603          	lw	a2,1792(a5)
    c510:	d3cf40ef          	jal	a4c <__muldf3>
    c514:	00058793          	mv	a5,a1
    c518:	00b4f6b3          	and	a3,s1,a1
    c51c:	00050713          	mv	a4,a0
    c520:	fca00593          	li	a1,-54
    c524:	fa1ff06f          	j	c4c4 <frexp+0x48>

0000c528 <_sprintf_r>:
    c528:	f6010113          	add	sp,sp,-160
    c52c:	08c10e93          	add	t4,sp,140
    c530:	08f12a23          	sw	a5,148(sp)
    c534:	80000337          	lui	t1,0x80000
    c538:	ffff07b7          	lui	a5,0xffff0
    c53c:	00058e13          	mv	t3,a1
    c540:	fff34313          	not	t1,t1
    c544:	08d12623          	sw	a3,140(sp)
    c548:	20878793          	add	a5,a5,520 # ffff0208 <_stack_top+0xdfef0208>
    c54c:	00810593          	add	a1,sp,8
    c550:	000e8693          	mv	a3,t4
    c554:	06112e23          	sw	ra,124(sp)
    c558:	00f12a23          	sw	a5,20(sp)
    c55c:	08e12823          	sw	a4,144(sp)
    c560:	09012c23          	sw	a6,152(sp)
    c564:	09112e23          	sw	a7,156(sp)
    c568:	01c12423          	sw	t3,8(sp)
    c56c:	01c12c23          	sw	t3,24(sp)
    c570:	00612823          	sw	t1,16(sp)
    c574:	00612e23          	sw	t1,28(sp)
    c578:	01d12223          	sw	t4,4(sp)
    c57c:	3e4000ef          	jal	c960 <_svfprintf_r>
    c580:	00812783          	lw	a5,8(sp)
    c584:	00078023          	sb	zero,0(a5)
    c588:	07c12083          	lw	ra,124(sp)
    c58c:	0a010113          	add	sp,sp,160
    c590:	00008067          	ret

0000c594 <sprintf>:
    c594:	00050e13          	mv	t3,a0
    c598:	f6010113          	add	sp,sp,-160
    c59c:	19c1a503          	lw	a0,412(gp) # 2000099c <_impure_ptr>
    c5a0:	08810e93          	add	t4,sp,136
    c5a4:	08f12a23          	sw	a5,148(sp)
    c5a8:	80000337          	lui	t1,0x80000
    c5ac:	ffff07b7          	lui	a5,0xffff0
    c5b0:	fff34313          	not	t1,t1
    c5b4:	08c12423          	sw	a2,136(sp)
    c5b8:	08d12623          	sw	a3,140(sp)
    c5bc:	20878793          	add	a5,a5,520 # ffff0208 <_stack_top+0xdfef0208>
    c5c0:	00058613          	mv	a2,a1
    c5c4:	000e8693          	mv	a3,t4
    c5c8:	00810593          	add	a1,sp,8
    c5cc:	06112e23          	sw	ra,124(sp)
    c5d0:	00f12a23          	sw	a5,20(sp)
    c5d4:	08e12823          	sw	a4,144(sp)
    c5d8:	09012c23          	sw	a6,152(sp)
    c5dc:	09112e23          	sw	a7,156(sp)
    c5e0:	01c12423          	sw	t3,8(sp)
    c5e4:	01c12c23          	sw	t3,24(sp)
    c5e8:	00612823          	sw	t1,16(sp)
    c5ec:	00612e23          	sw	t1,28(sp)
    c5f0:	01d12223          	sw	t4,4(sp)
    c5f4:	36c000ef          	jal	c960 <_svfprintf_r>
    c5f8:	00812783          	lw	a5,8(sp)
    c5fc:	00078023          	sb	zero,0(a5)
    c600:	07c12083          	lw	ra,124(sp)
    c604:	0a010113          	add	sp,sp,160
    c608:	00008067          	ret

0000c60c <__sread>:
    c60c:	ff010113          	add	sp,sp,-16
    c610:	00812423          	sw	s0,8(sp)
    c614:	00058413          	mv	s0,a1
    c618:	00e59583          	lh	a1,14(a1)
    c61c:	00112623          	sw	ra,12(sp)
    c620:	7b5040ef          	jal	115d4 <_read_r>
    c624:	02054063          	bltz	a0,c644 <__sread+0x38>
    c628:	05042783          	lw	a5,80(s0)
    c62c:	00c12083          	lw	ra,12(sp)
    c630:	00a787b3          	add	a5,a5,a0
    c634:	04f42823          	sw	a5,80(s0)
    c638:	00812403          	lw	s0,8(sp)
    c63c:	01010113          	add	sp,sp,16
    c640:	00008067          	ret
    c644:	00c45783          	lhu	a5,12(s0)
    c648:	fffff737          	lui	a4,0xfffff
    c64c:	fff70713          	add	a4,a4,-1 # ffffefff <_stack_top+0xdfefefff>
    c650:	00e7f7b3          	and	a5,a5,a4
    c654:	00c12083          	lw	ra,12(sp)
    c658:	00f41623          	sh	a5,12(s0)
    c65c:	00812403          	lw	s0,8(sp)
    c660:	01010113          	add	sp,sp,16
    c664:	00008067          	ret

0000c668 <__seofread>:
    c668:	00000513          	li	a0,0
    c66c:	00008067          	ret

0000c670 <__swrite>:
    c670:	00c59783          	lh	a5,12(a1)
    c674:	fe010113          	add	sp,sp,-32
    c678:	00812c23          	sw	s0,24(sp)
    c67c:	00912a23          	sw	s1,20(sp)
    c680:	01212823          	sw	s2,16(sp)
    c684:	01312623          	sw	s3,12(sp)
    c688:	00112e23          	sw	ra,28(sp)
    c68c:	1007f713          	and	a4,a5,256
    c690:	00058413          	mv	s0,a1
    c694:	00050493          	mv	s1,a0
    c698:	00060913          	mv	s2,a2
    c69c:	00068993          	mv	s3,a3
    c6a0:	04071063          	bnez	a4,c6e0 <__swrite+0x70>
    c6a4:	fffff737          	lui	a4,0xfffff
    c6a8:	fff70713          	add	a4,a4,-1 # ffffefff <_stack_top+0xdfefefff>
    c6ac:	00e7f7b3          	and	a5,a5,a4
    c6b0:	00e41583          	lh	a1,14(s0)
    c6b4:	00f41623          	sh	a5,12(s0)
    c6b8:	01812403          	lw	s0,24(sp)
    c6bc:	01c12083          	lw	ra,28(sp)
    c6c0:	00098693          	mv	a3,s3
    c6c4:	00090613          	mv	a2,s2
    c6c8:	00c12983          	lw	s3,12(sp)
    c6cc:	01012903          	lw	s2,16(sp)
    c6d0:	00048513          	mv	a0,s1
    c6d4:	01412483          	lw	s1,20(sp)
    c6d8:	02010113          	add	sp,sp,32
    c6dc:	11c0406f          	j	107f8 <_write_r>
    c6e0:	00e59583          	lh	a1,14(a1)
    c6e4:	00200693          	li	a3,2
    c6e8:	00000613          	li	a2,0
    c6ec:	3c1040ef          	jal	112ac <_lseek_r>
    c6f0:	00c41783          	lh	a5,12(s0)
    c6f4:	fb1ff06f          	j	c6a4 <__swrite+0x34>

0000c6f8 <__sseek>:
    c6f8:	ff010113          	add	sp,sp,-16
    c6fc:	00812423          	sw	s0,8(sp)
    c700:	00058413          	mv	s0,a1
    c704:	00e59583          	lh	a1,14(a1)
    c708:	00112623          	sw	ra,12(sp)
    c70c:	3a1040ef          	jal	112ac <_lseek_r>
    c710:	fff00793          	li	a5,-1
    c714:	02f50863          	beq	a0,a5,c744 <__sseek+0x4c>
    c718:	00c45783          	lhu	a5,12(s0)
    c71c:	00001737          	lui	a4,0x1
    c720:	00c12083          	lw	ra,12(sp)
    c724:	00e7e7b3          	or	a5,a5,a4
    c728:	01079793          	sll	a5,a5,0x10
    c72c:	4107d793          	sra	a5,a5,0x10
    c730:	04a42823          	sw	a0,80(s0)
    c734:	00f41623          	sh	a5,12(s0)
    c738:	00812403          	lw	s0,8(sp)
    c73c:	01010113          	add	sp,sp,16
    c740:	00008067          	ret
    c744:	00c45783          	lhu	a5,12(s0)
    c748:	fffff737          	lui	a4,0xfffff
    c74c:	fff70713          	add	a4,a4,-1 # ffffefff <_stack_top+0xdfefefff>
    c750:	00e7f7b3          	and	a5,a5,a4
    c754:	01079793          	sll	a5,a5,0x10
    c758:	4107d793          	sra	a5,a5,0x10
    c75c:	00c12083          	lw	ra,12(sp)
    c760:	00f41623          	sh	a5,12(s0)
    c764:	00812403          	lw	s0,8(sp)
    c768:	01010113          	add	sp,sp,16
    c76c:	00008067          	ret

0000c770 <__sclose>:
    c770:	00e59583          	lh	a1,14(a1)
    c774:	23c0406f          	j	109b0 <_close_r>

0000c778 <strcpy>:
    c778:	00b567b3          	or	a5,a0,a1
    c77c:	0037f793          	and	a5,a5,3
    c780:	08079263          	bnez	a5,c804 <strcpy+0x8c>
    c784:	0005a703          	lw	a4,0(a1)
    c788:	7f7f86b7          	lui	a3,0x7f7f8
    c78c:	f7f68693          	add	a3,a3,-129 # 7f7f7f7f <_stack_top+0x5f6f7f7f>
    c790:	00d777b3          	and	a5,a4,a3
    c794:	00d787b3          	add	a5,a5,a3
    c798:	00e7e7b3          	or	a5,a5,a4
    c79c:	00d7e7b3          	or	a5,a5,a3
    c7a0:	fff00613          	li	a2,-1
    c7a4:	06c79e63          	bne	a5,a2,c820 <strcpy+0xa8>
    c7a8:	00050613          	mv	a2,a0
    c7ac:	fff00813          	li	a6,-1
    c7b0:	00e62023          	sw	a4,0(a2) # 3fe00000 <_stack_top+0x1fd00000>
    c7b4:	0045a703          	lw	a4,4(a1)
    c7b8:	00458593          	add	a1,a1,4
    c7bc:	00460613          	add	a2,a2,4
    c7c0:	00d777b3          	and	a5,a4,a3
    c7c4:	00d787b3          	add	a5,a5,a3
    c7c8:	00e7e7b3          	or	a5,a5,a4
    c7cc:	00d7e7b3          	or	a5,a5,a3
    c7d0:	ff0780e3          	beq	a5,a6,c7b0 <strcpy+0x38>
    c7d4:	0005c783          	lbu	a5,0(a1)
    c7d8:	0015c703          	lbu	a4,1(a1)
    c7dc:	0025c683          	lbu	a3,2(a1)
    c7e0:	00f60023          	sb	a5,0(a2)
    c7e4:	00078a63          	beqz	a5,c7f8 <strcpy+0x80>
    c7e8:	00e600a3          	sb	a4,1(a2)
    c7ec:	00070663          	beqz	a4,c7f8 <strcpy+0x80>
    c7f0:	00d60123          	sb	a3,2(a2)
    c7f4:	00069463          	bnez	a3,c7fc <strcpy+0x84>
    c7f8:	00008067          	ret
    c7fc:	000601a3          	sb	zero,3(a2)
    c800:	00008067          	ret
    c804:	00050793          	mv	a5,a0
    c808:	0005c703          	lbu	a4,0(a1)
    c80c:	00178793          	add	a5,a5,1
    c810:	00158593          	add	a1,a1,1
    c814:	fee78fa3          	sb	a4,-1(a5)
    c818:	fe0718e3          	bnez	a4,c808 <strcpy+0x90>
    c81c:	00008067          	ret
    c820:	00050613          	mv	a2,a0
    c824:	fb1ff06f          	j	c7d4 <strcpy+0x5c>

0000c828 <strlen>:
    c828:	00357793          	and	a5,a0,3
    c82c:	00050713          	mv	a4,a0
    c830:	04079c63          	bnez	a5,c888 <strlen+0x60>
    c834:	7f7f86b7          	lui	a3,0x7f7f8
    c838:	f7f68693          	add	a3,a3,-129 # 7f7f7f7f <_stack_top+0x5f6f7f7f>
    c83c:	fff00593          	li	a1,-1
    c840:	00072603          	lw	a2,0(a4)
    c844:	00470713          	add	a4,a4,4
    c848:	00d677b3          	and	a5,a2,a3
    c84c:	00d787b3          	add	a5,a5,a3
    c850:	00c7e7b3          	or	a5,a5,a2
    c854:	00d7e7b3          	or	a5,a5,a3
    c858:	feb784e3          	beq	a5,a1,c840 <strlen+0x18>
    c85c:	ffc74683          	lbu	a3,-4(a4)
    c860:	40a707b3          	sub	a5,a4,a0
    c864:	04068463          	beqz	a3,c8ac <strlen+0x84>
    c868:	ffd74683          	lbu	a3,-3(a4)
    c86c:	02068c63          	beqz	a3,c8a4 <strlen+0x7c>
    c870:	ffe74503          	lbu	a0,-2(a4)
    c874:	00a03533          	snez	a0,a0
    c878:	00f50533          	add	a0,a0,a5
    c87c:	ffe50513          	add	a0,a0,-2
    c880:	00008067          	ret
    c884:	fa0688e3          	beqz	a3,c834 <strlen+0xc>
    c888:	00074783          	lbu	a5,0(a4)
    c88c:	00170713          	add	a4,a4,1
    c890:	00377693          	and	a3,a4,3
    c894:	fe0798e3          	bnez	a5,c884 <strlen+0x5c>
    c898:	40a70733          	sub	a4,a4,a0
    c89c:	fff70513          	add	a0,a4,-1
    c8a0:	00008067          	ret
    c8a4:	ffd78513          	add	a0,a5,-3
    c8a8:	00008067          	ret
    c8ac:	ffc78513          	add	a0,a5,-4
    c8b0:	00008067          	ret

0000c8b4 <strncpy>:
    c8b4:	00b567b3          	or	a5,a0,a1
    c8b8:	0037f793          	and	a5,a5,3
    c8bc:	00050713          	mv	a4,a0
    c8c0:	06079a63          	bnez	a5,c934 <strncpy+0x80>
    c8c4:	00300793          	li	a5,3
    c8c8:	06c7f663          	bgeu	a5,a2,c934 <strncpy+0x80>
    c8cc:	feff0337          	lui	t1,0xfeff0
    c8d0:	808088b7          	lui	a7,0x80808
    c8d4:	eff30313          	add	t1,t1,-257 # fefefeff <_stack_top+0xdeeefeff>
    c8d8:	08088893          	add	a7,a7,128 # 80808080 <_stack_top+0x60708080>
    c8dc:	00300e13          	li	t3,3
    c8e0:	0180006f          	j	c8f8 <strncpy+0x44>
    c8e4:	00d72023          	sw	a3,0(a4)
    c8e8:	ffc60613          	add	a2,a2,-4
    c8ec:	00470713          	add	a4,a4,4
    c8f0:	00458593          	add	a1,a1,4
    c8f4:	04ce7063          	bgeu	t3,a2,c934 <strncpy+0x80>
    c8f8:	0005a683          	lw	a3,0(a1)
    c8fc:	006687b3          	add	a5,a3,t1
    c900:	fff6c813          	not	a6,a3
    c904:	0107f7b3          	and	a5,a5,a6
    c908:	0117f7b3          	and	a5,a5,a7
    c90c:	fc078ce3          	beqz	a5,c8e4 <strncpy+0x30>
    c910:	00158593          	add	a1,a1,1
    c914:	00170793          	add	a5,a4,1
    c918:	02060463          	beqz	a2,c940 <strncpy+0x8c>
    c91c:	fff5c683          	lbu	a3,-1(a1)
    c920:	fff60813          	add	a6,a2,-1
    c924:	fed78fa3          	sb	a3,-1(a5)
    c928:	00068e63          	beqz	a3,c944 <strncpy+0x90>
    c92c:	00078713          	mv	a4,a5
    c930:	00080613          	mv	a2,a6
    c934:	00158593          	add	a1,a1,1
    c938:	00170793          	add	a5,a4,1
    c93c:	fe0610e3          	bnez	a2,c91c <strncpy+0x68>
    c940:	00008067          	ret
    c944:	00c70733          	add	a4,a4,a2
    c948:	00080a63          	beqz	a6,c95c <strncpy+0xa8>
    c94c:	00178793          	add	a5,a5,1
    c950:	fe078fa3          	sb	zero,-1(a5)
    c954:	fee79ce3          	bne	a5,a4,c94c <strncpy+0x98>
    c958:	00008067          	ret
    c95c:	00008067          	ret

0000c960 <_svfprintf_r>:
    c960:	e1010113          	add	sp,sp,-496
    c964:	1e112623          	sw	ra,492(sp)
    c968:	1e812423          	sw	s0,488(sp)
    c96c:	00b12423          	sw	a1,8(sp)
    c970:	00058413          	mv	s0,a1
    c974:	00c12623          	sw	a2,12(sp)
    c978:	00d12c23          	sw	a3,24(sp)
    c97c:	1e912223          	sw	s1,484(sp)
    c980:	1f212023          	sw	s2,480(sp)
    c984:	1d312e23          	sw	s3,476(sp)
    c988:	1d412c23          	sw	s4,472(sp)
    c98c:	1d512a23          	sw	s5,468(sp)
    c990:	1d612823          	sw	s6,464(sp)
    c994:	1d712623          	sw	s7,460(sp)
    c998:	1d812423          	sw	s8,456(sp)
    c99c:	1d912223          	sw	s9,452(sp)
    c9a0:	1da12023          	sw	s10,448(sp)
    c9a4:	1bb12e23          	sw	s11,444(sp)
    c9a8:	02a12823          	sw	a0,48(sp)
    c9ac:	c49fd0ef          	jal	a5f4 <_localeconv_r>
    c9b0:	00052783          	lw	a5,0(a0)
    c9b4:	00078513          	mv	a0,a5
    c9b8:	02f12c23          	sw	a5,56(sp)
    c9bc:	e6dff0ef          	jal	c828 <strlen>
    c9c0:	00c45783          	lhu	a5,12(s0)
    c9c4:	0e012823          	sw	zero,240(sp)
    c9c8:	0e012a23          	sw	zero,244(sp)
    c9cc:	0e012c23          	sw	zero,248(sp)
    c9d0:	0e012e23          	sw	zero,252(sp)
    c9d4:	0807f793          	and	a5,a5,128
    c9d8:	02a12a23          	sw	a0,52(sp)
    c9dc:	00c12283          	lw	t0,12(sp)
    c9e0:	00078863          	beqz	a5,c9f0 <_svfprintf_r+0x90>
    c9e4:	01042783          	lw	a5,16(s0)
    c9e8:	00079463          	bnez	a5,c9f0 <_svfprintf_r+0x90>
    c9ec:	3ec0106f          	j	ddd8 <_svfprintf_r+0x1478>
    c9f0:	000147b7          	lui	a5,0x14
    c9f4:	06878793          	add	a5,a5,104 # 14068 <__mprec_tens+0xc8>
    c9f8:	00f12e23          	sw	a5,28(sp)
    c9fc:	000147b7          	lui	a5,0x14
    ca00:	26c78793          	add	a5,a5,620 # 1426c <zeroes.0>
    ca04:	00028c13          	mv	s8,t0
    ca08:	00f12623          	sw	a5,12(sp)
    ca0c:	000c4783          	lbu	a5,0(s8)
    ca10:	10c10b13          	add	s6,sp,268
    ca14:	0f612223          	sw	s6,228(sp)
    ca18:	0e012623          	sw	zero,236(sp)
    ca1c:	0e012423          	sw	zero,232(sp)
    ca20:	02012223          	sw	zero,36(sp)
    ca24:	02012e23          	sw	zero,60(sp)
    ca28:	04012223          	sw	zero,68(sp)
    ca2c:	04012023          	sw	zero,64(sp)
    ca30:	04012623          	sw	zero,76(sp)
    ca34:	04012423          	sw	zero,72(sp)
    ca38:	00012823          	sw	zero,16(sp)
    ca3c:	03012983          	lw	s3,48(sp)
    ca40:	000b0413          	mv	s0,s6
    ca44:	22078463          	beqz	a5,cc6c <_svfprintf_r+0x30c>
    ca48:	000c0493          	mv	s1,s8
    ca4c:	02500713          	li	a4,37
    ca50:	3ce78e63          	beq	a5,a4,ce2c <_svfprintf_r+0x4cc>
    ca54:	0014c783          	lbu	a5,1(s1) # 80000001 <_stack_top+0x5ff00001>
    ca58:	00148493          	add	s1,s1,1
    ca5c:	fe079ae3          	bnez	a5,ca50 <_svfprintf_r+0xf0>
    ca60:	41848933          	sub	s2,s1,s8
    ca64:	21848463          	beq	s1,s8,cc6c <_svfprintf_r+0x30c>
    ca68:	0ec12703          	lw	a4,236(sp)
    ca6c:	0e812783          	lw	a5,232(sp)
    ca70:	01842023          	sw	s8,0(s0)
    ca74:	01270733          	add	a4,a4,s2
    ca78:	00178793          	add	a5,a5,1
    ca7c:	01242223          	sw	s2,4(s0)
    ca80:	0ee12623          	sw	a4,236(sp)
    ca84:	0ef12423          	sw	a5,232(sp)
    ca88:	00700713          	li	a4,7
    ca8c:	00840413          	add	s0,s0,8
    ca90:	3af74663          	blt	a4,a5,ce3c <_svfprintf_r+0x4dc>
    ca94:	01012703          	lw	a4,16(sp)
    ca98:	0004c783          	lbu	a5,0(s1)
    ca9c:	01270733          	add	a4,a4,s2
    caa0:	00e12823          	sw	a4,16(sp)
    caa4:	1c078463          	beqz	a5,cc6c <_svfprintf_r+0x30c>
    caa8:	0014c883          	lbu	a7,1(s1)
    caac:	0c0103a3          	sb	zero,199(sp)
    cab0:	00148493          	add	s1,s1,1
    cab4:	fff00913          	li	s2,-1
    cab8:	00000a13          	li	s4,0
    cabc:	00000b93          	li	s7,0
    cac0:	05a00c93          	li	s9,90
    cac4:	00148493          	add	s1,s1,1
    cac8:	fe088793          	add	a5,a7,-32
    cacc:	04fce663          	bltu	s9,a5,cb18 <_svfprintf_r+0x1b8>
    cad0:	01c12703          	lw	a4,28(sp)
    cad4:	00279793          	sll	a5,a5,0x2
    cad8:	00e787b3          	add	a5,a5,a4
    cadc:	0007a783          	lw	a5,0(a5)
    cae0:	00078067          	jr	a5
    cae4:	00000a13          	li	s4,0
    cae8:	fd088793          	add	a5,a7,-48
    caec:	00900693          	li	a3,9
    caf0:	0004c883          	lbu	a7,0(s1)
    caf4:	002a1713          	sll	a4,s4,0x2
    caf8:	01470a33          	add	s4,a4,s4
    cafc:	001a1a13          	sll	s4,s4,0x1
    cb00:	01478a33          	add	s4,a5,s4
    cb04:	fd088793          	add	a5,a7,-48
    cb08:	00148493          	add	s1,s1,1
    cb0c:	fef6f2e3          	bgeu	a3,a5,caf0 <_svfprintf_r+0x190>
    cb10:	fe088793          	add	a5,a7,-32
    cb14:	fafcfee3          	bgeu	s9,a5,cad0 <_svfprintf_r+0x170>
    cb18:	14088a63          	beqz	a7,cc6c <_svfprintf_r+0x30c>
    cb1c:	15110623          	sb	a7,332(sp)
    cb20:	0c0103a3          	sb	zero,199(sp)
    cb24:	00100c93          	li	s9,1
    cb28:	00100d13          	li	s10,1
    cb2c:	14c10c13          	add	s8,sp,332
    cb30:	00012a23          	sw	zero,20(sp)
    cb34:	00000913          	li	s2,0
    cb38:	02012423          	sw	zero,40(sp)
    cb3c:	02012623          	sw	zero,44(sp)
    cb40:	02012023          	sw	zero,32(sp)
    cb44:	002bff93          	and	t6,s7,2
    cb48:	000f8463          	beqz	t6,cb50 <_svfprintf_r+0x1f0>
    cb4c:	002c8c93          	add	s9,s9,2
    cb50:	084bfd93          	and	s11,s7,132
    cb54:	000d9663          	bnez	s11,cb60 <_svfprintf_r+0x200>
    cb58:	419a0733          	sub	a4,s4,s9
    cb5c:	40e048e3          	bgtz	a4,d76c <_svfprintf_r+0xe0c>
    cb60:	0c714703          	lbu	a4,199(sp)
    cb64:	02070c63          	beqz	a4,cb9c <_svfprintf_r+0x23c>
    cb68:	0ec12603          	lw	a2,236(sp)
    cb6c:	0e812703          	lw	a4,232(sp)
    cb70:	0c710593          	add	a1,sp,199
    cb74:	00160613          	add	a2,a2,1
    cb78:	00b42023          	sw	a1,0(s0)
    cb7c:	00170713          	add	a4,a4,1
    cb80:	00100593          	li	a1,1
    cb84:	00b42223          	sw	a1,4(s0)
    cb88:	0ec12623          	sw	a2,236(sp)
    cb8c:	0ee12423          	sw	a4,232(sp)
    cb90:	00700613          	li	a2,7
    cb94:	00840413          	add	s0,s0,8
    cb98:	3ce64463          	blt	a2,a4,cf60 <_svfprintf_r+0x600>
    cb9c:	020f8c63          	beqz	t6,cbd4 <_svfprintf_r+0x274>
    cba0:	0ec12603          	lw	a2,236(sp)
    cba4:	0e812703          	lw	a4,232(sp)
    cba8:	0c810793          	add	a5,sp,200
    cbac:	00260613          	add	a2,a2,2
    cbb0:	00170713          	add	a4,a4,1
    cbb4:	00200593          	li	a1,2
    cbb8:	00f42023          	sw	a5,0(s0)
    cbbc:	00b42223          	sw	a1,4(s0)
    cbc0:	0ec12623          	sw	a2,236(sp)
    cbc4:	0ee12423          	sw	a4,232(sp)
    cbc8:	00700613          	li	a2,7
    cbcc:	00840413          	add	s0,s0,8
    cbd0:	4ae640e3          	blt	a2,a4,d870 <_svfprintf_r+0xf10>
    cbd4:	08000713          	li	a4,128
    cbd8:	18ed88e3          	beq	s11,a4,d568 <_svfprintf_r+0xc08>
    cbdc:	41a90933          	sub	s2,s2,s10
    cbe0:	27204ce3          	bgtz	s2,d658 <_svfprintf_r+0xcf8>
    cbe4:	100bf713          	and	a4,s7,256
    cbe8:	7e071663          	bnez	a4,d3d4 <_svfprintf_r+0xa74>
    cbec:	0ec12703          	lw	a4,236(sp)
    cbf0:	0e812603          	lw	a2,232(sp)
    cbf4:	01842023          	sw	s8,0(s0)
    cbf8:	00ed0733          	add	a4,s10,a4
    cbfc:	00160613          	add	a2,a2,1
    cc00:	01a42223          	sw	s10,4(s0)
    cc04:	0ee12623          	sw	a4,236(sp)
    cc08:	0ec12423          	sw	a2,232(sp)
    cc0c:	00700593          	li	a1,7
    cc10:	48c5c063          	blt	a1,a2,d090 <_svfprintf_r+0x730>
    cc14:	00840413          	add	s0,s0,8
    cc18:	004bf793          	and	a5,s7,4
    cc1c:	00078663          	beqz	a5,cc28 <_svfprintf_r+0x2c8>
    cc20:	419a0933          	sub	s2,s4,s9
    cc24:	472048e3          	bgtz	s2,d894 <_svfprintf_r+0xf34>
    cc28:	000a0313          	mv	t1,s4
    cc2c:	019a5463          	bge	s4,s9,cc34 <_svfprintf_r+0x2d4>
    cc30:	000c8313          	mv	t1,s9
    cc34:	01012783          	lw	a5,16(sp)
    cc38:	006787b3          	add	a5,a5,t1
    cc3c:	00f12823          	sw	a5,16(sp)
    cc40:	2e071ce3          	bnez	a4,d738 <_svfprintf_r+0xdd8>
    cc44:	01412783          	lw	a5,20(sp)
    cc48:	0e012423          	sw	zero,232(sp)
    cc4c:	00078863          	beqz	a5,cc5c <_svfprintf_r+0x2fc>
    cc50:	01412583          	lw	a1,20(sp)
    cc54:	00098513          	mv	a0,s3
    cc58:	8d1fa0ef          	jal	7528 <_free_r>
    cc5c:	000b0413          	mv	s0,s6
    cc60:	00048c13          	mv	s8,s1
    cc64:	000c4783          	lbu	a5,0(s8)
    cc68:	de0790e3          	bnez	a5,ca48 <_svfprintf_r+0xe8>
    cc6c:	0ec12783          	lw	a5,236(sp)
    cc70:	00078463          	beqz	a5,cc78 <_svfprintf_r+0x318>
    cc74:	3e90106f          	j	e85c <_svfprintf_r+0x1efc>
    cc78:	00812783          	lw	a5,8(sp)
    cc7c:	00c7d783          	lhu	a5,12(a5)
    cc80:	0407f793          	and	a5,a5,64
    cc84:	00078463          	beqz	a5,cc8c <_svfprintf_r+0x32c>
    cc88:	4a00206f          	j	f128 <_svfprintf_r+0x27c8>
    cc8c:	1ec12083          	lw	ra,492(sp)
    cc90:	1e812403          	lw	s0,488(sp)
    cc94:	01012503          	lw	a0,16(sp)
    cc98:	1e412483          	lw	s1,484(sp)
    cc9c:	1e012903          	lw	s2,480(sp)
    cca0:	1dc12983          	lw	s3,476(sp)
    cca4:	1d812a03          	lw	s4,472(sp)
    cca8:	1d412a83          	lw	s5,468(sp)
    ccac:	1d012b03          	lw	s6,464(sp)
    ccb0:	1cc12b83          	lw	s7,460(sp)
    ccb4:	1c812c03          	lw	s8,456(sp)
    ccb8:	1c412c83          	lw	s9,452(sp)
    ccbc:	1c012d03          	lw	s10,448(sp)
    ccc0:	1bc12d83          	lw	s11,444(sp)
    ccc4:	1f010113          	add	sp,sp,496
    ccc8:	00008067          	ret
    cccc:	00098513          	mv	a0,s3
    ccd0:	925fd0ef          	jal	a5f4 <_localeconv_r>
    ccd4:	00452783          	lw	a5,4(a0)
    ccd8:	00078513          	mv	a0,a5
    ccdc:	04f12423          	sw	a5,72(sp)
    cce0:	b49ff0ef          	jal	c828 <strlen>
    cce4:	00050793          	mv	a5,a0
    cce8:	00098513          	mv	a0,s3
    ccec:	00078a93          	mv	s5,a5
    ccf0:	04f12623          	sw	a5,76(sp)
    ccf4:	901fd0ef          	jal	a5f4 <_localeconv_r>
    ccf8:	00852703          	lw	a4,8(a0)
    ccfc:	04e12023          	sw	a4,64(sp)
    cd00:	000a8463          	beqz	s5,cd08 <_svfprintf_r+0x3a8>
    cd04:	7d90006f          	j	dcdc <_svfprintf_r+0x137c>
    cd08:	0004c883          	lbu	a7,0(s1)
    cd0c:	db9ff06f          	j	cac4 <_svfprintf_r+0x164>
    cd10:	0004c883          	lbu	a7,0(s1)
    cd14:	020beb93          	or	s7,s7,32
    cd18:	dadff06f          	j	cac4 <_svfprintf_r+0x164>
    cd1c:	010beb93          	or	s7,s7,16
    cd20:	020bf713          	and	a4,s7,32
    cd24:	3a070e63          	beqz	a4,d0e0 <_svfprintf_r+0x780>
    cd28:	01812783          	lw	a5,24(sp)
    cd2c:	00778a93          	add	s5,a5,7
    cd30:	ff8afa93          	and	s5,s5,-8
    cd34:	004aa703          	lw	a4,4(s5)
    cd38:	000aac83          	lw	s9,0(s5)
    cd3c:	008a8793          	add	a5,s5,8
    cd40:	00f12c23          	sw	a5,24(sp)
    cd44:	00070d13          	mv	s10,a4
    cd48:	3c074663          	bltz	a4,d114 <_svfprintf_r+0x7b4>
    cd4c:	fff00713          	li	a4,-1
    cd50:	000b8d93          	mv	s11,s7
    cd54:	00e90a63          	beq	s2,a4,cd68 <_svfprintf_r+0x408>
    cd58:	01ace733          	or	a4,s9,s10
    cd5c:	f7fbfd93          	and	s11,s7,-129
    cd60:	00071463          	bnez	a4,cd68 <_svfprintf_r+0x408>
    cd64:	7ad0006f          	j	dd10 <_svfprintf_r+0x13b0>
    cd68:	000d0463          	beqz	s10,cd70 <_svfprintf_r+0x410>
    cd6c:	36c0106f          	j	e0d8 <_svfprintf_r+0x1778>
    cd70:	00900793          	li	a5,9
    cd74:	0197f463          	bgeu	a5,s9,cd7c <_svfprintf_r+0x41c>
    cd78:	3600106f          	j	e0d8 <_svfprintf_r+0x1778>
    cd7c:	030c8c93          	add	s9,s9,48
    cd80:	1b9107a3          	sb	s9,431(sp)
    cd84:	000d8b93          	mv	s7,s11
    cd88:	00100d13          	li	s10,1
    cd8c:	1af10c13          	add	s8,sp,431
    cd90:	0c714703          	lbu	a4,199(sp)
    cd94:	000d0c93          	mv	s9,s10
    cd98:	012d5463          	bge	s10,s2,cda0 <_svfprintf_r+0x440>
    cd9c:	00090c93          	mv	s9,s2
    cda0:	00012a23          	sw	zero,20(sp)
    cda4:	02012423          	sw	zero,40(sp)
    cda8:	02012623          	sw	zero,44(sp)
    cdac:	02012023          	sw	zero,32(sp)
    cdb0:	d8070ae3          	beqz	a4,cb44 <_svfprintf_r+0x1e4>
    cdb4:	001c8c93          	add	s9,s9,1
    cdb8:	d8dff06f          	j	cb44 <_svfprintf_r+0x1e4>
    cdbc:	010beb93          	or	s7,s7,16
    cdc0:	020bf713          	and	a4,s7,32
    cdc4:	2e070663          	beqz	a4,d0b0 <_svfprintf_r+0x750>
    cdc8:	01812783          	lw	a5,24(sp)
    cdcc:	00778a93          	add	s5,a5,7
    cdd0:	ff8afa93          	and	s5,s5,-8
    cdd4:	000aac83          	lw	s9,0(s5)
    cdd8:	004aad03          	lw	s10,4(s5)
    cddc:	008a8793          	add	a5,s5,8
    cde0:	00f12c23          	sw	a5,24(sp)
    cde4:	bffbfd93          	and	s11,s7,-1025
    cde8:	00000693          	li	a3,0
    cdec:	00000793          	li	a5,0
    cdf0:	0cf103a3          	sb	a5,199(sp)
    cdf4:	fff00793          	li	a5,-1
    cdf8:	34f90263          	beq	s2,a5,d13c <_svfprintf_r+0x7dc>
    cdfc:	01ace733          	or	a4,s9,s10
    ce00:	f7fdfb93          	and	s7,s11,-129
    ce04:	160710e3          	bnez	a4,d764 <_svfprintf_r+0xe04>
    ce08:	70091263          	bnez	s2,d50c <_svfprintf_r+0xbac>
    ce0c:	5e0696e3          	bnez	a3,dbf8 <_svfprintf_r+0x1298>
    ce10:	001dfd13          	and	s10,s11,1
    ce14:	1b010c13          	add	s8,sp,432
    ce18:	f60d0ce3          	beqz	s10,cd90 <_svfprintf_r+0x430>
    ce1c:	03000713          	li	a4,48
    ce20:	1ae107a3          	sb	a4,431(sp)
    ce24:	1af10c13          	add	s8,sp,431
    ce28:	f69ff06f          	j	cd90 <_svfprintf_r+0x430>
    ce2c:	41848933          	sub	s2,s1,s8
    ce30:	c3849ce3          	bne	s1,s8,ca68 <_svfprintf_r+0x108>
    ce34:	0004c783          	lbu	a5,0(s1)
    ce38:	c6dff06f          	j	caa4 <_svfprintf_r+0x144>
    ce3c:	00812583          	lw	a1,8(sp)
    ce40:	0e410613          	add	a2,sp,228
    ce44:	00098513          	mv	a0,s3
    ce48:	6f9040ef          	jal	11d40 <__ssprint_r>
    ce4c:	e20516e3          	bnez	a0,cc78 <_svfprintf_r+0x318>
    ce50:	000b0413          	mv	s0,s6
    ce54:	c41ff06f          	j	ca94 <_svfprintf_r+0x134>
    ce58:	008bf713          	and	a4,s7,8
    ce5c:	620718e3          	bnez	a4,dc8c <_svfprintf_r+0x132c>
    ce60:	01812783          	lw	a5,24(sp)
    ce64:	0b010513          	add	a0,sp,176
    ce68:	01112a23          	sw	a7,20(sp)
    ce6c:	00778a93          	add	s5,a5,7
    ce70:	ff8afa93          	and	s5,s5,-8
    ce74:	000aa583          	lw	a1,0(s5)
    ce78:	004aa603          	lw	a2,4(s5)
    ce7c:	008a8793          	add	a5,s5,8
    ce80:	00f12c23          	sw	a5,24(sp)
    ce84:	cb5f60ef          	jal	3b38 <__extenddftf2>
    ce88:	0b012583          	lw	a1,176(sp)
    ce8c:	0b412603          	lw	a2,180(sp)
    ce90:	0b812683          	lw	a3,184(sp)
    ce94:	0bc12703          	lw	a4,188(sp)
    ce98:	01412883          	lw	a7,20(sp)
    ce9c:	0f010513          	add	a0,sp,240
    cea0:	01112a23          	sw	a7,20(sp)
    cea4:	0ee12e23          	sw	a4,252(sp)
    cea8:	0eb12823          	sw	a1,240(sp)
    ceac:	0ec12a23          	sw	a2,244(sp)
    ceb0:	0ed12c23          	sw	a3,248(sp)
    ceb4:	ec0fd0ef          	jal	a574 <_ldcheck>
    ceb8:	0ca12623          	sw	a0,204(sp)
    cebc:	00200713          	li	a4,2
    cec0:	01412883          	lw	a7,20(sp)
    cec4:	00e51463          	bne	a0,a4,cecc <_svfprintf_r+0x56c>
    cec8:	4540106f          	j	e31c <_svfprintf_r+0x19bc>
    cecc:	00100713          	li	a4,1
    ced0:	00e51463          	bne	a0,a4,ced8 <_svfprintf_r+0x578>
    ced4:	5c00106f          	j	e494 <_svfprintf_r+0x1b34>
    ced8:	06100713          	li	a4,97
    cedc:	00e89463          	bne	a7,a4,cee4 <_svfprintf_r+0x584>
    cee0:	6690106f          	j	ed48 <_svfprintf_r+0x23e8>
    cee4:	04100713          	li	a4,65
    cee8:	00e89463          	bne	a7,a4,cef0 <_svfprintf_r+0x590>
    ceec:	0600206f          	j	ef4c <_svfprintf_r+0x25ec>
    cef0:	fff00713          	li	a4,-1
    cef4:	00e91463          	bne	s2,a4,cefc <_svfprintf_r+0x59c>
    cef8:	1a90106f          	j	e8a0 <_svfprintf_r+0x1f40>
    cefc:	fdf8f713          	and	a4,a7,-33
    cf00:	04700693          	li	a3,71
    cf04:	00d71463          	bne	a4,a3,cf0c <_svfprintf_r+0x5ac>
    cf08:	22c0206f          	j	f134 <_svfprintf_r+0x27d4>
    cf0c:	0fc12d83          	lw	s11,252(sp)
    cf10:	100be793          	or	a5,s7,256
    cf14:	04f12c23          	sw	a5,88(sp)
    cf18:	03712623          	sw	s7,44(sp)
    cf1c:	0f012f03          	lw	t5,240(sp)
    cf20:	0f412e83          	lw	t4,244(sp)
    cf24:	0f812e03          	lw	t3,248(sp)
    cf28:	000dd463          	bgez	s11,cf30 <_svfprintf_r+0x5d0>
    cf2c:	76d0106f          	j	ee98 <_svfprintf_r+0x2538>
    cf30:	06012023          	sw	zero,96(sp)
    cf34:	00012a23          	sw	zero,20(sp)
    cf38:	fbf88793          	add	a5,a7,-65
    cf3c:	02500713          	li	a4,37
    cf40:	00f77463          	bgeu	a4,a5,cf48 <_svfprintf_r+0x5e8>
    cf44:	6bc0106f          	j	e600 <_svfprintf_r+0x1ca0>
    cf48:	00014737          	lui	a4,0x14
    cf4c:	00279793          	sll	a5,a5,0x2
    cf50:	1d470713          	add	a4,a4,468 # 141d4 <__mprec_tens+0x234>
    cf54:	00e787b3          	add	a5,a5,a4
    cf58:	0007a783          	lw	a5,0(a5)
    cf5c:	00078067          	jr	a5
    cf60:	00812583          	lw	a1,8(sp)
    cf64:	0e410613          	add	a2,sp,228
    cf68:	00098513          	mv	a0,s3
    cf6c:	05112a23          	sw	a7,84(sp)
    cf70:	05f12823          	sw	t6,80(sp)
    cf74:	5cd040ef          	jal	11d40 <__ssprint_r>
    cf78:	7c051a63          	bnez	a0,d74c <_svfprintf_r+0xdec>
    cf7c:	05412883          	lw	a7,84(sp)
    cf80:	05012f83          	lw	t6,80(sp)
    cf84:	000b0413          	mv	s0,s6
    cf88:	c15ff06f          	j	cb9c <_svfprintf_r+0x23c>
    cf8c:	02412783          	lw	a5,36(sp)
    cf90:	00100593          	li	a1,1
    cf94:	00840d13          	add	s10,s0,8
    cf98:	32f5dce3          	bge	a1,a5,dad0 <_svfprintf_r+0x1170>
    cf9c:	0ec12703          	lw	a4,236(sp)
    cfa0:	0e812603          	lw	a2,232(sp)
    cfa4:	00100593          	li	a1,1
    cfa8:	00170713          	add	a4,a4,1
    cfac:	00160613          	add	a2,a2,1
    cfb0:	00b42223          	sw	a1,4(s0)
    cfb4:	01842023          	sw	s8,0(s0)
    cfb8:	0ee12623          	sw	a4,236(sp)
    cfbc:	0ec12423          	sw	a2,232(sp)
    cfc0:	00700593          	li	a1,7
    cfc4:	44c5c0e3          	blt	a1,a2,dc04 <_svfprintf_r+0x12a4>
    cfc8:	03412783          	lw	a5,52(sp)
    cfcc:	00160913          	add	s2,a2,1
    cfd0:	0f212423          	sw	s2,232(sp)
    cfd4:	00e78db3          	add	s11,a5,a4
    cfd8:	03812703          	lw	a4,56(sp)
    cfdc:	00fd2223          	sw	a5,4(s10)
    cfe0:	0fb12623          	sw	s11,236(sp)
    cfe4:	00ed2023          	sw	a4,0(s10)
    cfe8:	00700713          	li	a4,7
    cfec:	008d0d13          	add	s10,s10,8
    cff0:	43274ce3          	blt	a4,s2,dc28 <_svfprintf_r+0x12c8>
    cff4:	0f012703          	lw	a4,240(sp)
    cff8:	0a010593          	add	a1,sp,160
    cffc:	0b010513          	add	a0,sp,176
    d000:	0ae12823          	sw	a4,176(sp)
    d004:	0f412703          	lw	a4,244(sp)
    d008:	0a012023          	sw	zero,160(sp)
    d00c:	0a012223          	sw	zero,164(sp)
    d010:	0ae12a23          	sw	a4,180(sp)
    d014:	0f812703          	lw	a4,248(sp)
    d018:	0a012423          	sw	zero,168(sp)
    d01c:	0a012623          	sw	zero,172(sp)
    d020:	0ae12c23          	sw	a4,184(sp)
    d024:	0fc12703          	lw	a4,252(sp)
    d028:	0ae12e23          	sw	a4,188(sp)
    d02c:	81cf40ef          	jal	1048 <__eqtf2>
    d030:	02412783          	lw	a5,36(sp)
    d034:	fff78413          	add	s0,a5,-1
    d038:	2e0506e3          	beqz	a0,db24 <_svfprintf_r+0x11c4>
    d03c:	001c0293          	add	t0,s8,1
    d040:	00190913          	add	s2,s2,1
    d044:	008d8db3          	add	s11,s11,s0
    d048:	005d2023          	sw	t0,0(s10)
    d04c:	008d2223          	sw	s0,4(s10)
    d050:	0fb12623          	sw	s11,236(sp)
    d054:	0f212423          	sw	s2,232(sp)
    d058:	00700713          	li	a4,7
    d05c:	008d0d13          	add	s10,s10,8
    d060:	2b2740e3          	blt	a4,s2,db00 <_svfprintf_r+0x11a0>
    d064:	04412783          	lw	a5,68(sp)
    d068:	0d410593          	add	a1,sp,212
    d06c:	00190613          	add	a2,s2,1
    d070:	01b78733          	add	a4,a5,s11
    d074:	00bd2023          	sw	a1,0(s10)
    d078:	00fd2223          	sw	a5,4(s10)
    d07c:	0ee12623          	sw	a4,236(sp)
    d080:	0ec12423          	sw	a2,232(sp)
    d084:	00700593          	li	a1,7
    d088:	008d0413          	add	s0,s10,8
    d08c:	b8c5d6e3          	bge	a1,a2,cc18 <_svfprintf_r+0x2b8>
    d090:	00812583          	lw	a1,8(sp)
    d094:	0e410613          	add	a2,sp,228
    d098:	00098513          	mv	a0,s3
    d09c:	4a5040ef          	jal	11d40 <__ssprint_r>
    d0a0:	6a051663          	bnez	a0,d74c <_svfprintf_r+0xdec>
    d0a4:	0ec12703          	lw	a4,236(sp)
    d0a8:	000b0413          	mv	s0,s6
    d0ac:	b6dff06f          	j	cc18 <_svfprintf_r+0x2b8>
    d0b0:	01812783          	lw	a5,24(sp)
    d0b4:	010bf713          	and	a4,s7,16
    d0b8:	0007ac83          	lw	s9,0(a5)
    d0bc:	00478793          	add	a5,a5,4
    d0c0:	00f12c23          	sw	a5,24(sp)
    d0c4:	3c0710e3          	bnez	a4,dc84 <_svfprintf_r+0x1324>
    d0c8:	040bf713          	and	a4,s7,64
    d0cc:	3a0708e3          	beqz	a4,dc7c <_svfprintf_r+0x131c>
    d0d0:	010c9c93          	sll	s9,s9,0x10
    d0d4:	010cdc93          	srl	s9,s9,0x10
    d0d8:	00000d13          	li	s10,0
    d0dc:	d09ff06f          	j	cde4 <_svfprintf_r+0x484>
    d0e0:	01812783          	lw	a5,24(sp)
    d0e4:	010bf713          	and	a4,s7,16
    d0e8:	0007ac83          	lw	s9,0(a5)
    d0ec:	00478793          	add	a5,a5,4
    d0f0:	00f12c23          	sw	a5,24(sp)
    d0f4:	36071ee3          	bnez	a4,dc70 <_svfprintf_r+0x1310>
    d0f8:	040bf713          	and	a4,s7,64
    d0fc:	360706e3          	beqz	a4,dc68 <_svfprintf_r+0x1308>
    d100:	010c9c93          	sll	s9,s9,0x10
    d104:	410cdc93          	sra	s9,s9,0x10
    d108:	41fcdd13          	sra	s10,s9,0x1f
    d10c:	000d0713          	mv	a4,s10
    d110:	c2075ee3          	bgez	a4,cd4c <_svfprintf_r+0x3ec>
    d114:	02d00793          	li	a5,45
    d118:	01903733          	snez	a4,s9
    d11c:	41a00d33          	neg	s10,s10
    d120:	0cf103a3          	sb	a5,199(sp)
    d124:	fff00793          	li	a5,-1
    d128:	40ed0d33          	sub	s10,s10,a4
    d12c:	41900cb3          	neg	s9,s9
    d130:	000b8d93          	mv	s11,s7
    d134:	00100693          	li	a3,1
    d138:	ccf912e3          	bne	s2,a5,cdfc <_svfprintf_r+0x49c>
    d13c:	00100793          	li	a5,1
    d140:	c2f684e3          	beq	a3,a5,cd68 <_svfprintf_r+0x408>
    d144:	00200793          	li	a5,2
    d148:	3cf68e63          	beq	a3,a5,d524 <_svfprintf_r+0xbc4>
    d14c:	1b010c13          	add	s8,sp,432
    d150:	01dd1713          	sll	a4,s10,0x1d
    d154:	007cf793          	and	a5,s9,7
    d158:	003cdc93          	srl	s9,s9,0x3
    d15c:	03078793          	add	a5,a5,48
    d160:	01976cb3          	or	s9,a4,s9
    d164:	003d5d13          	srl	s10,s10,0x3
    d168:	fefc0fa3          	sb	a5,-1(s8)
    d16c:	01ace733          	or	a4,s9,s10
    d170:	000c0693          	mv	a3,s8
    d174:	fffc0c13          	add	s8,s8,-1
    d178:	fc071ce3          	bnez	a4,d150 <_svfprintf_r+0x7f0>
    d17c:	001df713          	and	a4,s11,1
    d180:	3c070c63          	beqz	a4,d558 <_svfprintf_r+0xbf8>
    d184:	03000713          	li	a4,48
    d188:	3ce78863          	beq	a5,a4,d558 <_svfprintf_r+0xbf8>
    d18c:	ffe68693          	add	a3,a3,-2
    d190:	1b010793          	add	a5,sp,432
    d194:	feec0fa3          	sb	a4,-1(s8)
    d198:	40d78d33          	sub	s10,a5,a3
    d19c:	000d8b93          	mv	s7,s11
    d1a0:	00068c13          	mv	s8,a3
    d1a4:	bedff06f          	j	cd90 <_svfprintf_r+0x430>
    d1a8:	01812783          	lw	a5,24(sp)
    d1ac:	0c0103a3          	sb	zero,199(sp)
    d1b0:	0007ac03          	lw	s8,0(a5)
    d1b4:	00478a93          	add	s5,a5,4
    d1b8:	000c1463          	bnez	s8,d1c0 <_svfprintf_r+0x860>
    d1bc:	1f80106f          	j	e3b4 <_svfprintf_r+0x1a54>
    d1c0:	fff00713          	li	a4,-1
    d1c4:	44e904e3          	beq	s2,a4,de0c <_svfprintf_r+0x14ac>
    d1c8:	00090613          	mv	a2,s2
    d1cc:	00000593          	li	a1,0
    d1d0:	000c0513          	mv	a0,s8
    d1d4:	01112c23          	sw	a7,24(sp)
    d1d8:	f79fd0ef          	jal	b150 <memchr>
    d1dc:	00a12a23          	sw	a0,20(sp)
    d1e0:	01812883          	lw	a7,24(sp)
    d1e4:	00051463          	bnez	a0,d1ec <_svfprintf_r+0x88c>
    d1e8:	4fd0106f          	j	eee4 <_svfprintf_r+0x2584>
    d1ec:	01412783          	lw	a5,20(sp)
    d1f0:	0c714703          	lbu	a4,199(sp)
    d1f4:	01512c23          	sw	s5,24(sp)
    d1f8:	41878d33          	sub	s10,a5,s8
    d1fc:	fffd4693          	not	a3,s10
    d200:	41f6d693          	sra	a3,a3,0x1f
    d204:	00012a23          	sw	zero,20(sp)
    d208:	02012423          	sw	zero,40(sp)
    d20c:	02012623          	sw	zero,44(sp)
    d210:	02012023          	sw	zero,32(sp)
    d214:	00dd7cb3          	and	s9,s10,a3
    d218:	00000913          	li	s2,0
    d21c:	b8071ce3          	bnez	a4,cdb4 <_svfprintf_r+0x454>
    d220:	925ff06f          	j	cb44 <_svfprintf_r+0x1e4>
    d224:	01812783          	lw	a5,24(sp)
    d228:	0c0103a3          	sb	zero,199(sp)
    d22c:	00100c93          	li	s9,1
    d230:	0007a703          	lw	a4,0(a5)
    d234:	00478793          	add	a5,a5,4
    d238:	00f12c23          	sw	a5,24(sp)
    d23c:	14e10623          	sb	a4,332(sp)
    d240:	00100d13          	li	s10,1
    d244:	14c10c13          	add	s8,sp,332
    d248:	8e9ff06f          	j	cb30 <_svfprintf_r+0x1d0>
    d24c:	01812783          	lw	a5,24(sp)
    d250:	0007aa03          	lw	s4,0(a5)
    d254:	00478793          	add	a5,a5,4
    d258:	200a52e3          	bgez	s4,dc5c <_svfprintf_r+0x12fc>
    d25c:	41400a33          	neg	s4,s4
    d260:	00f12c23          	sw	a5,24(sp)
    d264:	0004c883          	lbu	a7,0(s1)
    d268:	004beb93          	or	s7,s7,4
    d26c:	859ff06f          	j	cac4 <_svfprintf_r+0x164>
    d270:	02b00793          	li	a5,43
    d274:	0004c883          	lbu	a7,0(s1)
    d278:	0cf103a3          	sb	a5,199(sp)
    d27c:	849ff06f          	j	cac4 <_svfprintf_r+0x164>
    d280:	0004c883          	lbu	a7,0(s1)
    d284:	080beb93          	or	s7,s7,128
    d288:	83dff06f          	j	cac4 <_svfprintf_r+0x164>
    d28c:	0004c883          	lbu	a7,0(s1)
    d290:	02a00793          	li	a5,42
    d294:	00148713          	add	a4,s1,1
    d298:	00f89463          	bne	a7,a5,d2a0 <_svfprintf_r+0x940>
    d29c:	7550106f          	j	f1f0 <_svfprintf_r+0x2890>
    d2a0:	fd088793          	add	a5,a7,-48
    d2a4:	00900613          	li	a2,9
    d2a8:	00070493          	mv	s1,a4
    d2ac:	00000913          	li	s2,0
    d2b0:	00900693          	li	a3,9
    d2b4:	80f66ae3          	bltu	a2,a5,cac8 <_svfprintf_r+0x168>
    d2b8:	0004c883          	lbu	a7,0(s1)
    d2bc:	00291713          	sll	a4,s2,0x2
    d2c0:	01270933          	add	s2,a4,s2
    d2c4:	00191913          	sll	s2,s2,0x1
    d2c8:	00f90933          	add	s2,s2,a5
    d2cc:	fd088793          	add	a5,a7,-48
    d2d0:	00148493          	add	s1,s1,1
    d2d4:	fef6f2e3          	bgeu	a3,a5,d2b8 <_svfprintf_r+0x958>
    d2d8:	ff0ff06f          	j	cac8 <_svfprintf_r+0x168>
    d2dc:	0004c883          	lbu	a7,0(s1)
    d2e0:	001beb93          	or	s7,s7,1
    d2e4:	fe0ff06f          	j	cac4 <_svfprintf_r+0x164>
    d2e8:	0c714783          	lbu	a5,199(sp)
    d2ec:	0004c883          	lbu	a7,0(s1)
    d2f0:	fc079a63          	bnez	a5,cac4 <_svfprintf_r+0x164>
    d2f4:	02000793          	li	a5,32
    d2f8:	0cf103a3          	sb	a5,199(sp)
    d2fc:	fc8ff06f          	j	cac4 <_svfprintf_r+0x164>
    d300:	010bed93          	or	s11,s7,16
    d304:	020df793          	and	a5,s11,32
    d308:	0a0782e3          	beqz	a5,dbac <_svfprintf_r+0x124c>
    d30c:	01812783          	lw	a5,24(sp)
    d310:	00100693          	li	a3,1
    d314:	00778a93          	add	s5,a5,7
    d318:	ff8afa93          	and	s5,s5,-8
    d31c:	008a8793          	add	a5,s5,8
    d320:	000aac83          	lw	s9,0(s5)
    d324:	004aad03          	lw	s10,4(s5)
    d328:	00f12c23          	sw	a5,24(sp)
    d32c:	ac1ff06f          	j	cdec <_svfprintf_r+0x48c>
    d330:	0004c883          	lbu	a7,0(s1)
    d334:	008beb93          	or	s7,s7,8
    d338:	f8cff06f          	j	cac4 <_svfprintf_r+0x164>
    d33c:	01812703          	lw	a4,24(sp)
    d340:	ffff87b7          	lui	a5,0xffff8
    d344:	8307c793          	xor	a5,a5,-2000
    d348:	0cf11423          	sh	a5,200(sp)
    d34c:	00470793          	add	a5,a4,4
    d350:	00f12c23          	sw	a5,24(sp)
    d354:	000147b7          	lui	a5,0x14
    d358:	9c878793          	add	a5,a5,-1592 # 139c8 <__clz_tab+0x130>
    d35c:	00072c83          	lw	s9,0(a4)
    d360:	00000d13          	li	s10,0
    d364:	002bed93          	or	s11,s7,2
    d368:	02f12e23          	sw	a5,60(sp)
    d36c:	00200693          	li	a3,2
    d370:	07800893          	li	a7,120
    d374:	a79ff06f          	j	cdec <_svfprintf_r+0x48c>
    d378:	020bf713          	and	a4,s7,32
    d37c:	12070ae3          	beqz	a4,dcb0 <_svfprintf_r+0x1350>
    d380:	01812783          	lw	a5,24(sp)
    d384:	01012683          	lw	a3,16(sp)
    d388:	0007a783          	lw	a5,0(a5)
    d38c:	41f6d713          	sra	a4,a3,0x1f
    d390:	00d7a023          	sw	a3,0(a5)
    d394:	00e7a223          	sw	a4,4(a5)
    d398:	01812783          	lw	a5,24(sp)
    d39c:	00048c13          	mv	s8,s1
    d3a0:	00478793          	add	a5,a5,4
    d3a4:	00f12c23          	sw	a5,24(sp)
    d3a8:	8bdff06f          	j	cc64 <_svfprintf_r+0x304>
    d3ac:	0004c883          	lbu	a7,0(s1)
    d3b0:	06c00793          	li	a5,108
    d3b4:	1ef882e3          	beq	a7,a5,dd98 <_svfprintf_r+0x1438>
    d3b8:	010beb93          	or	s7,s7,16
    d3bc:	f08ff06f          	j	cac4 <_svfprintf_r+0x164>
    d3c0:	0004c883          	lbu	a7,0(s1)
    d3c4:	06800793          	li	a5,104
    d3c8:	1cf880e3          	beq	a7,a5,dd88 <_svfprintf_r+0x1428>
    d3cc:	040beb93          	or	s7,s7,64
    d3d0:	ef4ff06f          	j	cac4 <_svfprintf_r+0x164>
    d3d4:	06500713          	li	a4,101
    d3d8:	bb175ae3          	bge	a4,a7,cf8c <_svfprintf_r+0x62c>
    d3dc:	0f012703          	lw	a4,240(sp)
    d3e0:	0a010593          	add	a1,sp,160
    d3e4:	0b010513          	add	a0,sp,176
    d3e8:	0ae12823          	sw	a4,176(sp)
    d3ec:	0f412703          	lw	a4,244(sp)
    d3f0:	0a012023          	sw	zero,160(sp)
    d3f4:	0a012223          	sw	zero,164(sp)
    d3f8:	0ae12a23          	sw	a4,180(sp)
    d3fc:	0f812703          	lw	a4,248(sp)
    d400:	0a012423          	sw	zero,168(sp)
    d404:	0a012623          	sw	zero,172(sp)
    d408:	0ae12c23          	sw	a4,184(sp)
    d40c:	0fc12703          	lw	a4,252(sp)
    d410:	0ae12e23          	sw	a4,188(sp)
    d414:	c35f30ef          	jal	1048 <__eqtf2>
    d418:	52051663          	bnez	a0,d944 <_svfprintf_r+0xfe4>
    d41c:	0ec12703          	lw	a4,236(sp)
    d420:	0e812603          	lw	a2,232(sp)
    d424:	000145b7          	lui	a1,0x14
    d428:	9f858593          	add	a1,a1,-1544 # 139f8 <__clz_tab+0x160>
    d42c:	00b42023          	sw	a1,0(s0)
    d430:	00170713          	add	a4,a4,1
    d434:	00100593          	li	a1,1
    d438:	00160613          	add	a2,a2,1
    d43c:	00b42223          	sw	a1,4(s0)
    d440:	0ee12623          	sw	a4,236(sp)
    d444:	0ec12423          	sw	a2,232(sp)
    d448:	00700593          	li	a1,7
    d44c:	00840413          	add	s0,s0,8
    d450:	66c5c0e3          	blt	a1,a2,e2b0 <_svfprintf_r+0x1950>
    d454:	0cc12603          	lw	a2,204(sp)
    d458:	02412783          	lw	a5,36(sp)
    d45c:	7ef65863          	bge	a2,a5,dc4c <_svfprintf_r+0x12ec>
    d460:	03412783          	lw	a5,52(sp)
    d464:	0e812603          	lw	a2,232(sp)
    d468:	03812683          	lw	a3,56(sp)
    d46c:	00e78733          	add	a4,a5,a4
    d470:	00160613          	add	a2,a2,1
    d474:	00d42023          	sw	a3,0(s0)
    d478:	00f42223          	sw	a5,4(s0)
    d47c:	0ee12623          	sw	a4,236(sp)
    d480:	0ec12423          	sw	a2,232(sp)
    d484:	00700593          	li	a1,7
    d488:	00840413          	add	s0,s0,8
    d48c:	10c5cee3          	blt	a1,a2,dda8 <_svfprintf_r+0x1448>
    d490:	02412783          	lw	a5,36(sp)
    d494:	fff78913          	add	s2,a5,-1
    d498:	f9205063          	blez	s2,cc18 <_svfprintf_r+0x2b8>
    d49c:	00014837          	lui	a6,0x14
    d4a0:	01000593          	li	a1,16
    d4a4:	0e812603          	lw	a2,232(sp)
    d4a8:	26c80a93          	add	s5,a6,620 # 1426c <zeroes.0>
    d4ac:	6325d2e3          	bge	a1,s2,e2d0 <_svfprintf_r+0x1970>
    d4b0:	00812c03          	lw	s8,8(sp)
    d4b4:	01000d13          	li	s10,16
    d4b8:	00700d93          	li	s11,7
    d4bc:	00c0006f          	j	d4c8 <_svfprintf_r+0xb68>
    d4c0:	ff090913          	add	s2,s2,-16
    d4c4:	612d56e3          	bge	s10,s2,e2d0 <_svfprintf_r+0x1970>
    d4c8:	01070713          	add	a4,a4,16
    d4cc:	00160613          	add	a2,a2,1
    d4d0:	01542023          	sw	s5,0(s0)
    d4d4:	01a42223          	sw	s10,4(s0)
    d4d8:	0ee12623          	sw	a4,236(sp)
    d4dc:	0ec12423          	sw	a2,232(sp)
    d4e0:	00840413          	add	s0,s0,8
    d4e4:	fccddee3          	bge	s11,a2,d4c0 <_svfprintf_r+0xb60>
    d4e8:	0e410613          	add	a2,sp,228
    d4ec:	000c0593          	mv	a1,s8
    d4f0:	00098513          	mv	a0,s3
    d4f4:	04d040ef          	jal	11d40 <__ssprint_r>
    d4f8:	24051a63          	bnez	a0,d74c <_svfprintf_r+0xdec>
    d4fc:	0ec12703          	lw	a4,236(sp)
    d500:	0e812603          	lw	a2,232(sp)
    d504:	000b0413          	mv	s0,s6
    d508:	fb9ff06f          	j	d4c0 <_svfprintf_r+0xb60>
    d50c:	00100713          	li	a4,1
    d510:	00e69463          	bne	a3,a4,d518 <_svfprintf_r+0xbb8>
    d514:	2810106f          	j	ef94 <_svfprintf_r+0x2634>
    d518:	00200713          	li	a4,2
    d51c:	000b8d93          	mv	s11,s7
    d520:	c2e696e3          	bne	a3,a4,d14c <_svfprintf_r+0x7ec>
    d524:	03c12683          	lw	a3,60(sp)
    d528:	1b010c13          	add	s8,sp,432
    d52c:	00fcf793          	and	a5,s9,15
    d530:	00f687b3          	add	a5,a3,a5
    d534:	0007c703          	lbu	a4,0(a5)
    d538:	004cdc93          	srl	s9,s9,0x4
    d53c:	01cd1793          	sll	a5,s10,0x1c
    d540:	0197ecb3          	or	s9,a5,s9
    d544:	004d5d13          	srl	s10,s10,0x4
    d548:	feec0fa3          	sb	a4,-1(s8)
    d54c:	01ace7b3          	or	a5,s9,s10
    d550:	fffc0c13          	add	s8,s8,-1
    d554:	fc079ce3          	bnez	a5,d52c <_svfprintf_r+0xbcc>
    d558:	1b010793          	add	a5,sp,432
    d55c:	41878d33          	sub	s10,a5,s8
    d560:	000d8b93          	mv	s7,s11
    d564:	82dff06f          	j	cd90 <_svfprintf_r+0x430>
    d568:	419a0db3          	sub	s11,s4,s9
    d56c:	e7b05863          	blez	s11,cbdc <_svfprintf_r+0x27c>
    d570:	00014837          	lui	a6,0x14
    d574:	01000513          	li	a0,16
    d578:	0ec12583          	lw	a1,236(sp)
    d57c:	0e812603          	lw	a2,232(sp)
    d580:	26c80a93          	add	s5,a6,620 # 1426c <zeroes.0>
    d584:	09b55463          	bge	a0,s11,d60c <_svfprintf_r+0xcac>
    d588:	00040793          	mv	a5,s0
    d58c:	01000e93          	li	t4,16
    d590:	000a8413          	mv	s0,s5
    d594:	00700f13          	li	t5,7
    d598:	00090a93          	mv	s5,s2
    d59c:	00088913          	mv	s2,a7
    d5a0:	00c0006f          	j	d5ac <_svfprintf_r+0xc4c>
    d5a4:	ff0d8d93          	add	s11,s11,-16
    d5a8:	05beda63          	bge	t4,s11,d5fc <_svfprintf_r+0xc9c>
    d5ac:	01058593          	add	a1,a1,16
    d5b0:	00160613          	add	a2,a2,1
    d5b4:	0087a023          	sw	s0,0(a5)
    d5b8:	01d7a223          	sw	t4,4(a5)
    d5bc:	0eb12623          	sw	a1,236(sp)
    d5c0:	0ec12423          	sw	a2,232(sp)
    d5c4:	00878793          	add	a5,a5,8
    d5c8:	fccf5ee3          	bge	t5,a2,d5a4 <_svfprintf_r+0xc44>
    d5cc:	00812583          	lw	a1,8(sp)
    d5d0:	0e410613          	add	a2,sp,228
    d5d4:	00098513          	mv	a0,s3
    d5d8:	768040ef          	jal	11d40 <__ssprint_r>
    d5dc:	16051863          	bnez	a0,d74c <_svfprintf_r+0xdec>
    d5e0:	01000e93          	li	t4,16
    d5e4:	ff0d8d93          	add	s11,s11,-16
    d5e8:	0ec12583          	lw	a1,236(sp)
    d5ec:	0e812603          	lw	a2,232(sp)
    d5f0:	000b0793          	mv	a5,s6
    d5f4:	00700f13          	li	t5,7
    d5f8:	fbbecae3          	blt	t4,s11,d5ac <_svfprintf_r+0xc4c>
    d5fc:	00090893          	mv	a7,s2
    d600:	000a8913          	mv	s2,s5
    d604:	00040a93          	mv	s5,s0
    d608:	00078413          	mv	s0,a5
    d60c:	00bd85b3          	add	a1,s11,a1
    d610:	00160613          	add	a2,a2,1
    d614:	01542023          	sw	s5,0(s0)
    d618:	01b42223          	sw	s11,4(s0)
    d61c:	0eb12623          	sw	a1,236(sp)
    d620:	0ec12423          	sw	a2,232(sp)
    d624:	00700713          	li	a4,7
    d628:	00840413          	add	s0,s0,8
    d62c:	dac75863          	bge	a4,a2,cbdc <_svfprintf_r+0x27c>
    d630:	00812583          	lw	a1,8(sp)
    d634:	0e410613          	add	a2,sp,228
    d638:	00098513          	mv	a0,s3
    d63c:	05112823          	sw	a7,80(sp)
    d640:	700040ef          	jal	11d40 <__ssprint_r>
    d644:	10051463          	bnez	a0,d74c <_svfprintf_r+0xdec>
    d648:	41a90933          	sub	s2,s2,s10
    d64c:	05012883          	lw	a7,80(sp)
    d650:	000b0413          	mv	s0,s6
    d654:	d9205863          	blez	s2,cbe4 <_svfprintf_r+0x284>
    d658:	00014837          	lui	a6,0x14
    d65c:	01000713          	li	a4,16
    d660:	0ec12583          	lw	a1,236(sp)
    d664:	0e812603          	lw	a2,232(sp)
    d668:	26c80a93          	add	s5,a6,620 # 1426c <zeroes.0>
    d66c:	09275263          	bge	a4,s2,d6f0 <_svfprintf_r+0xd90>
    d670:	00040793          	mv	a5,s0
    d674:	00c12a83          	lw	s5,12(sp)
    d678:	00090413          	mv	s0,s2
    d67c:	01000713          	li	a4,16
    d680:	00700d93          	li	s11,7
    d684:	00088913          	mv	s2,a7
    d688:	00c0006f          	j	d694 <_svfprintf_r+0xd34>
    d68c:	ff040413          	add	s0,s0,-16
    d690:	04875a63          	bge	a4,s0,d6e4 <_svfprintf_r+0xd84>
    d694:	00c12683          	lw	a3,12(sp)
    d698:	01058593          	add	a1,a1,16
    d69c:	00160613          	add	a2,a2,1
    d6a0:	00d7a023          	sw	a3,0(a5)
    d6a4:	00e7a223          	sw	a4,4(a5)
    d6a8:	0eb12623          	sw	a1,236(sp)
    d6ac:	0ec12423          	sw	a2,232(sp)
    d6b0:	00878793          	add	a5,a5,8
    d6b4:	fccddce3          	bge	s11,a2,d68c <_svfprintf_r+0xd2c>
    d6b8:	00812583          	lw	a1,8(sp)
    d6bc:	0e410613          	add	a2,sp,228
    d6c0:	00098513          	mv	a0,s3
    d6c4:	67c040ef          	jal	11d40 <__ssprint_r>
    d6c8:	08051263          	bnez	a0,d74c <_svfprintf_r+0xdec>
    d6cc:	01000713          	li	a4,16
    d6d0:	ff040413          	add	s0,s0,-16
    d6d4:	0ec12583          	lw	a1,236(sp)
    d6d8:	0e812603          	lw	a2,232(sp)
    d6dc:	000b0793          	mv	a5,s6
    d6e0:	fa874ae3          	blt	a4,s0,d694 <_svfprintf_r+0xd34>
    d6e4:	00090893          	mv	a7,s2
    d6e8:	00040913          	mv	s2,s0
    d6ec:	00078413          	mv	s0,a5
    d6f0:	00b905b3          	add	a1,s2,a1
    d6f4:	00160613          	add	a2,a2,1
    d6f8:	01542023          	sw	s5,0(s0)
    d6fc:	01242223          	sw	s2,4(s0)
    d700:	0eb12623          	sw	a1,236(sp)
    d704:	0ec12423          	sw	a2,232(sp)
    d708:	00700713          	li	a4,7
    d70c:	00840413          	add	s0,s0,8
    d710:	ccc75a63          	bge	a4,a2,cbe4 <_svfprintf_r+0x284>
    d714:	00812583          	lw	a1,8(sp)
    d718:	0e410613          	add	a2,sp,228
    d71c:	00098513          	mv	a0,s3
    d720:	05112823          	sw	a7,80(sp)
    d724:	61c040ef          	jal	11d40 <__ssprint_r>
    d728:	02051263          	bnez	a0,d74c <_svfprintf_r+0xdec>
    d72c:	05012883          	lw	a7,80(sp)
    d730:	000b0413          	mv	s0,s6
    d734:	cb0ff06f          	j	cbe4 <_svfprintf_r+0x284>
    d738:	00812583          	lw	a1,8(sp)
    d73c:	0e410613          	add	a2,sp,228
    d740:	00098513          	mv	a0,s3
    d744:	5fc040ef          	jal	11d40 <__ssprint_r>
    d748:	ce050e63          	beqz	a0,cc44 <_svfprintf_r+0x2e4>
    d74c:	01412f03          	lw	t5,20(sp)
    d750:	d20f0463          	beqz	t5,cc78 <_svfprintf_r+0x318>
    d754:	03012503          	lw	a0,48(sp)
    d758:	000f0593          	mv	a1,t5
    d75c:	dcdf90ef          	jal	7528 <_free_r>
    d760:	d18ff06f          	j	cc78 <_svfprintf_r+0x318>
    d764:	000b8d93          	mv	s11,s7
    d768:	9d5ff06f          	j	d13c <_svfprintf_r+0x7dc>
    d76c:	00014837          	lui	a6,0x14
    d770:	01000513          	li	a0,16
    d774:	0ec12583          	lw	a1,236(sp)
    d778:	0e812603          	lw	a2,232(sp)
    d77c:	27c80a93          	add	s5,a6,636 # 1427c <blanks.1>
    d780:	0ae55063          	bge	a0,a4,d820 <_svfprintf_r+0xec0>
    d784:	04912823          	sw	s1,80(sp)
    d788:	00040793          	mv	a5,s0
    d78c:	000a8493          	mv	s1,s5
    d790:	01000e93          	li	t4,16
    d794:	00090a93          	mv	s5,s2
    d798:	00700393          	li	t2,7
    d79c:	05f12a23          	sw	t6,84(sp)
    d7a0:	00070413          	mv	s0,a4
    d7a4:	00088913          	mv	s2,a7
    d7a8:	00c0006f          	j	d7b4 <_svfprintf_r+0xe54>
    d7ac:	ff040413          	add	s0,s0,-16
    d7b0:	048eda63          	bge	t4,s0,d804 <_svfprintf_r+0xea4>
    d7b4:	01058593          	add	a1,a1,16
    d7b8:	00160613          	add	a2,a2,1
    d7bc:	0097a023          	sw	s1,0(a5)
    d7c0:	01d7a223          	sw	t4,4(a5)
    d7c4:	0eb12623          	sw	a1,236(sp)
    d7c8:	0ec12423          	sw	a2,232(sp)
    d7cc:	00878793          	add	a5,a5,8
    d7d0:	fcc3dee3          	bge	t2,a2,d7ac <_svfprintf_r+0xe4c>
    d7d4:	00812583          	lw	a1,8(sp)
    d7d8:	0e410613          	add	a2,sp,228
    d7dc:	00098513          	mv	a0,s3
    d7e0:	560040ef          	jal	11d40 <__ssprint_r>
    d7e4:	f60514e3          	bnez	a0,d74c <_svfprintf_r+0xdec>
    d7e8:	01000e93          	li	t4,16
    d7ec:	ff040413          	add	s0,s0,-16
    d7f0:	0ec12583          	lw	a1,236(sp)
    d7f4:	0e812603          	lw	a2,232(sp)
    d7f8:	000b0793          	mv	a5,s6
    d7fc:	00700393          	li	t2,7
    d800:	fa8ecae3          	blt	t4,s0,d7b4 <_svfprintf_r+0xe54>
    d804:	00090893          	mv	a7,s2
    d808:	05412f83          	lw	t6,84(sp)
    d80c:	000a8913          	mv	s2,s5
    d810:	00048a93          	mv	s5,s1
    d814:	05012483          	lw	s1,80(sp)
    d818:	00040713          	mv	a4,s0
    d81c:	00078413          	mv	s0,a5
    d820:	00b705b3          	add	a1,a4,a1
    d824:	00160613          	add	a2,a2,1
    d828:	00e42223          	sw	a4,4(s0)
    d82c:	01542023          	sw	s5,0(s0)
    d830:	0eb12623          	sw	a1,236(sp)
    d834:	0ec12423          	sw	a2,232(sp)
    d838:	00700713          	li	a4,7
    d83c:	00840413          	add	s0,s0,8
    d840:	b2c75063          	bge	a4,a2,cb60 <_svfprintf_r+0x200>
    d844:	00812583          	lw	a1,8(sp)
    d848:	0e410613          	add	a2,sp,228
    d84c:	00098513          	mv	a0,s3
    d850:	05112a23          	sw	a7,84(sp)
    d854:	05f12823          	sw	t6,80(sp)
    d858:	4e8040ef          	jal	11d40 <__ssprint_r>
    d85c:	ee0518e3          	bnez	a0,d74c <_svfprintf_r+0xdec>
    d860:	05412883          	lw	a7,84(sp)
    d864:	05012f83          	lw	t6,80(sp)
    d868:	000b0413          	mv	s0,s6
    d86c:	af4ff06f          	j	cb60 <_svfprintf_r+0x200>
    d870:	00812583          	lw	a1,8(sp)
    d874:	0e410613          	add	a2,sp,228
    d878:	00098513          	mv	a0,s3
    d87c:	05112823          	sw	a7,80(sp)
    d880:	4c0040ef          	jal	11d40 <__ssprint_r>
    d884:	ec0514e3          	bnez	a0,d74c <_svfprintf_r+0xdec>
    d888:	05012883          	lw	a7,80(sp)
    d88c:	000b0413          	mv	s0,s6
    d890:	b44ff06f          	j	cbd4 <_svfprintf_r+0x274>
    d894:	00014837          	lui	a6,0x14
    d898:	01000613          	li	a2,16
    d89c:	0e812783          	lw	a5,232(sp)
    d8a0:	27c80a93          	add	s5,a6,636 # 1427c <blanks.1>
    d8a4:	07265263          	bge	a2,s2,d908 <_svfprintf_r+0xfa8>
    d8a8:	00812b83          	lw	s7,8(sp)
    d8ac:	01000d13          	li	s10,16
    d8b0:	00700d93          	li	s11,7
    d8b4:	00c0006f          	j	d8c0 <_svfprintf_r+0xf60>
    d8b8:	ff090913          	add	s2,s2,-16
    d8bc:	052d5663          	bge	s10,s2,d908 <_svfprintf_r+0xfa8>
    d8c0:	01070713          	add	a4,a4,16
    d8c4:	00178793          	add	a5,a5,1
    d8c8:	01542023          	sw	s5,0(s0)
    d8cc:	01a42223          	sw	s10,4(s0)
    d8d0:	0ee12623          	sw	a4,236(sp)
    d8d4:	0ef12423          	sw	a5,232(sp)
    d8d8:	00840413          	add	s0,s0,8
    d8dc:	fcfddee3          	bge	s11,a5,d8b8 <_svfprintf_r+0xf58>
    d8e0:	0e410613          	add	a2,sp,228
    d8e4:	000b8593          	mv	a1,s7
    d8e8:	00098513          	mv	a0,s3
    d8ec:	454040ef          	jal	11d40 <__ssprint_r>
    d8f0:	e4051ee3          	bnez	a0,d74c <_svfprintf_r+0xdec>
    d8f4:	ff090913          	add	s2,s2,-16
    d8f8:	0ec12703          	lw	a4,236(sp)
    d8fc:	0e812783          	lw	a5,232(sp)
    d900:	000b0413          	mv	s0,s6
    d904:	fb2d4ee3          	blt	s10,s2,d8c0 <_svfprintf_r+0xf60>
    d908:	01270733          	add	a4,a4,s2
    d90c:	00178793          	add	a5,a5,1
    d910:	01542023          	sw	s5,0(s0)
    d914:	01242223          	sw	s2,4(s0)
    d918:	0ee12623          	sw	a4,236(sp)
    d91c:	0ef12423          	sw	a5,232(sp)
    d920:	00700613          	li	a2,7
    d924:	b0f65263          	bge	a2,a5,cc28 <_svfprintf_r+0x2c8>
    d928:	00812583          	lw	a1,8(sp)
    d92c:	0e410613          	add	a2,sp,228
    d930:	00098513          	mv	a0,s3
    d934:	40c040ef          	jal	11d40 <__ssprint_r>
    d938:	e0051ae3          	bnez	a0,d74c <_svfprintf_r+0xdec>
    d93c:	0ec12703          	lw	a4,236(sp)
    d940:	ae8ff06f          	j	cc28 <_svfprintf_r+0x2c8>
    d944:	0cc12503          	lw	a0,204(sp)
    d948:	08a05ce3          	blez	a0,e1e0 <_svfprintf_r+0x1880>
    d94c:	02412783          	lw	a5,36(sp)
    d950:	00fc0733          	add	a4,s8,a5
    d954:	04e12823          	sw	a4,80(sp)
    d958:	02012703          	lw	a4,32(sp)
    d95c:	00070913          	mv	s2,a4
    d960:	3ae7c063          	blt	a5,a4,dd00 <_svfprintf_r+0x13a0>
    d964:	0ec12703          	lw	a4,236(sp)
    d968:	03205663          	blez	s2,d994 <_svfprintf_r+0x1034>
    d96c:	0e812603          	lw	a2,232(sp)
    d970:	01270733          	add	a4,a4,s2
    d974:	01842023          	sw	s8,0(s0)
    d978:	00160613          	add	a2,a2,1
    d97c:	01242223          	sw	s2,4(s0)
    d980:	0ee12623          	sw	a4,236(sp)
    d984:	0ec12423          	sw	a2,232(sp)
    d988:	00700593          	li	a1,7
    d98c:	00840413          	add	s0,s0,8
    d990:	40c5cee3          	blt	a1,a2,e5ac <_svfprintf_r+0x1c4c>
    d994:	fff94613          	not	a2,s2
    d998:	02012783          	lw	a5,32(sp)
    d99c:	41f65613          	sra	a2,a2,0x1f
    d9a0:	00c97833          	and	a6,s2,a2
    d9a4:	41078933          	sub	s2,a5,a6
    d9a8:	4b204663          	bgtz	s2,de54 <_svfprintf_r+0x14f4>
    d9ac:	02012783          	lw	a5,32(sp)
    d9b0:	400bf613          	and	a2,s7,1024
    d9b4:	00fc0c33          	add	s8,s8,a5
    d9b8:	50061863          	bnez	a2,dec8 <_svfprintf_r+0x1568>
    d9bc:	0cc12603          	lw	a2,204(sp)
    d9c0:	02412783          	lw	a5,36(sp)
    d9c4:	00f64663          	blt	a2,a5,d9d0 <_svfprintf_r+0x1070>
    d9c8:	001bf593          	and	a1,s7,1
    d9cc:	400584e3          	beqz	a1,e5d4 <_svfprintf_r+0x1c74>
    d9d0:	03412783          	lw	a5,52(sp)
    d9d4:	0e812583          	lw	a1,232(sp)
    d9d8:	03812683          	lw	a3,56(sp)
    d9dc:	00e78733          	add	a4,a5,a4
    d9e0:	00158593          	add	a1,a1,1
    d9e4:	00d42023          	sw	a3,0(s0)
    d9e8:	00f42223          	sw	a5,4(s0)
    d9ec:	0ee12623          	sw	a4,236(sp)
    d9f0:	0eb12423          	sw	a1,232(sp)
    d9f4:	00700513          	li	a0,7
    d9f8:	00840413          	add	s0,s0,8
    d9fc:	00b55463          	bge	a0,a1,da04 <_svfprintf_r+0x10a4>
    da00:	4b00106f          	j	eeb0 <_svfprintf_r+0x2550>
    da04:	02412783          	lw	a5,36(sp)
    da08:	40c78633          	sub	a2,a5,a2
    da0c:	05012783          	lw	a5,80(sp)
    da10:	41878933          	sub	s2,a5,s8
    da14:	01265463          	bge	a2,s2,da1c <_svfprintf_r+0x10bc>
    da18:	00060913          	mv	s2,a2
    da1c:	03205863          	blez	s2,da4c <_svfprintf_r+0x10ec>
    da20:	0e812583          	lw	a1,232(sp)
    da24:	01270733          	add	a4,a4,s2
    da28:	01842023          	sw	s8,0(s0)
    da2c:	00158593          	add	a1,a1,1
    da30:	01242223          	sw	s2,4(s0)
    da34:	0ee12623          	sw	a4,236(sp)
    da38:	0eb12423          	sw	a1,232(sp)
    da3c:	00700513          	li	a0,7
    da40:	00840413          	add	s0,s0,8
    da44:	00b55463          	bge	a0,a1,da4c <_svfprintf_r+0x10ec>
    da48:	4c80106f          	j	ef10 <_svfprintf_r+0x25b0>
    da4c:	fff94593          	not	a1,s2
    da50:	41f5d593          	sra	a1,a1,0x1f
    da54:	00b97d33          	and	s10,s2,a1
    da58:	41a60933          	sub	s2,a2,s10
    da5c:	9b205e63          	blez	s2,cc18 <_svfprintf_r+0x2b8>
    da60:	00014837          	lui	a6,0x14
    da64:	01000593          	li	a1,16
    da68:	0e812603          	lw	a2,232(sp)
    da6c:	26c80a93          	add	s5,a6,620 # 1426c <zeroes.0>
    da70:	0725d0e3          	bge	a1,s2,e2d0 <_svfprintf_r+0x1970>
    da74:	00812c03          	lw	s8,8(sp)
    da78:	01000d13          	li	s10,16
    da7c:	00700d93          	li	s11,7
    da80:	00c0006f          	j	da8c <_svfprintf_r+0x112c>
    da84:	ff090913          	add	s2,s2,-16
    da88:	052d54e3          	bge	s10,s2,e2d0 <_svfprintf_r+0x1970>
    da8c:	01070713          	add	a4,a4,16
    da90:	00160613          	add	a2,a2,1
    da94:	01542023          	sw	s5,0(s0)
    da98:	01a42223          	sw	s10,4(s0)
    da9c:	0ee12623          	sw	a4,236(sp)
    daa0:	0ec12423          	sw	a2,232(sp)
    daa4:	00840413          	add	s0,s0,8
    daa8:	fccddee3          	bge	s11,a2,da84 <_svfprintf_r+0x1124>
    daac:	0e410613          	add	a2,sp,228
    dab0:	000c0593          	mv	a1,s8
    dab4:	00098513          	mv	a0,s3
    dab8:	288040ef          	jal	11d40 <__ssprint_r>
    dabc:	c80518e3          	bnez	a0,d74c <_svfprintf_r+0xdec>
    dac0:	0ec12703          	lw	a4,236(sp)
    dac4:	0e812603          	lw	a2,232(sp)
    dac8:	000b0413          	mv	s0,s6
    dacc:	fb9ff06f          	j	da84 <_svfprintf_r+0x1124>
    dad0:	001bf713          	and	a4,s7,1
    dad4:	cc071463          	bnez	a4,cf9c <_svfprintf_r+0x63c>
    dad8:	0ec12703          	lw	a4,236(sp)
    dadc:	0e812603          	lw	a2,232(sp)
    dae0:	01842023          	sw	s8,0(s0)
    dae4:	00170d93          	add	s11,a4,1
    dae8:	00160913          	add	s2,a2,1
    daec:	00b42223          	sw	a1,4(s0)
    daf0:	0fb12623          	sw	s11,236(sp)
    daf4:	0f212423          	sw	s2,232(sp)
    daf8:	00700713          	li	a4,7
    dafc:	d7275463          	bge	a4,s2,d064 <_svfprintf_r+0x704>
    db00:	00812583          	lw	a1,8(sp)
    db04:	0e410613          	add	a2,sp,228
    db08:	00098513          	mv	a0,s3
    db0c:	234040ef          	jal	11d40 <__ssprint_r>
    db10:	c2051ee3          	bnez	a0,d74c <_svfprintf_r+0xdec>
    db14:	0ec12d83          	lw	s11,236(sp)
    db18:	0e812903          	lw	s2,232(sp)
    db1c:	000b0d13          	mv	s10,s6
    db20:	d44ff06f          	j	d064 <_svfprintf_r+0x704>
    db24:	02412783          	lw	a5,36(sp)
    db28:	00100713          	li	a4,1
    db2c:	d2f75c63          	bge	a4,a5,d064 <_svfprintf_r+0x704>
    db30:	00014837          	lui	a6,0x14
    db34:	01100713          	li	a4,17
    db38:	26c80a93          	add	s5,a6,620 # 1426c <zeroes.0>
    db3c:	14f754e3          	bge	a4,a5,e484 <_svfprintf_r+0x1b24>
    db40:	000a8793          	mv	a5,s5
    db44:	01000713          	li	a4,16
    db48:	000a0a93          	mv	s5,s4
    db4c:	00700c13          	li	s8,7
    db50:	00048a13          	mv	s4,s1
    db54:	00078493          	mv	s1,a5
    db58:	00c0006f          	j	db64 <_svfprintf_r+0x1204>
    db5c:	ff040413          	add	s0,s0,-16
    db60:	10875ae3          	bge	a4,s0,e474 <_svfprintf_r+0x1b14>
    db64:	010d8d93          	add	s11,s11,16
    db68:	00190913          	add	s2,s2,1
    db6c:	009d2023          	sw	s1,0(s10)
    db70:	00ed2223          	sw	a4,4(s10)
    db74:	0fb12623          	sw	s11,236(sp)
    db78:	0f212423          	sw	s2,232(sp)
    db7c:	008d0d13          	add	s10,s10,8
    db80:	fd2c5ee3          	bge	s8,s2,db5c <_svfprintf_r+0x11fc>
    db84:	00812583          	lw	a1,8(sp)
    db88:	0e410613          	add	a2,sp,228
    db8c:	00098513          	mv	a0,s3
    db90:	1b0040ef          	jal	11d40 <__ssprint_r>
    db94:	ba051ce3          	bnez	a0,d74c <_svfprintf_r+0xdec>
    db98:	0ec12d83          	lw	s11,236(sp)
    db9c:	0e812903          	lw	s2,232(sp)
    dba0:	000b0d13          	mv	s10,s6
    dba4:	01000713          	li	a4,16
    dba8:	fb5ff06f          	j	db5c <_svfprintf_r+0x11fc>
    dbac:	01812703          	lw	a4,24(sp)
    dbb0:	010df793          	and	a5,s11,16
    dbb4:	00072c83          	lw	s9,0(a4)
    dbb8:	00470713          	add	a4,a4,4
    dbbc:	00e12c23          	sw	a4,24(sp)
    dbc0:	02079663          	bnez	a5,dbec <_svfprintf_r+0x128c>
    dbc4:	040df793          	and	a5,s11,64
    dbc8:	00078c63          	beqz	a5,dbe0 <_svfprintf_r+0x1280>
    dbcc:	010c9c93          	sll	s9,s9,0x10
    dbd0:	010cdc93          	srl	s9,s9,0x10
    dbd4:	00000d13          	li	s10,0
    dbd8:	00100693          	li	a3,1
    dbdc:	a10ff06f          	j	cdec <_svfprintf_r+0x48c>
    dbe0:	200df793          	and	a5,s11,512
    dbe4:	00078463          	beqz	a5,dbec <_svfprintf_r+0x128c>
    dbe8:	0ffcfc93          	zext.b	s9,s9
    dbec:	00000d13          	li	s10,0
    dbf0:	00100693          	li	a3,1
    dbf4:	9f8ff06f          	j	cdec <_svfprintf_r+0x48c>
    dbf8:	00000d13          	li	s10,0
    dbfc:	1b010c13          	add	s8,sp,432
    dc00:	990ff06f          	j	cd90 <_svfprintf_r+0x430>
    dc04:	00812583          	lw	a1,8(sp)
    dc08:	0e410613          	add	a2,sp,228
    dc0c:	00098513          	mv	a0,s3
    dc10:	130040ef          	jal	11d40 <__ssprint_r>
    dc14:	b2051ce3          	bnez	a0,d74c <_svfprintf_r+0xdec>
    dc18:	0ec12703          	lw	a4,236(sp)
    dc1c:	0e812603          	lw	a2,232(sp)
    dc20:	000b0d13          	mv	s10,s6
    dc24:	ba4ff06f          	j	cfc8 <_svfprintf_r+0x668>
    dc28:	00812583          	lw	a1,8(sp)
    dc2c:	0e410613          	add	a2,sp,228
    dc30:	00098513          	mv	a0,s3
    dc34:	10c040ef          	jal	11d40 <__ssprint_r>
    dc38:	b0051ae3          	bnez	a0,d74c <_svfprintf_r+0xdec>
    dc3c:	0ec12d83          	lw	s11,236(sp)
    dc40:	0e812903          	lw	s2,232(sp)
    dc44:	000b0d13          	mv	s10,s6
    dc48:	bacff06f          	j	cff4 <_svfprintf_r+0x694>
    dc4c:	001bf613          	and	a2,s7,1
    dc50:	00061463          	bnez	a2,dc58 <_svfprintf_r+0x12f8>
    dc54:	fc5fe06f          	j	cc18 <_svfprintf_r+0x2b8>
    dc58:	809ff06f          	j	d460 <_svfprintf_r+0xb00>
    dc5c:	0004c883          	lbu	a7,0(s1)
    dc60:	00f12c23          	sw	a5,24(sp)
    dc64:	e61fe06f          	j	cac4 <_svfprintf_r+0x164>
    dc68:	200bf713          	and	a4,s7,512
    dc6c:	3c0714e3          	bnez	a4,e834 <_svfprintf_r+0x1ed4>
    dc70:	41fcdd13          	sra	s10,s9,0x1f
    dc74:	000d0713          	mv	a4,s10
    dc78:	8d0ff06f          	j	cd48 <_svfprintf_r+0x3e8>
    dc7c:	200bf713          	and	a4,s7,512
    dc80:	3a0714e3          	bnez	a4,e828 <_svfprintf_r+0x1ec8>
    dc84:	00000d13          	li	s10,0
    dc88:	95cff06f          	j	cde4 <_svfprintf_r+0x484>
    dc8c:	01812783          	lw	a5,24(sp)
    dc90:	0007a703          	lw	a4,0(a5)
    dc94:	00478793          	add	a5,a5,4
    dc98:	00f12c23          	sw	a5,24(sp)
    dc9c:	00072583          	lw	a1,0(a4)
    dca0:	00472603          	lw	a2,4(a4)
    dca4:	00872683          	lw	a3,8(a4)
    dca8:	00c72703          	lw	a4,12(a4)
    dcac:	9f0ff06f          	j	ce9c <_svfprintf_r+0x53c>
    dcb0:	010bf713          	and	a4,s7,16
    dcb4:	6e071663          	bnez	a4,e3a0 <_svfprintf_r+0x1a40>
    dcb8:	040bf713          	and	a4,s7,64
    dcbc:	120718e3          	bnez	a4,e5ec <_svfprintf_r+0x1c8c>
    dcc0:	200bf793          	and	a5,s7,512
    dcc4:	6c078e63          	beqz	a5,e3a0 <_svfprintf_r+0x1a40>
    dcc8:	01812783          	lw	a5,24(sp)
    dccc:	01012703          	lw	a4,16(sp)
    dcd0:	0007a783          	lw	a5,0(a5)
    dcd4:	00e78023          	sb	a4,0(a5)
    dcd8:	ec0ff06f          	j	d398 <_svfprintf_r+0xa38>
    dcdc:	04012783          	lw	a5,64(sp)
    dce0:	0004c883          	lbu	a7,0(s1)
    dce4:	00079463          	bnez	a5,dcec <_svfprintf_r+0x138c>
    dce8:	dddfe06f          	j	cac4 <_svfprintf_r+0x164>
    dcec:	0007c783          	lbu	a5,0(a5)
    dcf0:	00079463          	bnez	a5,dcf8 <_svfprintf_r+0x1398>
    dcf4:	dd1fe06f          	j	cac4 <_svfprintf_r+0x164>
    dcf8:	400beb93          	or	s7,s7,1024
    dcfc:	dc9fe06f          	j	cac4 <_svfprintf_r+0x164>
    dd00:	00078913          	mv	s2,a5
    dd04:	0ec12703          	lw	a4,236(sp)
    dd08:	c72042e3          	bgtz	s2,d96c <_svfprintf_r+0x100c>
    dd0c:	c89ff06f          	j	d994 <_svfprintf_r+0x1034>
    dd10:	86091663          	bnez	s2,cd7c <_svfprintf_r+0x41c>
    dd14:	00000d13          	li	s10,0
    dd18:	000d8b93          	mv	s7,s11
    dd1c:	1b010c13          	add	s8,sp,432
    dd20:	870ff06f          	j	cd90 <_svfprintf_r+0x430>
    dd24:	00014737          	lui	a4,0x14
    dd28:	9dc70793          	add	a5,a4,-1572 # 139dc <__clz_tab+0x144>
    dd2c:	02f12e23          	sw	a5,60(sp)
    dd30:	020bf713          	and	a4,s7,32
    dd34:	34070263          	beqz	a4,e078 <_svfprintf_r+0x1718>
    dd38:	01812783          	lw	a5,24(sp)
    dd3c:	00778a93          	add	s5,a5,7
    dd40:	ff8afa93          	and	s5,s5,-8
    dd44:	000aac83          	lw	s9,0(s5)
    dd48:	004aad03          	lw	s10,4(s5)
    dd4c:	008a8793          	add	a5,s5,8
    dd50:	00f12c23          	sw	a5,24(sp)
    dd54:	001bf713          	and	a4,s7,1
    dd58:	00070e63          	beqz	a4,dd74 <_svfprintf_r+0x1414>
    dd5c:	01ace733          	or	a4,s9,s10
    dd60:	00070a63          	beqz	a4,dd74 <_svfprintf_r+0x1414>
    dd64:	03000713          	li	a4,48
    dd68:	0ce10423          	sb	a4,200(sp)
    dd6c:	0d1104a3          	sb	a7,201(sp)
    dd70:	002beb93          	or	s7,s7,2
    dd74:	bffbfd93          	and	s11,s7,-1025
    dd78:	00200693          	li	a3,2
    dd7c:	870ff06f          	j	cdec <_svfprintf_r+0x48c>
    dd80:	000b8d93          	mv	s11,s7
    dd84:	d80ff06f          	j	d304 <_svfprintf_r+0x9a4>
    dd88:	0014c883          	lbu	a7,1(s1)
    dd8c:	200beb93          	or	s7,s7,512
    dd90:	00148493          	add	s1,s1,1
    dd94:	d31fe06f          	j	cac4 <_svfprintf_r+0x164>
    dd98:	0014c883          	lbu	a7,1(s1)
    dd9c:	020beb93          	or	s7,s7,32
    dda0:	00148493          	add	s1,s1,1
    dda4:	d21fe06f          	j	cac4 <_svfprintf_r+0x164>
    dda8:	00812583          	lw	a1,8(sp)
    ddac:	0e410613          	add	a2,sp,228
    ddb0:	00098513          	mv	a0,s3
    ddb4:	78d030ef          	jal	11d40 <__ssprint_r>
    ddb8:	98051ae3          	bnez	a0,d74c <_svfprintf_r+0xdec>
    ddbc:	0ec12703          	lw	a4,236(sp)
    ddc0:	000b0413          	mv	s0,s6
    ddc4:	eccff06f          	j	d490 <_svfprintf_r+0xb30>
    ddc8:	00014737          	lui	a4,0x14
    ddcc:	9c870793          	add	a5,a4,-1592 # 139c8 <__clz_tab+0x130>
    ddd0:	02f12e23          	sw	a5,60(sp)
    ddd4:	f5dff06f          	j	dd30 <_svfprintf_r+0x13d0>
    ddd8:	03012503          	lw	a0,48(sp)
    dddc:	04000593          	li	a1,64
    dde0:	b8dfc0ef          	jal	a96c <_malloc_r>
    dde4:	00812783          	lw	a5,8(sp)
    dde8:	00c12283          	lw	t0,12(sp)
    ddec:	00a7a023          	sw	a0,0(a5)
    ddf0:	00a7a823          	sw	a0,16(a5)
    ddf4:	00051463          	bnez	a0,ddfc <_svfprintf_r+0x149c>
    ddf8:	3240106f          	j	f11c <_svfprintf_r+0x27bc>
    ddfc:	00812703          	lw	a4,8(sp)
    de00:	04000793          	li	a5,64
    de04:	00f72a23          	sw	a5,20(a4)
    de08:	be9fe06f          	j	c9f0 <_svfprintf_r+0x90>
    de0c:	000c0513          	mv	a0,s8
    de10:	05112823          	sw	a7,80(sp)
    de14:	a15fe0ef          	jal	c828 <strlen>
    de18:	0c714703          	lbu	a4,199(sp)
    de1c:	fff54693          	not	a3,a0
    de20:	41f6d693          	sra	a3,a3,0x1f
    de24:	01512c23          	sw	s5,24(sp)
    de28:	00012a23          	sw	zero,20(sp)
    de2c:	02012423          	sw	zero,40(sp)
    de30:	02012623          	sw	zero,44(sp)
    de34:	02012023          	sw	zero,32(sp)
    de38:	05012883          	lw	a7,80(sp)
    de3c:	00050d13          	mv	s10,a0
    de40:	00d57cb3          	and	s9,a0,a3
    de44:	00000913          	li	s2,0
    de48:	00070463          	beqz	a4,de50 <_svfprintf_r+0x14f0>
    de4c:	f69fe06f          	j	cdb4 <_svfprintf_r+0x454>
    de50:	cf5fe06f          	j	cb44 <_svfprintf_r+0x1e4>
    de54:	00014837          	lui	a6,0x14
    de58:	01000593          	li	a1,16
    de5c:	0e812603          	lw	a2,232(sp)
    de60:	26c80a93          	add	s5,a6,620 # 1426c <zeroes.0>
    de64:	6525da63          	bge	a1,s2,e4b8 <_svfprintf_r+0x1b58>
    de68:	00812d83          	lw	s11,8(sp)
    de6c:	01000e13          	li	t3,16
    de70:	00700d13          	li	s10,7
    de74:	00c0006f          	j	de80 <_svfprintf_r+0x1520>
    de78:	ff090913          	add	s2,s2,-16
    de7c:	632e5e63          	bge	t3,s2,e4b8 <_svfprintf_r+0x1b58>
    de80:	01070713          	add	a4,a4,16
    de84:	00160613          	add	a2,a2,1
    de88:	01542023          	sw	s5,0(s0)
    de8c:	01c42223          	sw	t3,4(s0)
    de90:	0ee12623          	sw	a4,236(sp)
    de94:	0ec12423          	sw	a2,232(sp)
    de98:	00840413          	add	s0,s0,8
    de9c:	fccd5ee3          	bge	s10,a2,de78 <_svfprintf_r+0x1518>
    dea0:	0e410613          	add	a2,sp,228
    dea4:	000d8593          	mv	a1,s11
    dea8:	00098513          	mv	a0,s3
    deac:	695030ef          	jal	11d40 <__ssprint_r>
    deb0:	88051ee3          	bnez	a0,d74c <_svfprintf_r+0xdec>
    deb4:	0ec12703          	lw	a4,236(sp)
    deb8:	0e812603          	lw	a2,232(sp)
    debc:	000b0413          	mv	s0,s6
    dec0:	01000e13          	li	t3,16
    dec4:	fb5ff06f          	j	de78 <_svfprintf_r+0x1518>
    dec8:	02c12d03          	lw	s10,44(sp)
    decc:	00014e37          	lui	t3,0x14
    ded0:	04912a23          	sw	s1,84(sp)
    ded4:	05712c23          	sw	s7,88(sp)
    ded8:	03912623          	sw	s9,44(sp)
    dedc:	05412e23          	sw	s4,92(sp)
    dee0:	00040613          	mv	a2,s0
    dee4:	000c0c93          	mv	s9,s8
    dee8:	04012b83          	lw	s7,64(sp)
    deec:	04c12403          	lw	s0,76(sp)
    def0:	02812c03          	lw	s8,40(sp)
    def4:	00812483          	lw	s1,8(sp)
    def8:	00700913          	li	s2,7
    defc:	01000d93          	li	s11,16
    df00:	26ce0a93          	add	s5,t3,620 # 1426c <zeroes.0>
    df04:	080d0863          	beqz	s10,df94 <_svfprintf_r+0x1634>
    df08:	160c0263          	beqz	s8,e06c <_svfprintf_r+0x170c>
    df0c:	fffc0c13          	add	s8,s8,-1
    df10:	04812783          	lw	a5,72(sp)
    df14:	00870733          	add	a4,a4,s0
    df18:	00862223          	sw	s0,4(a2)
    df1c:	00f62023          	sw	a5,0(a2)
    df20:	0e812783          	lw	a5,232(sp)
    df24:	0ee12623          	sw	a4,236(sp)
    df28:	00860613          	add	a2,a2,8
    df2c:	00178793          	add	a5,a5,1
    df30:	0ef12423          	sw	a5,232(sp)
    df34:	16f94a63          	blt	s2,a5,e0a8 <_svfprintf_r+0x1748>
    df38:	05012783          	lw	a5,80(sp)
    df3c:	000bc683          	lbu	a3,0(s7)
    df40:	41978a33          	sub	s4,a5,s9
    df44:	0146d463          	bge	a3,s4,df4c <_svfprintf_r+0x15ec>
    df48:	00068a13          	mv	s4,a3
    df4c:	03405663          	blez	s4,df78 <_svfprintf_r+0x1618>
    df50:	0e812683          	lw	a3,232(sp)
    df54:	01470733          	add	a4,a4,s4
    df58:	01962023          	sw	s9,0(a2)
    df5c:	00168693          	add	a3,a3,1
    df60:	01462223          	sw	s4,4(a2)
    df64:	0ee12623          	sw	a4,236(sp)
    df68:	0ed12423          	sw	a3,232(sp)
    df6c:	38d94663          	blt	s2,a3,e2f8 <_svfprintf_r+0x1998>
    df70:	000bc683          	lbu	a3,0(s7)
    df74:	00860613          	add	a2,a2,8
    df78:	fffa4593          	not	a1,s4
    df7c:	41f5d593          	sra	a1,a1,0x1f
    df80:	00ba77b3          	and	a5,s4,a1
    df84:	40f68a33          	sub	s4,a3,a5
    df88:	03404e63          	bgtz	s4,dfc4 <_svfprintf_r+0x1664>
    df8c:	00dc8cb3          	add	s9,s9,a3
    df90:	f60d1ce3          	bnez	s10,df08 <_svfprintf_r+0x15a8>
    df94:	f60c1ce3          	bnez	s8,df0c <_svfprintf_r+0x15ac>
    df98:	05012783          	lw	a5,80(sp)
    df9c:	05712023          	sw	s7,64(sp)
    dfa0:	000c8c13          	mv	s8,s9
    dfa4:	05412483          	lw	s1,84(sp)
    dfa8:	05812b83          	lw	s7,88(sp)
    dfac:	05c12a03          	lw	s4,92(sp)
    dfb0:	02c12c83          	lw	s9,44(sp)
    dfb4:	00060413          	mv	s0,a2
    dfb8:	a187f2e3          	bgeu	a5,s8,d9bc <_svfprintf_r+0x105c>
    dfbc:	00078c13          	mv	s8,a5
    dfc0:	9fdff06f          	j	d9bc <_svfprintf_r+0x105c>
    dfc4:	000145b7          	lui	a1,0x14
    dfc8:	0e812683          	lw	a3,232(sp)
    dfcc:	26c58593          	add	a1,a1,620 # 1426c <zeroes.0>
    dfd0:	074dd863          	bge	s11,s4,e040 <_svfprintf_r+0x16e0>
    dfd4:	02812023          	sw	s0,32(sp)
    dfd8:	000a0413          	mv	s0,s4
    dfdc:	000a8a13          	mv	s4,s5
    dfe0:	00c0006f          	j	dfec <_svfprintf_r+0x168c>
    dfe4:	ff040413          	add	s0,s0,-16
    dfe8:	048dd663          	bge	s11,s0,e034 <_svfprintf_r+0x16d4>
    dfec:	01070713          	add	a4,a4,16
    dff0:	00168693          	add	a3,a3,1
    dff4:	01562023          	sw	s5,0(a2)
    dff8:	01b62223          	sw	s11,4(a2)
    dffc:	0ee12623          	sw	a4,236(sp)
    e000:	0ed12423          	sw	a3,232(sp)
    e004:	00860613          	add	a2,a2,8
    e008:	fcd95ee3          	bge	s2,a3,dfe4 <_svfprintf_r+0x1684>
    e00c:	0e410613          	add	a2,sp,228
    e010:	00048593          	mv	a1,s1
    e014:	00098513          	mv	a0,s3
    e018:	529030ef          	jal	11d40 <__ssprint_r>
    e01c:	f2051863          	bnez	a0,d74c <_svfprintf_r+0xdec>
    e020:	ff040413          	add	s0,s0,-16
    e024:	0ec12703          	lw	a4,236(sp)
    e028:	0e812683          	lw	a3,232(sp)
    e02c:	000b0613          	mv	a2,s6
    e030:	fa8dcee3          	blt	s11,s0,dfec <_svfprintf_r+0x168c>
    e034:	000a0593          	mv	a1,s4
    e038:	00040a13          	mv	s4,s0
    e03c:	02012403          	lw	s0,32(sp)
    e040:	00ea0733          	add	a4,s4,a4
    e044:	00168693          	add	a3,a3,1
    e048:	00b62023          	sw	a1,0(a2)
    e04c:	01462223          	sw	s4,4(a2)
    e050:	0ee12623          	sw	a4,236(sp)
    e054:	0ed12423          	sw	a3,232(sp)
    e058:	4ad94ce3          	blt	s2,a3,ed10 <_svfprintf_r+0x23b0>
    e05c:	000bc683          	lbu	a3,0(s7)
    e060:	00860613          	add	a2,a2,8
    e064:	00dc8cb3          	add	s9,s9,a3
    e068:	f29ff06f          	j	df90 <_svfprintf_r+0x1630>
    e06c:	fffb8b93          	add	s7,s7,-1
    e070:	fffd0d13          	add	s10,s10,-1
    e074:	e9dff06f          	j	df10 <_svfprintf_r+0x15b0>
    e078:	01812783          	lw	a5,24(sp)
    e07c:	010bf713          	and	a4,s7,16
    e080:	0007ac83          	lw	s9,0(a5)
    e084:	00478793          	add	a5,a5,4
    e088:	00f12c23          	sw	a5,24(sp)
    e08c:	04071263          	bnez	a4,e0d0 <_svfprintf_r+0x1770>
    e090:	040bf713          	and	a4,s7,64
    e094:	02070a63          	beqz	a4,e0c8 <_svfprintf_r+0x1768>
    e098:	010c9c93          	sll	s9,s9,0x10
    e09c:	010cdc93          	srl	s9,s9,0x10
    e0a0:	00000d13          	li	s10,0
    e0a4:	cb1ff06f          	j	dd54 <_svfprintf_r+0x13f4>
    e0a8:	0e410613          	add	a2,sp,228
    e0ac:	00048593          	mv	a1,s1
    e0b0:	00098513          	mv	a0,s3
    e0b4:	48d030ef          	jal	11d40 <__ssprint_r>
    e0b8:	e8051a63          	bnez	a0,d74c <_svfprintf_r+0xdec>
    e0bc:	0ec12703          	lw	a4,236(sp)
    e0c0:	000b0613          	mv	a2,s6
    e0c4:	e75ff06f          	j	df38 <_svfprintf_r+0x15d8>
    e0c8:	200bf713          	and	a4,s7,512
    e0cc:	76071e63          	bnez	a4,e848 <_svfprintf_r+0x1ee8>
    e0d0:	00000d13          	li	s10,0
    e0d4:	c81ff06f          	j	dd54 <_svfprintf_r+0x13f4>
    e0d8:	ccccde37          	lui	t3,0xccccd
    e0dc:	04012703          	lw	a4,64(sp)
    e0e0:	400dfe93          	and	t4,s11,1024
    e0e4:	00000593          	li	a1,0
    e0e8:	1b010613          	add	a2,sp,432
    e0ec:	00500813          	li	a6,5
    e0f0:	ccde0693          	add	a3,t3,-819 # cccccccd <_stack_top+0xacbccccd>
    e0f4:	ccce0b93          	add	s7,t3,-820
    e0f8:	0ff00a93          	li	s5,255
    e0fc:	0540006f          	j	e150 <_svfprintf_r+0x17f0>
    e100:	019c37b3          	sltu	a5,s8,s9
    e104:	00fc07b3          	add	a5,s8,a5
    e108:	0307f7b3          	remu	a5,a5,a6
    e10c:	40fc87b3          	sub	a5,s9,a5
    e110:	00fcb633          	sltu	a2,s9,a5
    e114:	40cd0633          	sub	a2,s10,a2
    e118:	03778e33          	mul	t3,a5,s7
    e11c:	02d60633          	mul	a2,a2,a3
    e120:	02d7b533          	mulhu	a0,a5,a3
    e124:	01c60633          	add	a2,a2,t3
    e128:	02d787b3          	mul	a5,a5,a3
    e12c:	00a60633          	add	a2,a2,a0
    e130:	01f61513          	sll	a0,a2,0x1f
    e134:	00165613          	srl	a2,a2,0x1
    e138:	0017d793          	srl	a5,a5,0x1
    e13c:	00f567b3          	or	a5,a0,a5
    e140:	3e0d0ee3          	beqz	s10,ed3c <_svfprintf_r+0x23dc>
    e144:	00060d13          	mv	s10,a2
    e148:	00078c93          	mv	s9,a5
    e14c:	00030613          	mv	a2,t1
    e150:	01ac8c33          	add	s8,s9,s10
    e154:	019c37b3          	sltu	a5,s8,s9
    e158:	00fc07b3          	add	a5,s8,a5
    e15c:	0307f7b3          	remu	a5,a5,a6
    e160:	fff60313          	add	t1,a2,-1
    e164:	00158593          	add	a1,a1,1
    e168:	40fc87b3          	sub	a5,s9,a5
    e16c:	00fcb533          	sltu	a0,s9,a5
    e170:	40ad0533          	sub	a0,s10,a0
    e174:	02d7be33          	mulhu	t3,a5,a3
    e178:	02d50533          	mul	a0,a0,a3
    e17c:	02d787b3          	mul	a5,a5,a3
    e180:	01c50533          	add	a0,a0,t3
    e184:	01f51513          	sll	a0,a0,0x1f
    e188:	0017d793          	srl	a5,a5,0x1
    e18c:	00f567b3          	or	a5,a0,a5
    e190:	00279513          	sll	a0,a5,0x2
    e194:	00f507b3          	add	a5,a0,a5
    e198:	00179793          	sll	a5,a5,0x1
    e19c:	40fc87b3          	sub	a5,s9,a5
    e1a0:	03078793          	add	a5,a5,48
    e1a4:	fef60fa3          	sb	a5,-1(a2)
    e1a8:	f40e8ce3          	beqz	t4,e100 <_svfprintf_r+0x17a0>
    e1ac:	00074783          	lbu	a5,0(a4)
    e1b0:	f4f598e3          	bne	a1,a5,e100 <_svfprintf_r+0x17a0>
    e1b4:	f55586e3          	beq	a1,s5,e100 <_svfprintf_r+0x17a0>
    e1b8:	340d1263          	bnez	s10,e4fc <_svfprintf_r+0x1b9c>
    e1bc:	00900793          	li	a5,9
    e1c0:	3397ee63          	bltu	a5,s9,e4fc <_svfprintf_r+0x1b9c>
    e1c4:	00030c13          	mv	s8,t1
    e1c8:	1b010793          	add	a5,sp,432
    e1cc:	04e12023          	sw	a4,64(sp)
    e1d0:	02b12223          	sw	a1,36(sp)
    e1d4:	41878d33          	sub	s10,a5,s8
    e1d8:	000d8b93          	mv	s7,s11
    e1dc:	bb5fe06f          	j	cd90 <_svfprintf_r+0x430>
    e1e0:	0ec12703          	lw	a4,236(sp)
    e1e4:	0e812603          	lw	a2,232(sp)
    e1e8:	000145b7          	lui	a1,0x14
    e1ec:	9f858593          	add	a1,a1,-1544 # 139f8 <__clz_tab+0x160>
    e1f0:	00b42023          	sw	a1,0(s0)
    e1f4:	00170713          	add	a4,a4,1
    e1f8:	00100593          	li	a1,1
    e1fc:	00160613          	add	a2,a2,1
    e200:	00b42223          	sw	a1,4(s0)
    e204:	0ee12623          	sw	a4,236(sp)
    e208:	0ec12423          	sw	a2,232(sp)
    e20c:	00700593          	li	a1,7
    e210:	00840413          	add	s0,s0,8
    e214:	06c5cc63          	blt	a1,a2,e28c <_svfprintf_r+0x192c>
    e218:	1a051e63          	bnez	a0,e3d4 <_svfprintf_r+0x1a74>
    e21c:	02412783          	lw	a5,36(sp)
    e220:	001bf613          	and	a2,s7,1
    e224:	00f66633          	or	a2,a2,a5
    e228:	00061463          	bnez	a2,e230 <_svfprintf_r+0x18d0>
    e22c:	9edfe06f          	j	cc18 <_svfprintf_r+0x2b8>
    e230:	03412783          	lw	a5,52(sp)
    e234:	0e812603          	lw	a2,232(sp)
    e238:	03812683          	lw	a3,56(sp)
    e23c:	00e78733          	add	a4,a5,a4
    e240:	00160613          	add	a2,a2,1
    e244:	00d42023          	sw	a3,0(s0)
    e248:	00f42223          	sw	a5,4(s0)
    e24c:	0ee12623          	sw	a4,236(sp)
    e250:	0ec12423          	sw	a2,232(sp)
    e254:	00700593          	li	a1,7
    e258:	60c5cc63          	blt	a1,a2,e870 <_svfprintf_r+0x1f10>
    e25c:	00840413          	add	s0,s0,8
    e260:	02412783          	lw	a5,36(sp)
    e264:	00160613          	add	a2,a2,1
    e268:	01842023          	sw	s8,0(s0)
    e26c:	00e78733          	add	a4,a5,a4
    e270:	00f42223          	sw	a5,4(s0)
    e274:	0ee12623          	sw	a4,236(sp)
    e278:	0ec12423          	sw	a2,232(sp)
    e27c:	00700593          	li	a1,7
    e280:	00c5c463          	blt	a1,a2,e288 <_svfprintf_r+0x1928>
    e284:	991fe06f          	j	cc14 <_svfprintf_r+0x2b4>
    e288:	e09fe06f          	j	d090 <_svfprintf_r+0x730>
    e28c:	00812583          	lw	a1,8(sp)
    e290:	0e410613          	add	a2,sp,228
    e294:	00098513          	mv	a0,s3
    e298:	2a9030ef          	jal	11d40 <__ssprint_r>
    e29c:	ca051863          	bnez	a0,d74c <_svfprintf_r+0xdec>
    e2a0:	0cc12503          	lw	a0,204(sp)
    e2a4:	0ec12703          	lw	a4,236(sp)
    e2a8:	000b0413          	mv	s0,s6
    e2ac:	f6dff06f          	j	e218 <_svfprintf_r+0x18b8>
    e2b0:	00812583          	lw	a1,8(sp)
    e2b4:	0e410613          	add	a2,sp,228
    e2b8:	00098513          	mv	a0,s3
    e2bc:	285030ef          	jal	11d40 <__ssprint_r>
    e2c0:	c8051663          	bnez	a0,d74c <_svfprintf_r+0xdec>
    e2c4:	0ec12703          	lw	a4,236(sp)
    e2c8:	000b0413          	mv	s0,s6
    e2cc:	988ff06f          	j	d454 <_svfprintf_r+0xaf4>
    e2d0:	01542023          	sw	s5,0(s0)
    e2d4:	01242223          	sw	s2,4(s0)
    e2d8:	01270733          	add	a4,a4,s2
    e2dc:	00160613          	add	a2,a2,1
    e2e0:	0ee12623          	sw	a4,236(sp)
    e2e4:	0ec12423          	sw	a2,232(sp)
    e2e8:	00700593          	li	a1,7
    e2ec:	00c5c463          	blt	a1,a2,e2f4 <_svfprintf_r+0x1994>
    e2f0:	925fe06f          	j	cc14 <_svfprintf_r+0x2b4>
    e2f4:	d9dfe06f          	j	d090 <_svfprintf_r+0x730>
    e2f8:	0e410613          	add	a2,sp,228
    e2fc:	00048593          	mv	a1,s1
    e300:	00098513          	mv	a0,s3
    e304:	23d030ef          	jal	11d40 <__ssprint_r>
    e308:	c4051263          	bnez	a0,d74c <_svfprintf_r+0xdec>
    e30c:	000bc683          	lbu	a3,0(s7)
    e310:	0ec12703          	lw	a4,236(sp)
    e314:	000b0613          	mv	a2,s6
    e318:	c61ff06f          	j	df78 <_svfprintf_r+0x1618>
    e31c:	0f012703          	lw	a4,240(sp)
    e320:	0a010593          	add	a1,sp,160
    e324:	0b010513          	add	a0,sp,176
    e328:	0ae12823          	sw	a4,176(sp)
    e32c:	0f412703          	lw	a4,244(sp)
    e330:	0a012023          	sw	zero,160(sp)
    e334:	0a012223          	sw	zero,164(sp)
    e338:	0ae12a23          	sw	a4,180(sp)
    e33c:	0f812703          	lw	a4,248(sp)
    e340:	0a012423          	sw	zero,168(sp)
    e344:	0a012623          	sw	zero,172(sp)
    e348:	0ae12c23          	sw	a4,184(sp)
    e34c:	0fc12703          	lw	a4,252(sp)
    e350:	0ae12e23          	sw	a4,188(sp)
    e354:	f2df20ef          	jal	1280 <__letf2>
    e358:	01412883          	lw	a7,20(sp)
    e35c:	36054ee3          	bltz	a0,eed8 <_svfprintf_r+0x2578>
    e360:	0c714703          	lbu	a4,199(sp)
    e364:	04700693          	li	a3,71
    e368:	2316dc63          	bge	a3,a7,e5a0 <_svfprintf_r+0x1c40>
    e36c:	000142b7          	lui	t0,0x14
    e370:	9bc28c13          	add	s8,t0,-1604 # 139bc <__clz_tab+0x124>
    e374:	00012a23          	sw	zero,20(sp)
    e378:	02012423          	sw	zero,40(sp)
    e37c:	02012623          	sw	zero,44(sp)
    e380:	02012023          	sw	zero,32(sp)
    e384:	f7fbfb93          	and	s7,s7,-129
    e388:	00300c93          	li	s9,3
    e38c:	00300d13          	li	s10,3
    e390:	00000913          	li	s2,0
    e394:	00070463          	beqz	a4,e39c <_svfprintf_r+0x1a3c>
    e398:	a1dfe06f          	j	cdb4 <_svfprintf_r+0x454>
    e39c:	fa8fe06f          	j	cb44 <_svfprintf_r+0x1e4>
    e3a0:	01812783          	lw	a5,24(sp)
    e3a4:	01012703          	lw	a4,16(sp)
    e3a8:	0007a783          	lw	a5,0(a5)
    e3ac:	00e7a023          	sw	a4,0(a5)
    e3b0:	fe9fe06f          	j	d398 <_svfprintf_r+0xa38>
    e3b4:	00600713          	li	a4,6
    e3b8:	00090d13          	mv	s10,s2
    e3bc:	21276863          	bltu	a4,s2,e5cc <_svfprintf_r+0x1c6c>
    e3c0:	000142b7          	lui	t0,0x14
    e3c4:	000d0c93          	mv	s9,s10
    e3c8:	01512c23          	sw	s5,24(sp)
    e3cc:	9f028c13          	add	s8,t0,-1552 # 139f0 <__clz_tab+0x158>
    e3d0:	f60fe06f          	j	cb30 <_svfprintf_r+0x1d0>
    e3d4:	03412783          	lw	a5,52(sp)
    e3d8:	0e812603          	lw	a2,232(sp)
    e3dc:	03812683          	lw	a3,56(sp)
    e3e0:	00e78733          	add	a4,a5,a4
    e3e4:	00160613          	add	a2,a2,1
    e3e8:	00d42023          	sw	a3,0(s0)
    e3ec:	00f42223          	sw	a5,4(s0)
    e3f0:	0ee12623          	sw	a4,236(sp)
    e3f4:	0ec12423          	sw	a2,232(sp)
    e3f8:	00700593          	li	a1,7
    e3fc:	00840413          	add	s0,s0,8
    e400:	46c5c863          	blt	a1,a2,e870 <_svfprintf_r+0x1f10>
    e404:	e4055ee3          	bgez	a0,e260 <_svfprintf_r+0x1900>
    e408:	00014837          	lui	a6,0x14
    e40c:	ff000593          	li	a1,-16
    e410:	40a00933          	neg	s2,a0
    e414:	26c80a93          	add	s5,a6,620 # 1426c <zeroes.0>
    e418:	01000d13          	li	s10,16
    e41c:	00700d93          	li	s11,7
    e420:	00b54863          	blt	a0,a1,e430 <_svfprintf_r+0x1ad0>
    e424:	3ad0006f          	j	efd0 <_svfprintf_r+0x2670>
    e428:	ff090913          	add	s2,s2,-16
    e42c:	3b2d52e3          	bge	s10,s2,efd0 <_svfprintf_r+0x2670>
    e430:	01070713          	add	a4,a4,16
    e434:	00160613          	add	a2,a2,1
    e438:	01542023          	sw	s5,0(s0)
    e43c:	01a42223          	sw	s10,4(s0)
    e440:	0ee12623          	sw	a4,236(sp)
    e444:	0ec12423          	sw	a2,232(sp)
    e448:	00840413          	add	s0,s0,8
    e44c:	fccddee3          	bge	s11,a2,e428 <_svfprintf_r+0x1ac8>
    e450:	00812583          	lw	a1,8(sp)
    e454:	0e410613          	add	a2,sp,228
    e458:	00098513          	mv	a0,s3
    e45c:	0e5030ef          	jal	11d40 <__ssprint_r>
    e460:	ae051663          	bnez	a0,d74c <_svfprintf_r+0xdec>
    e464:	0ec12703          	lw	a4,236(sp)
    e468:	0e812603          	lw	a2,232(sp)
    e46c:	000b0413          	mv	s0,s6
    e470:	fb9ff06f          	j	e428 <_svfprintf_r+0x1ac8>
    e474:	00048793          	mv	a5,s1
    e478:	000a0493          	mv	s1,s4
    e47c:	000a8a13          	mv	s4,s5
    e480:	00078a93          	mv	s5,a5
    e484:	008d8db3          	add	s11,s11,s0
    e488:	00190913          	add	s2,s2,1
    e48c:	015d2023          	sw	s5,0(s10)
    e490:	bbdfe06f          	j	d04c <_svfprintf_r+0x6ec>
    e494:	0fc12703          	lw	a4,252(sp)
    e498:	3a075e63          	bgez	a4,e854 <_svfprintf_r+0x1ef4>
    e49c:	02d00713          	li	a4,45
    e4a0:	0ce103a3          	sb	a4,199(sp)
    e4a4:	04700693          	li	a3,71
    e4a8:	2916dce3          	bge	a3,a7,ef40 <_svfprintf_r+0x25e0>
    e4ac:	000142b7          	lui	t0,0x14
    e4b0:	9c428c13          	add	s8,t0,-1596 # 139c4 <__clz_tab+0x12c>
    e4b4:	ec1ff06f          	j	e374 <_svfprintf_r+0x1a14>
    e4b8:	00e90733          	add	a4,s2,a4
    e4bc:	00160613          	add	a2,a2,1
    e4c0:	01542023          	sw	s5,0(s0)
    e4c4:	01242223          	sw	s2,4(s0)
    e4c8:	0ee12623          	sw	a4,236(sp)
    e4cc:	0ec12423          	sw	a2,232(sp)
    e4d0:	00700593          	li	a1,7
    e4d4:	00840413          	add	s0,s0,8
    e4d8:	ccc5da63          	bge	a1,a2,d9ac <_svfprintf_r+0x104c>
    e4dc:	00812583          	lw	a1,8(sp)
    e4e0:	0e410613          	add	a2,sp,228
    e4e4:	00098513          	mv	a0,s3
    e4e8:	059030ef          	jal	11d40 <__ssprint_r>
    e4ec:	a6051063          	bnez	a0,d74c <_svfprintf_r+0xdec>
    e4f0:	0ec12703          	lw	a4,236(sp)
    e4f4:	000b0413          	mv	s0,s6
    e4f8:	cb4ff06f          	j	d9ac <_svfprintf_r+0x104c>
    e4fc:	04c12783          	lw	a5,76(sp)
    e500:	04812583          	lw	a1,72(sp)
    e504:	03d12423          	sw	t4,40(sp)
    e508:	40f30333          	sub	t1,t1,a5
    e50c:	00078613          	mv	a2,a5
    e510:	00030513          	mv	a0,t1
    e514:	03112223          	sw	a7,36(sp)
    e518:	02e12023          	sw	a4,32(sp)
    e51c:	00612a23          	sw	t1,20(sp)
    e520:	b94fe0ef          	jal	c8b4 <strncpy>
    e524:	019c37b3          	sltu	a5,s8,s9
    e528:	00500613          	li	a2,5
    e52c:	00fc07b3          	add	a5,s8,a5
    e530:	02c7f7b3          	remu	a5,a5,a2
    e534:	02012703          	lw	a4,32(sp)
    e538:	ccccd637          	lui	a2,0xccccd
    e53c:	ccd60e13          	add	t3,a2,-819 # cccccccd <_stack_top+0xacbccccd>
    e540:	ccc60513          	add	a0,a2,-820
    e544:	00174603          	lbu	a2,1(a4)
    e548:	01412303          	lw	t1,20(sp)
    e54c:	02412883          	lw	a7,36(sp)
    e550:	00c03633          	snez	a2,a2
    e554:	00c70733          	add	a4,a4,a2
    e558:	02812e83          	lw	t4,40(sp)
    e55c:	00000593          	li	a1,0
    e560:	00500813          	li	a6,5
    e564:	000e0693          	mv	a3,t3
    e568:	40fc87b3          	sub	a5,s9,a5
    e56c:	00fcb633          	sltu	a2,s9,a5
    e570:	40cd0633          	sub	a2,s10,a2
    e574:	02a78533          	mul	a0,a5,a0
    e578:	03c60633          	mul	a2,a2,t3
    e57c:	03c7bf33          	mulhu	t5,a5,t3
    e580:	00a60633          	add	a2,a2,a0
    e584:	03c78533          	mul	a0,a5,t3
    e588:	01e60633          	add	a2,a2,t5
    e58c:	01f61793          	sll	a5,a2,0x1f
    e590:	00165613          	srl	a2,a2,0x1
    e594:	00155513          	srl	a0,a0,0x1
    e598:	00a7e7b3          	or	a5,a5,a0
    e59c:	ba9ff06f          	j	e144 <_svfprintf_r+0x17e4>
    e5a0:	000142b7          	lui	t0,0x14
    e5a4:	9b828c13          	add	s8,t0,-1608 # 139b8 <__clz_tab+0x120>
    e5a8:	dcdff06f          	j	e374 <_svfprintf_r+0x1a14>
    e5ac:	00812583          	lw	a1,8(sp)
    e5b0:	0e410613          	add	a2,sp,228
    e5b4:	00098513          	mv	a0,s3
    e5b8:	788030ef          	jal	11d40 <__ssprint_r>
    e5bc:	98051863          	bnez	a0,d74c <_svfprintf_r+0xdec>
    e5c0:	0ec12703          	lw	a4,236(sp)
    e5c4:	000b0413          	mv	s0,s6
    e5c8:	bccff06f          	j	d994 <_svfprintf_r+0x1034>
    e5cc:	00600d13          	li	s10,6
    e5d0:	df1ff06f          	j	e3c0 <_svfprintf_r+0x1a60>
    e5d4:	40c78633          	sub	a2,a5,a2
    e5d8:	05012783          	lw	a5,80(sp)
    e5dc:	41878933          	sub	s2,a5,s8
    e5e0:	c7265663          	bge	a2,s2,da4c <_svfprintf_r+0x10ec>
    e5e4:	00060913          	mv	s2,a2
    e5e8:	c64ff06f          	j	da4c <_svfprintf_r+0x10ec>
    e5ec:	01812783          	lw	a5,24(sp)
    e5f0:	01012703          	lw	a4,16(sp)
    e5f4:	0007a783          	lw	a5,0(a5)
    e5f8:	00e79023          	sh	a4,0(a5)
    e5fc:	d9dfe06f          	j	d398 <_svfprintf_r+0xa38>
    e600:	00090693          	mv	a3,s2
    e604:	00200613          	li	a2,2
    e608:	0b010b93          	add	s7,sp,176
    e60c:	0d010793          	add	a5,sp,208
    e610:	0dc10813          	add	a6,sp,220
    e614:	0cc10713          	add	a4,sp,204
    e618:	000b8593          	mv	a1,s7
    e61c:	00098513          	mv	a0,s3
    e620:	05112a23          	sw	a7,84(sp)
    e624:	04d12823          	sw	a3,80(sp)
    e628:	0be12823          	sw	t5,176(sp)
    e62c:	03e12423          	sw	t5,40(sp)
    e630:	0bd12a23          	sw	t4,180(sp)
    e634:	03d12223          	sw	t4,36(sp)
    e638:	0bc12c23          	sw	t3,184(sp)
    e63c:	03c12023          	sw	t3,32(sp)
    e640:	0bb12e23          	sw	s11,188(sp)
    e644:	c09fa0ef          	jal	924c <_ldtoa_r>
    e648:	05412883          	lw	a7,84(sp)
    e64c:	06700793          	li	a5,103
    e650:	02012e03          	lw	t3,32(sp)
    e654:	02412e83          	lw	t4,36(sp)
    e658:	02812f03          	lw	t5,40(sp)
    e65c:	05012683          	lw	a3,80(sp)
    e660:	00050c13          	mv	s8,a0
    e664:	60f88263          	beq	a7,a5,ec68 <_svfprintf_r+0x2308>
    e668:	04700793          	li	a5,71
    e66c:	5ef88e63          	beq	a7,a5,ec68 <_svfprintf_r+0x2308>
    e670:	fdf8fa93          	and	s5,a7,-33
    e674:	04600613          	li	a2,70
    e678:	00d50cb3          	add	s9,a0,a3
    e67c:	0a010d13          	add	s10,sp,160
    e680:	00ca9c63          	bne	s5,a2,e698 <_svfprintf_r+0x1d38>
    e684:	00054583          	lbu	a1,0(a0)
    e688:	03000613          	li	a2,48
    e68c:	20c58e63          	beq	a1,a2,e8a8 <_svfprintf_r+0x1f48>
    e690:	0cc12683          	lw	a3,204(sp)
    e694:	00dc8cb3          	add	s9,s9,a3
    e698:	000b8513          	mv	a0,s7
    e69c:	000d0593          	mv	a1,s10
    e6a0:	03112023          	sw	a7,32(sp)
    e6a4:	0be12823          	sw	t5,176(sp)
    e6a8:	0bd12a23          	sw	t4,180(sp)
    e6ac:	0bc12c23          	sw	t3,184(sp)
    e6b0:	0bb12e23          	sw	s11,188(sp)
    e6b4:	0a012023          	sw	zero,160(sp)
    e6b8:	0a012223          	sw	zero,164(sp)
    e6bc:	0a012423          	sw	zero,168(sp)
    e6c0:	0a012623          	sw	zero,172(sp)
    e6c4:	985f20ef          	jal	1048 <__eqtf2>
    e6c8:	02012883          	lw	a7,32(sp)
    e6cc:	000c8b93          	mv	s7,s9
    e6d0:	02050263          	beqz	a0,e6f4 <_svfprintf_r+0x1d94>
    e6d4:	0dc12b83          	lw	s7,220(sp)
    e6d8:	019bfe63          	bgeu	s7,s9,e6f4 <_svfprintf_r+0x1d94>
    e6dc:	03000613          	li	a2,48
    e6e0:	001b8793          	add	a5,s7,1
    e6e4:	0cf12e23          	sw	a5,220(sp)
    e6e8:	00cb8023          	sb	a2,0(s7)
    e6ec:	0dc12b83          	lw	s7,220(sp)
    e6f0:	ff9be8e3          	bltu	s7,s9,e6e0 <_svfprintf_r+0x1d80>
    e6f4:	418b87b3          	sub	a5,s7,s8
    e6f8:	02f12223          	sw	a5,36(sp)
    e6fc:	0cc12683          	lw	a3,204(sp)
    e700:	04700793          	li	a5,71
    e704:	02d12023          	sw	a3,32(sp)
    e708:	56fa8e63          	beq	s5,a5,ec84 <_svfprintf_r+0x2324>
    e70c:	04600793          	li	a5,70
    e710:	04fa82e3          	beq	s5,a5,ef54 <_svfprintf_r+0x25f4>
    e714:	fff68793          	add	a5,a3,-1
    e718:	0cf12623          	sw	a5,204(sp)
    e71c:	06100713          	li	a4,97
    e720:	2ae88ee3          	beq	a7,a4,f1dc <_svfprintf_r+0x287c>
    e724:	04100613          	li	a2,65
    e728:	05000713          	li	a4,80
    e72c:	56c89a63          	bne	a7,a2,eca0 <_svfprintf_r+0x2340>
    e730:	00100613          	li	a2,1
    e734:	0ce10a23          	sb	a4,212(sp)
    e738:	02b00713          	li	a4,43
    e73c:	0007d863          	bgez	a5,e74c <_svfprintf_r+0x1dec>
    e740:	00100793          	li	a5,1
    e744:	40d787b3          	sub	a5,a5,a3
    e748:	02d00713          	li	a4,45
    e74c:	0ce10aa3          	sb	a4,213(sp)
    e750:	00900713          	li	a4,9
    e754:	0cf75ae3          	bge	a4,a5,f028 <_svfprintf_r+0x26c8>
    e758:	0e310813          	add	a6,sp,227
    e75c:	00080613          	mv	a2,a6
    e760:	00a00593          	li	a1,10
    e764:	06300e13          	li	t3,99
    e768:	02b7e733          	rem	a4,a5,a1
    e76c:	00060693          	mv	a3,a2
    e770:	00078513          	mv	a0,a5
    e774:	fff60613          	add	a2,a2,-1
    e778:	03070713          	add	a4,a4,48
    e77c:	fee68fa3          	sb	a4,-1(a3)
    e780:	02b7c7b3          	div	a5,a5,a1
    e784:	feae42e3          	blt	t3,a0,e768 <_svfprintf_r+0x1e08>
    e788:	03078793          	add	a5,a5,48
    e78c:	ffe68713          	add	a4,a3,-2
    e790:	fef60fa3          	sb	a5,-1(a2)
    e794:	250778e3          	bgeu	a4,a6,f1e4 <_svfprintf_r+0x2884>
    e798:	0d610793          	add	a5,sp,214
    e79c:	00074603          	lbu	a2,0(a4)
    e7a0:	00170713          	add	a4,a4,1
    e7a4:	00178793          	add	a5,a5,1
    e7a8:	fec78fa3          	sb	a2,-1(a5)
    e7ac:	ff0718e3          	bne	a4,a6,e79c <_svfprintf_r+0x1e3c>
    e7b0:	0e510793          	add	a5,sp,229
    e7b4:	0d610713          	add	a4,sp,214
    e7b8:	40d787b3          	sub	a5,a5,a3
    e7bc:	00f707b3          	add	a5,a4,a5
    e7c0:	0d410713          	add	a4,sp,212
    e7c4:	40e787b3          	sub	a5,a5,a4
    e7c8:	04f12223          	sw	a5,68(sp)
    e7cc:	04412683          	lw	a3,68(sp)
    e7d0:	02412703          	lw	a4,36(sp)
    e7d4:	00100793          	li	a5,1
    e7d8:	00e68d33          	add	s10,a3,a4
    e7dc:	0ee7dee3          	bge	a5,a4,f0d8 <_svfprintf_r+0x2778>
    e7e0:	03412783          	lw	a5,52(sp)
    e7e4:	00fd0d33          	add	s10,s10,a5
    e7e8:	02c12783          	lw	a5,44(sp)
    e7ec:	fffd4693          	not	a3,s10
    e7f0:	41f6d693          	sra	a3,a3,0x1f
    e7f4:	bff7f793          	and	a5,a5,-1025
    e7f8:	1007eb93          	or	s7,a5,256
    e7fc:	00dd7cb3          	and	s9,s10,a3
    e800:	02012423          	sw	zero,40(sp)
    e804:	02012623          	sw	zero,44(sp)
    e808:	02012023          	sw	zero,32(sp)
    e80c:	06012783          	lw	a5,96(sp)
    e810:	48078e63          	beqz	a5,ecac <_svfprintf_r+0x234c>
    e814:	02d00713          	li	a4,45
    e818:	0ce103a3          	sb	a4,199(sp)
    e81c:	00000913          	li	s2,0
    e820:	001c8c93          	add	s9,s9,1
    e824:	b20fe06f          	j	cb44 <_svfprintf_r+0x1e4>
    e828:	0ffcfc93          	zext.b	s9,s9
    e82c:	00000d13          	li	s10,0
    e830:	db4fe06f          	j	cde4 <_svfprintf_r+0x484>
    e834:	018c9c93          	sll	s9,s9,0x18
    e838:	418cdc93          	sra	s9,s9,0x18
    e83c:	41fcdd13          	sra	s10,s9,0x1f
    e840:	000d0713          	mv	a4,s10
    e844:	d04fe06f          	j	cd48 <_svfprintf_r+0x3e8>
    e848:	0ffcfc93          	zext.b	s9,s9
    e84c:	00000d13          	li	s10,0
    e850:	d04ff06f          	j	dd54 <_svfprintf_r+0x13f4>
    e854:	0c714703          	lbu	a4,199(sp)
    e858:	c4dff06f          	j	e4a4 <_svfprintf_r+0x1b44>
    e85c:	00812583          	lw	a1,8(sp)
    e860:	03012503          	lw	a0,48(sp)
    e864:	0e410613          	add	a2,sp,228
    e868:	4d8030ef          	jal	11d40 <__ssprint_r>
    e86c:	c0cfe06f          	j	cc78 <_svfprintf_r+0x318>
    e870:	00812583          	lw	a1,8(sp)
    e874:	0e410613          	add	a2,sp,228
    e878:	00098513          	mv	a0,s3
    e87c:	4c4030ef          	jal	11d40 <__ssprint_r>
    e880:	00050463          	beqz	a0,e888 <_svfprintf_r+0x1f28>
    e884:	ec9fe06f          	j	d74c <_svfprintf_r+0xdec>
    e888:	0cc12503          	lw	a0,204(sp)
    e88c:	0ec12703          	lw	a4,236(sp)
    e890:	0e812603          	lw	a2,232(sp)
    e894:	000b0413          	mv	s0,s6
    e898:	9c0554e3          	bgez	a0,e260 <_svfprintf_r+0x1900>
    e89c:	b6dff06f          	j	e408 <_svfprintf_r+0x1aa8>
    e8a0:	00600913          	li	s2,6
    e8a4:	e68fe06f          	j	cf0c <_svfprintf_r+0x5ac>
    e8a8:	000d0593          	mv	a1,s10
    e8ac:	000b8513          	mv	a0,s7
    e8b0:	05112823          	sw	a7,80(sp)
    e8b4:	0be12823          	sw	t5,176(sp)
    e8b8:	03e12423          	sw	t5,40(sp)
    e8bc:	0bd12a23          	sw	t4,180(sp)
    e8c0:	03d12223          	sw	t4,36(sp)
    e8c4:	0bc12c23          	sw	t3,184(sp)
    e8c8:	03c12023          	sw	t3,32(sp)
    e8cc:	04d12a23          	sw	a3,84(sp)
    e8d0:	0bb12e23          	sw	s11,188(sp)
    e8d4:	0a012023          	sw	zero,160(sp)
    e8d8:	0a012223          	sw	zero,164(sp)
    e8dc:	0a012423          	sw	zero,168(sp)
    e8e0:	0a012623          	sw	zero,172(sp)
    e8e4:	f64f20ef          	jal	1048 <__eqtf2>
    e8e8:	02012e03          	lw	t3,32(sp)
    e8ec:	02412e83          	lw	t4,36(sp)
    e8f0:	02812f03          	lw	t5,40(sp)
    e8f4:	05012883          	lw	a7,80(sp)
    e8f8:	d8050ce3          	beqz	a0,e690 <_svfprintf_r+0x1d30>
    e8fc:	05412683          	lw	a3,84(sp)
    e900:	00100613          	li	a2,1
    e904:	40d606b3          	sub	a3,a2,a3
    e908:	0cd12623          	sw	a3,204(sp)
    e90c:	d89ff06f          	j	e694 <_svfprintf_r+0x1d34>
    e910:	00190693          	add	a3,s2,1
    e914:	00200613          	li	a2,2
    e918:	cf1ff06f          	j	e608 <_svfprintf_r+0x1ca8>
    e91c:	00090693          	mv	a3,s2
    e920:	00300613          	li	a2,3
    e924:	ce5ff06f          	j	e608 <_svfprintf_r+0x1ca8>
    e928:	0b010b93          	add	s7,sp,176
    e92c:	000b8513          	mv	a0,s7
    e930:	07112223          	sw	a7,100(sp)
    e934:	0be12823          	sw	t5,176(sp)
    e938:	0bd12a23          	sw	t4,180(sp)
    e93c:	0bc12c23          	sw	t3,184(sp)
    e940:	0bb12e23          	sw	s11,188(sp)
    e944:	c00f50ef          	jal	3d44 <__trunctfdf2>
    e948:	0cc10613          	add	a2,sp,204
    e94c:	b31fd0ef          	jal	c47c <frexp>
    e950:	00058613          	mv	a2,a1
    e954:	00050593          	mv	a1,a0
    e958:	000b8513          	mv	a0,s7
    e95c:	9dcf50ef          	jal	3b38 <__extenddftf2>
    e960:	09010793          	add	a5,sp,144
    e964:	00078593          	mv	a1,a5
    e968:	02f12023          	sw	a5,32(sp)
    e96c:	0b012783          	lw	a5,176(sp)
    e970:	0a010d13          	add	s10,sp,160
    e974:	08010613          	add	a2,sp,128
    e978:	08f12823          	sw	a5,144(sp)
    e97c:	0b412783          	lw	a5,180(sp)
    e980:	000d0513          	mv	a0,s10
    e984:	04c12a23          	sw	a2,84(sp)
    e988:	08f12a23          	sw	a5,148(sp)
    e98c:	0b812783          	lw	a5,184(sp)
    e990:	08012023          	sw	zero,128(sp)
    e994:	08012223          	sw	zero,132(sp)
    e998:	08f12c23          	sw	a5,152(sp)
    e99c:	0bc12783          	lw	a5,188(sp)
    e9a0:	08012423          	sw	zero,136(sp)
    e9a4:	08f12e23          	sw	a5,156(sp)
    e9a8:	3ffc07b7          	lui	a5,0x3ffc0
    e9ac:	08f12623          	sw	a5,140(sp)
    e9b0:	a35f20ef          	jal	13e4 <__multf3>
    e9b4:	0a012703          	lw	a4,160(sp)
    e9b8:	0a412683          	lw	a3,164(sp)
    e9bc:	0a812803          	lw	a6,168(sp)
    e9c0:	0ac12e03          	lw	t3,172(sp)
    e9c4:	000d0593          	mv	a1,s10
    e9c8:	000b8513          	mv	a0,s7
    e9cc:	0ae12823          	sw	a4,176(sp)
    e9d0:	04e12e23          	sw	a4,92(sp)
    e9d4:	0ad12a23          	sw	a3,180(sp)
    e9d8:	04d12823          	sw	a3,80(sp)
    e9dc:	0b012c23          	sw	a6,184(sp)
    e9e0:	03012423          	sw	a6,40(sp)
    e9e4:	0bc12e23          	sw	t3,188(sp)
    e9e8:	03c12223          	sw	t3,36(sp)
    e9ec:	0a012023          	sw	zero,160(sp)
    e9f0:	0a012223          	sw	zero,164(sp)
    e9f4:	0a012423          	sw	zero,168(sp)
    e9f8:	0a012623          	sw	zero,172(sp)
    e9fc:	e4cf20ef          	jal	1048 <__eqtf2>
    ea00:	02412e03          	lw	t3,36(sp)
    ea04:	02812803          	lw	a6,40(sp)
    ea08:	05012683          	lw	a3,80(sp)
    ea0c:	05c12703          	lw	a4,92(sp)
    ea10:	06412883          	lw	a7,100(sp)
    ea14:	00051a63          	bnez	a0,ea28 <_svfprintf_r+0x20c8>
    ea18:	00100793          	li	a5,1
    ea1c:	0cf12623          	sw	a5,204(sp)
    ea20:	06100793          	li	a5,97
    ea24:	46f88463          	beq	a7,a5,ee8c <_svfprintf_r+0x252c>
    ea28:	000147b7          	lui	a5,0x14
    ea2c:	9dc78393          	add	t2,a5,-1572 # 139dc <__clz_tab+0x144>
    ea30:	fff90c93          	add	s9,s2,-1
    ea34:	07212823          	sw	s2,112(sp)
    ea38:	06812a23          	sw	s0,116(sp)
    ea3c:	000c0913          	mv	s2,s8
    ea40:	07312c23          	sw	s3,120(sp)
    ea44:	07812e23          	sw	s8,124(sp)
    ea48:	06912223          	sw	s1,100(sp)
    ea4c:	07112423          	sw	a7,104(sp)
    ea50:	07412623          	sw	s4,108(sp)
    ea54:	04712823          	sw	t2,80(sp)
    ea58:	00070993          	mv	s3,a4
    ea5c:	00068a93          	mv	s5,a3
    ea60:	00080c13          	mv	s8,a6
    ea64:	000e0413          	mv	s0,t3
    ea68:	04c0006f          	j	eab4 <_svfprintf_r+0x2154>
    ea6c:	000d0593          	mv	a1,s10
    ea70:	000b8513          	mv	a0,s7
    ea74:	02f12423          	sw	a5,40(sp)
    ea78:	02c12223          	sw	a2,36(sp)
    ea7c:	0ac12c23          	sw	a2,184(sp)
    ea80:	0af12e23          	sw	a5,188(sp)
    ea84:	0a912823          	sw	s1,176(sp)
    ea88:	0b412a23          	sw	s4,180(sp)
    ea8c:	0a012023          	sw	zero,160(sp)
    ea90:	0a012223          	sw	zero,164(sp)
    ea94:	0a012423          	sw	zero,168(sp)
    ea98:	0a012623          	sw	zero,172(sp)
    ea9c:	dacf20ef          	jal	1048 <__eqtf2>
    eaa0:	fffc8593          	add	a1,s9,-1
    eaa4:	000c0613          	mv	a2,s8
    eaa8:	00040793          	mv	a5,s0
    eaac:	62050e63          	beqz	a0,f0e8 <_svfprintf_r+0x2788>
    eab0:	00058c93          	mv	s9,a1
    eab4:	02012603          	lw	a2,32(sp)
    eab8:	400307b7          	lui	a5,0x40030
    eabc:	000d0593          	mv	a1,s10
    eac0:	000b8513          	mv	a0,s7
    eac4:	08f12e23          	sw	a5,156(sp)
    eac8:	0b312023          	sw	s3,160(sp)
    eacc:	0b512223          	sw	s5,164(sp)
    ead0:	0b812423          	sw	s8,168(sp)
    ead4:	0a812623          	sw	s0,172(sp)
    ead8:	08012823          	sw	zero,144(sp)
    eadc:	08012a23          	sw	zero,148(sp)
    eae0:	08012c23          	sw	zero,152(sp)
    eae4:	901f20ef          	jal	13e4 <__multf3>
    eae8:	000b8513          	mv	a0,s7
    eaec:	e05f40ef          	jal	38f0 <__fixtfsi>
    eaf0:	00050593          	mv	a1,a0
    eaf4:	00050d93          	mv	s11,a0
    eaf8:	000b8513          	mv	a0,s7
    eafc:	0b012a03          	lw	s4,176(sp)
    eb00:	0b412983          	lw	s3,180(sp)
    eb04:	0b812483          	lw	s1,184(sp)
    eb08:	0bc12403          	lw	s0,188(sp)
    eb0c:	ed9f40ef          	jal	39e4 <__floatsitf>
    eb10:	0b012783          	lw	a5,176(sp)
    eb14:	05412603          	lw	a2,84(sp)
    eb18:	02012583          	lw	a1,32(sp)
    eb1c:	08f12023          	sw	a5,128(sp)
    eb20:	0b412783          	lw	a5,180(sp)
    eb24:	000d0513          	mv	a0,s10
    eb28:	09412823          	sw	s4,144(sp)
    eb2c:	08f12223          	sw	a5,132(sp)
    eb30:	0b812783          	lw	a5,184(sp)
    eb34:	09312a23          	sw	s3,148(sp)
    eb38:	08912c23          	sw	s1,152(sp)
    eb3c:	08f12423          	sw	a5,136(sp)
    eb40:	0bc12783          	lw	a5,188(sp)
    eb44:	08812e23          	sw	s0,156(sp)
    eb48:	08f12623          	sw	a5,140(sp)
    eb4c:	8f1f30ef          	jal	243c <__subtf3>
    eb50:	05012783          	lw	a5,80(sp)
    eb54:	0a012483          	lw	s1,160(sp)
    eb58:	0a412a03          	lw	s4,164(sp)
    eb5c:	01b787b3          	add	a5,a5,s11
    eb60:	0007c703          	lbu	a4,0(a5) # 40030000 <_stack_top+0x1ff30000>
    eb64:	0a812603          	lw	a2,168(sp)
    eb68:	0ac12783          	lw	a5,172(sp)
    eb6c:	05212e23          	sw	s2,92(sp)
    eb70:	00e90023          	sb	a4,0(s2)
    eb74:	fff00713          	li	a4,-1
    eb78:	00190913          	add	s2,s2,1
    eb7c:	00048993          	mv	s3,s1
    eb80:	000a0a93          	mv	s5,s4
    eb84:	00060c13          	mv	s8,a2
    eb88:	00078413          	mv	s0,a5
    eb8c:	eeec90e3          	bne	s9,a4,ea6c <_svfprintf_r+0x210c>
    eb90:	00090a93          	mv	s5,s2
    eb94:	00048f13          	mv	t5,s1
    eb98:	000a0e93          	mv	t4,s4
    eb9c:	06812883          	lw	a7,104(sp)
    eba0:	07412403          	lw	s0,116(sp)
    eba4:	07012903          	lw	s2,112(sp)
    eba8:	05012383          	lw	t2,80(sp)
    ebac:	07812983          	lw	s3,120(sp)
    ebb0:	07c12c03          	lw	s8,124(sp)
    ebb4:	06412483          	lw	s1,100(sp)
    ebb8:	06c12a03          	lw	s4,108(sp)
    ebbc:	fff00713          	li	a4,-1
    ebc0:	3ffe06b7          	lui	a3,0x3ffe0
    ebc4:	000d0593          	mv	a1,s10
    ebc8:	000b8513          	mv	a0,s7
    ebcc:	02712223          	sw	t2,36(sp)
    ebd0:	03112023          	sw	a7,32(sp)
    ebd4:	06e12423          	sw	a4,104(sp)
    ebd8:	0be12823          	sw	t5,176(sp)
    ebdc:	07e12223          	sw	t5,100(sp)
    ebe0:	0bd12a23          	sw	t4,180(sp)
    ebe4:	05d12a23          	sw	t4,84(sp)
    ebe8:	0ac12c23          	sw	a2,184(sp)
    ebec:	04c12823          	sw	a2,80(sp)
    ebf0:	0af12e23          	sw	a5,188(sp)
    ebf4:	02f12423          	sw	a5,40(sp)
    ebf8:	0a012023          	sw	zero,160(sp)
    ebfc:	0a012223          	sw	zero,164(sp)
    ec00:	0a012423          	sw	zero,168(sp)
    ec04:	0ad12623          	sw	a3,172(sp)
    ec08:	d14f20ef          	jal	111c <__getf2>
    ec0c:	02012883          	lw	a7,32(sp)
    ec10:	02412383          	lw	t2,36(sp)
    ec14:	44a04263          	bgtz	a0,f058 <_svfprintf_r+0x26f8>
    ec18:	000d0593          	mv	a1,s10
    ec1c:	000b8513          	mv	a0,s7
    ec20:	c28f20ef          	jal	1048 <__eqtf2>
    ec24:	02012883          	lw	a7,32(sp)
    ec28:	02412383          	lw	t2,36(sp)
    ec2c:	06812703          	lw	a4,104(sp)
    ec30:	00051663          	bnez	a0,ec3c <_svfprintf_r+0x22dc>
    ec34:	001dfd93          	and	s11,s11,1
    ec38:	420d9063          	bnez	s11,f058 <_svfprintf_r+0x26f8>
    ec3c:	00170b93          	add	s7,a4,1
    ec40:	017a8bb3          	add	s7,s5,s7
    ec44:	03000693          	li	a3,48
    ec48:	44074c63          	bltz	a4,f0a0 <_svfprintf_r+0x2740>
    ec4c:	001a8a93          	add	s5,s5,1
    ec50:	feda8fa3          	sb	a3,-1(s5)
    ec54:	ff5b9ce3          	bne	s7,s5,ec4c <_svfprintf_r+0x22ec>
    ec58:	418b87b3          	sub	a5,s7,s8
    ec5c:	02f12223          	sw	a5,36(sp)
    ec60:	fdf8fa93          	and	s5,a7,-33
    ec64:	a99ff06f          	j	e6fc <_svfprintf_r+0x1d9c>
    ec68:	02c12783          	lw	a5,44(sp)
    ec6c:	0017f793          	and	a5,a5,1
    ec70:	3a079463          	bnez	a5,f018 <_svfprintf_r+0x26b8>
    ec74:	0dc12b83          	lw	s7,220(sp)
    ec78:	0cc12683          	lw	a3,204(sp)
    ec7c:	418b87b3          	sub	a5,s7,s8
    ec80:	02f12223          	sw	a5,36(sp)
    ec84:	ffd00793          	li	a5,-3
    ec88:	02d12023          	sw	a3,32(sp)
    ec8c:	00f6c463          	blt	a3,a5,ec94 <_svfprintf_r+0x2334>
    ec90:	02d95863          	bge	s2,a3,ecc0 <_svfprintf_r+0x2360>
    ec94:	fff68793          	add	a5,a3,-1 # 3ffdffff <_stack_top+0x1fedffff>
    ec98:	ffe88893          	add	a7,a7,-2
    ec9c:	0cf12623          	sw	a5,204(sp)
    eca0:	0ff8f713          	zext.b	a4,a7
    eca4:	00000613          	li	a2,0
    eca8:	a8dff06f          	j	e734 <_svfprintf_r+0x1dd4>
    ecac:	0c714703          	lbu	a4,199(sp)
    ecb0:	00000913          	li	s2,0
    ecb4:	00070463          	beqz	a4,ecbc <_svfprintf_r+0x235c>
    ecb8:	8fcfe06f          	j	cdb4 <_svfprintf_r+0x454>
    ecbc:	e89fd06f          	j	cb44 <_svfprintf_r+0x1e4>
    ecc0:	02412783          	lw	a5,36(sp)
    ecc4:	2cf6cc63          	blt	a3,a5,ef9c <_svfprintf_r+0x263c>
    ecc8:	02c12783          	lw	a5,44(sp)
    eccc:	00068d13          	mv	s10,a3
    ecd0:	0017f793          	and	a5,a5,1
    ecd4:	00078663          	beqz	a5,ece0 <_svfprintf_r+0x2380>
    ecd8:	03412783          	lw	a5,52(sp)
    ecdc:	00f68d33          	add	s10,a3,a5
    ece0:	02c12783          	lw	a5,44(sp)
    ece4:	4007f793          	and	a5,a5,1024
    ece8:	00078463          	beqz	a5,ecf0 <_svfprintf_r+0x2390>
    ecec:	44d04c63          	bgtz	a3,f144 <_svfprintf_r+0x27e4>
    ecf0:	fffd4693          	not	a3,s10
    ecf4:	05812b83          	lw	s7,88(sp)
    ecf8:	41f6d693          	sra	a3,a3,0x1f
    ecfc:	00dd7cb3          	and	s9,s10,a3
    ed00:	06700893          	li	a7,103
    ed04:	02012423          	sw	zero,40(sp)
    ed08:	02012623          	sw	zero,44(sp)
    ed0c:	b01ff06f          	j	e80c <_svfprintf_r+0x1eac>
    ed10:	0e410613          	add	a2,sp,228
    ed14:	00048593          	mv	a1,s1
    ed18:	00098513          	mv	a0,s3
    ed1c:	024030ef          	jal	11d40 <__ssprint_r>
    ed20:	00050463          	beqz	a0,ed28 <_svfprintf_r+0x23c8>
    ed24:	a29fe06f          	j	d74c <_svfprintf_r+0xdec>
    ed28:	000bc683          	lbu	a3,0(s7)
    ed2c:	0ec12703          	lw	a4,236(sp)
    ed30:	000b0613          	mv	a2,s6
    ed34:	00dc8cb3          	add	s9,s9,a3
    ed38:	a58ff06f          	j	df90 <_svfprintf_r+0x1630>
    ed3c:	00900513          	li	a0,9
    ed40:	c1956263          	bltu	a0,s9,e144 <_svfprintf_r+0x17e4>
    ed44:	c80ff06f          	j	e1c4 <_svfprintf_r+0x1864>
    ed48:	07800713          	li	a4,120
    ed4c:	03000693          	li	a3,48
    ed50:	002be793          	or	a5,s7,2
    ed54:	0ce104a3          	sb	a4,201(sp)
    ed58:	0cd10423          	sb	a3,200(sp)
    ed5c:	06300713          	li	a4,99
    ed60:	02f12623          	sw	a5,44(sp)
    ed64:	00012a23          	sw	zero,20(sp)
    ed68:	14c10c13          	add	s8,sp,332
    ed6c:	35274463          	blt	a4,s2,f0b4 <_svfprintf_r+0x2754>
    ed70:	0fc12d83          	lw	s11,252(sp)
    ed74:	102be793          	or	a5,s7,258
    ed78:	04f12c23          	sw	a5,88(sp)
    ed7c:	06012023          	sw	zero,96(sp)
    ed80:	0f012f03          	lw	t5,240(sp)
    ed84:	0f412e83          	lw	t4,244(sp)
    ed88:	0f812e03          	lw	t3,248(sp)
    ed8c:	100dc863          	bltz	s11,ee9c <_svfprintf_r+0x253c>
    ed90:	06100793          	li	a5,97
    ed94:	00f88463          	beq	a7,a5,ed9c <_svfprintf_r+0x243c>
    ed98:	9a0fe06f          	j	cf38 <_svfprintf_r+0x5d8>
    ed9c:	0b010b93          	add	s7,sp,176
    eda0:	000b8513          	mv	a0,s7
    eda4:	07112223          	sw	a7,100(sp)
    eda8:	0be12823          	sw	t5,176(sp)
    edac:	0bd12a23          	sw	t4,180(sp)
    edb0:	0bc12c23          	sw	t3,184(sp)
    edb4:	0bb12e23          	sw	s11,188(sp)
    edb8:	f8df40ef          	jal	3d44 <__trunctfdf2>
    edbc:	0cc10613          	add	a2,sp,204
    edc0:	ebcfd0ef          	jal	c47c <frexp>
    edc4:	00058613          	mv	a2,a1
    edc8:	00050593          	mv	a1,a0
    edcc:	000b8513          	mv	a0,s7
    edd0:	d69f40ef          	jal	3b38 <__extenddftf2>
    edd4:	09010793          	add	a5,sp,144
    edd8:	00078593          	mv	a1,a5
    eddc:	02f12023          	sw	a5,32(sp)
    ede0:	0b012783          	lw	a5,176(sp)
    ede4:	0a010d13          	add	s10,sp,160
    ede8:	08010613          	add	a2,sp,128
    edec:	08f12823          	sw	a5,144(sp)
    edf0:	0b412783          	lw	a5,180(sp)
    edf4:	000d0513          	mv	a0,s10
    edf8:	04c12a23          	sw	a2,84(sp)
    edfc:	08f12a23          	sw	a5,148(sp)
    ee00:	0b812783          	lw	a5,184(sp)
    ee04:	08012023          	sw	zero,128(sp)
    ee08:	08012223          	sw	zero,132(sp)
    ee0c:	08f12c23          	sw	a5,152(sp)
    ee10:	0bc12783          	lw	a5,188(sp)
    ee14:	08012423          	sw	zero,136(sp)
    ee18:	08f12e23          	sw	a5,156(sp)
    ee1c:	3ffc07b7          	lui	a5,0x3ffc0
    ee20:	08f12623          	sw	a5,140(sp)
    ee24:	dc0f20ef          	jal	13e4 <__multf3>
    ee28:	0a012703          	lw	a4,160(sp)
    ee2c:	0a412683          	lw	a3,164(sp)
    ee30:	0a812803          	lw	a6,168(sp)
    ee34:	0ac12e03          	lw	t3,172(sp)
    ee38:	000d0593          	mv	a1,s10
    ee3c:	000b8513          	mv	a0,s7
    ee40:	0ae12823          	sw	a4,176(sp)
    ee44:	04e12e23          	sw	a4,92(sp)
    ee48:	0ad12a23          	sw	a3,180(sp)
    ee4c:	04d12823          	sw	a3,80(sp)
    ee50:	0b012c23          	sw	a6,184(sp)
    ee54:	03012423          	sw	a6,40(sp)
    ee58:	0bc12e23          	sw	t3,188(sp)
    ee5c:	03c12223          	sw	t3,36(sp)
    ee60:	0a012023          	sw	zero,160(sp)
    ee64:	0a012223          	sw	zero,164(sp)
    ee68:	0a012423          	sw	zero,168(sp)
    ee6c:	0a012623          	sw	zero,172(sp)
    ee70:	9d8f20ef          	jal	1048 <__eqtf2>
    ee74:	02412e03          	lw	t3,36(sp)
    ee78:	02812803          	lw	a6,40(sp)
    ee7c:	05012683          	lw	a3,80(sp)
    ee80:	05c12703          	lw	a4,92(sp)
    ee84:	06412883          	lw	a7,100(sp)
    ee88:	b80508e3          	beqz	a0,ea18 <_svfprintf_r+0x20b8>
    ee8c:	000147b7          	lui	a5,0x14
    ee90:	9c878393          	add	t2,a5,-1592 # 139c8 <__clz_tab+0x130>
    ee94:	b9dff06f          	j	ea30 <_svfprintf_r+0x20d0>
    ee98:	00012a23          	sw	zero,20(sp)
    ee9c:	800007b7          	lui	a5,0x80000
    eea0:	01b7cdb3          	xor	s11,a5,s11
    eea4:	02d00793          	li	a5,45
    eea8:	06f12023          	sw	a5,96(sp)
    eeac:	ee5ff06f          	j	ed90 <_svfprintf_r+0x2430>
    eeb0:	00812583          	lw	a1,8(sp)
    eeb4:	0e410613          	add	a2,sp,228
    eeb8:	00098513          	mv	a0,s3
    eebc:	685020ef          	jal	11d40 <__ssprint_r>
    eec0:	00050463          	beqz	a0,eec8 <_svfprintf_r+0x2568>
    eec4:	889fe06f          	j	d74c <_svfprintf_r+0xdec>
    eec8:	0cc12603          	lw	a2,204(sp)
    eecc:	0ec12703          	lw	a4,236(sp)
    eed0:	000b0413          	mv	s0,s6
    eed4:	b31fe06f          	j	da04 <_svfprintf_r+0x10a4>
    eed8:	02d00713          	li	a4,45
    eedc:	0ce103a3          	sb	a4,199(sp)
    eee0:	c84ff06f          	j	e364 <_svfprintf_r+0x1a04>
    eee4:	0c714703          	lbu	a4,199(sp)
    eee8:	01512c23          	sw	s5,24(sp)
    eeec:	02012423          	sw	zero,40(sp)
    eef0:	02012623          	sw	zero,44(sp)
    eef4:	02012023          	sw	zero,32(sp)
    eef8:	00090c93          	mv	s9,s2
    eefc:	00090d13          	mv	s10,s2
    ef00:	00000913          	li	s2,0
    ef04:	00070463          	beqz	a4,ef0c <_svfprintf_r+0x25ac>
    ef08:	eadfd06f          	j	cdb4 <_svfprintf_r+0x454>
    ef0c:	c39fd06f          	j	cb44 <_svfprintf_r+0x1e4>
    ef10:	00812583          	lw	a1,8(sp)
    ef14:	0e410613          	add	a2,sp,228
    ef18:	00098513          	mv	a0,s3
    ef1c:	625020ef          	jal	11d40 <__ssprint_r>
    ef20:	00050463          	beqz	a0,ef28 <_svfprintf_r+0x25c8>
    ef24:	829fe06f          	j	d74c <_svfprintf_r+0xdec>
    ef28:	0cc12603          	lw	a2,204(sp)
    ef2c:	02412783          	lw	a5,36(sp)
    ef30:	0ec12703          	lw	a4,236(sp)
    ef34:	000b0413          	mv	s0,s6
    ef38:	40c78633          	sub	a2,a5,a2
    ef3c:	b11fe06f          	j	da4c <_svfprintf_r+0x10ec>
    ef40:	000142b7          	lui	t0,0x14
    ef44:	9c028c13          	add	s8,t0,-1600 # 139c0 <__clz_tab+0x128>
    ef48:	c2cff06f          	j	e374 <_svfprintf_r+0x1a14>
    ef4c:	05800713          	li	a4,88
    ef50:	dfdff06f          	j	ed4c <_svfprintf_r+0x23ec>
    ef54:	02c12783          	lw	a5,44(sp)
    ef58:	02012703          	lw	a4,32(sp)
    ef5c:	0017f793          	and	a5,a5,1
    ef60:	0127e7b3          	or	a5,a5,s2
    ef64:	2ae05863          	blez	a4,f214 <_svfprintf_r+0x28b4>
    ef68:	26079063          	bnez	a5,f1c8 <_svfprintf_r+0x2868>
    ef6c:	02012d03          	lw	s10,32(sp)
    ef70:	06600893          	li	a7,102
    ef74:	02c12783          	lw	a5,44(sp)
    ef78:	4007f793          	and	a5,a5,1024
    ef7c:	1c079663          	bnez	a5,f148 <_svfprintf_r+0x27e8>
    ef80:	fffd4693          	not	a3,s10
    ef84:	41f6d693          	sra	a3,a3,0x1f
    ef88:	05812b83          	lw	s7,88(sp)
    ef8c:	00dd7cb3          	and	s9,s10,a3
    ef90:	d75ff06f          	j	ed04 <_svfprintf_r+0x23a4>
    ef94:	000b8d93          	mv	s11,s7
    ef98:	de5fd06f          	j	cd7c <_svfprintf_r+0x41c>
    ef9c:	02412783          	lw	a5,36(sp)
    efa0:	03412703          	lw	a4,52(sp)
    efa4:	06700893          	li	a7,103
    efa8:	00e78d33          	add	s10,a5,a4
    efac:	02012783          	lw	a5,32(sp)
    efb0:	fcf042e3          	bgtz	a5,ef74 <_svfprintf_r+0x2614>
    efb4:	40fd0e33          	sub	t3,s10,a5
    efb8:	001e0d13          	add	s10,t3,1
    efbc:	fffd4693          	not	a3,s10
    efc0:	41f6d693          	sra	a3,a3,0x1f
    efc4:	05812b83          	lw	s7,88(sp)
    efc8:	00dd7cb3          	and	s9,s10,a3
    efcc:	d39ff06f          	j	ed04 <_svfprintf_r+0x23a4>
    efd0:	01270733          	add	a4,a4,s2
    efd4:	00160613          	add	a2,a2,1
    efd8:	01542023          	sw	s5,0(s0)
    efdc:	01242223          	sw	s2,4(s0)
    efe0:	0ee12623          	sw	a4,236(sp)
    efe4:	0ec12423          	sw	a2,232(sp)
    efe8:	00700593          	li	a1,7
    efec:	a6c5d863          	bge	a1,a2,e25c <_svfprintf_r+0x18fc>
    eff0:	00812583          	lw	a1,8(sp)
    eff4:	0e410613          	add	a2,sp,228
    eff8:	00098513          	mv	a0,s3
    effc:	545020ef          	jal	11d40 <__ssprint_r>
    f000:	00050463          	beqz	a0,f008 <_svfprintf_r+0x26a8>
    f004:	f48fe06f          	j	d74c <_svfprintf_r+0xdec>
    f008:	0ec12703          	lw	a4,236(sp)
    f00c:	0e812603          	lw	a2,232(sp)
    f010:	000b0413          	mv	s0,s6
    f014:	a4cff06f          	j	e260 <_svfprintf_r+0x1900>
    f018:	00dc0cb3          	add	s9,s8,a3
    f01c:	04700a93          	li	s5,71
    f020:	0a010d13          	add	s10,sp,160
    f024:	e74ff06f          	j	e698 <_svfprintf_r+0x1d38>
    f028:	0d610713          	add	a4,sp,214
    f02c:	00061863          	bnez	a2,f03c <_svfprintf_r+0x26dc>
    f030:	03000713          	li	a4,48
    f034:	0ce10b23          	sb	a4,214(sp)
    f038:	0d710713          	add	a4,sp,215
    f03c:	1b010693          	add	a3,sp,432
    f040:	03078793          	add	a5,a5,48 # 80000030 <_stack_top+0x5ff00030>
    f044:	40d706b3          	sub	a3,a4,a3
    f048:	00f70023          	sb	a5,0(a4)
    f04c:	0dd68793          	add	a5,a3,221
    f050:	04f12223          	sw	a5,68(sp)
    f054:	f78ff06f          	j	e7cc <_svfprintf_r+0x1e6c>
    f058:	05c12783          	lw	a5,92(sp)
    f05c:	00f3c603          	lbu	a2,15(t2)
    f060:	000a8713          	mv	a4,s5
    f064:	0cf12e23          	sw	a5,220(sp)
    f068:	fffac683          	lbu	a3,-1(s5)
    f06c:	02c69063          	bne	a3,a2,f08c <_svfprintf_r+0x272c>
    f070:	03000593          	li	a1,48
    f074:	feb70fa3          	sb	a1,-1(a4)
    f078:	0dc12703          	lw	a4,220(sp)
    f07c:	fff70793          	add	a5,a4,-1
    f080:	0cf12e23          	sw	a5,220(sp)
    f084:	fff74683          	lbu	a3,-1(a4)
    f088:	fed606e3          	beq	a2,a3,f074 <_svfprintf_r+0x2714>
    f08c:	00168613          	add	a2,a3,1
    f090:	03900593          	li	a1,57
    f094:	0ff67613          	zext.b	a2,a2
    f098:	00b68863          	beq	a3,a1,f0a8 <_svfprintf_r+0x2748>
    f09c:	fec70fa3          	sb	a2,-1(a4)
    f0a0:	000a8b93          	mv	s7,s5
    f0a4:	bb5ff06f          	j	ec58 <_svfprintf_r+0x22f8>
    f0a8:	00a3c603          	lbu	a2,10(t2)
    f0ac:	fec70fa3          	sb	a2,-1(a4)
    f0b0:	ff1ff06f          	j	f0a0 <_svfprintf_r+0x2740>
    f0b4:	00190593          	add	a1,s2,1
    f0b8:	00098513          	mv	a0,s3
    f0bc:	01112a23          	sw	a7,20(sp)
    f0c0:	8adfb0ef          	jal	a96c <_malloc_r>
    f0c4:	01412883          	lw	a7,20(sp)
    f0c8:	00050c13          	mv	s8,a0
    f0cc:	18050863          	beqz	a0,f25c <_svfprintf_r+0x28fc>
    f0d0:	00a12a23          	sw	a0,20(sp)
    f0d4:	c9dff06f          	j	ed70 <_svfprintf_r+0x2410>
    f0d8:	02c12783          	lw	a5,44(sp)
    f0dc:	0017f793          	and	a5,a5,1
    f0e0:	f0078463          	beqz	a5,e7e8 <_svfprintf_r+0x1e88>
    f0e4:	efcff06f          	j	e7e0 <_svfprintf_r+0x1e80>
    f0e8:	00090a93          	mv	s5,s2
    f0ec:	00048f13          	mv	t5,s1
    f0f0:	000a0e93          	mv	t4,s4
    f0f4:	06812883          	lw	a7,104(sp)
    f0f8:	07412403          	lw	s0,116(sp)
    f0fc:	07012903          	lw	s2,112(sp)
    f100:	05012383          	lw	t2,80(sp)
    f104:	07812983          	lw	s3,120(sp)
    f108:	07c12c03          	lw	s8,124(sp)
    f10c:	06412483          	lw	s1,100(sp)
    f110:	06c12a03          	lw	s4,108(sp)
    f114:	000c8713          	mv	a4,s9
    f118:	aa9ff06f          	j	ebc0 <_svfprintf_r+0x2260>
    f11c:	03012703          	lw	a4,48(sp)
    f120:	00c00793          	li	a5,12
    f124:	00f72023          	sw	a5,0(a4)
    f128:	fff00793          	li	a5,-1
    f12c:	00f12823          	sw	a5,16(sp)
    f130:	b5dfd06f          	j	cc8c <_svfprintf_r+0x32c>
    f134:	00090463          	beqz	s2,f13c <_svfprintf_r+0x27dc>
    f138:	dd5fd06f          	j	cf0c <_svfprintf_r+0x5ac>
    f13c:	00100913          	li	s2,1
    f140:	dcdfd06f          	j	cf0c <_svfprintf_r+0x5ac>
    f144:	06700893          	li	a7,103
    f148:	04012603          	lw	a2,64(sp)
    f14c:	0ff00713          	li	a4,255
    f150:	00064783          	lbu	a5,0(a2)
    f154:	0ee78e63          	beq	a5,a4,f250 <_svfprintf_r+0x28f0>
    f158:	02012683          	lw	a3,32(sp)
    f15c:	00000593          	li	a1,0
    f160:	00000513          	li	a0,0
    f164:	00d7de63          	bge	a5,a3,f180 <_svfprintf_r+0x2820>
    f168:	40f686b3          	sub	a3,a3,a5
    f16c:	00164783          	lbu	a5,1(a2)
    f170:	04078663          	beqz	a5,f1bc <_svfprintf_r+0x285c>
    f174:	00150513          	add	a0,a0,1
    f178:	00160613          	add	a2,a2,1
    f17c:	fee794e3          	bne	a5,a4,f164 <_svfprintf_r+0x2804>
    f180:	04c12023          	sw	a2,64(sp)
    f184:	02b12423          	sw	a1,40(sp)
    f188:	02d12023          	sw	a3,32(sp)
    f18c:	02a12623          	sw	a0,44(sp)
    f190:	02812783          	lw	a5,40(sp)
    f194:	02c12703          	lw	a4,44(sp)
    f198:	05812b83          	lw	s7,88(sp)
    f19c:	00e78733          	add	a4,a5,a4
    f1a0:	04c12783          	lw	a5,76(sp)
    f1a4:	02f70733          	mul	a4,a4,a5
    f1a8:	01a70d33          	add	s10,a4,s10
    f1ac:	fffd4693          	not	a3,s10
    f1b0:	41f6d693          	sra	a3,a3,0x1f
    f1b4:	00dd7cb3          	and	s9,s10,a3
    f1b8:	e54ff06f          	j	e80c <_svfprintf_r+0x1eac>
    f1bc:	00064783          	lbu	a5,0(a2)
    f1c0:	00158593          	add	a1,a1,1
    f1c4:	fb9ff06f          	j	f17c <_svfprintf_r+0x281c>
    f1c8:	03412783          	lw	a5,52(sp)
    f1cc:	06600893          	li	a7,102
    f1d0:	00f70e33          	add	t3,a4,a5
    f1d4:	012e0d33          	add	s10,t3,s2
    f1d8:	d9dff06f          	j	ef74 <_svfprintf_r+0x2614>
    f1dc:	07000713          	li	a4,112
    f1e0:	d50ff06f          	j	e730 <_svfprintf_r+0x1dd0>
    f1e4:	00200793          	li	a5,2
    f1e8:	04f12223          	sw	a5,68(sp)
    f1ec:	de0ff06f          	j	e7cc <_svfprintf_r+0x1e6c>
    f1f0:	01812783          	lw	a5,24(sp)
    f1f4:	0007a903          	lw	s2,0(a5)
    f1f8:	00478793          	add	a5,a5,4
    f1fc:	00095463          	bgez	s2,f204 <_svfprintf_r+0x28a4>
    f200:	fff00913          	li	s2,-1
    f204:	0014c883          	lbu	a7,1(s1)
    f208:	00f12c23          	sw	a5,24(sp)
    f20c:	00070493          	mv	s1,a4
    f210:	8b5fd06f          	j	cac4 <_svfprintf_r+0x164>
    f214:	00079c63          	bnez	a5,f22c <_svfprintf_r+0x28cc>
    f218:	05812b83          	lw	s7,88(sp)
    f21c:	00100c93          	li	s9,1
    f220:	06600893          	li	a7,102
    f224:	00100d13          	li	s10,1
    f228:	addff06f          	j	ed04 <_svfprintf_r+0x23a4>
    f22c:	03412783          	lw	a5,52(sp)
    f230:	05812b83          	lw	s7,88(sp)
    f234:	06600893          	li	a7,102
    f238:	00178e13          	add	t3,a5,1
    f23c:	012e0d33          	add	s10,t3,s2
    f240:	fffd4693          	not	a3,s10
    f244:	41f6d693          	sra	a3,a3,0x1f
    f248:	00dd7cb3          	and	s9,s10,a3
    f24c:	ab9ff06f          	j	ed04 <_svfprintf_r+0x23a4>
    f250:	02012423          	sw	zero,40(sp)
    f254:	02012623          	sw	zero,44(sp)
    f258:	f39ff06f          	j	f190 <_svfprintf_r+0x2830>
    f25c:	00812703          	lw	a4,8(sp)
    f260:	00c75783          	lhu	a5,12(a4)
    f264:	0407e793          	or	a5,a5,64
    f268:	00f71623          	sh	a5,12(a4)
    f26c:	a0dfd06f          	j	cc78 <_svfprintf_r+0x318>

0000f270 <__sprint_r.part.0>:
    f270:	0645a703          	lw	a4,100(a1)
    f274:	fd010113          	add	sp,sp,-48
    f278:	000027b7          	lui	a5,0x2
    f27c:	01612823          	sw	s6,16(sp)
    f280:	02112623          	sw	ra,44(sp)
    f284:	02812423          	sw	s0,40(sp)
    f288:	02912223          	sw	s1,36(sp)
    f28c:	03212023          	sw	s2,32(sp)
    f290:	01312e23          	sw	s3,28(sp)
    f294:	01412c23          	sw	s4,24(sp)
    f298:	01512a23          	sw	s5,20(sp)
    f29c:	01712623          	sw	s7,12(sp)
    f2a0:	01812423          	sw	s8,8(sp)
    f2a4:	00e7f7b3          	and	a5,a5,a4
    f2a8:	00060b13          	mv	s6,a2
    f2ac:	0a078863          	beqz	a5,f35c <__sprint_r.part.0+0xec>
    f2b0:	00862783          	lw	a5,8(a2)
    f2b4:	00062b83          	lw	s7,0(a2)
    f2b8:	00058913          	mv	s2,a1
    f2bc:	00050993          	mv	s3,a0
    f2c0:	fff00a93          	li	s5,-1
    f2c4:	08078863          	beqz	a5,f354 <__sprint_r.part.0+0xe4>
    f2c8:	004bac03          	lw	s8,4(s7)
    f2cc:	000ba403          	lw	s0,0(s7)
    f2d0:	002c5a13          	srl	s4,s8,0x2
    f2d4:	060a0663          	beqz	s4,f340 <__sprint_r.part.0+0xd0>
    f2d8:	00000493          	li	s1,0
    f2dc:	00c0006f          	j	f2e8 <__sprint_r.part.0+0x78>
    f2e0:	00440413          	add	s0,s0,4
    f2e4:	049a0c63          	beq	s4,s1,f33c <__sprint_r.part.0+0xcc>
    f2e8:	00042583          	lw	a1,0(s0)
    f2ec:	00090613          	mv	a2,s2
    f2f0:	00098513          	mv	a0,s3
    f2f4:	1b5010ef          	jal	10ca8 <_fputwc_r>
    f2f8:	00148493          	add	s1,s1,1
    f2fc:	ff5512e3          	bne	a0,s5,f2e0 <__sprint_r.part.0+0x70>
    f300:	fff00513          	li	a0,-1
    f304:	02c12083          	lw	ra,44(sp)
    f308:	02812403          	lw	s0,40(sp)
    f30c:	000b2423          	sw	zero,8(s6)
    f310:	000b2223          	sw	zero,4(s6)
    f314:	02412483          	lw	s1,36(sp)
    f318:	02012903          	lw	s2,32(sp)
    f31c:	01c12983          	lw	s3,28(sp)
    f320:	01812a03          	lw	s4,24(sp)
    f324:	01412a83          	lw	s5,20(sp)
    f328:	01012b03          	lw	s6,16(sp)
    f32c:	00c12b83          	lw	s7,12(sp)
    f330:	00812c03          	lw	s8,8(sp)
    f334:	03010113          	add	sp,sp,48
    f338:	00008067          	ret
    f33c:	008b2783          	lw	a5,8(s6)
    f340:	ffcc7c13          	and	s8,s8,-4
    f344:	418787b3          	sub	a5,a5,s8
    f348:	00fb2423          	sw	a5,8(s6)
    f34c:	008b8b93          	add	s7,s7,8
    f350:	f6079ce3          	bnez	a5,f2c8 <__sprint_r.part.0+0x58>
    f354:	00000513          	li	a0,0
    f358:	fadff06f          	j	f304 <__sprint_r.part.0+0x94>
    f35c:	259010ef          	jal	10db4 <__sfvwrite_r>
    f360:	fa5ff06f          	j	f304 <__sprint_r.part.0+0x94>

0000f364 <__sprint_r>:
    f364:	00862703          	lw	a4,8(a2)
    f368:	00070463          	beqz	a4,f370 <__sprint_r+0xc>
    f36c:	f05ff06f          	j	f270 <__sprint_r.part.0>
    f370:	00062223          	sw	zero,4(a2)
    f374:	00000513          	li	a0,0
    f378:	00008067          	ret

0000f37c <_vfiprintf_r>:
    f37c:	ed010113          	add	sp,sp,-304
    f380:	13212023          	sw	s2,288(sp)
    f384:	11612823          	sw	s6,272(sp)
    f388:	11712623          	sw	s7,268(sp)
    f38c:	11812423          	sw	s8,264(sp)
    f390:	12112623          	sw	ra,300(sp)
    f394:	12812423          	sw	s0,296(sp)
    f398:	12912223          	sw	s1,292(sp)
    f39c:	11312e23          	sw	s3,284(sp)
    f3a0:	11412c23          	sw	s4,280(sp)
    f3a4:	11512a23          	sw	s5,276(sp)
    f3a8:	11912223          	sw	s9,260(sp)
    f3ac:	11a12023          	sw	s10,256(sp)
    f3b0:	0fb12e23          	sw	s11,252(sp)
    f3b4:	00050c13          	mv	s8,a0
    f3b8:	00058b13          	mv	s6,a1
    f3bc:	00060913          	mv	s2,a2
    f3c0:	00068b93          	mv	s7,a3
    f3c4:	00050663          	beqz	a0,f3d0 <_vfiprintf_r+0x54>
    f3c8:	03852783          	lw	a5,56(a0)
    f3cc:	60078663          	beqz	a5,f9d8 <_vfiprintf_r+0x65c>
    f3d0:	00cb1783          	lh	a5,12(s6)
    f3d4:	01279713          	sll	a4,a5,0x12
    f3d8:	02074663          	bltz	a4,f404 <_vfiprintf_r+0x88>
    f3dc:	064b2703          	lw	a4,100(s6)
    f3e0:	000026b7          	lui	a3,0x2
    f3e4:	00d7e7b3          	or	a5,a5,a3
    f3e8:	ffffe6b7          	lui	a3,0xffffe
    f3ec:	01079793          	sll	a5,a5,0x10
    f3f0:	fff68693          	add	a3,a3,-1 # ffffdfff <_stack_top+0xdfefdfff>
    f3f4:	4107d793          	sra	a5,a5,0x10
    f3f8:	00d77733          	and	a4,a4,a3
    f3fc:	00fb1623          	sh	a5,12(s6)
    f400:	06eb2223          	sw	a4,100(s6)
    f404:	0087f713          	and	a4,a5,8
    f408:	10070e63          	beqz	a4,f524 <_vfiprintf_r+0x1a8>
    f40c:	010b2703          	lw	a4,16(s6)
    f410:	10070a63          	beqz	a4,f524 <_vfiprintf_r+0x1a8>
    f414:	01a7f793          	and	a5,a5,26
    f418:	00a00713          	li	a4,10
    f41c:	12e78663          	beq	a5,a4,f548 <_vfiprintf_r+0x1cc>
    f420:	000147b7          	lui	a5,0x14
    f424:	04c10a93          	add	s5,sp,76
    f428:	00000d13          	li	s10,0
    f42c:	28c78793          	add	a5,a5,652 # 1428c <blanks.1+0x10>
    f430:	00014cb7          	lui	s9,0x14
    f434:	000d0993          	mv	s3,s10
    f438:	05512023          	sw	s5,64(sp)
    f43c:	04012423          	sw	zero,72(sp)
    f440:	04012223          	sw	zero,68(sp)
    f444:	000a8413          	mv	s0,s5
    f448:	00012423          	sw	zero,8(sp)
    f44c:	00012c23          	sw	zero,24(sp)
    f450:	00012e23          	sw	zero,28(sp)
    f454:	02012023          	sw	zero,32(sp)
    f458:	00f12223          	sw	a5,4(sp)
    f45c:	01000a13          	li	s4,16
    f460:	3f8c8c93          	add	s9,s9,1016 # 143f8 <zeroes.0>
    f464:	000b8d13          	mv	s10,s7
    f468:	00094783          	lbu	a5,0(s2)
    f46c:	34078463          	beqz	a5,f7b4 <_vfiprintf_r+0x438>
    f470:	00090493          	mv	s1,s2
    f474:	02500713          	li	a4,37
    f478:	3ce78663          	beq	a5,a4,f844 <_vfiprintf_r+0x4c8>
    f47c:	0014c783          	lbu	a5,1(s1)
    f480:	00148493          	add	s1,s1,1
    f484:	fe079ae3          	bnez	a5,f478 <_vfiprintf_r+0xfc>
    f488:	41248bb3          	sub	s7,s1,s2
    f48c:	33248463          	beq	s1,s2,f7b4 <_vfiprintf_r+0x438>
    f490:	04812703          	lw	a4,72(sp)
    f494:	04412783          	lw	a5,68(sp)
    f498:	01242023          	sw	s2,0(s0)
    f49c:	00eb8733          	add	a4,s7,a4
    f4a0:	00178793          	add	a5,a5,1
    f4a4:	01742223          	sw	s7,4(s0)
    f4a8:	04e12423          	sw	a4,72(sp)
    f4ac:	04f12223          	sw	a5,68(sp)
    f4b0:	00700693          	li	a3,7
    f4b4:	00840413          	add	s0,s0,8
    f4b8:	02f6d063          	bge	a3,a5,f4d8 <_vfiprintf_r+0x15c>
    f4bc:	4e0706e3          	beqz	a4,101a8 <_vfiprintf_r+0xe2c>
    f4c0:	04010613          	add	a2,sp,64
    f4c4:	000b0593          	mv	a1,s6
    f4c8:	000c0513          	mv	a0,s8
    f4cc:	da5ff0ef          	jal	f270 <__sprint_r.part.0>
    f4d0:	0e051063          	bnez	a0,f5b0 <_vfiprintf_r+0x234>
    f4d4:	000a8413          	mv	s0,s5
    f4d8:	0004c783          	lbu	a5,0(s1)
    f4dc:	017989b3          	add	s3,s3,s7
    f4e0:	2c078a63          	beqz	a5,f7b4 <_vfiprintf_r+0x438>
    f4e4:	0014c783          	lbu	a5,1(s1)
    f4e8:	00148913          	add	s2,s1,1
    f4ec:	02010da3          	sb	zero,59(sp)
    f4f0:	fff00d93          	li	s11,-1
    f4f4:	00000b93          	li	s7,0
    f4f8:	00000893          	li	a7,0
    f4fc:	05a00493          	li	s1,90
    f500:	00190913          	add	s2,s2,1
    f504:	00078693          	mv	a3,a5
    f508:	fe068713          	add	a4,a3,-32
    f50c:	12e4e663          	bltu	s1,a4,f638 <_vfiprintf_r+0x2bc>
    f510:	00412783          	lw	a5,4(sp)
    f514:	00271713          	sll	a4,a4,0x2
    f518:	00f70733          	add	a4,a4,a5
    f51c:	00072783          	lw	a5,0(a4)
    f520:	00078067          	jr	a5
    f524:	000b0593          	mv	a1,s6
    f528:	000c0513          	mv	a0,s8
    f52c:	ed0f70ef          	jal	6bfc <__swsetup_r>
    f530:	00050463          	beqz	a0,f538 <_vfiprintf_r+0x1bc>
    f534:	1740106f          	j	106a8 <_vfiprintf_r+0x132c>
    f538:	00cb1783          	lh	a5,12(s6)
    f53c:	00a00713          	li	a4,10
    f540:	01a7f793          	and	a5,a5,26
    f544:	ece79ee3          	bne	a5,a4,f420 <_vfiprintf_r+0xa4>
    f548:	00eb1783          	lh	a5,14(s6)
    f54c:	ec07cae3          	bltz	a5,f420 <_vfiprintf_r+0xa4>
    f550:	12812403          	lw	s0,296(sp)
    f554:	12c12083          	lw	ra,300(sp)
    f558:	12412483          	lw	s1,292(sp)
    f55c:	11c12983          	lw	s3,284(sp)
    f560:	11812a03          	lw	s4,280(sp)
    f564:	11412a83          	lw	s5,276(sp)
    f568:	10412c83          	lw	s9,260(sp)
    f56c:	10012d03          	lw	s10,256(sp)
    f570:	0fc12d83          	lw	s11,252(sp)
    f574:	000b8693          	mv	a3,s7
    f578:	00090613          	mv	a2,s2
    f57c:	10c12b83          	lw	s7,268(sp)
    f580:	12012903          	lw	s2,288(sp)
    f584:	000b0593          	mv	a1,s6
    f588:	000c0513          	mv	a0,s8
    f58c:	11012b03          	lw	s6,272(sp)
    f590:	10812c03          	lw	s8,264(sp)
    f594:	13010113          	add	sp,sp,304
    f598:	15c0106f          	j	106f4 <__sbprintf>
    f59c:	04010613          	add	a2,sp,64
    f5a0:	000b0593          	mv	a1,s6
    f5a4:	000c0513          	mv	a0,s8
    f5a8:	cc9ff0ef          	jal	f270 <__sprint_r.part.0>
    f5ac:	1e050c63          	beqz	a0,f7a4 <_vfiprintf_r+0x428>
    f5b0:	00098d13          	mv	s10,s3
    f5b4:	00cb5783          	lhu	a5,12(s6)
    f5b8:	0407f793          	and	a5,a5,64
    f5bc:	00078463          	beqz	a5,f5c4 <_vfiprintf_r+0x248>
    f5c0:	0e80106f          	j	106a8 <_vfiprintf_r+0x132c>
    f5c4:	12c12083          	lw	ra,300(sp)
    f5c8:	12812403          	lw	s0,296(sp)
    f5cc:	12412483          	lw	s1,292(sp)
    f5d0:	12012903          	lw	s2,288(sp)
    f5d4:	11c12983          	lw	s3,284(sp)
    f5d8:	11812a03          	lw	s4,280(sp)
    f5dc:	11412a83          	lw	s5,276(sp)
    f5e0:	11012b03          	lw	s6,272(sp)
    f5e4:	10c12b83          	lw	s7,268(sp)
    f5e8:	10812c03          	lw	s8,264(sp)
    f5ec:	10412c83          	lw	s9,260(sp)
    f5f0:	0fc12d83          	lw	s11,252(sp)
    f5f4:	000d0513          	mv	a0,s10
    f5f8:	10012d03          	lw	s10,256(sp)
    f5fc:	13010113          	add	sp,sp,304
    f600:	00008067          	ret
    f604:	00000b93          	li	s7,0
    f608:	fd068793          	add	a5,a3,-48
    f60c:	00900613          	li	a2,9
    f610:	00094683          	lbu	a3,0(s2)
    f614:	002b9713          	sll	a4,s7,0x2
    f618:	01770bb3          	add	s7,a4,s7
    f61c:	001b9b93          	sll	s7,s7,0x1
    f620:	01778bb3          	add	s7,a5,s7
    f624:	fd068793          	add	a5,a3,-48
    f628:	00190913          	add	s2,s2,1
    f62c:	fef672e3          	bgeu	a2,a5,f610 <_vfiprintf_r+0x294>
    f630:	fe068713          	add	a4,a3,-32
    f634:	ece4fee3          	bgeu	s1,a4,f510 <_vfiprintf_r+0x194>
    f638:	16068e63          	beqz	a3,f7b4 <_vfiprintf_r+0x438>
    f63c:	08d10623          	sb	a3,140(sp)
    f640:	02010da3          	sb	zero,59(sp)
    f644:	00100313          	li	t1,1
    f648:	00100e13          	li	t3,1
    f64c:	08c10493          	add	s1,sp,140
    f650:	00000d93          	li	s11,0
    f654:	0028ff93          	and	t6,a7,2
    f658:	000f8463          	beqz	t6,f660 <_vfiprintf_r+0x2e4>
    f65c:	00230313          	add	t1,t1,2
    f660:	04412703          	lw	a4,68(sp)
    f664:	0848f293          	and	t0,a7,132
    f668:	04812783          	lw	a5,72(sp)
    f66c:	00170613          	add	a2,a4,1
    f670:	00060593          	mv	a1,a2
    f674:	00029663          	bnez	t0,f680 <_vfiprintf_r+0x304>
    f678:	406b86b3          	sub	a3,s7,t1
    f67c:	1cd048e3          	bgtz	a3,1004c <_vfiprintf_r+0xcd0>
    f680:	03b14683          	lbu	a3,59(sp)
    f684:	02068a63          	beqz	a3,f6b8 <_vfiprintf_r+0x33c>
    f688:	03b10713          	add	a4,sp,59
    f68c:	00178793          	add	a5,a5,1
    f690:	00e42023          	sw	a4,0(s0)
    f694:	00100713          	li	a4,1
    f698:	00e42223          	sw	a4,4(s0)
    f69c:	04f12423          	sw	a5,72(sp)
    f6a0:	04b12223          	sw	a1,68(sp)
    f6a4:	00700713          	li	a4,7
    f6a8:	0cb746e3          	blt	a4,a1,ff74 <_vfiprintf_r+0xbf8>
    f6ac:	00058713          	mv	a4,a1
    f6b0:	00840413          	add	s0,s0,8
    f6b4:	00158593          	add	a1,a1,1
    f6b8:	060f8863          	beqz	t6,f728 <_vfiprintf_r+0x3ac>
    f6bc:	03c10713          	add	a4,sp,60
    f6c0:	00278793          	add	a5,a5,2
    f6c4:	00e42023          	sw	a4,0(s0)
    f6c8:	00200713          	li	a4,2
    f6cc:	00e42223          	sw	a4,4(s0)
    f6d0:	04f12423          	sw	a5,72(sp)
    f6d4:	04b12223          	sw	a1,68(sp)
    f6d8:	00700713          	li	a4,7
    f6dc:	10b754e3          	bge	a4,a1,ffe4 <_vfiprintf_r+0xc68>
    f6e0:	32078ae3          	beqz	a5,10214 <_vfiprintf_r+0xe98>
    f6e4:	04010613          	add	a2,sp,64
    f6e8:	000b0593          	mv	a1,s6
    f6ec:	000c0513          	mv	a0,s8
    f6f0:	02612223          	sw	t1,36(sp)
    f6f4:	01112a23          	sw	a7,20(sp)
    f6f8:	01c12823          	sw	t3,16(sp)
    f6fc:	00512623          	sw	t0,12(sp)
    f700:	b71ff0ef          	jal	f270 <__sprint_r.part.0>
    f704:	ea0516e3          	bnez	a0,f5b0 <_vfiprintf_r+0x234>
    f708:	04412703          	lw	a4,68(sp)
    f70c:	04812783          	lw	a5,72(sp)
    f710:	02412303          	lw	t1,36(sp)
    f714:	01412883          	lw	a7,20(sp)
    f718:	01012e03          	lw	t3,16(sp)
    f71c:	00c12283          	lw	t0,12(sp)
    f720:	000a8413          	mv	s0,s5
    f724:	00170593          	add	a1,a4,1
    f728:	08000693          	li	a3,128
    f72c:	62d28863          	beq	t0,a3,fd5c <_vfiprintf_r+0x9e0>
    f730:	41cd8db3          	sub	s11,s11,t3
    f734:	75b04863          	bgtz	s11,fe84 <_vfiprintf_r+0xb08>
    f738:	00fe07b3          	add	a5,t3,a5
    f73c:	00942023          	sw	s1,0(s0)
    f740:	01c42223          	sw	t3,4(s0)
    f744:	04f12423          	sw	a5,72(sp)
    f748:	04b12223          	sw	a1,68(sp)
    f74c:	00700713          	li	a4,7
    f750:	5eb75a63          	bge	a4,a1,fd44 <_vfiprintf_r+0x9c8>
    f754:	10078063          	beqz	a5,f854 <_vfiprintf_r+0x4d8>
    f758:	04010613          	add	a2,sp,64
    f75c:	000b0593          	mv	a1,s6
    f760:	000c0513          	mv	a0,s8
    f764:	00612823          	sw	t1,16(sp)
    f768:	01112623          	sw	a7,12(sp)
    f76c:	b05ff0ef          	jal	f270 <__sprint_r.part.0>
    f770:	e40510e3          	bnez	a0,f5b0 <_vfiprintf_r+0x234>
    f774:	04812783          	lw	a5,72(sp)
    f778:	01012303          	lw	t1,16(sp)
    f77c:	00c12883          	lw	a7,12(sp)
    f780:	000a8413          	mv	s0,s5
    f784:	0048f893          	and	a7,a7,4
    f788:	00088663          	beqz	a7,f794 <_vfiprintf_r+0x418>
    f78c:	406b84b3          	sub	s1,s7,t1
    f790:	0c904e63          	bgtz	s1,f86c <_vfiprintf_r+0x4f0>
    f794:	006bd463          	bge	s7,t1,f79c <_vfiprintf_r+0x420>
    f798:	00030b93          	mv	s7,t1
    f79c:	017989b3          	add	s3,s3,s7
    f7a0:	de079ee3          	bnez	a5,f59c <_vfiprintf_r+0x220>
    f7a4:	00094783          	lbu	a5,0(s2)
    f7a8:	04012223          	sw	zero,68(sp)
    f7ac:	000a8413          	mv	s0,s5
    f7b0:	cc0790e3          	bnez	a5,f470 <_vfiprintf_r+0xf4>
    f7b4:	04812783          	lw	a5,72(sp)
    f7b8:	00098d13          	mv	s10,s3
    f7bc:	de078ce3          	beqz	a5,f5b4 <_vfiprintf_r+0x238>
    f7c0:	04010613          	add	a2,sp,64
    f7c4:	000b0593          	mv	a1,s6
    f7c8:	000c0513          	mv	a0,s8
    f7cc:	aa5ff0ef          	jal	f270 <__sprint_r.part.0>
    f7d0:	de5ff06f          	j	f5b4 <_vfiprintf_r+0x238>
    f7d4:	000d2b83          	lw	s7,0(s10)
    f7d8:	004d0d13          	add	s10,s10,4
    f7dc:	280bc263          	bltz	s7,fa60 <_vfiprintf_r+0x6e4>
    f7e0:	00094783          	lbu	a5,0(s2)
    f7e4:	d1dff06f          	j	f500 <_vfiprintf_r+0x184>
    f7e8:	00094783          	lbu	a5,0(s2)
    f7ec:	0208e893          	or	a7,a7,32
    f7f0:	d11ff06f          	j	f500 <_vfiprintf_r+0x184>
    f7f4:	0108e893          	or	a7,a7,16
    f7f8:	0208f793          	and	a5,a7,32
    f7fc:	14078863          	beqz	a5,f94c <_vfiprintf_r+0x5d0>
    f800:	007d0d13          	add	s10,s10,7
    f804:	ff8d7d13          	and	s10,s10,-8
    f808:	004d2703          	lw	a4,4(s10)
    f80c:	000d2783          	lw	a5,0(s10)
    f810:	008d0d13          	add	s10,s10,8
    f814:	00070293          	mv	t0,a4
    f818:	16074063          	bltz	a4,f978 <_vfiprintf_r+0x5fc>
    f81c:	fff00713          	li	a4,-1
    f820:	16ed8e63          	beq	s11,a4,f99c <_vfiprintf_r+0x620>
    f824:	0057e733          	or	a4,a5,t0
    f828:	f7f8f893          	and	a7,a7,-129
    f82c:	16071863          	bnez	a4,f99c <_vfiprintf_r+0x620>
    f830:	640d90e3          	bnez	s11,10670 <_vfiprintf_r+0x12f4>
    f834:	00000313          	li	t1,0
    f838:	00000e13          	li	t3,0
    f83c:	0f010493          	add	s1,sp,240
    f840:	1880006f          	j	f9c8 <_vfiprintf_r+0x64c>
    f844:	41248bb3          	sub	s7,s1,s2
    f848:	c52494e3          	bne	s1,s2,f490 <_vfiprintf_r+0x114>
    f84c:	0004c783          	lbu	a5,0(s1)
    f850:	c91ff06f          	j	f4e0 <_vfiprintf_r+0x164>
    f854:	04012223          	sw	zero,68(sp)
    f858:	0048f893          	and	a7,a7,4
    f85c:	0e088ce3          	beqz	a7,10154 <_vfiprintf_r+0xdd8>
    f860:	406b84b3          	sub	s1,s7,t1
    f864:	0e9058e3          	blez	s1,10154 <_vfiprintf_r+0xdd8>
    f868:	000a8413          	mv	s0,s5
    f86c:	01000713          	li	a4,16
    f870:	04412683          	lw	a3,68(sp)
    f874:	629752e3          	bge	a4,s1,10698 <_vfiprintf_r+0x131c>
    f878:	00014eb7          	lui	t4,0x14
    f87c:	408e8e93          	add	t4,t4,1032 # 14408 <blanks.1>
    f880:	00040593          	mv	a1,s0
    f884:	01000d93          	li	s11,16
    f888:	00700893          	li	a7,7
    f88c:	00612623          	sw	t1,12(sp)
    f890:	000e8413          	mv	s0,t4
    f894:	0180006f          	j	f8ac <_vfiprintf_r+0x530>
    f898:	00268613          	add	a2,a3,2
    f89c:	00858593          	add	a1,a1,8
    f8a0:	00070693          	mv	a3,a4
    f8a4:	ff048493          	add	s1,s1,-16
    f8a8:	049dda63          	bge	s11,s1,f8fc <_vfiprintf_r+0x580>
    f8ac:	01078793          	add	a5,a5,16
    f8b0:	00168713          	add	a4,a3,1
    f8b4:	0085a023          	sw	s0,0(a1)
    f8b8:	01b5a223          	sw	s11,4(a1)
    f8bc:	04f12423          	sw	a5,72(sp)
    f8c0:	04e12223          	sw	a4,68(sp)
    f8c4:	fce8dae3          	bge	a7,a4,f898 <_vfiprintf_r+0x51c>
    f8c8:	48078263          	beqz	a5,fd4c <_vfiprintf_r+0x9d0>
    f8cc:	04010613          	add	a2,sp,64
    f8d0:	000b0593          	mv	a1,s6
    f8d4:	000c0513          	mv	a0,s8
    f8d8:	999ff0ef          	jal	f270 <__sprint_r.part.0>
    f8dc:	cc051ae3          	bnez	a0,f5b0 <_vfiprintf_r+0x234>
    f8e0:	04412683          	lw	a3,68(sp)
    f8e4:	ff048493          	add	s1,s1,-16
    f8e8:	04812783          	lw	a5,72(sp)
    f8ec:	000a8593          	mv	a1,s5
    f8f0:	00168613          	add	a2,a3,1
    f8f4:	00700893          	li	a7,7
    f8f8:	fa9dcae3          	blt	s11,s1,f8ac <_vfiprintf_r+0x530>
    f8fc:	00c12303          	lw	t1,12(sp)
    f900:	00040e93          	mv	t4,s0
    f904:	00058413          	mv	s0,a1
    f908:	009787b3          	add	a5,a5,s1
    f90c:	01d42023          	sw	t4,0(s0)
    f910:	00942223          	sw	s1,4(s0)
    f914:	04f12423          	sw	a5,72(sp)
    f918:	04c12223          	sw	a2,68(sp)
    f91c:	00700713          	li	a4,7
    f920:	e6c75ae3          	bge	a4,a2,f794 <_vfiprintf_r+0x418>
    f924:	020788e3          	beqz	a5,10154 <_vfiprintf_r+0xdd8>
    f928:	04010613          	add	a2,sp,64
    f92c:	000b0593          	mv	a1,s6
    f930:	000c0513          	mv	a0,s8
    f934:	00612623          	sw	t1,12(sp)
    f938:	939ff0ef          	jal	f270 <__sprint_r.part.0>
    f93c:	c6051ae3          	bnez	a0,f5b0 <_vfiprintf_r+0x234>
    f940:	04812783          	lw	a5,72(sp)
    f944:	00c12303          	lw	t1,12(sp)
    f948:	e4dff06f          	j	f794 <_vfiprintf_r+0x418>
    f94c:	0108f713          	and	a4,a7,16
    f950:	000d2783          	lw	a5,0(s10)
    f954:	004d0d13          	add	s10,s10,4
    f958:	0e071e63          	bnez	a4,fa54 <_vfiprintf_r+0x6d8>
    f95c:	0408f713          	and	a4,a7,64
    f960:	0e070663          	beqz	a4,fa4c <_vfiprintf_r+0x6d0>
    f964:	01079793          	sll	a5,a5,0x10
    f968:	4107d793          	sra	a5,a5,0x10
    f96c:	41f7d293          	sra	t0,a5,0x1f
    f970:	00028713          	mv	a4,t0
    f974:	ea0754e3          	bgez	a4,f81c <_vfiprintf_r+0x4a0>
    f978:	02d00693          	li	a3,45
    f97c:	00f03733          	snez	a4,a5
    f980:	405002b3          	neg	t0,t0
    f984:	02d10da3          	sb	a3,59(sp)
    f988:	fff00693          	li	a3,-1
    f98c:	40e282b3          	sub	t0,t0,a4
    f990:	40f007b3          	neg	a5,a5
    f994:	00dd8463          	beq	s11,a3,f99c <_vfiprintf_r+0x620>
    f998:	f7f8f893          	and	a7,a7,-129
    f99c:	0c029ee3          	bnez	t0,10278 <_vfiprintf_r+0xefc>
    f9a0:	00900713          	li	a4,9
    f9a4:	0cf76ae3          	bltu	a4,a5,10278 <_vfiprintf_r+0xefc>
    f9a8:	03078793          	add	a5,a5,48
    f9ac:	0ff7f793          	zext.b	a5,a5
    f9b0:	0ef107a3          	sb	a5,239(sp)
    f9b4:	000d8313          	mv	t1,s11
    f9b8:	01b04463          	bgtz	s11,f9c0 <_vfiprintf_r+0x644>
    f9bc:	00100313          	li	t1,1
    f9c0:	00100e13          	li	t3,1
    f9c4:	0ef10493          	add	s1,sp,239
    f9c8:	03b14783          	lbu	a5,59(sp)
    f9cc:	00f037b3          	snez	a5,a5
    f9d0:	00f30333          	add	t1,t1,a5
    f9d4:	c81ff06f          	j	f654 <_vfiprintf_r+0x2d8>
    f9d8:	9e1f70ef          	jal	73b8 <__sinit>
    f9dc:	9f5ff06f          	j	f3d0 <_vfiprintf_r+0x54>
    f9e0:	000d2483          	lw	s1,0(s10)
    f9e4:	02010da3          	sb	zero,59(sp)
    f9e8:	004d0d13          	add	s10,s10,4
    f9ec:	3c048ee3          	beqz	s1,105c8 <_vfiprintf_r+0x124c>
    f9f0:	fff00793          	li	a5,-1
    f9f4:	01112623          	sw	a7,12(sp)
    f9f8:	26fd8ce3          	beq	s11,a5,10470 <_vfiprintf_r+0x10f4>
    f9fc:	000d8613          	mv	a2,s11
    fa00:	00000593          	li	a1,0
    fa04:	00048513          	mv	a0,s1
    fa08:	f48fb0ef          	jal	b150 <memchr>
    fa0c:	00c12883          	lw	a7,12(sp)
    fa10:	460504e3          	beqz	a0,10678 <_vfiprintf_r+0x12fc>
    fa14:	40950e33          	sub	t3,a0,s1
    fa18:	fffe4313          	not	t1,t3
    fa1c:	41f35313          	sra	t1,t1,0x1f
    fa20:	006e7333          	and	t1,t3,t1
    fa24:	00000d93          	li	s11,0
    fa28:	fa1ff06f          	j	f9c8 <_vfiprintf_r+0x64c>
    fa2c:	000d2783          	lw	a5,0(s10)
    fa30:	02010da3          	sb	zero,59(sp)
    fa34:	004d0d13          	add	s10,s10,4
    fa38:	08f10623          	sb	a5,140(sp)
    fa3c:	00100313          	li	t1,1
    fa40:	00100e13          	li	t3,1
    fa44:	08c10493          	add	s1,sp,140
    fa48:	c09ff06f          	j	f650 <_vfiprintf_r+0x2d4>
    fa4c:	2008f713          	and	a4,a7,512
    fa50:	3e0718e3          	bnez	a4,10640 <_vfiprintf_r+0x12c4>
    fa54:	41f7d293          	sra	t0,a5,0x1f
    fa58:	00028713          	mv	a4,t0
    fa5c:	dbdff06f          	j	f818 <_vfiprintf_r+0x49c>
    fa60:	41700bb3          	neg	s7,s7
    fa64:	00094783          	lbu	a5,0(s2)
    fa68:	0048e893          	or	a7,a7,4
    fa6c:	a95ff06f          	j	f500 <_vfiprintf_r+0x184>
    fa70:	02b00713          	li	a4,43
    fa74:	00094783          	lbu	a5,0(s2)
    fa78:	02e10da3          	sb	a4,59(sp)
    fa7c:	a85ff06f          	j	f500 <_vfiprintf_r+0x184>
    fa80:	00094783          	lbu	a5,0(s2)
    fa84:	0808e893          	or	a7,a7,128
    fa88:	a79ff06f          	j	f500 <_vfiprintf_r+0x184>
    fa8c:	00094683          	lbu	a3,0(s2)
    fa90:	02a00793          	li	a5,42
    fa94:	00190713          	add	a4,s2,1
    fa98:	42f684e3          	beq	a3,a5,106c0 <_vfiprintf_r+0x1344>
    fa9c:	fd068793          	add	a5,a3,-48
    faa0:	00900593          	li	a1,9
    faa4:	00070913          	mv	s2,a4
    faa8:	00000d93          	li	s11,0
    faac:	00900613          	li	a2,9
    fab0:	a4f5ece3          	bltu	a1,a5,f508 <_vfiprintf_r+0x18c>
    fab4:	00094683          	lbu	a3,0(s2)
    fab8:	002d9713          	sll	a4,s11,0x2
    fabc:	01b70db3          	add	s11,a4,s11
    fac0:	001d9d93          	sll	s11,s11,0x1
    fac4:	00fd8db3          	add	s11,s11,a5
    fac8:	fd068793          	add	a5,a3,-48
    facc:	00190913          	add	s2,s2,1
    fad0:	fef672e3          	bgeu	a2,a5,fab4 <_vfiprintf_r+0x738>
    fad4:	a35ff06f          	j	f508 <_vfiprintf_r+0x18c>
    fad8:	000c0513          	mv	a0,s8
    fadc:	01112623          	sw	a7,12(sp)
    fae0:	b15fa0ef          	jal	a5f4 <_localeconv_r>
    fae4:	00452783          	lw	a5,4(a0)
    fae8:	00078513          	mv	a0,a5
    faec:	02f12023          	sw	a5,32(sp)
    faf0:	d39fc0ef          	jal	c828 <strlen>
    faf4:	00050793          	mv	a5,a0
    faf8:	000c0513          	mv	a0,s8
    fafc:	00f12e23          	sw	a5,28(sp)
    fb00:	af5fa0ef          	jal	a5f4 <_localeconv_r>
    fb04:	00852703          	lw	a4,8(a0)
    fb08:	01c12783          	lw	a5,28(sp)
    fb0c:	00c12883          	lw	a7,12(sp)
    fb10:	00e12c23          	sw	a4,24(sp)
    fb14:	cc0786e3          	beqz	a5,f7e0 <_vfiprintf_r+0x464>
    fb18:	01812703          	lw	a4,24(sp)
    fb1c:	00094783          	lbu	a5,0(s2)
    fb20:	9e0700e3          	beqz	a4,f500 <_vfiprintf_r+0x184>
    fb24:	00074703          	lbu	a4,0(a4)
    fb28:	9c070ce3          	beqz	a4,f500 <_vfiprintf_r+0x184>
    fb2c:	4008e893          	or	a7,a7,1024
    fb30:	9d1ff06f          	j	f500 <_vfiprintf_r+0x184>
    fb34:	00094783          	lbu	a5,0(s2)
    fb38:	0018e893          	or	a7,a7,1
    fb3c:	9c5ff06f          	j	f500 <_vfiprintf_r+0x184>
    fb40:	03b14703          	lbu	a4,59(sp)
    fb44:	00094783          	lbu	a5,0(s2)
    fb48:	9a071ce3          	bnez	a4,f500 <_vfiprintf_r+0x184>
    fb4c:	02000713          	li	a4,32
    fb50:	02e10da3          	sb	a4,59(sp)
    fb54:	9adff06f          	j	f500 <_vfiprintf_r+0x184>
    fb58:	0108e713          	or	a4,a7,16
    fb5c:	02077793          	and	a5,a4,32
    fb60:	64078a63          	beqz	a5,101b4 <_vfiprintf_r+0xe38>
    fb64:	007d0d13          	add	s10,s10,7
    fb68:	ff8d7d13          	and	s10,s10,-8
    fb6c:	000d2783          	lw	a5,0(s10)
    fb70:	004d2603          	lw	a2,4(s10)
    fb74:	008d0d13          	add	s10,s10,8
    fb78:	02010da3          	sb	zero,59(sp)
    fb7c:	fff00693          	li	a3,-1
    fb80:	bff77893          	and	a7,a4,-1025
    fb84:	0add8863          	beq	s11,a3,fc34 <_vfiprintf_r+0x8b8>
    fb88:	00c7e6b3          	or	a3,a5,a2
    fb8c:	b7f77713          	and	a4,a4,-1153
    fb90:	1e069ce3          	bnez	a3,10588 <_vfiprintf_r+0x120c>
    fb94:	00088e13          	mv	t3,a7
    fb98:	00000793          	li	a5,0
    fb9c:	00070893          	mv	a7,a4
    fba0:	060d9e63          	bnez	s11,fc1c <_vfiprintf_r+0x8a0>
    fba4:	c80798e3          	bnez	a5,f834 <_vfiprintf_r+0x4b8>
    fba8:	001e7e13          	and	t3,t3,1
    fbac:	7c0e0c63          	beqz	t3,10384 <_vfiprintf_r+0x1008>
    fbb0:	03000793          	li	a5,48
    fbb4:	0ef107a3          	sb	a5,239(sp)
    fbb8:	000e0313          	mv	t1,t3
    fbbc:	0ef10493          	add	s1,sp,239
    fbc0:	e09ff06f          	j	f9c8 <_vfiprintf_r+0x64c>
    fbc4:	00094783          	lbu	a5,0(s2)
    fbc8:	06c00713          	li	a4,108
    fbcc:	1ce78ee3          	beq	a5,a4,105a8 <_vfiprintf_r+0x122c>
    fbd0:	0108e893          	or	a7,a7,16
    fbd4:	92dff06f          	j	f500 <_vfiprintf_r+0x184>
    fbd8:	0108ee13          	or	t3,a7,16
    fbdc:	020e7793          	and	a5,t3,32
    fbe0:	60078663          	beqz	a5,101ec <_vfiprintf_r+0xe70>
    fbe4:	007d0d13          	add	s10,s10,7
    fbe8:	ff8d7d13          	and	s10,s10,-8
    fbec:	000d2783          	lw	a5,0(s10)
    fbf0:	004d2283          	lw	t0,4(s10)
    fbf4:	008d0d13          	add	s10,s10,8
    fbf8:	02010da3          	sb	zero,59(sp)
    fbfc:	fff00713          	li	a4,-1
    fc00:	000e0893          	mv	a7,t3
    fc04:	d8ed8ce3          	beq	s11,a4,f99c <_vfiprintf_r+0x620>
    fc08:	0057e733          	or	a4,a5,t0
    fc0c:	f7fe7893          	and	a7,t3,-129
    fc10:	d80716e3          	bnez	a4,f99c <_vfiprintf_r+0x620>
    fc14:	00100793          	li	a5,1
    fc18:	f80d86e3          	beqz	s11,fba4 <_vfiprintf_r+0x828>
    fc1c:	00100713          	li	a4,1
    fc20:	24e788e3          	beq	a5,a4,10670 <_vfiprintf_r+0x12f4>
    fc24:	00200713          	li	a4,2
    fc28:	1ae78ee3          	beq	a5,a4,105e4 <_vfiprintf_r+0x1268>
    fc2c:	00000793          	li	a5,0
    fc30:	00000613          	li	a2,0
    fc34:	0f010493          	add	s1,sp,240
    fc38:	01d61693          	sll	a3,a2,0x1d
    fc3c:	0077f713          	and	a4,a5,7
    fc40:	0037d793          	srl	a5,a5,0x3
    fc44:	03070713          	add	a4,a4,48
    fc48:	00f6e7b3          	or	a5,a3,a5
    fc4c:	00365613          	srl	a2,a2,0x3
    fc50:	fee48fa3          	sb	a4,-1(s1)
    fc54:	00c7e6b3          	or	a3,a5,a2
    fc58:	00048593          	mv	a1,s1
    fc5c:	fff48493          	add	s1,s1,-1
    fc60:	fc069ce3          	bnez	a3,fc38 <_vfiprintf_r+0x8bc>
    fc64:	0018f793          	and	a5,a7,1
    fc68:	3c078663          	beqz	a5,10034 <_vfiprintf_r+0xcb8>
    fc6c:	03000793          	li	a5,48
    fc70:	3cf70263          	beq	a4,a5,10034 <_vfiprintf_r+0xcb8>
    fc74:	ffe58593          	add	a1,a1,-2
    fc78:	0f010713          	add	a4,sp,240
    fc7c:	40b70e33          	sub	t3,a4,a1
    fc80:	fef48fa3          	sb	a5,-1(s1)
    fc84:	000e0313          	mv	t1,t3
    fc88:	75be4063          	blt	t3,s11,103c8 <_vfiprintf_r+0x104c>
    fc8c:	00058493          	mv	s1,a1
    fc90:	d39ff06f          	j	f9c8 <_vfiprintf_r+0x64c>
    fc94:	00094783          	lbu	a5,0(s2)
    fc98:	06800713          	li	a4,104
    fc9c:	0ee78ee3          	beq	a5,a4,10598 <_vfiprintf_r+0x121c>
    fca0:	0408e893          	or	a7,a7,64
    fca4:	85dff06f          	j	f500 <_vfiprintf_r+0x184>
    fca8:	ffff8737          	lui	a4,0xffff8
    fcac:	83074713          	xor	a4,a4,-2000
    fcb0:	02e11e23          	sh	a4,60(sp)
    fcb4:	00014737          	lui	a4,0x14
    fcb8:	9c870713          	add	a4,a4,-1592 # 139c8 <__clz_tab+0x130>
    fcbc:	000d2783          	lw	a5,0(s10)
    fcc0:	00000613          	li	a2,0
    fcc4:	0028e893          	or	a7,a7,2
    fcc8:	004d0d13          	add	s10,s10,4
    fccc:	00e12423          	sw	a4,8(sp)
    fcd0:	02010da3          	sb	zero,59(sp)
    fcd4:	fff00713          	li	a4,-1
    fcd8:	32ed8463          	beq	s11,a4,10000 <_vfiprintf_r+0xc84>
    fcdc:	00c7e733          	or	a4,a5,a2
    fce0:	f7f8f693          	and	a3,a7,-129
    fce4:	30071863          	bnez	a4,fff4 <_vfiprintf_r+0xc78>
    fce8:	00088e13          	mv	t3,a7
    fcec:	00200793          	li	a5,2
    fcf0:	00068893          	mv	a7,a3
    fcf4:	eadff06f          	j	fba0 <_vfiprintf_r+0x824>
    fcf8:	0208f793          	and	a5,a7,32
    fcfc:	6a079263          	bnez	a5,103a0 <_vfiprintf_r+0x1024>
    fd00:	0108f793          	and	a5,a7,16
    fd04:	0a079ae3          	bnez	a5,105b8 <_vfiprintf_r+0x123c>
    fd08:	0408f793          	and	a5,a7,64
    fd0c:	14079ae3          	bnez	a5,10660 <_vfiprintf_r+0x12e4>
    fd10:	2008f893          	and	a7,a7,512
    fd14:	0a0882e3          	beqz	a7,105b8 <_vfiprintf_r+0x123c>
    fd18:	000d2783          	lw	a5,0(s10)
    fd1c:	004d0d13          	add	s10,s10,4
    fd20:	01378023          	sb	s3,0(a5)
    fd24:	f44ff06f          	j	f468 <_vfiprintf_r+0xec>
    fd28:	00100713          	li	a4,1
    fd2c:	000e0793          	mv	a5,t3
    fd30:	04912623          	sw	s1,76(sp)
    fd34:	05c12823          	sw	t3,80(sp)
    fd38:	05c12423          	sw	t3,72(sp)
    fd3c:	04e12223          	sw	a4,68(sp)
    fd40:	000a8413          	mv	s0,s5
    fd44:	00840413          	add	s0,s0,8
    fd48:	a3dff06f          	j	f784 <_vfiprintf_r+0x408>
    fd4c:	00100613          	li	a2,1
    fd50:	00000693          	li	a3,0
    fd54:	000a8593          	mv	a1,s5
    fd58:	b4dff06f          	j	f8a4 <_vfiprintf_r+0x528>
    fd5c:	406b8eb3          	sub	t4,s7,t1
    fd60:	9dd058e3          	blez	t4,f730 <_vfiprintf_r+0x3b4>
    fd64:	01000693          	li	a3,16
    fd68:	15d6d4e3          	bge	a3,t4,106b0 <_vfiprintf_r+0x1334>
    fd6c:	00014f37          	lui	t5,0x14
    fd70:	3f8f0f13          	add	t5,t5,1016 # 143f8 <zeroes.0>
    fd74:	00912623          	sw	s1,12(sp)
    fd78:	00040593          	mv	a1,s0
    fd7c:	01000f93          	li	t6,16
    fd80:	00700293          	li	t0,7
    fd84:	01c12823          	sw	t3,16(sp)
    fd88:	01112a23          	sw	a7,20(sp)
    fd8c:	02612223          	sw	t1,36(sp)
    fd90:	000e8413          	mv	s0,t4
    fd94:	000f0493          	mv	s1,t5
    fd98:	0180006f          	j	fdb0 <_vfiprintf_r+0xa34>
    fd9c:	00270613          	add	a2,a4,2
    fda0:	00858593          	add	a1,a1,8
    fda4:	00068713          	mv	a4,a3
    fda8:	ff040413          	add	s0,s0,-16
    fdac:	048fdc63          	bge	t6,s0,fe04 <_vfiprintf_r+0xa88>
    fdb0:	01078793          	add	a5,a5,16
    fdb4:	00170693          	add	a3,a4,1
    fdb8:	0095a023          	sw	s1,0(a1)
    fdbc:	01f5a223          	sw	t6,4(a1)
    fdc0:	04f12423          	sw	a5,72(sp)
    fdc4:	04d12223          	sw	a3,68(sp)
    fdc8:	fcd2dae3          	bge	t0,a3,fd9c <_vfiprintf_r+0xa20>
    fdcc:	18078c63          	beqz	a5,ff64 <_vfiprintf_r+0xbe8>
    fdd0:	04010613          	add	a2,sp,64
    fdd4:	000b0593          	mv	a1,s6
    fdd8:	000c0513          	mv	a0,s8
    fddc:	c94ff0ef          	jal	f270 <__sprint_r.part.0>
    fde0:	fc051863          	bnez	a0,f5b0 <_vfiprintf_r+0x234>
    fde4:	04412703          	lw	a4,68(sp)
    fde8:	01000f93          	li	t6,16
    fdec:	ff040413          	add	s0,s0,-16
    fdf0:	04812783          	lw	a5,72(sp)
    fdf4:	000a8593          	mv	a1,s5
    fdf8:	00170613          	add	a2,a4,1
    fdfc:	00700293          	li	t0,7
    fe00:	fa8fc8e3          	blt	t6,s0,fdb0 <_vfiprintf_r+0xa34>
    fe04:	00048f13          	mv	t5,s1
    fe08:	01012e03          	lw	t3,16(sp)
    fe0c:	01412883          	lw	a7,20(sp)
    fe10:	02412303          	lw	t1,36(sp)
    fe14:	00c12483          	lw	s1,12(sp)
    fe18:	00040e93          	mv	t4,s0
    fe1c:	00058413          	mv	s0,a1
    fe20:	01d787b3          	add	a5,a5,t4
    fe24:	01e42023          	sw	t5,0(s0)
    fe28:	01d42223          	sw	t4,4(s0)
    fe2c:	04f12423          	sw	a5,72(sp)
    fe30:	04c12223          	sw	a2,68(sp)
    fe34:	00700713          	li	a4,7
    fe38:	54c75c63          	bge	a4,a2,10390 <_vfiprintf_r+0x1014>
    fe3c:	7c078463          	beqz	a5,10604 <_vfiprintf_r+0x1288>
    fe40:	04010613          	add	a2,sp,64
    fe44:	000b0593          	mv	a1,s6
    fe48:	000c0513          	mv	a0,s8
    fe4c:	00612a23          	sw	t1,20(sp)
    fe50:	01112823          	sw	a7,16(sp)
    fe54:	01c12623          	sw	t3,12(sp)
    fe58:	c18ff0ef          	jal	f270 <__sprint_r.part.0>
    fe5c:	f4051a63          	bnez	a0,f5b0 <_vfiprintf_r+0x234>
    fe60:	00c12e03          	lw	t3,12(sp)
    fe64:	04412703          	lw	a4,68(sp)
    fe68:	04812783          	lw	a5,72(sp)
    fe6c:	41cd8db3          	sub	s11,s11,t3
    fe70:	01412303          	lw	t1,20(sp)
    fe74:	01012883          	lw	a7,16(sp)
    fe78:	000a8413          	mv	s0,s5
    fe7c:	00170593          	add	a1,a4,1
    fe80:	8bb05ce3          	blez	s11,f738 <_vfiprintf_r+0x3bc>
    fe84:	00014f37          	lui	t5,0x14
    fe88:	3f8f0f13          	add	t5,t5,1016 # 143f8 <zeroes.0>
    fe8c:	0bba5063          	bge	s4,s11,ff2c <_vfiprintf_r+0xbb0>
    fe90:	00040613          	mv	a2,s0
    fe94:	00700e93          	li	t4,7
    fe98:	000d8413          	mv	s0,s11
    fe9c:	01c12623          	sw	t3,12(sp)
    fea0:	01112823          	sw	a7,16(sp)
    fea4:	00612a23          	sw	t1,20(sp)
    fea8:	000c8d93          	mv	s11,s9
    feac:	0180006f          	j	fec4 <_vfiprintf_r+0xb48>
    feb0:	00270593          	add	a1,a4,2
    feb4:	00860613          	add	a2,a2,8
    feb8:	00068713          	mv	a4,a3
    febc:	ff040413          	add	s0,s0,-16
    fec0:	048a5a63          	bge	s4,s0,ff14 <_vfiprintf_r+0xb98>
    fec4:	01078793          	add	a5,a5,16
    fec8:	00170693          	add	a3,a4,1
    fecc:	01962023          	sw	s9,0(a2)
    fed0:	01462223          	sw	s4,4(a2)
    fed4:	04f12423          	sw	a5,72(sp)
    fed8:	04d12223          	sw	a3,68(sp)
    fedc:	fcdedae3          	bge	t4,a3,feb0 <_vfiprintf_r+0xb34>
    fee0:	06078a63          	beqz	a5,ff54 <_vfiprintf_r+0xbd8>
    fee4:	04010613          	add	a2,sp,64
    fee8:	000b0593          	mv	a1,s6
    feec:	000c0513          	mv	a0,s8
    fef0:	b80ff0ef          	jal	f270 <__sprint_r.part.0>
    fef4:	ea051e63          	bnez	a0,f5b0 <_vfiprintf_r+0x234>
    fef8:	04412703          	lw	a4,68(sp)
    fefc:	ff040413          	add	s0,s0,-16
    ff00:	04812783          	lw	a5,72(sp)
    ff04:	000a8613          	mv	a2,s5
    ff08:	00170593          	add	a1,a4,1
    ff0c:	00700e93          	li	t4,7
    ff10:	fa8a4ae3          	blt	s4,s0,fec4 <_vfiprintf_r+0xb48>
    ff14:	00c12e03          	lw	t3,12(sp)
    ff18:	01012883          	lw	a7,16(sp)
    ff1c:	01412303          	lw	t1,20(sp)
    ff20:	000d8f13          	mv	t5,s11
    ff24:	00040d93          	mv	s11,s0
    ff28:	00060413          	mv	s0,a2
    ff2c:	01b787b3          	add	a5,a5,s11
    ff30:	01e42023          	sw	t5,0(s0)
    ff34:	01b42223          	sw	s11,4(s0)
    ff38:	04f12423          	sw	a5,72(sp)
    ff3c:	04b12223          	sw	a1,68(sp)
    ff40:	00700713          	li	a4,7
    ff44:	22b74063          	blt	a4,a1,10164 <_vfiprintf_r+0xde8>
    ff48:	00840413          	add	s0,s0,8
    ff4c:	00158593          	add	a1,a1,1
    ff50:	fe8ff06f          	j	f738 <_vfiprintf_r+0x3bc>
    ff54:	00100593          	li	a1,1
    ff58:	00000713          	li	a4,0
    ff5c:	000a8613          	mv	a2,s5
    ff60:	f5dff06f          	j	febc <_vfiprintf_r+0xb40>
    ff64:	00100613          	li	a2,1
    ff68:	00000713          	li	a4,0
    ff6c:	000a8593          	mv	a1,s5
    ff70:	e39ff06f          	j	fda8 <_vfiprintf_r+0xa2c>
    ff74:	04078a63          	beqz	a5,ffc8 <_vfiprintf_r+0xc4c>
    ff78:	04010613          	add	a2,sp,64
    ff7c:	000b0593          	mv	a1,s6
    ff80:	000c0513          	mv	a0,s8
    ff84:	02612423          	sw	t1,40(sp)
    ff88:	03112223          	sw	a7,36(sp)
    ff8c:	01c12a23          	sw	t3,20(sp)
    ff90:	00512823          	sw	t0,16(sp)
    ff94:	01f12623          	sw	t6,12(sp)
    ff98:	ad8ff0ef          	jal	f270 <__sprint_r.part.0>
    ff9c:	e0051a63          	bnez	a0,f5b0 <_vfiprintf_r+0x234>
    ffa0:	04412703          	lw	a4,68(sp)
    ffa4:	04812783          	lw	a5,72(sp)
    ffa8:	02812303          	lw	t1,40(sp)
    ffac:	02412883          	lw	a7,36(sp)
    ffb0:	01412e03          	lw	t3,20(sp)
    ffb4:	01012283          	lw	t0,16(sp)
    ffb8:	00c12f83          	lw	t6,12(sp)
    ffbc:	000a8413          	mv	s0,s5
    ffc0:	00170593          	add	a1,a4,1
    ffc4:	ef4ff06f          	j	f6b8 <_vfiprintf_r+0x33c>
    ffc8:	3e0f8863          	beqz	t6,103b8 <_vfiprintf_r+0x103c>
    ffcc:	03c10793          	add	a5,sp,60
    ffd0:	04f12623          	sw	a5,76(sp)
    ffd4:	00200793          	li	a5,2
    ffd8:	04f12823          	sw	a5,80(sp)
    ffdc:	00100593          	li	a1,1
    ffe0:	000a8413          	mv	s0,s5
    ffe4:	00058713          	mv	a4,a1
    ffe8:	00840413          	add	s0,s0,8
    ffec:	00158593          	add	a1,a1,1
    fff0:	f38ff06f          	j	f728 <_vfiprintf_r+0x3ac>
    fff4:	00200713          	li	a4,2
    fff8:	00068893          	mv	a7,a3
    fffc:	c2070ce3          	beqz	a4,fc34 <_vfiprintf_r+0x8b8>
   10000:	00812583          	lw	a1,8(sp)
   10004:	0f010493          	add	s1,sp,240
   10008:	00f7f713          	and	a4,a5,15
   1000c:	00e58733          	add	a4,a1,a4
   10010:	00074683          	lbu	a3,0(a4)
   10014:	0047d793          	srl	a5,a5,0x4
   10018:	01c61713          	sll	a4,a2,0x1c
   1001c:	00f767b3          	or	a5,a4,a5
   10020:	00465613          	srl	a2,a2,0x4
   10024:	fed48fa3          	sb	a3,-1(s1)
   10028:	00c7e733          	or	a4,a5,a2
   1002c:	fff48493          	add	s1,s1,-1
   10030:	fc071ce3          	bnez	a4,10008 <_vfiprintf_r+0xc8c>
   10034:	0f010793          	add	a5,sp,240
   10038:	40978e33          	sub	t3,a5,s1
   1003c:	000e0313          	mv	t1,t3
   10040:	99be54e3          	bge	t3,s11,f9c8 <_vfiprintf_r+0x64c>
   10044:	000d8313          	mv	t1,s11
   10048:	981ff06f          	j	f9c8 <_vfiprintf_r+0x64c>
   1004c:	01000593          	li	a1,16
   10050:	62d5dc63          	bge	a1,a3,10688 <_vfiprintf_r+0x130c>
   10054:	00014eb7          	lui	t4,0x14
   10058:	408e8e93          	add	t4,t4,1032 # 14408 <blanks.1>
   1005c:	00912a23          	sw	s1,20(sp)
   10060:	00040593          	mv	a1,s0
   10064:	01000f13          	li	t5,16
   10068:	00700393          	li	t2,7
   1006c:	01f12623          	sw	t6,12(sp)
   10070:	00512823          	sw	t0,16(sp)
   10074:	03c12223          	sw	t3,36(sp)
   10078:	03112423          	sw	a7,40(sp)
   1007c:	02612623          	sw	t1,44(sp)
   10080:	00068413          	mv	s0,a3
   10084:	000e8493          	mv	s1,t4
   10088:	01c0006f          	j	100a4 <_vfiprintf_r+0xd28>
   1008c:	00270513          	add	a0,a4,2
   10090:	00858593          	add	a1,a1,8
   10094:	00060713          	mv	a4,a2
   10098:	ff040413          	add	s0,s0,-16
   1009c:	048f5c63          	bge	t5,s0,100f4 <_vfiprintf_r+0xd78>
   100a0:	00170613          	add	a2,a4,1
   100a4:	01078793          	add	a5,a5,16
   100a8:	0095a023          	sw	s1,0(a1)
   100ac:	01e5a223          	sw	t5,4(a1)
   100b0:	04f12423          	sw	a5,72(sp)
   100b4:	04c12223          	sw	a2,68(sp)
   100b8:	fcc3dae3          	bge	t2,a2,1008c <_vfiprintf_r+0xd10>
   100bc:	08078463          	beqz	a5,10144 <_vfiprintf_r+0xdc8>
   100c0:	04010613          	add	a2,sp,64
   100c4:	000b0593          	mv	a1,s6
   100c8:	000c0513          	mv	a0,s8
   100cc:	9a4ff0ef          	jal	f270 <__sprint_r.part.0>
   100d0:	ce051063          	bnez	a0,f5b0 <_vfiprintf_r+0x234>
   100d4:	04412703          	lw	a4,68(sp)
   100d8:	01000f13          	li	t5,16
   100dc:	ff040413          	add	s0,s0,-16
   100e0:	04812783          	lw	a5,72(sp)
   100e4:	000a8593          	mv	a1,s5
   100e8:	00170513          	add	a0,a4,1
   100ec:	00700393          	li	t2,7
   100f0:	fa8f48e3          	blt	t5,s0,100a0 <_vfiprintf_r+0xd24>
   100f4:	00048e93          	mv	t4,s1
   100f8:	00c12f83          	lw	t6,12(sp)
   100fc:	01012283          	lw	t0,16(sp)
   10100:	02412e03          	lw	t3,36(sp)
   10104:	02812883          	lw	a7,40(sp)
   10108:	02c12303          	lw	t1,44(sp)
   1010c:	01412483          	lw	s1,20(sp)
   10110:	00040693          	mv	a3,s0
   10114:	00058413          	mv	s0,a1
   10118:	00d787b3          	add	a5,a5,a3
   1011c:	01d42023          	sw	t4,0(s0)
   10120:	00d42223          	sw	a3,4(s0)
   10124:	04f12423          	sw	a5,72(sp)
   10128:	04a12223          	sw	a0,68(sp)
   1012c:	00700713          	li	a4,7
   10130:	0ea74a63          	blt	a4,a0,10224 <_vfiprintf_r+0xea8>
   10134:	00840413          	add	s0,s0,8
   10138:	00150593          	add	a1,a0,1
   1013c:	00050713          	mv	a4,a0
   10140:	d40ff06f          	j	f680 <_vfiprintf_r+0x304>
   10144:	00000713          	li	a4,0
   10148:	00100513          	li	a0,1
   1014c:	000a8593          	mv	a1,s5
   10150:	f49ff06f          	j	10098 <_vfiprintf_r+0xd1c>
   10154:	006bd463          	bge	s7,t1,1015c <_vfiprintf_r+0xde0>
   10158:	00030b93          	mv	s7,t1
   1015c:	017989b3          	add	s3,s3,s7
   10160:	e44ff06f          	j	f7a4 <_vfiprintf_r+0x428>
   10164:	bc0782e3          	beqz	a5,fd28 <_vfiprintf_r+0x9ac>
   10168:	04010613          	add	a2,sp,64
   1016c:	000b0593          	mv	a1,s6
   10170:	000c0513          	mv	a0,s8
   10174:	00612a23          	sw	t1,20(sp)
   10178:	01112823          	sw	a7,16(sp)
   1017c:	01c12623          	sw	t3,12(sp)
   10180:	8f0ff0ef          	jal	f270 <__sprint_r.part.0>
   10184:	c2051663          	bnez	a0,f5b0 <_vfiprintf_r+0x234>
   10188:	04412583          	lw	a1,68(sp)
   1018c:	04812783          	lw	a5,72(sp)
   10190:	01412303          	lw	t1,20(sp)
   10194:	01012883          	lw	a7,16(sp)
   10198:	00c12e03          	lw	t3,12(sp)
   1019c:	000a8413          	mv	s0,s5
   101a0:	00158593          	add	a1,a1,1
   101a4:	d94ff06f          	j	f738 <_vfiprintf_r+0x3bc>
   101a8:	04012223          	sw	zero,68(sp)
   101ac:	000a8413          	mv	s0,s5
   101b0:	b28ff06f          	j	f4d8 <_vfiprintf_r+0x15c>
   101b4:	01077693          	and	a3,a4,16
   101b8:	000d2783          	lw	a5,0(s10)
   101bc:	004d0d13          	add	s10,s10,4
   101c0:	02069263          	bnez	a3,101e4 <_vfiprintf_r+0xe68>
   101c4:	04077693          	and	a3,a4,64
   101c8:	00068a63          	beqz	a3,101dc <_vfiprintf_r+0xe60>
   101cc:	01079793          	sll	a5,a5,0x10
   101d0:	0107d793          	srl	a5,a5,0x10
   101d4:	00000613          	li	a2,0
   101d8:	9a1ff06f          	j	fb78 <_vfiprintf_r+0x7fc>
   101dc:	20077693          	and	a3,a4,512
   101e0:	44069a63          	bnez	a3,10634 <_vfiprintf_r+0x12b8>
   101e4:	00000613          	li	a2,0
   101e8:	991ff06f          	j	fb78 <_vfiprintf_r+0x7fc>
   101ec:	010e7713          	and	a4,t3,16
   101f0:	000d2783          	lw	a5,0(s10)
   101f4:	004d0d13          	add	s10,s10,4
   101f8:	00071a63          	bnez	a4,1020c <_vfiprintf_r+0xe90>
   101fc:	040e7713          	and	a4,t3,64
   10200:	3e070863          	beqz	a4,105f0 <_vfiprintf_r+0x1274>
   10204:	01079793          	sll	a5,a5,0x10
   10208:	0107d793          	srl	a5,a5,0x10
   1020c:	00000293          	li	t0,0
   10210:	9e9ff06f          	j	fbf8 <_vfiprintf_r+0x87c>
   10214:	00100593          	li	a1,1
   10218:	00000713          	li	a4,0
   1021c:	000a8413          	mv	s0,s5
   10220:	d08ff06f          	j	f728 <_vfiprintf_r+0x3ac>
   10224:	26078863          	beqz	a5,10494 <_vfiprintf_r+0x1118>
   10228:	04010613          	add	a2,sp,64
   1022c:	000b0593          	mv	a1,s6
   10230:	000c0513          	mv	a0,s8
   10234:	02612423          	sw	t1,40(sp)
   10238:	03112223          	sw	a7,36(sp)
   1023c:	01c12a23          	sw	t3,20(sp)
   10240:	00512823          	sw	t0,16(sp)
   10244:	01f12623          	sw	t6,12(sp)
   10248:	828ff0ef          	jal	f270 <__sprint_r.part.0>
   1024c:	b6051263          	bnez	a0,f5b0 <_vfiprintf_r+0x234>
   10250:	04412703          	lw	a4,68(sp)
   10254:	04812783          	lw	a5,72(sp)
   10258:	02812303          	lw	t1,40(sp)
   1025c:	02412883          	lw	a7,36(sp)
   10260:	01412e03          	lw	t3,20(sp)
   10264:	01012283          	lw	t0,16(sp)
   10268:	00c12f83          	lw	t6,12(sp)
   1026c:	000a8413          	mv	s0,s5
   10270:	00170593          	add	a1,a4,1
   10274:	c0cff06f          	j	f680 <_vfiprintf_r+0x304>
   10278:	ccccdeb7          	lui	t4,0xccccd
   1027c:	ccde8313          	add	t1,t4,-819 # cccccccd <_stack_top+0xacbccccd>
   10280:	01812803          	lw	a6,24(sp)
   10284:	4008ff13          	and	t5,a7,1024
   10288:	00000613          	li	a2,0
   1028c:	0f010593          	add	a1,sp,240
   10290:	00500e13          	li	t3,5
   10294:	ccce8e93          	add	t4,t4,-820
   10298:	0ff00f93          	li	t6,255
   1029c:	0540006f          	j	102f0 <_vfiprintf_r+0xf74>
   102a0:	00f4b733          	sltu	a4,s1,a5
   102a4:	00e48733          	add	a4,s1,a4
   102a8:	03c77733          	remu	a4,a4,t3
   102ac:	40e78733          	sub	a4,a5,a4
   102b0:	00e7b5b3          	sltu	a1,a5,a4
   102b4:	40b285b3          	sub	a1,t0,a1
   102b8:	03d703b3          	mul	t2,a4,t4
   102bc:	026585b3          	mul	a1,a1,t1
   102c0:	02673533          	mulhu	a0,a4,t1
   102c4:	007585b3          	add	a1,a1,t2
   102c8:	02670733          	mul	a4,a4,t1
   102cc:	00a585b3          	add	a1,a1,a0
   102d0:	01f59513          	sll	a0,a1,0x1f
   102d4:	0015d593          	srl	a1,a1,0x1
   102d8:	00175713          	srl	a4,a4,0x1
   102dc:	00e56733          	or	a4,a0,a4
   102e0:	32028a63          	beqz	t0,10614 <_vfiprintf_r+0x1298>
   102e4:	00058293          	mv	t0,a1
   102e8:	00070793          	mv	a5,a4
   102ec:	00068593          	mv	a1,a3
   102f0:	005784b3          	add	s1,a5,t0
   102f4:	00f4b733          	sltu	a4,s1,a5
   102f8:	00e48733          	add	a4,s1,a4
   102fc:	03c77733          	remu	a4,a4,t3
   10300:	fff58693          	add	a3,a1,-1
   10304:	00160613          	add	a2,a2,1
   10308:	40e78733          	sub	a4,a5,a4
   1030c:	00e7b3b3          	sltu	t2,a5,a4
   10310:	407283b3          	sub	t2,t0,t2
   10314:	02673533          	mulhu	a0,a4,t1
   10318:	026383b3          	mul	t2,t2,t1
   1031c:	02670733          	mul	a4,a4,t1
   10320:	00a383b3          	add	t2,t2,a0
   10324:	01f39393          	sll	t2,t2,0x1f
   10328:	00175513          	srl	a0,a4,0x1
   1032c:	00a3e533          	or	a0,t2,a0
   10330:	00251713          	sll	a4,a0,0x2
   10334:	00a70733          	add	a4,a4,a0
   10338:	00171713          	sll	a4,a4,0x1
   1033c:	40e78733          	sub	a4,a5,a4
   10340:	03070713          	add	a4,a4,48
   10344:	fee58fa3          	sb	a4,-1(a1)
   10348:	f40f0ce3          	beqz	t5,102a0 <_vfiprintf_r+0xf24>
   1034c:	00084703          	lbu	a4,0(a6)
   10350:	f4c718e3          	bne	a4,a2,102a0 <_vfiprintf_r+0xf24>
   10354:	f5f606e3          	beq	a2,t6,102a0 <_vfiprintf_r+0xf24>
   10358:	16029063          	bnez	t0,104b8 <_vfiprintf_r+0x113c>
   1035c:	00900713          	li	a4,9
   10360:	14f76c63          	bltu	a4,a5,104b8 <_vfiprintf_r+0x113c>
   10364:	0f010793          	add	a5,sp,240
   10368:	40d78e33          	sub	t3,a5,a3
   1036c:	01012c23          	sw	a6,24(sp)
   10370:	00068493          	mv	s1,a3
   10374:	000e0313          	mv	t1,t3
   10378:	e5be5863          	bge	t3,s11,f9c8 <_vfiprintf_r+0x64c>
   1037c:	000d8313          	mv	t1,s11
   10380:	e48ff06f          	j	f9c8 <_vfiprintf_r+0x64c>
   10384:	00000313          	li	t1,0
   10388:	0f010493          	add	s1,sp,240
   1038c:	e3cff06f          	j	f9c8 <_vfiprintf_r+0x64c>
   10390:	00840413          	add	s0,s0,8
   10394:	00160593          	add	a1,a2,1
   10398:	00060713          	mv	a4,a2
   1039c:	b94ff06f          	j	f730 <_vfiprintf_r+0x3b4>
   103a0:	000d2783          	lw	a5,0(s10)
   103a4:	41f9d713          	sra	a4,s3,0x1f
   103a8:	004d0d13          	add	s10,s10,4
   103ac:	0137a023          	sw	s3,0(a5)
   103b0:	00e7a223          	sw	a4,4(a5)
   103b4:	8b4ff06f          	j	f468 <_vfiprintf_r+0xec>
   103b8:	00000713          	li	a4,0
   103bc:	00100593          	li	a1,1
   103c0:	000a8413          	mv	s0,s5
   103c4:	b64ff06f          	j	f728 <_vfiprintf_r+0x3ac>
   103c8:	000d8313          	mv	t1,s11
   103cc:	00058493          	mv	s1,a1
   103d0:	df8ff06f          	j	f9c8 <_vfiprintf_r+0x64c>
   103d4:	00088e13          	mv	t3,a7
   103d8:	805ff06f          	j	fbdc <_vfiprintf_r+0x860>
   103dc:	000147b7          	lui	a5,0x14
   103e0:	9dc78793          	add	a5,a5,-1572 # 139dc <__clz_tab+0x144>
   103e4:	00f12423          	sw	a5,8(sp)
   103e8:	0208f793          	and	a5,a7,32
   103ec:	04078e63          	beqz	a5,10448 <_vfiprintf_r+0x10cc>
   103f0:	007d0d13          	add	s10,s10,7
   103f4:	ff8d7d13          	and	s10,s10,-8
   103f8:	000d2783          	lw	a5,0(s10)
   103fc:	004d2603          	lw	a2,4(s10)
   10400:	008d0d13          	add	s10,s10,8
   10404:	0018f713          	and	a4,a7,1
   10408:	00070e63          	beqz	a4,10424 <_vfiprintf_r+0x10a8>
   1040c:	00c7e733          	or	a4,a5,a2
   10410:	00070a63          	beqz	a4,10424 <_vfiprintf_r+0x10a8>
   10414:	03000713          	li	a4,48
   10418:	02e10e23          	sb	a4,60(sp)
   1041c:	02d10ea3          	sb	a3,61(sp)
   10420:	0028e893          	or	a7,a7,2
   10424:	bff8f893          	and	a7,a7,-1025
   10428:	8a9ff06f          	j	fcd0 <_vfiprintf_r+0x954>
   1042c:	00088713          	mv	a4,a7
   10430:	f2cff06f          	j	fb5c <_vfiprintf_r+0x7e0>
   10434:	000147b7          	lui	a5,0x14
   10438:	9c878793          	add	a5,a5,-1592 # 139c8 <__clz_tab+0x130>
   1043c:	00f12423          	sw	a5,8(sp)
   10440:	0208f793          	and	a5,a7,32
   10444:	fa0796e3          	bnez	a5,103f0 <_vfiprintf_r+0x1074>
   10448:	0108f713          	and	a4,a7,16
   1044c:	000d2783          	lw	a5,0(s10)
   10450:	004d0d13          	add	s10,s10,4
   10454:	12071663          	bnez	a4,10580 <_vfiprintf_r+0x1204>
   10458:	0408f713          	and	a4,a7,64
   1045c:	10070e63          	beqz	a4,10578 <_vfiprintf_r+0x11fc>
   10460:	01079793          	sll	a5,a5,0x10
   10464:	0107d793          	srl	a5,a5,0x10
   10468:	00000613          	li	a2,0
   1046c:	f99ff06f          	j	10404 <_vfiprintf_r+0x1088>
   10470:	00048513          	mv	a0,s1
   10474:	bb4fc0ef          	jal	c828 <strlen>
   10478:	fff54313          	not	t1,a0
   1047c:	41f35313          	sra	t1,t1,0x1f
   10480:	00c12883          	lw	a7,12(sp)
   10484:	00050e13          	mv	t3,a0
   10488:	00657333          	and	t1,a0,t1
   1048c:	00000d93          	li	s11,0
   10490:	d38ff06f          	j	f9c8 <_vfiprintf_r+0x64c>
   10494:	03b14703          	lbu	a4,59(sp)
   10498:	18070863          	beqz	a4,10628 <_vfiprintf_r+0x12ac>
   1049c:	03b10793          	add	a5,sp,59
   104a0:	04f12623          	sw	a5,76(sp)
   104a4:	00100793          	li	a5,1
   104a8:	04f12823          	sw	a5,80(sp)
   104ac:	00100593          	li	a1,1
   104b0:	000a8413          	mv	s0,s5
   104b4:	9f8ff06f          	j	f6ac <_vfiprintf_r+0x330>
   104b8:	02f12223          	sw	a5,36(sp)
   104bc:	01c12783          	lw	a5,28(sp)
   104c0:	02012583          	lw	a1,32(sp)
   104c4:	02512423          	sw	t0,40(sp)
   104c8:	40f686b3          	sub	a3,a3,a5
   104cc:	00078613          	mv	a2,a5
   104d0:	00068513          	mv	a0,a3
   104d4:	01e12c23          	sw	t5,24(sp)
   104d8:	01112a23          	sw	a7,20(sp)
   104dc:	01012823          	sw	a6,16(sp)
   104e0:	00d12623          	sw	a3,12(sp)
   104e4:	bd0fc0ef          	jal	c8b4 <strncpy>
   104e8:	02412783          	lw	a5,36(sp)
   104ec:	00500613          	li	a2,5
   104f0:	01012803          	lw	a6,16(sp)
   104f4:	00f4b733          	sltu	a4,s1,a5
   104f8:	00e48733          	add	a4,s1,a4
   104fc:	02c77733          	remu	a4,a4,a2
   10500:	00184583          	lbu	a1,1(a6)
   10504:	02812283          	lw	t0,40(sp)
   10508:	ccccd3b7          	lui	t2,0xccccd
   1050c:	00b035b3          	snez	a1,a1
   10510:	00b80833          	add	a6,a6,a1
   10514:	ccd38513          	add	a0,t2,-819 # cccccccd <_stack_top+0xacbccccd>
   10518:	ccc38393          	add	t2,t2,-820
   1051c:	00c12683          	lw	a3,12(sp)
   10520:	01412883          	lw	a7,20(sp)
   10524:	01812f03          	lw	t5,24(sp)
   10528:	00000613          	li	a2,0
   1052c:	00500e13          	li	t3,5
   10530:	00050313          	mv	t1,a0
   10534:	0ff00f93          	li	t6,255
   10538:	40e78733          	sub	a4,a5,a4
   1053c:	00e7b5b3          	sltu	a1,a5,a4
   10540:	40b285b3          	sub	a1,t0,a1
   10544:	027703b3          	mul	t2,a4,t2
   10548:	02a585b3          	mul	a1,a1,a0
   1054c:	02a732b3          	mulhu	t0,a4,a0
   10550:	007585b3          	add	a1,a1,t2
   10554:	02a707b3          	mul	a5,a4,a0
   10558:	005585b3          	add	a1,a1,t0
   1055c:	01f59713          	sll	a4,a1,0x1f
   10560:	0015d593          	srl	a1,a1,0x1
   10564:	0017d793          	srl	a5,a5,0x1
   10568:	00f76733          	or	a4,a4,a5
   1056c:	ccccd7b7          	lui	a5,0xccccd
   10570:	ccc78e93          	add	t4,a5,-820 # cccccccc <_stack_top+0xacbccccc>
   10574:	d71ff06f          	j	102e4 <_vfiprintf_r+0xf68>
   10578:	2008f713          	and	a4,a7,512
   1057c:	0c071c63          	bnez	a4,10654 <_vfiprintf_r+0x12d8>
   10580:	00000613          	li	a2,0
   10584:	e81ff06f          	j	10404 <_vfiprintf_r+0x1088>
   10588:	00070893          	mv	a7,a4
   1058c:	00000713          	li	a4,0
   10590:	ea070263          	beqz	a4,fc34 <_vfiprintf_r+0x8b8>
   10594:	a6dff06f          	j	10000 <_vfiprintf_r+0xc84>
   10598:	00194783          	lbu	a5,1(s2)
   1059c:	2008e893          	or	a7,a7,512
   105a0:	00190913          	add	s2,s2,1
   105a4:	f5dfe06f          	j	f500 <_vfiprintf_r+0x184>
   105a8:	00194783          	lbu	a5,1(s2)
   105ac:	0208e893          	or	a7,a7,32
   105b0:	00190913          	add	s2,s2,1
   105b4:	f4dfe06f          	j	f500 <_vfiprintf_r+0x184>
   105b8:	000d2783          	lw	a5,0(s10)
   105bc:	004d0d13          	add	s10,s10,4
   105c0:	0137a023          	sw	s3,0(a5)
   105c4:	ea5fe06f          	j	f468 <_vfiprintf_r+0xec>
   105c8:	00600793          	li	a5,6
   105cc:	000d8e13          	mv	t3,s11
   105d0:	05b7e863          	bltu	a5,s11,10620 <_vfiprintf_r+0x12a4>
   105d4:	000144b7          	lui	s1,0x14
   105d8:	000e0313          	mv	t1,t3
   105dc:	9f048493          	add	s1,s1,-1552 # 139f0 <__clz_tab+0x158>
   105e0:	870ff06f          	j	f650 <_vfiprintf_r+0x2d4>
   105e4:	00000793          	li	a5,0
   105e8:	00000613          	li	a2,0
   105ec:	a15ff06f          	j	10000 <_vfiprintf_r+0xc84>
   105f0:	200e7713          	and	a4,t3,512
   105f4:	c0070ce3          	beqz	a4,1020c <_vfiprintf_r+0xe90>
   105f8:	0ff7f793          	zext.b	a5,a5
   105fc:	00000293          	li	t0,0
   10600:	df8ff06f          	j	fbf8 <_vfiprintf_r+0x87c>
   10604:	00100593          	li	a1,1
   10608:	00000713          	li	a4,0
   1060c:	000a8413          	mv	s0,s5
   10610:	920ff06f          	j	f730 <_vfiprintf_r+0x3b4>
   10614:	00900513          	li	a0,9
   10618:	ccf566e3          	bltu	a0,a5,102e4 <_vfiprintf_r+0xf68>
   1061c:	d49ff06f          	j	10364 <_vfiprintf_r+0xfe8>
   10620:	00600e13          	li	t3,6
   10624:	fb1ff06f          	j	105d4 <_vfiprintf_r+0x1258>
   10628:	00100593          	li	a1,1
   1062c:	000a8413          	mv	s0,s5
   10630:	888ff06f          	j	f6b8 <_vfiprintf_r+0x33c>
   10634:	0ff7f793          	zext.b	a5,a5
   10638:	00000613          	li	a2,0
   1063c:	d3cff06f          	j	fb78 <_vfiprintf_r+0x7fc>
   10640:	01879793          	sll	a5,a5,0x18
   10644:	4187d793          	sra	a5,a5,0x18
   10648:	41f7d293          	sra	t0,a5,0x1f
   1064c:	00028713          	mv	a4,t0
   10650:	9c8ff06f          	j	f818 <_vfiprintf_r+0x49c>
   10654:	0ff7f793          	zext.b	a5,a5
   10658:	00000613          	li	a2,0
   1065c:	da9ff06f          	j	10404 <_vfiprintf_r+0x1088>
   10660:	000d2783          	lw	a5,0(s10)
   10664:	004d0d13          	add	s10,s10,4
   10668:	01379023          	sh	s3,0(a5)
   1066c:	dfdfe06f          	j	f468 <_vfiprintf_r+0xec>
   10670:	03000793          	li	a5,48
   10674:	b3cff06f          	j	f9b0 <_vfiprintf_r+0x634>
   10678:	000d8313          	mv	t1,s11
   1067c:	000d8e13          	mv	t3,s11
   10680:	00000d93          	li	s11,0
   10684:	b44ff06f          	j	f9c8 <_vfiprintf_r+0x64c>
   10688:	00014eb7          	lui	t4,0x14
   1068c:	00060513          	mv	a0,a2
   10690:	408e8e93          	add	t4,t4,1032 # 14408 <blanks.1>
   10694:	a85ff06f          	j	10118 <_vfiprintf_r+0xd9c>
   10698:	00014eb7          	lui	t4,0x14
   1069c:	00168613          	add	a2,a3,1
   106a0:	408e8e93          	add	t4,t4,1032 # 14408 <blanks.1>
   106a4:	a64ff06f          	j	f908 <_vfiprintf_r+0x58c>
   106a8:	fff00d13          	li	s10,-1
   106ac:	f19fe06f          	j	f5c4 <_vfiprintf_r+0x248>
   106b0:	00014f37          	lui	t5,0x14
   106b4:	00058613          	mv	a2,a1
   106b8:	3f8f0f13          	add	t5,t5,1016 # 143f8 <zeroes.0>
   106bc:	f64ff06f          	j	fe20 <_vfiprintf_r+0xaa4>
   106c0:	000d2d83          	lw	s11,0(s10)
   106c4:	004d0d13          	add	s10,s10,4
   106c8:	000dd463          	bgez	s11,106d0 <_vfiprintf_r+0x1354>
   106cc:	fff00d93          	li	s11,-1
   106d0:	00194783          	lbu	a5,1(s2)
   106d4:	00070913          	mv	s2,a4
   106d8:	e29fe06f          	j	f500 <_vfiprintf_r+0x184>

000106dc <vfiprintf>:
   106dc:	00050793          	mv	a5,a0
   106e0:	19c1a503          	lw	a0,412(gp) # 2000099c <_impure_ptr>
   106e4:	00060693          	mv	a3,a2
   106e8:	00058613          	mv	a2,a1
   106ec:	00078593          	mv	a1,a5
   106f0:	c8dfe06f          	j	f37c <_vfiprintf_r>

000106f4 <__sbprintf>:
   106f4:	00c59783          	lh	a5,12(a1)
   106f8:	00e5d703          	lhu	a4,14(a1)
   106fc:	0645a303          	lw	t1,100(a1)
   10700:	ffd7f793          	and	a5,a5,-3
   10704:	01079793          	sll	a5,a5,0x10
   10708:	01c5a883          	lw	a7,28(a1)
   1070c:	0245a803          	lw	a6,36(a1)
   10710:	01071713          	sll	a4,a4,0x10
   10714:	0107d793          	srl	a5,a5,0x10
   10718:	b8010113          	add	sp,sp,-1152
   1071c:	00e7e7b3          	or	a5,a5,a4
   10720:	46812c23          	sw	s0,1144(sp)
   10724:	40000713          	li	a4,1024
   10728:	00f12a23          	sw	a5,20(sp)
   1072c:	00058413          	mv	s0,a1
   10730:	07010793          	add	a5,sp,112
   10734:	00810593          	add	a1,sp,8
   10738:	46912a23          	sw	s1,1140(sp)
   1073c:	47212823          	sw	s2,1136(sp)
   10740:	46112e23          	sw	ra,1148(sp)
   10744:	00050913          	mv	s2,a0
   10748:	06612623          	sw	t1,108(sp)
   1074c:	03112223          	sw	a7,36(sp)
   10750:	03012623          	sw	a6,44(sp)
   10754:	00f12423          	sw	a5,8(sp)
   10758:	00f12c23          	sw	a5,24(sp)
   1075c:	00e12823          	sw	a4,16(sp)
   10760:	00e12e23          	sw	a4,28(sp)
   10764:	02012023          	sw	zero,32(sp)
   10768:	c15fe0ef          	jal	f37c <_vfiprintf_r>
   1076c:	00050493          	mv	s1,a0
   10770:	02055c63          	bgez	a0,107a8 <__sbprintf+0xb4>
   10774:	01415783          	lhu	a5,20(sp)
   10778:	0407f793          	and	a5,a5,64
   1077c:	00078863          	beqz	a5,1078c <__sbprintf+0x98>
   10780:	00c45783          	lhu	a5,12(s0)
   10784:	0407e793          	or	a5,a5,64
   10788:	00f41623          	sh	a5,12(s0)
   1078c:	47c12083          	lw	ra,1148(sp)
   10790:	47812403          	lw	s0,1144(sp)
   10794:	47012903          	lw	s2,1136(sp)
   10798:	00048513          	mv	a0,s1
   1079c:	47412483          	lw	s1,1140(sp)
   107a0:	48010113          	add	sp,sp,1152
   107a4:	00008067          	ret
   107a8:	00810593          	add	a1,sp,8
   107ac:	00090513          	mv	a0,s2
   107b0:	fd8f60ef          	jal	6f88 <_fflush_r>
   107b4:	fc0500e3          	beqz	a0,10774 <__sbprintf+0x80>
   107b8:	fff00493          	li	s1,-1
   107bc:	fb9ff06f          	j	10774 <__sbprintf+0x80>

000107c0 <_wctomb_r>:
   107c0:	d081a783          	lw	a5,-760(gp) # 20000508 <__global_locale+0xe0>
   107c4:	00078067          	jr	a5

000107c8 <__ascii_wctomb>:
   107c8:	02058463          	beqz	a1,107f0 <__ascii_wctomb+0x28>
   107cc:	0ff00793          	li	a5,255
   107d0:	00c7e863          	bltu	a5,a2,107e0 <__ascii_wctomb+0x18>
   107d4:	00c58023          	sb	a2,0(a1)
   107d8:	00100513          	li	a0,1
   107dc:	00008067          	ret
   107e0:	08a00793          	li	a5,138
   107e4:	00f52023          	sw	a5,0(a0)
   107e8:	fff00513          	li	a0,-1
   107ec:	00008067          	ret
   107f0:	00000513          	li	a0,0
   107f4:	00008067          	ret

000107f8 <_write_r>:
   107f8:	ff010113          	add	sp,sp,-16
   107fc:	00058713          	mv	a4,a1
   10800:	00812423          	sw	s0,8(sp)
   10804:	00912223          	sw	s1,4(sp)
   10808:	00060593          	mv	a1,a2
   1080c:	00050413          	mv	s0,a0
   10810:	00068613          	mv	a2,a3
   10814:	00070513          	mv	a0,a4
   10818:	00112623          	sw	ra,12(sp)
   1081c:	1e01a223          	sw	zero,484(gp) # 200009e4 <errno>
   10820:	86def0ef          	jal	8c <_write>
   10824:	fff00793          	li	a5,-1
   10828:	00f50c63          	beq	a0,a5,10840 <_write_r+0x48>
   1082c:	00c12083          	lw	ra,12(sp)
   10830:	00812403          	lw	s0,8(sp)
   10834:	00412483          	lw	s1,4(sp)
   10838:	01010113          	add	sp,sp,16
   1083c:	00008067          	ret
   10840:	1e41a783          	lw	a5,484(gp) # 200009e4 <errno>
   10844:	fe0784e3          	beqz	a5,1082c <_write_r+0x34>
   10848:	00c12083          	lw	ra,12(sp)
   1084c:	00f42023          	sw	a5,0(s0)
   10850:	00812403          	lw	s0,8(sp)
   10854:	00412483          	lw	s1,4(sp)
   10858:	01010113          	add	sp,sp,16
   1085c:	00008067          	ret

00010860 <__assert_func>:
   10860:	19c1a703          	lw	a4,412(gp) # 2000099c <_impure_ptr>
   10864:	ff010113          	add	sp,sp,-16
   10868:	00068793          	mv	a5,a3
   1086c:	00060813          	mv	a6,a2
   10870:	00112623          	sw	ra,12(sp)
   10874:	00c72883          	lw	a7,12(a4)
   10878:	00050693          	mv	a3,a0
   1087c:	00058713          	mv	a4,a1
   10880:	00078613          	mv	a2,a5
   10884:	02080063          	beqz	a6,108a4 <__assert_func+0x44>
   10888:	000147b7          	lui	a5,0x14
   1088c:	41878793          	add	a5,a5,1048 # 14418 <blanks.1+0x10>
   10890:	000145b7          	lui	a1,0x14
   10894:	42858593          	add	a1,a1,1064 # 14428 <blanks.1+0x20>
   10898:	00088513          	mv	a0,a7
   1089c:	2cc000ef          	jal	10b68 <fiprintf>
   108a0:	221020ef          	jal	132c0 <abort>
   108a4:	00014837          	lui	a6,0x14
   108a8:	42480793          	add	a5,a6,1060 # 14424 <blanks.1+0x1c>
   108ac:	42480813          	add	a6,a6,1060
   108b0:	fe1ff06f          	j	10890 <__assert_func+0x30>

000108b4 <__assert>:
   108b4:	ff010113          	add	sp,sp,-16
   108b8:	00060693          	mv	a3,a2
   108bc:	00000613          	li	a2,0
   108c0:	00112623          	sw	ra,12(sp)
   108c4:	f9dff0ef          	jal	10860 <__assert_func>

000108c8 <_calloc_r>:
   108c8:	02c5b7b3          	mulhu	a5,a1,a2
   108cc:	ff010113          	add	sp,sp,-16
   108d0:	00112623          	sw	ra,12(sp)
   108d4:	00812423          	sw	s0,8(sp)
   108d8:	02c585b3          	mul	a1,a1,a2
   108dc:	0a079063          	bnez	a5,1097c <_calloc_r+0xb4>
   108e0:	88cfa0ef          	jal	a96c <_malloc_r>
   108e4:	00050413          	mv	s0,a0
   108e8:	0a050063          	beqz	a0,10988 <_calloc_r+0xc0>
   108ec:	ffc52603          	lw	a2,-4(a0)
   108f0:	02400713          	li	a4,36
   108f4:	ffc67613          	and	a2,a2,-4
   108f8:	ffc60613          	add	a2,a2,-4
   108fc:	04c76863          	bltu	a4,a2,1094c <_calloc_r+0x84>
   10900:	01300693          	li	a3,19
   10904:	00050793          	mv	a5,a0
   10908:	02c6f263          	bgeu	a3,a2,1092c <_calloc_r+0x64>
   1090c:	00052023          	sw	zero,0(a0)
   10910:	00052223          	sw	zero,4(a0)
   10914:	01b00793          	li	a5,27
   10918:	04c7f863          	bgeu	a5,a2,10968 <_calloc_r+0xa0>
   1091c:	00052423          	sw	zero,8(a0)
   10920:	00052623          	sw	zero,12(a0)
   10924:	01050793          	add	a5,a0,16
   10928:	06e60c63          	beq	a2,a4,109a0 <_calloc_r+0xd8>
   1092c:	0007a023          	sw	zero,0(a5)
   10930:	0007a223          	sw	zero,4(a5)
   10934:	0007a423          	sw	zero,8(a5)
   10938:	00c12083          	lw	ra,12(sp)
   1093c:	00040513          	mv	a0,s0
   10940:	00812403          	lw	s0,8(sp)
   10944:	01010113          	add	sp,sp,16
   10948:	00008067          	ret
   1094c:	00000593          	li	a1,0
   10950:	fdcef0ef          	jal	12c <memset>
   10954:	00c12083          	lw	ra,12(sp)
   10958:	00040513          	mv	a0,s0
   1095c:	00812403          	lw	s0,8(sp)
   10960:	01010113          	add	sp,sp,16
   10964:	00008067          	ret
   10968:	00850793          	add	a5,a0,8
   1096c:	0007a023          	sw	zero,0(a5)
   10970:	0007a223          	sw	zero,4(a5)
   10974:	0007a423          	sw	zero,8(a5)
   10978:	fc1ff06f          	j	10938 <_calloc_r+0x70>
   1097c:	090000ef          	jal	10a0c <__errno>
   10980:	00c00793          	li	a5,12
   10984:	00f52023          	sw	a5,0(a0)
   10988:	00000413          	li	s0,0
   1098c:	00c12083          	lw	ra,12(sp)
   10990:	00040513          	mv	a0,s0
   10994:	00812403          	lw	s0,8(sp)
   10998:	01010113          	add	sp,sp,16
   1099c:	00008067          	ret
   109a0:	00052823          	sw	zero,16(a0)
   109a4:	01850793          	add	a5,a0,24
   109a8:	00052a23          	sw	zero,20(a0)
   109ac:	f81ff06f          	j	1092c <_calloc_r+0x64>

000109b0 <_close_r>:
   109b0:	ff010113          	add	sp,sp,-16
   109b4:	00812423          	sw	s0,8(sp)
   109b8:	00912223          	sw	s1,4(sp)
   109bc:	00050413          	mv	s0,a0
   109c0:	00058513          	mv	a0,a1
   109c4:	00112623          	sw	ra,12(sp)
   109c8:	1e01a223          	sw	zero,484(gp) # 200009e4 <errno>
   109cc:	ef4ef0ef          	jal	c0 <_close>
   109d0:	fff00793          	li	a5,-1
   109d4:	00f50c63          	beq	a0,a5,109ec <_close_r+0x3c>
   109d8:	00c12083          	lw	ra,12(sp)
   109dc:	00812403          	lw	s0,8(sp)
   109e0:	00412483          	lw	s1,4(sp)
   109e4:	01010113          	add	sp,sp,16
   109e8:	00008067          	ret
   109ec:	1e41a783          	lw	a5,484(gp) # 200009e4 <errno>
   109f0:	fe0784e3          	beqz	a5,109d8 <_close_r+0x28>
   109f4:	00c12083          	lw	ra,12(sp)
   109f8:	00f42023          	sw	a5,0(s0)
   109fc:	00812403          	lw	s0,8(sp)
   10a00:	00412483          	lw	s1,4(sp)
   10a04:	01010113          	add	sp,sp,16
   10a08:	00008067          	ret

00010a0c <__errno>:
   10a0c:	19c1a503          	lw	a0,412(gp) # 2000099c <_impure_ptr>
   10a10:	00008067          	ret

00010a14 <_fclose_r>:
   10a14:	ff010113          	add	sp,sp,-16
   10a18:	00112623          	sw	ra,12(sp)
   10a1c:	00812423          	sw	s0,8(sp)
   10a20:	00912223          	sw	s1,4(sp)
   10a24:	01212023          	sw	s2,0(sp)
   10a28:	02058063          	beqz	a1,10a48 <_fclose_r+0x34>
   10a2c:	00058413          	mv	s0,a1
   10a30:	00050493          	mv	s1,a0
   10a34:	00050663          	beqz	a0,10a40 <_fclose_r+0x2c>
   10a38:	03852783          	lw	a5,56(a0)
   10a3c:	0a078c63          	beqz	a5,10af4 <_fclose_r+0xe0>
   10a40:	00c41783          	lh	a5,12(s0)
   10a44:	02079263          	bnez	a5,10a68 <_fclose_r+0x54>
   10a48:	00c12083          	lw	ra,12(sp)
   10a4c:	00812403          	lw	s0,8(sp)
   10a50:	00000913          	li	s2,0
   10a54:	00412483          	lw	s1,4(sp)
   10a58:	00090513          	mv	a0,s2
   10a5c:	00012903          	lw	s2,0(sp)
   10a60:	01010113          	add	sp,sp,16
   10a64:	00008067          	ret
   10a68:	00040593          	mv	a1,s0
   10a6c:	00048513          	mv	a0,s1
   10a70:	accf60ef          	jal	6d3c <__sflush_r>
   10a74:	02c42783          	lw	a5,44(s0)
   10a78:	00050913          	mv	s2,a0
   10a7c:	00078a63          	beqz	a5,10a90 <_fclose_r+0x7c>
   10a80:	01c42583          	lw	a1,28(s0)
   10a84:	00048513          	mv	a0,s1
   10a88:	000780e7          	jalr	a5
   10a8c:	06054c63          	bltz	a0,10b04 <_fclose_r+0xf0>
   10a90:	00c45783          	lhu	a5,12(s0)
   10a94:	0807f793          	and	a5,a5,128
   10a98:	06079e63          	bnez	a5,10b14 <_fclose_r+0x100>
   10a9c:	03042583          	lw	a1,48(s0)
   10aa0:	00058c63          	beqz	a1,10ab8 <_fclose_r+0xa4>
   10aa4:	04040793          	add	a5,s0,64
   10aa8:	00f58663          	beq	a1,a5,10ab4 <_fclose_r+0xa0>
   10aac:	00048513          	mv	a0,s1
   10ab0:	a79f60ef          	jal	7528 <_free_r>
   10ab4:	02042823          	sw	zero,48(s0)
   10ab8:	04442583          	lw	a1,68(s0)
   10abc:	00058863          	beqz	a1,10acc <_fclose_r+0xb8>
   10ac0:	00048513          	mv	a0,s1
   10ac4:	a65f60ef          	jal	7528 <_free_r>
   10ac8:	04042223          	sw	zero,68(s0)
   10acc:	8fdf60ef          	jal	73c8 <__sfp_lock_acquire>
   10ad0:	00041623          	sh	zero,12(s0)
   10ad4:	8f9f60ef          	jal	73cc <__sfp_lock_release>
   10ad8:	00c12083          	lw	ra,12(sp)
   10adc:	00812403          	lw	s0,8(sp)
   10ae0:	00412483          	lw	s1,4(sp)
   10ae4:	00090513          	mv	a0,s2
   10ae8:	00012903          	lw	s2,0(sp)
   10aec:	01010113          	add	sp,sp,16
   10af0:	00008067          	ret
   10af4:	8c5f60ef          	jal	73b8 <__sinit>
   10af8:	00c41783          	lh	a5,12(s0)
   10afc:	f40786e3          	beqz	a5,10a48 <_fclose_r+0x34>
   10b00:	f69ff06f          	j	10a68 <_fclose_r+0x54>
   10b04:	00c45783          	lhu	a5,12(s0)
   10b08:	fff00913          	li	s2,-1
   10b0c:	0807f793          	and	a5,a5,128
   10b10:	f80786e3          	beqz	a5,10a9c <_fclose_r+0x88>
   10b14:	01042583          	lw	a1,16(s0)
   10b18:	00048513          	mv	a0,s1
   10b1c:	a0df60ef          	jal	7528 <_free_r>
   10b20:	f7dff06f          	j	10a9c <_fclose_r+0x88>

00010b24 <fclose>:
   10b24:	00050593          	mv	a1,a0
   10b28:	19c1a503          	lw	a0,412(gp) # 2000099c <_impure_ptr>
   10b2c:	ee9ff06f          	j	10a14 <_fclose_r>

00010b30 <_fiprintf_r>:
   10b30:	fc010113          	add	sp,sp,-64
   10b34:	02c10313          	add	t1,sp,44
   10b38:	02d12623          	sw	a3,44(sp)
   10b3c:	00030693          	mv	a3,t1
   10b40:	00112e23          	sw	ra,28(sp)
   10b44:	02e12823          	sw	a4,48(sp)
   10b48:	02f12a23          	sw	a5,52(sp)
   10b4c:	03012c23          	sw	a6,56(sp)
   10b50:	03112e23          	sw	a7,60(sp)
   10b54:	00612623          	sw	t1,12(sp)
   10b58:	825fe0ef          	jal	f37c <_vfiprintf_r>
   10b5c:	01c12083          	lw	ra,28(sp)
   10b60:	04010113          	add	sp,sp,64
   10b64:	00008067          	ret

00010b68 <fiprintf>:
   10b68:	00050e13          	mv	t3,a0
   10b6c:	fc010113          	add	sp,sp,-64
   10b70:	19c1a503          	lw	a0,412(gp) # 2000099c <_impure_ptr>
   10b74:	02810313          	add	t1,sp,40
   10b78:	02c12423          	sw	a2,40(sp)
   10b7c:	02d12623          	sw	a3,44(sp)
   10b80:	00058613          	mv	a2,a1
   10b84:	00030693          	mv	a3,t1
   10b88:	000e0593          	mv	a1,t3
   10b8c:	00112e23          	sw	ra,28(sp)
   10b90:	02e12823          	sw	a4,48(sp)
   10b94:	02f12a23          	sw	a5,52(sp)
   10b98:	03012c23          	sw	a6,56(sp)
   10b9c:	03112e23          	sw	a7,60(sp)
   10ba0:	00612623          	sw	t1,12(sp)
   10ba4:	fd8fe0ef          	jal	f37c <_vfiprintf_r>
   10ba8:	01c12083          	lw	ra,28(sp)
   10bac:	04010113          	add	sp,sp,64
   10bb0:	00008067          	ret

00010bb4 <__fputwc>:
   10bb4:	fe010113          	add	sp,sp,-32
   10bb8:	00812c23          	sw	s0,24(sp)
   10bbc:	00912a23          	sw	s1,20(sp)
   10bc0:	01212823          	sw	s2,16(sp)
   10bc4:	00112e23          	sw	ra,28(sp)
   10bc8:	00050913          	mv	s2,a0
   10bcc:	00058493          	mv	s1,a1
   10bd0:	00060413          	mv	s0,a2
   10bd4:	aadf90ef          	jal	a680 <__locale_mb_cur_max>
   10bd8:	00100793          	li	a5,1
   10bdc:	00f51c63          	bne	a0,a5,10bf4 <__fputwc+0x40>
   10be0:	fff48793          	add	a5,s1,-1
   10be4:	0fe00713          	li	a4,254
   10be8:	00f76663          	bltu	a4,a5,10bf4 <__fputwc+0x40>
   10bec:	00910623          	sb	s1,12(sp)
   10bf0:	0240006f          	j	10c14 <__fputwc+0x60>
   10bf4:	05c40693          	add	a3,s0,92
   10bf8:	00048613          	mv	a2,s1
   10bfc:	00c10593          	add	a1,sp,12
   10c00:	00090513          	mv	a0,s2
   10c04:	5bc020ef          	jal	131c0 <_wcrtomb_r>
   10c08:	fff00793          	li	a5,-1
   10c0c:	08f50463          	beq	a0,a5,10c94 <__fputwc+0xe0>
   10c10:	02050c63          	beqz	a0,10c48 <__fputwc+0x94>
   10c14:	00842783          	lw	a5,8(s0)
   10c18:	00c14583          	lbu	a1,12(sp)
   10c1c:	fff78793          	add	a5,a5,-1
   10c20:	00f42423          	sw	a5,8(s0)
   10c24:	0007da63          	bgez	a5,10c38 <__fputwc+0x84>
   10c28:	01842703          	lw	a4,24(s0)
   10c2c:	02e7cc63          	blt	a5,a4,10c64 <__fputwc+0xb0>
   10c30:	00a00793          	li	a5,10
   10c34:	02f58863          	beq	a1,a5,10c64 <__fputwc+0xb0>
   10c38:	00042783          	lw	a5,0(s0)
   10c3c:	00178713          	add	a4,a5,1
   10c40:	00e42023          	sw	a4,0(s0)
   10c44:	00b78023          	sb	a1,0(a5)
   10c48:	01c12083          	lw	ra,28(sp)
   10c4c:	01812403          	lw	s0,24(sp)
   10c50:	01012903          	lw	s2,16(sp)
   10c54:	00048513          	mv	a0,s1
   10c58:	01412483          	lw	s1,20(sp)
   10c5c:	02010113          	add	sp,sp,32
   10c60:	00008067          	ret
   10c64:	00040613          	mv	a2,s0
   10c68:	00090513          	mv	a0,s2
   10c6c:	3cc020ef          	jal	13038 <__swbuf_r>
   10c70:	fff00793          	li	a5,-1
   10c74:	fcf51ae3          	bne	a0,a5,10c48 <__fputwc+0x94>
   10c78:	fff00513          	li	a0,-1
   10c7c:	01c12083          	lw	ra,28(sp)
   10c80:	01812403          	lw	s0,24(sp)
   10c84:	01412483          	lw	s1,20(sp)
   10c88:	01012903          	lw	s2,16(sp)
   10c8c:	02010113          	add	sp,sp,32
   10c90:	00008067          	ret
   10c94:	00c45783          	lhu	a5,12(s0)
   10c98:	fff00513          	li	a0,-1
   10c9c:	0407e793          	or	a5,a5,64
   10ca0:	00f41623          	sh	a5,12(s0)
   10ca4:	fd9ff06f          	j	10c7c <__fputwc+0xc8>

00010ca8 <_fputwc_r>:
   10ca8:	00c61783          	lh	a5,12(a2)
   10cac:	01279713          	sll	a4,a5,0x12
   10cb0:	02074063          	bltz	a4,10cd0 <_fputwc_r+0x28>
   10cb4:	06462703          	lw	a4,100(a2)
   10cb8:	000026b7          	lui	a3,0x2
   10cbc:	00d7e7b3          	or	a5,a5,a3
   10cc0:	000026b7          	lui	a3,0x2
   10cc4:	00d76733          	or	a4,a4,a3
   10cc8:	00f61623          	sh	a5,12(a2)
   10ccc:	06e62223          	sw	a4,100(a2)
   10cd0:	ee5ff06f          	j	10bb4 <__fputwc>

00010cd4 <fputwc>:
   10cd4:	fe010113          	add	sp,sp,-32
   10cd8:	00812c23          	sw	s0,24(sp)
   10cdc:	19c1a403          	lw	s0,412(gp) # 2000099c <_impure_ptr>
   10ce0:	00112e23          	sw	ra,28(sp)
   10ce4:	00058613          	mv	a2,a1
   10ce8:	00050593          	mv	a1,a0
   10cec:	00040663          	beqz	s0,10cf8 <fputwc+0x24>
   10cf0:	03842783          	lw	a5,56(s0)
   10cf4:	04078063          	beqz	a5,10d34 <fputwc+0x60>
   10cf8:	00c61783          	lh	a5,12(a2)
   10cfc:	01279713          	sll	a4,a5,0x12
   10d00:	02074063          	bltz	a4,10d20 <fputwc+0x4c>
   10d04:	06462703          	lw	a4,100(a2)
   10d08:	000026b7          	lui	a3,0x2
   10d0c:	00d7e7b3          	or	a5,a5,a3
   10d10:	000026b7          	lui	a3,0x2
   10d14:	00d76733          	or	a4,a4,a3
   10d18:	00f61623          	sh	a5,12(a2)
   10d1c:	06e62223          	sw	a4,100(a2)
   10d20:	00040513          	mv	a0,s0
   10d24:	01812403          	lw	s0,24(sp)
   10d28:	01c12083          	lw	ra,28(sp)
   10d2c:	02010113          	add	sp,sp,32
   10d30:	e85ff06f          	j	10bb4 <__fputwc>
   10d34:	00a12423          	sw	a0,8(sp)
   10d38:	00040513          	mv	a0,s0
   10d3c:	00c12623          	sw	a2,12(sp)
   10d40:	e78f60ef          	jal	73b8 <__sinit>
   10d44:	00c12603          	lw	a2,12(sp)
   10d48:	00812583          	lw	a1,8(sp)
   10d4c:	fadff06f          	j	10cf8 <fputwc+0x24>

00010d50 <_fstat_r>:
   10d50:	ff010113          	add	sp,sp,-16
   10d54:	00058713          	mv	a4,a1
   10d58:	00812423          	sw	s0,8(sp)
   10d5c:	00912223          	sw	s1,4(sp)
   10d60:	00050413          	mv	s0,a0
   10d64:	00060593          	mv	a1,a2
   10d68:	00070513          	mv	a0,a4
   10d6c:	00112623          	sw	ra,12(sp)
   10d70:	1e01a223          	sw	zero,484(gp) # 200009e4 <errno>
   10d74:	b54ef0ef          	jal	c8 <_fstat>
   10d78:	fff00793          	li	a5,-1
   10d7c:	00f50c63          	beq	a0,a5,10d94 <_fstat_r+0x44>
   10d80:	00c12083          	lw	ra,12(sp)
   10d84:	00812403          	lw	s0,8(sp)
   10d88:	00412483          	lw	s1,4(sp)
   10d8c:	01010113          	add	sp,sp,16
   10d90:	00008067          	ret
   10d94:	1e41a783          	lw	a5,484(gp) # 200009e4 <errno>
   10d98:	fe0784e3          	beqz	a5,10d80 <_fstat_r+0x30>
   10d9c:	00c12083          	lw	ra,12(sp)
   10da0:	00f42023          	sw	a5,0(s0)
   10da4:	00812403          	lw	s0,8(sp)
   10da8:	00412483          	lw	s1,4(sp)
   10dac:	01010113          	add	sp,sp,16
   10db0:	00008067          	ret

00010db4 <__sfvwrite_r>:
   10db4:	00862783          	lw	a5,8(a2)
   10db8:	30078a63          	beqz	a5,110cc <__sfvwrite_r+0x318>
   10dbc:	00c59683          	lh	a3,12(a1)
   10dc0:	fd010113          	add	sp,sp,-48
   10dc4:	02812423          	sw	s0,40(sp)
   10dc8:	01412c23          	sw	s4,24(sp)
   10dcc:	01612823          	sw	s6,16(sp)
   10dd0:	02112623          	sw	ra,44(sp)
   10dd4:	02912223          	sw	s1,36(sp)
   10dd8:	03212023          	sw	s2,32(sp)
   10ddc:	01312e23          	sw	s3,28(sp)
   10de0:	01512a23          	sw	s5,20(sp)
   10de4:	01712623          	sw	s7,12(sp)
   10de8:	01812423          	sw	s8,8(sp)
   10dec:	01912223          	sw	s9,4(sp)
   10df0:	0086f793          	and	a5,a3,8
   10df4:	00060b13          	mv	s6,a2
   10df8:	00050a13          	mv	s4,a0
   10dfc:	00058413          	mv	s0,a1
   10e00:	08078663          	beqz	a5,10e8c <__sfvwrite_r+0xd8>
   10e04:	0105a783          	lw	a5,16(a1)
   10e08:	08078263          	beqz	a5,10e8c <__sfvwrite_r+0xd8>
   10e0c:	0026f793          	and	a5,a3,2
   10e10:	000b2483          	lw	s1,0(s6)
   10e14:	08078c63          	beqz	a5,10eac <__sfvwrite_r+0xf8>
   10e18:	02442783          	lw	a5,36(s0)
   10e1c:	01c42583          	lw	a1,28(s0)
   10e20:	80000ab7          	lui	s5,0x80000
   10e24:	00000993          	li	s3,0
   10e28:	00000913          	li	s2,0
   10e2c:	c00aca93          	xor	s5,s5,-1024
   10e30:	00098613          	mv	a2,s3
   10e34:	000a0513          	mv	a0,s4
   10e38:	04090263          	beqz	s2,10e7c <__sfvwrite_r+0xc8>
   10e3c:	00090693          	mv	a3,s2
   10e40:	012af463          	bgeu	s5,s2,10e48 <__sfvwrite_r+0x94>
   10e44:	000a8693          	mv	a3,s5
   10e48:	000780e7          	jalr	a5
   10e4c:	26a05663          	blez	a0,110b8 <__sfvwrite_r+0x304>
   10e50:	008b2783          	lw	a5,8(s6)
   10e54:	00a989b3          	add	s3,s3,a0
   10e58:	40a90933          	sub	s2,s2,a0
   10e5c:	40a787b3          	sub	a5,a5,a0
   10e60:	00fb2423          	sw	a5,8(s6)
   10e64:	20078663          	beqz	a5,11070 <__sfvwrite_r+0x2bc>
   10e68:	02442783          	lw	a5,36(s0)
   10e6c:	01c42583          	lw	a1,28(s0)
   10e70:	00098613          	mv	a2,s3
   10e74:	000a0513          	mv	a0,s4
   10e78:	fc0912e3          	bnez	s2,10e3c <__sfvwrite_r+0x88>
   10e7c:	0004a983          	lw	s3,0(s1)
   10e80:	0044a903          	lw	s2,4(s1)
   10e84:	00848493          	add	s1,s1,8
   10e88:	fa9ff06f          	j	10e30 <__sfvwrite_r+0x7c>
   10e8c:	00040593          	mv	a1,s0
   10e90:	000a0513          	mv	a0,s4
   10e94:	d69f50ef          	jal	6bfc <__swsetup_r>
   10e98:	22051663          	bnez	a0,110c4 <__sfvwrite_r+0x310>
   10e9c:	00c41683          	lh	a3,12(s0)
   10ea0:	000b2483          	lw	s1,0(s6)
   10ea4:	0026f793          	and	a5,a3,2
   10ea8:	f60798e3          	bnez	a5,10e18 <__sfvwrite_r+0x64>
   10eac:	0016f793          	and	a5,a3,1
   10eb0:	12079c63          	bnez	a5,10fe8 <__sfvwrite_r+0x234>
   10eb4:	00042783          	lw	a5,0(s0)
   10eb8:	00842703          	lw	a4,8(s0)
   10ebc:	80000ab7          	lui	s5,0x80000
   10ec0:	00000b93          	li	s7,0
   10ec4:	00000993          	li	s3,0
   10ec8:	fffaca93          	not	s5,s5
   10ecc:	00078513          	mv	a0,a5
   10ed0:	00070c13          	mv	s8,a4
   10ed4:	10098263          	beqz	s3,10fd8 <__sfvwrite_r+0x224>
   10ed8:	2006f613          	and	a2,a3,512
   10edc:	24060c63          	beqz	a2,11134 <__sfvwrite_r+0x380>
   10ee0:	00070c93          	mv	s9,a4
   10ee4:	2ee9e463          	bltu	s3,a4,111cc <__sfvwrite_r+0x418>
   10ee8:	4806f713          	and	a4,a3,1152
   10eec:	08070a63          	beqz	a4,10f80 <__sfvwrite_r+0x1cc>
   10ef0:	01442603          	lw	a2,20(s0)
   10ef4:	01042583          	lw	a1,16(s0)
   10ef8:	00161713          	sll	a4,a2,0x1
   10efc:	00c70733          	add	a4,a4,a2
   10f00:	40b78933          	sub	s2,a5,a1
   10f04:	01f75c13          	srl	s8,a4,0x1f
   10f08:	00ec0c33          	add	s8,s8,a4
   10f0c:	00190793          	add	a5,s2,1
   10f10:	401c5c13          	sra	s8,s8,0x1
   10f14:	013787b3          	add	a5,a5,s3
   10f18:	000c0613          	mv	a2,s8
   10f1c:	00fc7663          	bgeu	s8,a5,10f28 <__sfvwrite_r+0x174>
   10f20:	00078c13          	mv	s8,a5
   10f24:	00078613          	mv	a2,a5
   10f28:	4006f693          	and	a3,a3,1024
   10f2c:	2c068c63          	beqz	a3,11204 <__sfvwrite_r+0x450>
   10f30:	00060593          	mv	a1,a2
   10f34:	000a0513          	mv	a0,s4
   10f38:	a35f90ef          	jal	a96c <_malloc_r>
   10f3c:	00050c93          	mv	s9,a0
   10f40:	30050063          	beqz	a0,11240 <__sfvwrite_r+0x48c>
   10f44:	01042583          	lw	a1,16(s0)
   10f48:	00090613          	mv	a2,s2
   10f4c:	3c8000ef          	jal	11314 <memcpy>
   10f50:	00c45783          	lhu	a5,12(s0)
   10f54:	b7f7f793          	and	a5,a5,-1153
   10f58:	0807e793          	or	a5,a5,128
   10f5c:	00f41623          	sh	a5,12(s0)
   10f60:	012c8533          	add	a0,s9,s2
   10f64:	412c07b3          	sub	a5,s8,s2
   10f68:	01942823          	sw	s9,16(s0)
   10f6c:	01842a23          	sw	s8,20(s0)
   10f70:	00a42023          	sw	a0,0(s0)
   10f74:	00098c13          	mv	s8,s3
   10f78:	00f42423          	sw	a5,8(s0)
   10f7c:	00098c93          	mv	s9,s3
   10f80:	000c8613          	mv	a2,s9
   10f84:	000b8593          	mv	a1,s7
   10f88:	530000ef          	jal	114b8 <memmove>
   10f8c:	00842703          	lw	a4,8(s0)
   10f90:	00042783          	lw	a5,0(s0)
   10f94:	00098913          	mv	s2,s3
   10f98:	41870733          	sub	a4,a4,s8
   10f9c:	019787b3          	add	a5,a5,s9
   10fa0:	00e42423          	sw	a4,8(s0)
   10fa4:	00f42023          	sw	a5,0(s0)
   10fa8:	00000993          	li	s3,0
   10fac:	008b2783          	lw	a5,8(s6)
   10fb0:	012b8bb3          	add	s7,s7,s2
   10fb4:	412787b3          	sub	a5,a5,s2
   10fb8:	00fb2423          	sw	a5,8(s6)
   10fbc:	0a078a63          	beqz	a5,11070 <__sfvwrite_r+0x2bc>
   10fc0:	00042783          	lw	a5,0(s0)
   10fc4:	00842703          	lw	a4,8(s0)
   10fc8:	00c41683          	lh	a3,12(s0)
   10fcc:	00078513          	mv	a0,a5
   10fd0:	00070c13          	mv	s8,a4
   10fd4:	f00992e3          	bnez	s3,10ed8 <__sfvwrite_r+0x124>
   10fd8:	0004ab83          	lw	s7,0(s1)
   10fdc:	0044a983          	lw	s3,4(s1)
   10fe0:	00848493          	add	s1,s1,8
   10fe4:	ee9ff06f          	j	10ecc <__sfvwrite_r+0x118>
   10fe8:	00000a93          	li	s5,0
   10fec:	00000513          	li	a0,0
   10ff0:	00000c13          	li	s8,0
   10ff4:	00000993          	li	s3,0
   10ff8:	0c098e63          	beqz	s3,110d4 <__sfvwrite_r+0x320>
   10ffc:	0e050663          	beqz	a0,110e8 <__sfvwrite_r+0x334>
   11000:	000a8793          	mv	a5,s5
   11004:	00098b93          	mv	s7,s3
   11008:	0137f463          	bgeu	a5,s3,11010 <__sfvwrite_r+0x25c>
   1100c:	00078b93          	mv	s7,a5
   11010:	00042503          	lw	a0,0(s0)
   11014:	01042783          	lw	a5,16(s0)
   11018:	00842903          	lw	s2,8(s0)
   1101c:	01442683          	lw	a3,20(s0)
   11020:	00a7f663          	bgeu	a5,a0,1102c <__sfvwrite_r+0x278>
   11024:	00d90933          	add	s2,s2,a3
   11028:	0f794063          	blt	s2,s7,11108 <__sfvwrite_r+0x354>
   1102c:	1adbc663          	blt	s7,a3,111d8 <__sfvwrite_r+0x424>
   11030:	02442783          	lw	a5,36(s0)
   11034:	01c42583          	lw	a1,28(s0)
   11038:	000c0613          	mv	a2,s8
   1103c:	000a0513          	mv	a0,s4
   11040:	000780e7          	jalr	a5
   11044:	00050913          	mv	s2,a0
   11048:	06a05863          	blez	a0,110b8 <__sfvwrite_r+0x304>
   1104c:	412a8ab3          	sub	s5,s5,s2
   11050:	00100513          	li	a0,1
   11054:	040a8a63          	beqz	s5,110a8 <__sfvwrite_r+0x2f4>
   11058:	008b2783          	lw	a5,8(s6)
   1105c:	012c0c33          	add	s8,s8,s2
   11060:	412989b3          	sub	s3,s3,s2
   11064:	412787b3          	sub	a5,a5,s2
   11068:	00fb2423          	sw	a5,8(s6)
   1106c:	f80796e3          	bnez	a5,10ff8 <__sfvwrite_r+0x244>
   11070:	00000513          	li	a0,0
   11074:	02c12083          	lw	ra,44(sp)
   11078:	02812403          	lw	s0,40(sp)
   1107c:	02412483          	lw	s1,36(sp)
   11080:	02012903          	lw	s2,32(sp)
   11084:	01c12983          	lw	s3,28(sp)
   11088:	01812a03          	lw	s4,24(sp)
   1108c:	01412a83          	lw	s5,20(sp)
   11090:	01012b03          	lw	s6,16(sp)
   11094:	00c12b83          	lw	s7,12(sp)
   11098:	00812c03          	lw	s8,8(sp)
   1109c:	00412c83          	lw	s9,4(sp)
   110a0:	03010113          	add	sp,sp,48
   110a4:	00008067          	ret
   110a8:	00040593          	mv	a1,s0
   110ac:	000a0513          	mv	a0,s4
   110b0:	ed9f50ef          	jal	6f88 <_fflush_r>
   110b4:	fa0502e3          	beqz	a0,11058 <__sfvwrite_r+0x2a4>
   110b8:	00c41783          	lh	a5,12(s0)
   110bc:	0407e793          	or	a5,a5,64
   110c0:	00f41623          	sh	a5,12(s0)
   110c4:	fff00513          	li	a0,-1
   110c8:	fadff06f          	j	11074 <__sfvwrite_r+0x2c0>
   110cc:	00000513          	li	a0,0
   110d0:	00008067          	ret
   110d4:	0044a983          	lw	s3,4(s1)
   110d8:	00048793          	mv	a5,s1
   110dc:	00848493          	add	s1,s1,8
   110e0:	fe098ae3          	beqz	s3,110d4 <__sfvwrite_r+0x320>
   110e4:	0007ac03          	lw	s8,0(a5)
   110e8:	00098613          	mv	a2,s3
   110ec:	00a00593          	li	a1,10
   110f0:	000c0513          	mv	a0,s8
   110f4:	85cfa0ef          	jal	b150 <memchr>
   110f8:	12050e63          	beqz	a0,11234 <__sfvwrite_r+0x480>
   110fc:	00150513          	add	a0,a0,1
   11100:	41850ab3          	sub	s5,a0,s8
   11104:	efdff06f          	j	11000 <__sfvwrite_r+0x24c>
   11108:	000c0593          	mv	a1,s8
   1110c:	00090613          	mv	a2,s2
   11110:	3a8000ef          	jal	114b8 <memmove>
   11114:	00042783          	lw	a5,0(s0)
   11118:	00040593          	mv	a1,s0
   1111c:	000a0513          	mv	a0,s4
   11120:	012787b3          	add	a5,a5,s2
   11124:	00f42023          	sw	a5,0(s0)
   11128:	e61f50ef          	jal	6f88 <_fflush_r>
   1112c:	f20500e3          	beqz	a0,1104c <__sfvwrite_r+0x298>
   11130:	f89ff06f          	j	110b8 <__sfvwrite_r+0x304>
   11134:	01042683          	lw	a3,16(s0)
   11138:	04f6e263          	bltu	a3,a5,1117c <__sfvwrite_r+0x3c8>
   1113c:	01442603          	lw	a2,20(s0)
   11140:	02c9ee63          	bltu	s3,a2,1117c <__sfvwrite_r+0x3c8>
   11144:	00098793          	mv	a5,s3
   11148:	013af463          	bgeu	s5,s3,11150 <__sfvwrite_r+0x39c>
   1114c:	000a8793          	mv	a5,s5
   11150:	02c7e6b3          	rem	a3,a5,a2
   11154:	02442703          	lw	a4,36(s0)
   11158:	01c42583          	lw	a1,28(s0)
   1115c:	000b8613          	mv	a2,s7
   11160:	000a0513          	mv	a0,s4
   11164:	40d786b3          	sub	a3,a5,a3
   11168:	000700e7          	jalr	a4
   1116c:	00050913          	mv	s2,a0
   11170:	f4a054e3          	blez	a0,110b8 <__sfvwrite_r+0x304>
   11174:	412989b3          	sub	s3,s3,s2
   11178:	e35ff06f          	j	10fac <__sfvwrite_r+0x1f8>
   1117c:	00070913          	mv	s2,a4
   11180:	00e9f463          	bgeu	s3,a4,11188 <__sfvwrite_r+0x3d4>
   11184:	00098913          	mv	s2,s3
   11188:	00078513          	mv	a0,a5
   1118c:	00090613          	mv	a2,s2
   11190:	000b8593          	mv	a1,s7
   11194:	324000ef          	jal	114b8 <memmove>
   11198:	00842703          	lw	a4,8(s0)
   1119c:	00042783          	lw	a5,0(s0)
   111a0:	41270733          	sub	a4,a4,s2
   111a4:	012787b3          	add	a5,a5,s2
   111a8:	00e42423          	sw	a4,8(s0)
   111ac:	00f42023          	sw	a5,0(s0)
   111b0:	fc0712e3          	bnez	a4,11174 <__sfvwrite_r+0x3c0>
   111b4:	00040593          	mv	a1,s0
   111b8:	000a0513          	mv	a0,s4
   111bc:	dcdf50ef          	jal	6f88 <_fflush_r>
   111c0:	ee051ce3          	bnez	a0,110b8 <__sfvwrite_r+0x304>
   111c4:	412989b3          	sub	s3,s3,s2
   111c8:	de5ff06f          	j	10fac <__sfvwrite_r+0x1f8>
   111cc:	00098c13          	mv	s8,s3
   111d0:	00098c93          	mv	s9,s3
   111d4:	dadff06f          	j	10f80 <__sfvwrite_r+0x1cc>
   111d8:	000b8613          	mv	a2,s7
   111dc:	000c0593          	mv	a1,s8
   111e0:	2d8000ef          	jal	114b8 <memmove>
   111e4:	00842703          	lw	a4,8(s0)
   111e8:	00042783          	lw	a5,0(s0)
   111ec:	000b8913          	mv	s2,s7
   111f0:	41770733          	sub	a4,a4,s7
   111f4:	017787b3          	add	a5,a5,s7
   111f8:	00e42423          	sw	a4,8(s0)
   111fc:	00f42023          	sw	a5,0(s0)
   11200:	e4dff06f          	j	1104c <__sfvwrite_r+0x298>
   11204:	000a0513          	mv	a0,s4
   11208:	434000ef          	jal	1163c <_realloc_r>
   1120c:	00050c93          	mv	s9,a0
   11210:	d40518e3          	bnez	a0,10f60 <__sfvwrite_r+0x1ac>
   11214:	01042583          	lw	a1,16(s0)
   11218:	000a0513          	mv	a0,s4
   1121c:	b0cf60ef          	jal	7528 <_free_r>
   11220:	00c41783          	lh	a5,12(s0)
   11224:	00c00713          	li	a4,12
   11228:	00ea2023          	sw	a4,0(s4)
   1122c:	f7f7f793          	and	a5,a5,-129
   11230:	e8dff06f          	j	110bc <__sfvwrite_r+0x308>
   11234:	00198793          	add	a5,s3,1
   11238:	00078a93          	mv	s5,a5
   1123c:	dc9ff06f          	j	11004 <__sfvwrite_r+0x250>
   11240:	00c00713          	li	a4,12
   11244:	00c41783          	lh	a5,12(s0)
   11248:	00ea2023          	sw	a4,0(s4)
   1124c:	e71ff06f          	j	110bc <__sfvwrite_r+0x308>

00011250 <_isatty_r>:
   11250:	ff010113          	add	sp,sp,-16
   11254:	00812423          	sw	s0,8(sp)
   11258:	00912223          	sw	s1,4(sp)
   1125c:	00050413          	mv	s0,a0
   11260:	00058513          	mv	a0,a1
   11264:	00112623          	sw	ra,12(sp)
   11268:	1e01a223          	sw	zero,484(gp) # 200009e4 <errno>
   1126c:	e6dee0ef          	jal	d8 <_isatty>
   11270:	fff00793          	li	a5,-1
   11274:	00f50c63          	beq	a0,a5,1128c <_isatty_r+0x3c>
   11278:	00c12083          	lw	ra,12(sp)
   1127c:	00812403          	lw	s0,8(sp)
   11280:	00412483          	lw	s1,4(sp)
   11284:	01010113          	add	sp,sp,16
   11288:	00008067          	ret
   1128c:	1e41a783          	lw	a5,484(gp) # 200009e4 <errno>
   11290:	fe0784e3          	beqz	a5,11278 <_isatty_r+0x28>
   11294:	00c12083          	lw	ra,12(sp)
   11298:	00f42023          	sw	a5,0(s0)
   1129c:	00812403          	lw	s0,8(sp)
   112a0:	00412483          	lw	s1,4(sp)
   112a4:	01010113          	add	sp,sp,16
   112a8:	00008067          	ret

000112ac <_lseek_r>:
   112ac:	ff010113          	add	sp,sp,-16
   112b0:	00058713          	mv	a4,a1
   112b4:	00812423          	sw	s0,8(sp)
   112b8:	00912223          	sw	s1,4(sp)
   112bc:	00060593          	mv	a1,a2
   112c0:	00050413          	mv	s0,a0
   112c4:	00068613          	mv	a2,a3
   112c8:	00070513          	mv	a0,a4
   112cc:	00112623          	sw	ra,12(sp)
   112d0:	1e01a223          	sw	zero,484(gp) # 200009e4 <errno>
   112d4:	e0dee0ef          	jal	e0 <_lseek>
   112d8:	fff00793          	li	a5,-1
   112dc:	00f50c63          	beq	a0,a5,112f4 <_lseek_r+0x48>
   112e0:	00c12083          	lw	ra,12(sp)
   112e4:	00812403          	lw	s0,8(sp)
   112e8:	00412483          	lw	s1,4(sp)
   112ec:	01010113          	add	sp,sp,16
   112f0:	00008067          	ret
   112f4:	1e41a783          	lw	a5,484(gp) # 200009e4 <errno>
   112f8:	fe0784e3          	beqz	a5,112e0 <_lseek_r+0x34>
   112fc:	00c12083          	lw	ra,12(sp)
   11300:	00f42023          	sw	a5,0(s0)
   11304:	00812403          	lw	s0,8(sp)
   11308:	00412483          	lw	s1,4(sp)
   1130c:	01010113          	add	sp,sp,16
   11310:	00008067          	ret

00011314 <memcpy>:
   11314:	00b547b3          	xor	a5,a0,a1
   11318:	0037f793          	and	a5,a5,3
   1131c:	00c508b3          	add	a7,a0,a2
   11320:	06079463          	bnez	a5,11388 <memcpy+0x74>
   11324:	00300793          	li	a5,3
   11328:	06c7f063          	bgeu	a5,a2,11388 <memcpy+0x74>
   1132c:	00357793          	and	a5,a0,3
   11330:	00050713          	mv	a4,a0
   11334:	06079a63          	bnez	a5,113a8 <memcpy+0x94>
   11338:	ffc8f613          	and	a2,a7,-4
   1133c:	40e606b3          	sub	a3,a2,a4
   11340:	02000793          	li	a5,32
   11344:	08d7ce63          	blt	a5,a3,113e0 <memcpy+0xcc>
   11348:	00058693          	mv	a3,a1
   1134c:	00070793          	mv	a5,a4
   11350:	02c77863          	bgeu	a4,a2,11380 <memcpy+0x6c>
   11354:	0006a803          	lw	a6,0(a3) # 2000 <__multf3+0xc1c>
   11358:	00478793          	add	a5,a5,4
   1135c:	00468693          	add	a3,a3,4
   11360:	ff07ae23          	sw	a6,-4(a5)
   11364:	fec7e8e3          	bltu	a5,a2,11354 <memcpy+0x40>
   11368:	fff60793          	add	a5,a2,-1
   1136c:	40e787b3          	sub	a5,a5,a4
   11370:	ffc7f793          	and	a5,a5,-4
   11374:	00478793          	add	a5,a5,4
   11378:	00f70733          	add	a4,a4,a5
   1137c:	00f585b3          	add	a1,a1,a5
   11380:	01176863          	bltu	a4,a7,11390 <memcpy+0x7c>
   11384:	00008067          	ret
   11388:	00050713          	mv	a4,a0
   1138c:	05157863          	bgeu	a0,a7,113dc <memcpy+0xc8>
   11390:	0005c783          	lbu	a5,0(a1)
   11394:	00170713          	add	a4,a4,1
   11398:	00158593          	add	a1,a1,1
   1139c:	fef70fa3          	sb	a5,-1(a4)
   113a0:	fee898e3          	bne	a7,a4,11390 <memcpy+0x7c>
   113a4:	00008067          	ret
   113a8:	0005c683          	lbu	a3,0(a1)
   113ac:	00170713          	add	a4,a4,1
   113b0:	00377793          	and	a5,a4,3
   113b4:	fed70fa3          	sb	a3,-1(a4)
   113b8:	00158593          	add	a1,a1,1
   113bc:	f6078ee3          	beqz	a5,11338 <memcpy+0x24>
   113c0:	0005c683          	lbu	a3,0(a1)
   113c4:	00170713          	add	a4,a4,1
   113c8:	00377793          	and	a5,a4,3
   113cc:	fed70fa3          	sb	a3,-1(a4)
   113d0:	00158593          	add	a1,a1,1
   113d4:	fc079ae3          	bnez	a5,113a8 <memcpy+0x94>
   113d8:	f61ff06f          	j	11338 <memcpy+0x24>
   113dc:	00008067          	ret
   113e0:	ff010113          	add	sp,sp,-16
   113e4:	00812623          	sw	s0,12(sp)
   113e8:	02000413          	li	s0,32
   113ec:	0005a383          	lw	t2,0(a1)
   113f0:	0045a283          	lw	t0,4(a1)
   113f4:	0085af83          	lw	t6,8(a1)
   113f8:	00c5af03          	lw	t5,12(a1)
   113fc:	0105ae83          	lw	t4,16(a1)
   11400:	0145ae03          	lw	t3,20(a1)
   11404:	0185a303          	lw	t1,24(a1)
   11408:	01c5a803          	lw	a6,28(a1)
   1140c:	0205a683          	lw	a3,32(a1)
   11410:	02470713          	add	a4,a4,36
   11414:	40e607b3          	sub	a5,a2,a4
   11418:	fc772e23          	sw	t2,-36(a4)
   1141c:	fe572023          	sw	t0,-32(a4)
   11420:	fff72223          	sw	t6,-28(a4)
   11424:	ffe72423          	sw	t5,-24(a4)
   11428:	ffd72623          	sw	t4,-20(a4)
   1142c:	ffc72823          	sw	t3,-16(a4)
   11430:	fe672a23          	sw	t1,-12(a4)
   11434:	ff072c23          	sw	a6,-8(a4)
   11438:	fed72e23          	sw	a3,-4(a4)
   1143c:	02458593          	add	a1,a1,36
   11440:	faf446e3          	blt	s0,a5,113ec <memcpy+0xd8>
   11444:	00058693          	mv	a3,a1
   11448:	00070793          	mv	a5,a4
   1144c:	02c77863          	bgeu	a4,a2,1147c <memcpy+0x168>
   11450:	0006a803          	lw	a6,0(a3)
   11454:	00478793          	add	a5,a5,4
   11458:	00468693          	add	a3,a3,4
   1145c:	ff07ae23          	sw	a6,-4(a5)
   11460:	fec7e8e3          	bltu	a5,a2,11450 <memcpy+0x13c>
   11464:	fff60793          	add	a5,a2,-1
   11468:	40e787b3          	sub	a5,a5,a4
   1146c:	ffc7f793          	and	a5,a5,-4
   11470:	00478793          	add	a5,a5,4
   11474:	00f70733          	add	a4,a4,a5
   11478:	00f585b3          	add	a1,a1,a5
   1147c:	01176863          	bltu	a4,a7,1148c <memcpy+0x178>
   11480:	00c12403          	lw	s0,12(sp)
   11484:	01010113          	add	sp,sp,16
   11488:	00008067          	ret
   1148c:	0005c783          	lbu	a5,0(a1)
   11490:	00170713          	add	a4,a4,1
   11494:	00158593          	add	a1,a1,1
   11498:	fef70fa3          	sb	a5,-1(a4)
   1149c:	fee882e3          	beq	a7,a4,11480 <memcpy+0x16c>
   114a0:	0005c783          	lbu	a5,0(a1)
   114a4:	00170713          	add	a4,a4,1
   114a8:	00158593          	add	a1,a1,1
   114ac:	fef70fa3          	sb	a5,-1(a4)
   114b0:	fce89ee3          	bne	a7,a4,1148c <memcpy+0x178>
   114b4:	fcdff06f          	j	11480 <memcpy+0x16c>

000114b8 <memmove>:
   114b8:	02a5f663          	bgeu	a1,a0,114e4 <memmove+0x2c>
   114bc:	00c58733          	add	a4,a1,a2
   114c0:	02e57263          	bgeu	a0,a4,114e4 <memmove+0x2c>
   114c4:	00c507b3          	add	a5,a0,a2
   114c8:	04060663          	beqz	a2,11514 <memmove+0x5c>
   114cc:	fff74683          	lbu	a3,-1(a4)
   114d0:	fff78793          	add	a5,a5,-1
   114d4:	fff70713          	add	a4,a4,-1
   114d8:	00d78023          	sb	a3,0(a5)
   114dc:	fef518e3          	bne	a0,a5,114cc <memmove+0x14>
   114e0:	00008067          	ret
   114e4:	00f00793          	li	a5,15
   114e8:	02c7e863          	bltu	a5,a2,11518 <memmove+0x60>
   114ec:	00050793          	mv	a5,a0
   114f0:	fff60693          	add	a3,a2,-1
   114f4:	0c060a63          	beqz	a2,115c8 <memmove+0x110>
   114f8:	00168693          	add	a3,a3,1
   114fc:	00d786b3          	add	a3,a5,a3
   11500:	0005c703          	lbu	a4,0(a1)
   11504:	00178793          	add	a5,a5,1
   11508:	00158593          	add	a1,a1,1
   1150c:	fee78fa3          	sb	a4,-1(a5)
   11510:	fed798e3          	bne	a5,a3,11500 <memmove+0x48>
   11514:	00008067          	ret
   11518:	00b567b3          	or	a5,a0,a1
   1151c:	0037f793          	and	a5,a5,3
   11520:	08079e63          	bnez	a5,115bc <memmove+0x104>
   11524:	ff060893          	add	a7,a2,-16
   11528:	ff08f893          	and	a7,a7,-16
   1152c:	01088893          	add	a7,a7,16
   11530:	011507b3          	add	a5,a0,a7
   11534:	00058693          	mv	a3,a1
   11538:	00050713          	mv	a4,a0
   1153c:	0006a803          	lw	a6,0(a3)
   11540:	01068693          	add	a3,a3,16
   11544:	01070713          	add	a4,a4,16
   11548:	ff072823          	sw	a6,-16(a4)
   1154c:	ff46a803          	lw	a6,-12(a3)
   11550:	ff072a23          	sw	a6,-12(a4)
   11554:	ff86a803          	lw	a6,-8(a3)
   11558:	ff072c23          	sw	a6,-8(a4)
   1155c:	ffc6a803          	lw	a6,-4(a3)
   11560:	ff072e23          	sw	a6,-4(a4)
   11564:	fcf71ce3          	bne	a4,a5,1153c <memmove+0x84>
   11568:	00c67713          	and	a4,a2,12
   1156c:	011585b3          	add	a1,a1,a7
   11570:	00f67813          	and	a6,a2,15
   11574:	04070c63          	beqz	a4,115cc <memmove+0x114>
   11578:	00058693          	mv	a3,a1
   1157c:	00078713          	mv	a4,a5
   11580:	01078eb3          	add	t4,a5,a6
   11584:	00300e13          	li	t3,3
   11588:	0006a303          	lw	t1,0(a3)
   1158c:	00470713          	add	a4,a4,4
   11590:	40ee88b3          	sub	a7,t4,a4
   11594:	fe672e23          	sw	t1,-4(a4)
   11598:	00468693          	add	a3,a3,4
   1159c:	ff1e66e3          	bltu	t3,a7,11588 <memmove+0xd0>
   115a0:	ffc80713          	add	a4,a6,-4
   115a4:	ffc77713          	and	a4,a4,-4
   115a8:	00470713          	add	a4,a4,4
   115ac:	00367613          	and	a2,a2,3
   115b0:	00e787b3          	add	a5,a5,a4
   115b4:	00e585b3          	add	a1,a1,a4
   115b8:	f39ff06f          	j	114f0 <memmove+0x38>
   115bc:	fff60693          	add	a3,a2,-1
   115c0:	00050793          	mv	a5,a0
   115c4:	f35ff06f          	j	114f8 <memmove+0x40>
   115c8:	00008067          	ret
   115cc:	00080613          	mv	a2,a6
   115d0:	f21ff06f          	j	114f0 <memmove+0x38>

000115d4 <_read_r>:
   115d4:	ff010113          	add	sp,sp,-16
   115d8:	00058713          	mv	a4,a1
   115dc:	00812423          	sw	s0,8(sp)
   115e0:	00912223          	sw	s1,4(sp)
   115e4:	00060593          	mv	a1,a2
   115e8:	00050413          	mv	s0,a0
   115ec:	00068613          	mv	a2,a3
   115f0:	00070513          	mv	a0,a4
   115f4:	00112623          	sw	ra,12(sp)
   115f8:	1e01a223          	sw	zero,484(gp) # 200009e4 <errno>
   115fc:	aedee0ef          	jal	e8 <_read>
   11600:	fff00793          	li	a5,-1
   11604:	00f50c63          	beq	a0,a5,1161c <_read_r+0x48>
   11608:	00c12083          	lw	ra,12(sp)
   1160c:	00812403          	lw	s0,8(sp)
   11610:	00412483          	lw	s1,4(sp)
   11614:	01010113          	add	sp,sp,16
   11618:	00008067          	ret
   1161c:	1e41a783          	lw	a5,484(gp) # 200009e4 <errno>
   11620:	fe0784e3          	beqz	a5,11608 <_read_r+0x34>
   11624:	00c12083          	lw	ra,12(sp)
   11628:	00f42023          	sw	a5,0(s0)
   1162c:	00812403          	lw	s0,8(sp)
   11630:	00412483          	lw	s1,4(sp)
   11634:	01010113          	add	sp,sp,16
   11638:	00008067          	ret

0001163c <_realloc_r>:
   1163c:	fd010113          	add	sp,sp,-48
   11640:	02912223          	sw	s1,36(sp)
   11644:	02112623          	sw	ra,44(sp)
   11648:	02812423          	sw	s0,40(sp)
   1164c:	03212023          	sw	s2,32(sp)
   11650:	01312e23          	sw	s3,28(sp)
   11654:	01412c23          	sw	s4,24(sp)
   11658:	01512a23          	sw	s5,20(sp)
   1165c:	01612823          	sw	s6,16(sp)
   11660:	01712623          	sw	s7,12(sp)
   11664:	01812423          	sw	s8,8(sp)
   11668:	00060493          	mv	s1,a2
   1166c:	1c058063          	beqz	a1,1182c <_realloc_r+0x1f0>
   11670:	00058413          	mv	s0,a1
   11674:	00050913          	mv	s2,a0
   11678:	b9df90ef          	jal	b214 <__malloc_lock>
   1167c:	ffc42703          	lw	a4,-4(s0)
   11680:	00b48793          	add	a5,s1,11
   11684:	01600693          	li	a3,22
   11688:	ff840a93          	add	s5,s0,-8
   1168c:	ffc77993          	and	s3,a4,-4
   11690:	0ef6f463          	bgeu	a3,a5,11778 <_realloc_r+0x13c>
   11694:	ff87fa13          	and	s4,a5,-8
   11698:	0e07c463          	bltz	a5,11780 <_realloc_r+0x144>
   1169c:	0e9a6263          	bltu	s4,s1,11780 <_realloc_r+0x144>
   116a0:	1149d263          	bge	s3,s4,117a4 <_realloc_r+0x168>
   116a4:	d9418c13          	add	s8,gp,-620 # 20000594 <__malloc_av_>
   116a8:	008c2603          	lw	a2,8(s8)
   116ac:	013a86b3          	add	a3,s5,s3
   116b0:	0046a783          	lw	a5,4(a3)
   116b4:	1cd60e63          	beq	a2,a3,11890 <_realloc_r+0x254>
   116b8:	ffe7f613          	and	a2,a5,-2
   116bc:	00c68633          	add	a2,a3,a2
   116c0:	00462603          	lw	a2,4(a2)
   116c4:	00167613          	and	a2,a2,1
   116c8:	14061463          	bnez	a2,11810 <_realloc_r+0x1d4>
   116cc:	ffc7f793          	and	a5,a5,-4
   116d0:	00f98633          	add	a2,s3,a5
   116d4:	0b465e63          	bge	a2,s4,11790 <_realloc_r+0x154>
   116d8:	00177713          	and	a4,a4,1
   116dc:	02071463          	bnez	a4,11704 <_realloc_r+0xc8>
   116e0:	ff842b83          	lw	s7,-8(s0)
   116e4:	417a8bb3          	sub	s7,s5,s7
   116e8:	004ba703          	lw	a4,4(s7)
   116ec:	ffc77713          	and	a4,a4,-4
   116f0:	00e787b3          	add	a5,a5,a4
   116f4:	01378b33          	add	s6,a5,s3
   116f8:	334b5463          	bge	s6,s4,11a20 <_realloc_r+0x3e4>
   116fc:	00e98b33          	add	s6,s3,a4
   11700:	294b5663          	bge	s6,s4,1198c <_realloc_r+0x350>
   11704:	00048593          	mv	a1,s1
   11708:	00090513          	mv	a0,s2
   1170c:	a60f90ef          	jal	a96c <_malloc_r>
   11710:	00050493          	mv	s1,a0
   11714:	40050263          	beqz	a0,11b18 <_realloc_r+0x4dc>
   11718:	ffc42783          	lw	a5,-4(s0)
   1171c:	ff850713          	add	a4,a0,-8
   11720:	ffe7f793          	and	a5,a5,-2
   11724:	00fa87b3          	add	a5,s5,a5
   11728:	24e78a63          	beq	a5,a4,1197c <_realloc_r+0x340>
   1172c:	ffc98613          	add	a2,s3,-4
   11730:	02400793          	li	a5,36
   11734:	2ec7e063          	bltu	a5,a2,11a14 <_realloc_r+0x3d8>
   11738:	01300713          	li	a4,19
   1173c:	20c76e63          	bltu	a4,a2,11958 <_realloc_r+0x31c>
   11740:	00050793          	mv	a5,a0
   11744:	00040713          	mv	a4,s0
   11748:	00072683          	lw	a3,0(a4)
   1174c:	00d7a023          	sw	a3,0(a5)
   11750:	00472683          	lw	a3,4(a4)
   11754:	00d7a223          	sw	a3,4(a5)
   11758:	00872703          	lw	a4,8(a4)
   1175c:	00e7a423          	sw	a4,8(a5)
   11760:	00090513          	mv	a0,s2
   11764:	00040593          	mv	a1,s0
   11768:	dc1f50ef          	jal	7528 <_free_r>
   1176c:	00090513          	mv	a0,s2
   11770:	aa9f90ef          	jal	b218 <__malloc_unlock>
   11774:	0680006f          	j	117dc <_realloc_r+0x1a0>
   11778:	01000a13          	li	s4,16
   1177c:	f29a72e3          	bgeu	s4,s1,116a0 <_realloc_r+0x64>
   11780:	00c00793          	li	a5,12
   11784:	00f92023          	sw	a5,0(s2)
   11788:	00000493          	li	s1,0
   1178c:	0500006f          	j	117dc <_realloc_r+0x1a0>
   11790:	00c6a783          	lw	a5,12(a3)
   11794:	0086a703          	lw	a4,8(a3)
   11798:	00060993          	mv	s3,a2
   1179c:	00f72623          	sw	a5,12(a4)
   117a0:	00e7a423          	sw	a4,8(a5)
   117a4:	004aa783          	lw	a5,4(s5) # 80000004 <_stack_top+0x5ff00004>
   117a8:	414986b3          	sub	a3,s3,s4
   117ac:	00f00613          	li	a2,15
   117b0:	0017f793          	and	a5,a5,1
   117b4:	013a8733          	add	a4,s5,s3
   117b8:	0ad66463          	bltu	a2,a3,11860 <_realloc_r+0x224>
   117bc:	0137e7b3          	or	a5,a5,s3
   117c0:	00faa223          	sw	a5,4(s5)
   117c4:	00472783          	lw	a5,4(a4)
   117c8:	0017e793          	or	a5,a5,1
   117cc:	00f72223          	sw	a5,4(a4)
   117d0:	00090513          	mv	a0,s2
   117d4:	a45f90ef          	jal	b218 <__malloc_unlock>
   117d8:	00040493          	mv	s1,s0
   117dc:	02c12083          	lw	ra,44(sp)
   117e0:	02812403          	lw	s0,40(sp)
   117e4:	02012903          	lw	s2,32(sp)
   117e8:	01c12983          	lw	s3,28(sp)
   117ec:	01812a03          	lw	s4,24(sp)
   117f0:	01412a83          	lw	s5,20(sp)
   117f4:	01012b03          	lw	s6,16(sp)
   117f8:	00c12b83          	lw	s7,12(sp)
   117fc:	00812c03          	lw	s8,8(sp)
   11800:	00048513          	mv	a0,s1
   11804:	02412483          	lw	s1,36(sp)
   11808:	03010113          	add	sp,sp,48
   1180c:	00008067          	ret
   11810:	00177713          	and	a4,a4,1
   11814:	ee0718e3          	bnez	a4,11704 <_realloc_r+0xc8>
   11818:	ff842b83          	lw	s7,-8(s0)
   1181c:	417a8bb3          	sub	s7,s5,s7
   11820:	004ba703          	lw	a4,4(s7)
   11824:	ffc77713          	and	a4,a4,-4
   11828:	ed5ff06f          	j	116fc <_realloc_r+0xc0>
   1182c:	02812403          	lw	s0,40(sp)
   11830:	02c12083          	lw	ra,44(sp)
   11834:	02412483          	lw	s1,36(sp)
   11838:	02012903          	lw	s2,32(sp)
   1183c:	01c12983          	lw	s3,28(sp)
   11840:	01812a03          	lw	s4,24(sp)
   11844:	01412a83          	lw	s5,20(sp)
   11848:	01012b03          	lw	s6,16(sp)
   1184c:	00c12b83          	lw	s7,12(sp)
   11850:	00812c03          	lw	s8,8(sp)
   11854:	00060593          	mv	a1,a2
   11858:	03010113          	add	sp,sp,48
   1185c:	910f906f          	j	a96c <_malloc_r>
   11860:	0147e7b3          	or	a5,a5,s4
   11864:	00faa223          	sw	a5,4(s5)
   11868:	014a85b3          	add	a1,s5,s4
   1186c:	0016e693          	or	a3,a3,1
   11870:	00d5a223          	sw	a3,4(a1)
   11874:	00472783          	lw	a5,4(a4)
   11878:	00858593          	add	a1,a1,8
   1187c:	00090513          	mv	a0,s2
   11880:	0017e793          	or	a5,a5,1
   11884:	00f72223          	sw	a5,4(a4)
   11888:	ca1f50ef          	jal	7528 <_free_r>
   1188c:	f45ff06f          	j	117d0 <_realloc_r+0x194>
   11890:	ffc7f793          	and	a5,a5,-4
   11894:	013786b3          	add	a3,a5,s3
   11898:	010a0613          	add	a2,s4,16
   1189c:	22c6de63          	bge	a3,a2,11ad8 <_realloc_r+0x49c>
   118a0:	00177713          	and	a4,a4,1
   118a4:	e60710e3          	bnez	a4,11704 <_realloc_r+0xc8>
   118a8:	ff842b83          	lw	s7,-8(s0)
   118ac:	417a8bb3          	sub	s7,s5,s7
   118b0:	004ba703          	lw	a4,4(s7)
   118b4:	ffc77713          	and	a4,a4,-4
   118b8:	00e787b3          	add	a5,a5,a4
   118bc:	01378b33          	add	s6,a5,s3
   118c0:	e2cb4ee3          	blt	s6,a2,116fc <_realloc_r+0xc0>
   118c4:	00cba783          	lw	a5,12(s7)
   118c8:	008ba703          	lw	a4,8(s7)
   118cc:	ffc98613          	add	a2,s3,-4
   118d0:	02400693          	li	a3,36
   118d4:	00f72623          	sw	a5,12(a4)
   118d8:	00e7a423          	sw	a4,8(a5)
   118dc:	008b8493          	add	s1,s7,8
   118e0:	26c6e263          	bltu	a3,a2,11b44 <_realloc_r+0x508>
   118e4:	01300713          	li	a4,19
   118e8:	00048793          	mv	a5,s1
   118ec:	02c77263          	bgeu	a4,a2,11910 <_realloc_r+0x2d4>
   118f0:	00042703          	lw	a4,0(s0)
   118f4:	01b00793          	li	a5,27
   118f8:	00eba423          	sw	a4,8(s7)
   118fc:	00442703          	lw	a4,4(s0)
   11900:	00eba623          	sw	a4,12(s7)
   11904:	24c7e863          	bltu	a5,a2,11b54 <_realloc_r+0x518>
   11908:	00840413          	add	s0,s0,8
   1190c:	010b8793          	add	a5,s7,16
   11910:	00042703          	lw	a4,0(s0)
   11914:	00e7a023          	sw	a4,0(a5)
   11918:	00442703          	lw	a4,4(s0)
   1191c:	00e7a223          	sw	a4,4(a5)
   11920:	00842703          	lw	a4,8(s0)
   11924:	00e7a423          	sw	a4,8(a5)
   11928:	014b8733          	add	a4,s7,s4
   1192c:	414b0b33          	sub	s6,s6,s4
   11930:	00ec2423          	sw	a4,8(s8)
   11934:	001b6793          	or	a5,s6,1
   11938:	00f72223          	sw	a5,4(a4)
   1193c:	004ba783          	lw	a5,4(s7)
   11940:	00090513          	mv	a0,s2
   11944:	0017f793          	and	a5,a5,1
   11948:	0147e7b3          	or	a5,a5,s4
   1194c:	00fba223          	sw	a5,4(s7)
   11950:	8c9f90ef          	jal	b218 <__malloc_unlock>
   11954:	e89ff06f          	j	117dc <_realloc_r+0x1a0>
   11958:	00042683          	lw	a3,0(s0)
   1195c:	01b00713          	li	a4,27
   11960:	00d52023          	sw	a3,0(a0)
   11964:	00442683          	lw	a3,4(s0)
   11968:	00d52223          	sw	a3,4(a0)
   1196c:	14c76663          	bltu	a4,a2,11ab8 <_realloc_r+0x47c>
   11970:	00840713          	add	a4,s0,8
   11974:	00850793          	add	a5,a0,8
   11978:	dd1ff06f          	j	11748 <_realloc_r+0x10c>
   1197c:	ffc52783          	lw	a5,-4(a0)
   11980:	ffc7f793          	and	a5,a5,-4
   11984:	00f989b3          	add	s3,s3,a5
   11988:	e1dff06f          	j	117a4 <_realloc_r+0x168>
   1198c:	00cba783          	lw	a5,12(s7)
   11990:	008ba703          	lw	a4,8(s7)
   11994:	ffc98613          	add	a2,s3,-4
   11998:	02400693          	li	a3,36
   1199c:	00f72623          	sw	a5,12(a4)
   119a0:	00e7a423          	sw	a4,8(a5)
   119a4:	008b8493          	add	s1,s7,8
   119a8:	10c6e063          	bltu	a3,a2,11aa8 <_realloc_r+0x46c>
   119ac:	01300713          	li	a4,19
   119b0:	00048793          	mv	a5,s1
   119b4:	02c77c63          	bgeu	a4,a2,119ec <_realloc_r+0x3b0>
   119b8:	00042703          	lw	a4,0(s0)
   119bc:	01b00793          	li	a5,27
   119c0:	00eba423          	sw	a4,8(s7)
   119c4:	00442703          	lw	a4,4(s0)
   119c8:	00eba623          	sw	a4,12(s7)
   119cc:	14c7f063          	bgeu	a5,a2,11b0c <_realloc_r+0x4d0>
   119d0:	00842783          	lw	a5,8(s0)
   119d4:	00fba823          	sw	a5,16(s7)
   119d8:	00c42783          	lw	a5,12(s0)
   119dc:	00fbaa23          	sw	a5,20(s7)
   119e0:	0ad60663          	beq	a2,a3,11a8c <_realloc_r+0x450>
   119e4:	01040413          	add	s0,s0,16
   119e8:	018b8793          	add	a5,s7,24
   119ec:	00042703          	lw	a4,0(s0)
   119f0:	00e7a023          	sw	a4,0(a5)
   119f4:	00442703          	lw	a4,4(s0)
   119f8:	00e7a223          	sw	a4,4(a5)
   119fc:	00842703          	lw	a4,8(s0)
   11a00:	00e7a423          	sw	a4,8(a5)
   11a04:	00048413          	mv	s0,s1
   11a08:	000b0993          	mv	s3,s6
   11a0c:	000b8a93          	mv	s5,s7
   11a10:	d95ff06f          	j	117a4 <_realloc_r+0x168>
   11a14:	00040593          	mv	a1,s0
   11a18:	aa1ff0ef          	jal	114b8 <memmove>
   11a1c:	d45ff06f          	j	11760 <_realloc_r+0x124>
   11a20:	00c6a783          	lw	a5,12(a3)
   11a24:	0086a703          	lw	a4,8(a3)
   11a28:	ffc98613          	add	a2,s3,-4
   11a2c:	02400693          	li	a3,36
   11a30:	00f72623          	sw	a5,12(a4)
   11a34:	00e7a423          	sw	a4,8(a5)
   11a38:	008ba703          	lw	a4,8(s7)
   11a3c:	00cba783          	lw	a5,12(s7)
   11a40:	008b8493          	add	s1,s7,8
   11a44:	00f72623          	sw	a5,12(a4)
   11a48:	00e7a423          	sw	a4,8(a5)
   11a4c:	04c6ee63          	bltu	a3,a2,11aa8 <_realloc_r+0x46c>
   11a50:	01300713          	li	a4,19
   11a54:	00048793          	mv	a5,s1
   11a58:	f8c77ae3          	bgeu	a4,a2,119ec <_realloc_r+0x3b0>
   11a5c:	00042703          	lw	a4,0(s0)
   11a60:	01b00793          	li	a5,27
   11a64:	00eba423          	sw	a4,8(s7)
   11a68:	00442703          	lw	a4,4(s0)
   11a6c:	00eba623          	sw	a4,12(s7)
   11a70:	08c7fe63          	bgeu	a5,a2,11b0c <_realloc_r+0x4d0>
   11a74:	00842703          	lw	a4,8(s0)
   11a78:	02400793          	li	a5,36
   11a7c:	00eba823          	sw	a4,16(s7)
   11a80:	00c42703          	lw	a4,12(s0)
   11a84:	00ebaa23          	sw	a4,20(s7)
   11a88:	f4f61ee3          	bne	a2,a5,119e4 <_realloc_r+0x3a8>
   11a8c:	01042703          	lw	a4,16(s0)
   11a90:	020b8793          	add	a5,s7,32
   11a94:	01840413          	add	s0,s0,24
   11a98:	00ebac23          	sw	a4,24(s7)
   11a9c:	ffc42703          	lw	a4,-4(s0)
   11aa0:	00ebae23          	sw	a4,28(s7)
   11aa4:	f49ff06f          	j	119ec <_realloc_r+0x3b0>
   11aa8:	00040593          	mv	a1,s0
   11aac:	00048513          	mv	a0,s1
   11ab0:	a09ff0ef          	jal	114b8 <memmove>
   11ab4:	f51ff06f          	j	11a04 <_realloc_r+0x3c8>
   11ab8:	00842703          	lw	a4,8(s0)
   11abc:	00e52423          	sw	a4,8(a0)
   11ac0:	00c42703          	lw	a4,12(s0)
   11ac4:	00e52623          	sw	a4,12(a0)
   11ac8:	06f60063          	beq	a2,a5,11b28 <_realloc_r+0x4ec>
   11acc:	01040713          	add	a4,s0,16
   11ad0:	01050793          	add	a5,a0,16
   11ad4:	c75ff06f          	j	11748 <_realloc_r+0x10c>
   11ad8:	014a8ab3          	add	s5,s5,s4
   11adc:	414686b3          	sub	a3,a3,s4
   11ae0:	015c2423          	sw	s5,8(s8)
   11ae4:	0016e793          	or	a5,a3,1
   11ae8:	00faa223          	sw	a5,4(s5)
   11aec:	ffc42783          	lw	a5,-4(s0)
   11af0:	00090513          	mv	a0,s2
   11af4:	00040493          	mv	s1,s0
   11af8:	0017f793          	and	a5,a5,1
   11afc:	0147e7b3          	or	a5,a5,s4
   11b00:	fef42e23          	sw	a5,-4(s0)
   11b04:	f14f90ef          	jal	b218 <__malloc_unlock>
   11b08:	cd5ff06f          	j	117dc <_realloc_r+0x1a0>
   11b0c:	00840413          	add	s0,s0,8
   11b10:	010b8793          	add	a5,s7,16
   11b14:	ed9ff06f          	j	119ec <_realloc_r+0x3b0>
   11b18:	00090513          	mv	a0,s2
   11b1c:	efcf90ef          	jal	b218 <__malloc_unlock>
   11b20:	00000493          	li	s1,0
   11b24:	cb9ff06f          	j	117dc <_realloc_r+0x1a0>
   11b28:	01042683          	lw	a3,16(s0)
   11b2c:	01840713          	add	a4,s0,24
   11b30:	01850793          	add	a5,a0,24
   11b34:	00d52823          	sw	a3,16(a0)
   11b38:	01442683          	lw	a3,20(s0)
   11b3c:	00d52a23          	sw	a3,20(a0)
   11b40:	c09ff06f          	j	11748 <_realloc_r+0x10c>
   11b44:	00040593          	mv	a1,s0
   11b48:	00048513          	mv	a0,s1
   11b4c:	96dff0ef          	jal	114b8 <memmove>
   11b50:	dd9ff06f          	j	11928 <_realloc_r+0x2ec>
   11b54:	00842783          	lw	a5,8(s0)
   11b58:	00fba823          	sw	a5,16(s7)
   11b5c:	00c42783          	lw	a5,12(s0)
   11b60:	00fbaa23          	sw	a5,20(s7)
   11b64:	00d60863          	beq	a2,a3,11b74 <_realloc_r+0x538>
   11b68:	01040413          	add	s0,s0,16
   11b6c:	018b8793          	add	a5,s7,24
   11b70:	da1ff06f          	j	11910 <_realloc_r+0x2d4>
   11b74:	01042703          	lw	a4,16(s0)
   11b78:	020b8793          	add	a5,s7,32
   11b7c:	01840413          	add	s0,s0,24
   11b80:	00ebac23          	sw	a4,24(s7)
   11b84:	ffc42703          	lw	a4,-4(s0)
   11b88:	00ebae23          	sw	a4,28(s7)
   11b8c:	d85ff06f          	j	11910 <_realloc_r+0x2d4>

00011b90 <cleanup_glue>:
   11b90:	fe010113          	add	sp,sp,-32
   11b94:	01212823          	sw	s2,16(sp)
   11b98:	0005a903          	lw	s2,0(a1)
   11b9c:	00812c23          	sw	s0,24(sp)
   11ba0:	00912a23          	sw	s1,20(sp)
   11ba4:	00112e23          	sw	ra,28(sp)
   11ba8:	01312623          	sw	s3,12(sp)
   11bac:	01412423          	sw	s4,8(sp)
   11bb0:	00058413          	mv	s0,a1
   11bb4:	00050493          	mv	s1,a0
   11bb8:	04090263          	beqz	s2,11bfc <cleanup_glue+0x6c>
   11bbc:	00092983          	lw	s3,0(s2)
   11bc0:	02098863          	beqz	s3,11bf0 <cleanup_glue+0x60>
   11bc4:	0009aa03          	lw	s4,0(s3)
   11bc8:	000a0e63          	beqz	s4,11be4 <cleanup_glue+0x54>
   11bcc:	000a2583          	lw	a1,0(s4)
   11bd0:	00058463          	beqz	a1,11bd8 <cleanup_glue+0x48>
   11bd4:	fbdff0ef          	jal	11b90 <cleanup_glue>
   11bd8:	000a0593          	mv	a1,s4
   11bdc:	00048513          	mv	a0,s1
   11be0:	949f50ef          	jal	7528 <_free_r>
   11be4:	00098593          	mv	a1,s3
   11be8:	00048513          	mv	a0,s1
   11bec:	93df50ef          	jal	7528 <_free_r>
   11bf0:	00090593          	mv	a1,s2
   11bf4:	00048513          	mv	a0,s1
   11bf8:	931f50ef          	jal	7528 <_free_r>
   11bfc:	00040593          	mv	a1,s0
   11c00:	01812403          	lw	s0,24(sp)
   11c04:	01c12083          	lw	ra,28(sp)
   11c08:	01012903          	lw	s2,16(sp)
   11c0c:	00c12983          	lw	s3,12(sp)
   11c10:	00812a03          	lw	s4,8(sp)
   11c14:	00048513          	mv	a0,s1
   11c18:	01412483          	lw	s1,20(sp)
   11c1c:	02010113          	add	sp,sp,32
   11c20:	909f506f          	j	7528 <_free_r>

00011c24 <_reclaim_reent>:
   11c24:	19c1a783          	lw	a5,412(gp) # 2000099c <_impure_ptr>
   11c28:	10a78a63          	beq	a5,a0,11d3c <_reclaim_reent+0x118>
   11c2c:	04c52583          	lw	a1,76(a0)
   11c30:	fe010113          	add	sp,sp,-32
   11c34:	00912a23          	sw	s1,20(sp)
   11c38:	00112e23          	sw	ra,28(sp)
   11c3c:	00812c23          	sw	s0,24(sp)
   11c40:	01212823          	sw	s2,16(sp)
   11c44:	01312623          	sw	s3,12(sp)
   11c48:	00050493          	mv	s1,a0
   11c4c:	04058063          	beqz	a1,11c8c <_reclaim_reent+0x68>
   11c50:	00000913          	li	s2,0
   11c54:	08000993          	li	s3,128
   11c58:	012587b3          	add	a5,a1,s2
   11c5c:	0007a403          	lw	s0,0(a5)
   11c60:	00040e63          	beqz	s0,11c7c <_reclaim_reent+0x58>
   11c64:	00040593          	mv	a1,s0
   11c68:	00042403          	lw	s0,0(s0)
   11c6c:	00048513          	mv	a0,s1
   11c70:	8b9f50ef          	jal	7528 <_free_r>
   11c74:	fe0418e3          	bnez	s0,11c64 <_reclaim_reent+0x40>
   11c78:	04c4a583          	lw	a1,76(s1)
   11c7c:	00490913          	add	s2,s2,4
   11c80:	fd391ce3          	bne	s2,s3,11c58 <_reclaim_reent+0x34>
   11c84:	00048513          	mv	a0,s1
   11c88:	8a1f50ef          	jal	7528 <_free_r>
   11c8c:	0404a583          	lw	a1,64(s1)
   11c90:	00058663          	beqz	a1,11c9c <_reclaim_reent+0x78>
   11c94:	00048513          	mv	a0,s1
   11c98:	891f50ef          	jal	7528 <_free_r>
   11c9c:	1484a403          	lw	s0,328(s1)
   11ca0:	02040063          	beqz	s0,11cc0 <_reclaim_reent+0x9c>
   11ca4:	14c48913          	add	s2,s1,332
   11ca8:	01240c63          	beq	s0,s2,11cc0 <_reclaim_reent+0x9c>
   11cac:	00040593          	mv	a1,s0
   11cb0:	00042403          	lw	s0,0(s0)
   11cb4:	00048513          	mv	a0,s1
   11cb8:	871f50ef          	jal	7528 <_free_r>
   11cbc:	fe8918e3          	bne	s2,s0,11cac <_reclaim_reent+0x88>
   11cc0:	0544a583          	lw	a1,84(s1)
   11cc4:	00058663          	beqz	a1,11cd0 <_reclaim_reent+0xac>
   11cc8:	00048513          	mv	a0,s1
   11ccc:	85df50ef          	jal	7528 <_free_r>
   11cd0:	0384a783          	lw	a5,56(s1)
   11cd4:	04078663          	beqz	a5,11d20 <_reclaim_reent+0xfc>
   11cd8:	03c4a783          	lw	a5,60(s1)
   11cdc:	00048513          	mv	a0,s1
   11ce0:	000780e7          	jalr	a5
   11ce4:	2e04a403          	lw	s0,736(s1)
   11ce8:	02040c63          	beqz	s0,11d20 <_reclaim_reent+0xfc>
   11cec:	00042583          	lw	a1,0(s0)
   11cf0:	00058663          	beqz	a1,11cfc <_reclaim_reent+0xd8>
   11cf4:	00048513          	mv	a0,s1
   11cf8:	e99ff0ef          	jal	11b90 <cleanup_glue>
   11cfc:	00040593          	mv	a1,s0
   11d00:	01812403          	lw	s0,24(sp)
   11d04:	01c12083          	lw	ra,28(sp)
   11d08:	01012903          	lw	s2,16(sp)
   11d0c:	00c12983          	lw	s3,12(sp)
   11d10:	00048513          	mv	a0,s1
   11d14:	01412483          	lw	s1,20(sp)
   11d18:	02010113          	add	sp,sp,32
   11d1c:	80df506f          	j	7528 <_free_r>
   11d20:	01c12083          	lw	ra,28(sp)
   11d24:	01812403          	lw	s0,24(sp)
   11d28:	01412483          	lw	s1,20(sp)
   11d2c:	01012903          	lw	s2,16(sp)
   11d30:	00c12983          	lw	s3,12(sp)
   11d34:	02010113          	add	sp,sp,32
   11d38:	00008067          	ret
   11d3c:	00008067          	ret

00011d40 <__ssprint_r>:
   11d40:	00862783          	lw	a5,8(a2)
   11d44:	fd010113          	add	sp,sp,-48
   11d48:	01312e23          	sw	s3,28(sp)
   11d4c:	01412c23          	sw	s4,24(sp)
   11d50:	02112623          	sw	ra,44(sp)
   11d54:	02812423          	sw	s0,40(sp)
   11d58:	02912223          	sw	s1,36(sp)
   11d5c:	03212023          	sw	s2,32(sp)
   11d60:	01512a23          	sw	s5,20(sp)
   11d64:	01612823          	sw	s6,16(sp)
   11d68:	01712623          	sw	s7,12(sp)
   11d6c:	01812423          	sw	s8,8(sp)
   11d70:	00062983          	lw	s3,0(a2)
   11d74:	00060a13          	mv	s4,a2
   11d78:	14078c63          	beqz	a5,11ed0 <__ssprint_r+0x190>
   11d7c:	0085a703          	lw	a4,8(a1)
   11d80:	0005a783          	lw	a5,0(a1)
   11d84:	00050a93          	mv	s5,a0
   11d88:	00058493          	mv	s1,a1
   11d8c:	00000b93          	li	s7,0
   11d90:	00000913          	li	s2,0
   11d94:	0e00006f          	j	11e74 <__ssprint_r+0x134>
   11d98:	00c49703          	lh	a4,12(s1)
   11d9c:	48077693          	and	a3,a4,1152
   11da0:	08068a63          	beqz	a3,11e34 <__ssprint_r+0xf4>
   11da4:	0144a603          	lw	a2,20(s1)
   11da8:	0104a583          	lw	a1,16(s1)
   11dac:	00161693          	sll	a3,a2,0x1
   11db0:	00c686b3          	add	a3,a3,a2
   11db4:	40b78433          	sub	s0,a5,a1
   11db8:	01f6db13          	srl	s6,a3,0x1f
   11dbc:	00db0b33          	add	s6,s6,a3
   11dc0:	00140793          	add	a5,s0,1
   11dc4:	401b5b13          	sra	s6,s6,0x1
   11dc8:	012787b3          	add	a5,a5,s2
   11dcc:	000b0613          	mv	a2,s6
   11dd0:	00fb7663          	bgeu	s6,a5,11ddc <__ssprint_r+0x9c>
   11dd4:	00078b13          	mv	s6,a5
   11dd8:	00078613          	mv	a2,a5
   11ddc:	40077713          	and	a4,a4,1024
   11de0:	0a070a63          	beqz	a4,11e94 <__ssprint_r+0x154>
   11de4:	00060593          	mv	a1,a2
   11de8:	000a8513          	mv	a0,s5
   11dec:	b81f80ef          	jal	a96c <_malloc_r>
   11df0:	00050c13          	mv	s8,a0
   11df4:	0a050e63          	beqz	a0,11eb0 <__ssprint_r+0x170>
   11df8:	0104a583          	lw	a1,16(s1)
   11dfc:	00040613          	mv	a2,s0
   11e00:	d14ff0ef          	jal	11314 <memcpy>
   11e04:	00c4d783          	lhu	a5,12(s1)
   11e08:	b7f7f793          	and	a5,a5,-1153
   11e0c:	0807e793          	or	a5,a5,128
   11e10:	00f49623          	sh	a5,12(s1)
   11e14:	408b07b3          	sub	a5,s6,s0
   11e18:	008c0533          	add	a0,s8,s0
   11e1c:	0164aa23          	sw	s6,20(s1)
   11e20:	0184a823          	sw	s8,16(s1)
   11e24:	00a4a023          	sw	a0,0(s1)
   11e28:	00090b13          	mv	s6,s2
   11e2c:	00f4a423          	sw	a5,8(s1)
   11e30:	00090413          	mv	s0,s2
   11e34:	00040613          	mv	a2,s0
   11e38:	000b8593          	mv	a1,s7
   11e3c:	e7cff0ef          	jal	114b8 <memmove>
   11e40:	0084a703          	lw	a4,8(s1)
   11e44:	0004a783          	lw	a5,0(s1)
   11e48:	008a2683          	lw	a3,8(s4)
   11e4c:	41670733          	sub	a4,a4,s6
   11e50:	008787b3          	add	a5,a5,s0
   11e54:	00e4a423          	sw	a4,8(s1)
   11e58:	00f4a023          	sw	a5,0(s1)
   11e5c:	412686b3          	sub	a3,a3,s2
   11e60:	00da2423          	sw	a3,8(s4)
   11e64:	06068663          	beqz	a3,11ed0 <__ssprint_r+0x190>
   11e68:	0009ab83          	lw	s7,0(s3)
   11e6c:	0049a903          	lw	s2,4(s3)
   11e70:	00898993          	add	s3,s3,8
   11e74:	00070b13          	mv	s6,a4
   11e78:	00078513          	mv	a0,a5
   11e7c:	fe0906e3          	beqz	s2,11e68 <__ssprint_r+0x128>
   11e80:	00070413          	mv	s0,a4
   11e84:	f0e97ae3          	bgeu	s2,a4,11d98 <__ssprint_r+0x58>
   11e88:	00090b13          	mv	s6,s2
   11e8c:	00090413          	mv	s0,s2
   11e90:	fa5ff06f          	j	11e34 <__ssprint_r+0xf4>
   11e94:	000a8513          	mv	a0,s5
   11e98:	fa4ff0ef          	jal	1163c <_realloc_r>
   11e9c:	00050c13          	mv	s8,a0
   11ea0:	f6051ae3          	bnez	a0,11e14 <__ssprint_r+0xd4>
   11ea4:	0104a583          	lw	a1,16(s1)
   11ea8:	000a8513          	mv	a0,s5
   11eac:	e7cf50ef          	jal	7528 <_free_r>
   11eb0:	00c4d783          	lhu	a5,12(s1)
   11eb4:	00c00713          	li	a4,12
   11eb8:	00eaa023          	sw	a4,0(s5)
   11ebc:	0407e793          	or	a5,a5,64
   11ec0:	00f49623          	sh	a5,12(s1)
   11ec4:	000a2423          	sw	zero,8(s4)
   11ec8:	fff00513          	li	a0,-1
   11ecc:	0080006f          	j	11ed4 <__ssprint_r+0x194>
   11ed0:	00000513          	li	a0,0
   11ed4:	02c12083          	lw	ra,44(sp)
   11ed8:	02812403          	lw	s0,40(sp)
   11edc:	000a2223          	sw	zero,4(s4)
   11ee0:	02412483          	lw	s1,36(sp)
   11ee4:	02012903          	lw	s2,32(sp)
   11ee8:	01c12983          	lw	s3,28(sp)
   11eec:	01812a03          	lw	s4,24(sp)
   11ef0:	01412a83          	lw	s5,20(sp)
   11ef4:	01012b03          	lw	s6,16(sp)
   11ef8:	00c12b83          	lw	s7,12(sp)
   11efc:	00812c03          	lw	s8,8(sp)
   11f00:	03010113          	add	sp,sp,48
   11f04:	00008067          	ret

00011f08 <_svfiprintf_r>:
   11f08:	00c5d783          	lhu	a5,12(a1)
   11f0c:	ed010113          	add	sp,sp,-304
   11f10:	11312e23          	sw	s3,284(sp)
   11f14:	11612823          	sw	s6,272(sp)
   11f18:	11712623          	sw	s7,268(sp)
   11f1c:	11912223          	sw	s9,260(sp)
   11f20:	12112623          	sw	ra,300(sp)
   11f24:	12812423          	sw	s0,296(sp)
   11f28:	12912223          	sw	s1,292(sp)
   11f2c:	13212023          	sw	s2,288(sp)
   11f30:	11412c23          	sw	s4,280(sp)
   11f34:	11512a23          	sw	s5,276(sp)
   11f38:	11812423          	sw	s8,264(sp)
   11f3c:	11a12023          	sw	s10,256(sp)
   11f40:	0fb12e23          	sw	s11,252(sp)
   11f44:	0807f793          	and	a5,a5,128
   11f48:	00058b93          	mv	s7,a1
   11f4c:	00050c93          	mv	s9,a0
   11f50:	00060993          	mv	s3,a2
   11f54:	00068b13          	mv	s6,a3
   11f58:	00078663          	beqz	a5,11f64 <_svfiprintf_r+0x5c>
   11f5c:	0105a783          	lw	a5,16(a1)
   11f60:	6c078ee3          	beqz	a5,12e3c <_svfiprintf_r+0xf34>
   11f64:	000147b7          	lui	a5,0x14
   11f68:	04c10c13          	add	s8,sp,76
   11f6c:	00000d93          	li	s11,0
   11f70:	55c78793          	add	a5,a5,1372 # 1455c <_ctype_+0x104>
   11f74:	00014d37          	lui	s10,0x14
   11f78:	01912223          	sw	s9,4(sp)
   11f7c:	05812023          	sw	s8,64(sp)
   11f80:	04012423          	sw	zero,72(sp)
   11f84:	04012223          	sw	zero,68(sp)
   11f88:	00000493          	li	s1,0
   11f8c:	000c0413          	mv	s0,s8
   11f90:	00012623          	sw	zero,12(sp)
   11f94:	00012c23          	sw	zero,24(sp)
   11f98:	00012e23          	sw	zero,28(sp)
   11f9c:	02012023          	sw	zero,32(sp)
   11fa0:	00f12423          	sw	a5,8(sp)
   11fa4:	01000a93          	li	s5,16
   11fa8:	6c8d0d13          	add	s10,s10,1736 # 146c8 <zeroes.0>
   11fac:	000d8c93          	mv	s9,s11
   11fb0:	000b0813          	mv	a6,s6
   11fb4:	0009c783          	lbu	a5,0(s3)
   11fb8:	1c078863          	beqz	a5,12188 <_svfiprintf_r+0x280>
   11fbc:	00098913          	mv	s2,s3
   11fc0:	02500713          	li	a4,37
   11fc4:	26e78263          	beq	a5,a4,12228 <_svfiprintf_r+0x320>
   11fc8:	00194783          	lbu	a5,1(s2)
   11fcc:	00190913          	add	s2,s2,1
   11fd0:	fe079ae3          	bnez	a5,11fc4 <_svfiprintf_r+0xbc>
   11fd4:	41390a33          	sub	s4,s2,s3
   11fd8:	1b390863          	beq	s2,s3,12188 <_svfiprintf_r+0x280>
   11fdc:	04412783          	lw	a5,68(sp)
   11fe0:	014484b3          	add	s1,s1,s4
   11fe4:	01342023          	sw	s3,0(s0)
   11fe8:	00178793          	add	a5,a5,1
   11fec:	01442223          	sw	s4,4(s0)
   11ff0:	04912423          	sw	s1,72(sp)
   11ff4:	04f12223          	sw	a5,68(sp)
   11ff8:	00700713          	li	a4,7
   11ffc:	00840413          	add	s0,s0,8
   12000:	22f74c63          	blt	a4,a5,12238 <_svfiprintf_r+0x330>
   12004:	00094783          	lbu	a5,0(s2)
   12008:	014c8cb3          	add	s9,s9,s4
   1200c:	16078e63          	beqz	a5,12188 <_svfiprintf_r+0x280>
   12010:	00194783          	lbu	a5,1(s2)
   12014:	00190993          	add	s3,s2,1
   12018:	02010da3          	sb	zero,59(sp)
   1201c:	fff00913          	li	s2,-1
   12020:	00000b13          	li	s6,0
   12024:	00000d93          	li	s11,0
   12028:	05a00a13          	li	s4,90
   1202c:	00198993          	add	s3,s3,1
   12030:	00078693          	mv	a3,a5
   12034:	fe068713          	add	a4,a3,-32
   12038:	04ea6663          	bltu	s4,a4,12084 <_svfiprintf_r+0x17c>
   1203c:	00812783          	lw	a5,8(sp)
   12040:	00271713          	sll	a4,a4,0x2
   12044:	00f70733          	add	a4,a4,a5
   12048:	00072783          	lw	a5,0(a4)
   1204c:	00078067          	jr	a5
   12050:	00000b13          	li	s6,0
   12054:	fd068793          	add	a5,a3,-48
   12058:	00900613          	li	a2,9
   1205c:	0009c683          	lbu	a3,0(s3)
   12060:	002b1713          	sll	a4,s6,0x2
   12064:	01670b33          	add	s6,a4,s6
   12068:	001b1b13          	sll	s6,s6,0x1
   1206c:	01678b33          	add	s6,a5,s6
   12070:	fd068793          	add	a5,a3,-48
   12074:	00198993          	add	s3,s3,1
   12078:	fef672e3          	bgeu	a2,a5,1205c <_svfiprintf_r+0x154>
   1207c:	fe068713          	add	a4,a3,-32
   12080:	faea7ee3          	bgeu	s4,a4,1203c <_svfiprintf_r+0x134>
   12084:	10068263          	beqz	a3,12188 <_svfiprintf_r+0x280>
   12088:	08d10623          	sb	a3,140(sp)
   1208c:	02010da3          	sb	zero,59(sp)
   12090:	00100693          	li	a3,1
   12094:	00100e93          	li	t4,1
   12098:	08c10a13          	add	s4,sp,140
   1209c:	00000913          	li	s2,0
   120a0:	002dff93          	and	t6,s11,2
   120a4:	000f8463          	beqz	t6,120ac <_svfiprintf_r+0x1a4>
   120a8:	00268693          	add	a3,a3,2
   120ac:	084dff13          	and	t5,s11,132
   120b0:	04412783          	lw	a5,68(sp)
   120b4:	000f1663          	bnez	t5,120c0 <_svfiprintf_r+0x1b8>
   120b8:	40db0733          	sub	a4,s6,a3
   120bc:	2ce040e3          	bgtz	a4,12b7c <_svfiprintf_r+0xc74>
   120c0:	03b14703          	lbu	a4,59(sp)
   120c4:	02070863          	beqz	a4,120f4 <_svfiprintf_r+0x1ec>
   120c8:	03b10713          	add	a4,sp,59
   120cc:	00e42023          	sw	a4,0(s0)
   120d0:	00178793          	add	a5,a5,1
   120d4:	00100713          	li	a4,1
   120d8:	00148493          	add	s1,s1,1
   120dc:	00e42223          	sw	a4,4(s0)
   120e0:	04912423          	sw	s1,72(sp)
   120e4:	04f12223          	sw	a5,68(sp)
   120e8:	00700713          	li	a4,7
   120ec:	00840413          	add	s0,s0,8
   120f0:	1cf74063          	blt	a4,a5,122b0 <_svfiprintf_r+0x3a8>
   120f4:	020f8863          	beqz	t6,12124 <_svfiprintf_r+0x21c>
   120f8:	03c10713          	add	a4,sp,60
   120fc:	00e42023          	sw	a4,0(s0)
   12100:	00178793          	add	a5,a5,1
   12104:	00200713          	li	a4,2
   12108:	00248493          	add	s1,s1,2
   1210c:	00e42223          	sw	a4,4(s0)
   12110:	04912423          	sw	s1,72(sp)
   12114:	04f12223          	sw	a5,68(sp)
   12118:	00700713          	li	a4,7
   1211c:	00840413          	add	s0,s0,8
   12120:	38f744e3          	blt	a4,a5,12ca8 <_svfiprintf_r+0xda0>
   12124:	08000713          	li	a4,128
   12128:	68ef0263          	beq	t5,a4,127ac <_svfiprintf_r+0x8a4>
   1212c:	41d90933          	sub	s2,s2,t4
   12130:	79204a63          	bgtz	s2,128c4 <_svfiprintf_r+0x9bc>
   12134:	01d484b3          	add	s1,s1,t4
   12138:	00178793          	add	a5,a5,1
   1213c:	01442023          	sw	s4,0(s0)
   12140:	01d42223          	sw	t4,4(s0)
   12144:	04912423          	sw	s1,72(sp)
   12148:	04f12223          	sw	a5,68(sp)
   1214c:	00700713          	li	a4,7
   12150:	00840413          	add	s0,s0,8
   12154:	06f748e3          	blt	a4,a5,129c4 <_svfiprintf_r+0xabc>
   12158:	004dfd93          	and	s11,s11,4
   1215c:	000d8663          	beqz	s11,12168 <_svfiprintf_r+0x260>
   12160:	40db0933          	sub	s2,s6,a3
   12164:	19204c63          	bgtz	s2,122fc <_svfiprintf_r+0x3f4>
   12168:	00db5463          	bge	s6,a3,12170 <_svfiprintf_r+0x268>
   1216c:	00068b13          	mv	s6,a3
   12170:	016c8cb3          	add	s9,s9,s6
   12174:	080490e3          	bnez	s1,129f4 <_svfiprintf_r+0xaec>
   12178:	0009c783          	lbu	a5,0(s3)
   1217c:	04012223          	sw	zero,68(sp)
   12180:	000c0413          	mv	s0,s8
   12184:	e2079ce3          	bnez	a5,11fbc <_svfiprintf_r+0xb4>
   12188:	000c8d93          	mv	s11,s9
   1218c:	00412c83          	lw	s9,4(sp)
   12190:	0c048a63          	beqz	s1,12264 <_svfiprintf_r+0x35c>
   12194:	04010613          	add	a2,sp,64
   12198:	000b8593          	mv	a1,s7
   1219c:	000c8513          	mv	a0,s9
   121a0:	ba1ff0ef          	jal	11d40 <__ssprint_r>
   121a4:	0c00006f          	j	12264 <_svfiprintf_r+0x35c>
   121a8:	00082b03          	lw	s6,0(a6)
   121ac:	00480813          	add	a6,a6,4
   121b0:	060b4463          	bltz	s6,12218 <_svfiprintf_r+0x310>
   121b4:	0009c783          	lbu	a5,0(s3)
   121b8:	e75ff06f          	j	1202c <_svfiprintf_r+0x124>
   121bc:	0009c783          	lbu	a5,0(s3)
   121c0:	020ded93          	or	s11,s11,32
   121c4:	e69ff06f          	j	1202c <_svfiprintf_r+0x124>
   121c8:	010ded93          	or	s11,s11,16
   121cc:	020df793          	and	a5,s11,32
   121d0:	20078c63          	beqz	a5,123e8 <_svfiprintf_r+0x4e0>
   121d4:	00780813          	add	a6,a6,7
   121d8:	ff887813          	and	a6,a6,-8
   121dc:	00482703          	lw	a4,4(a6)
   121e0:	00082783          	lw	a5,0(a6)
   121e4:	00880813          	add	a6,a6,8
   121e8:	00070893          	mv	a7,a4
   121ec:	22074463          	bltz	a4,12414 <_svfiprintf_r+0x50c>
   121f0:	fff00713          	li	a4,-1
   121f4:	24e90263          	beq	s2,a4,12438 <_svfiprintf_r+0x530>
   121f8:	0117e733          	or	a4,a5,a7
   121fc:	f7fdfd93          	and	s11,s11,-129
   12200:	22071c63          	bnez	a4,12438 <_svfiprintf_r+0x530>
   12204:	5e0918e3          	bnez	s2,12ff4 <_svfiprintf_r+0x10ec>
   12208:	00000693          	li	a3,0
   1220c:	00000e93          	li	t4,0
   12210:	0f010a13          	add	s4,sp,240
   12214:	3400006f          	j	12554 <_svfiprintf_r+0x64c>
   12218:	41600b33          	neg	s6,s6
   1221c:	0009c783          	lbu	a5,0(s3)
   12220:	004ded93          	or	s11,s11,4
   12224:	e09ff06f          	j	1202c <_svfiprintf_r+0x124>
   12228:	41390a33          	sub	s4,s2,s3
   1222c:	db3918e3          	bne	s2,s3,11fdc <_svfiprintf_r+0xd4>
   12230:	00094783          	lbu	a5,0(s2)
   12234:	dd9ff06f          	j	1200c <_svfiprintf_r+0x104>
   12238:	00412503          	lw	a0,4(sp)
   1223c:	04010613          	add	a2,sp,64
   12240:	000b8593          	mv	a1,s7
   12244:	01012823          	sw	a6,16(sp)
   12248:	af9ff0ef          	jal	11d40 <__ssprint_r>
   1224c:	00051a63          	bnez	a0,12260 <_svfiprintf_r+0x358>
   12250:	04812483          	lw	s1,72(sp)
   12254:	01012803          	lw	a6,16(sp)
   12258:	000c0413          	mv	s0,s8
   1225c:	da9ff06f          	j	12004 <_svfiprintf_r+0xfc>
   12260:	000c8d93          	mv	s11,s9
   12264:	00cbd783          	lhu	a5,12(s7)
   12268:	0407f793          	and	a5,a5,64
   1226c:	5a0794e3          	bnez	a5,13014 <_svfiprintf_r+0x110c>
   12270:	12c12083          	lw	ra,300(sp)
   12274:	12812403          	lw	s0,296(sp)
   12278:	12412483          	lw	s1,292(sp)
   1227c:	12012903          	lw	s2,288(sp)
   12280:	11c12983          	lw	s3,284(sp)
   12284:	11812a03          	lw	s4,280(sp)
   12288:	11412a83          	lw	s5,276(sp)
   1228c:	11012b03          	lw	s6,272(sp)
   12290:	10c12b83          	lw	s7,268(sp)
   12294:	10812c03          	lw	s8,264(sp)
   12298:	10412c83          	lw	s9,260(sp)
   1229c:	10012d03          	lw	s10,256(sp)
   122a0:	000d8513          	mv	a0,s11
   122a4:	0fc12d83          	lw	s11,252(sp)
   122a8:	13010113          	add	sp,sp,304
   122ac:	00008067          	ret
   122b0:	00412503          	lw	a0,4(sp)
   122b4:	04010613          	add	a2,sp,64
   122b8:	000b8593          	mv	a1,s7
   122bc:	03012623          	sw	a6,44(sp)
   122c0:	03d12423          	sw	t4,40(sp)
   122c4:	02d12223          	sw	a3,36(sp)
   122c8:	01e12a23          	sw	t5,20(sp)
   122cc:	01f12823          	sw	t6,16(sp)
   122d0:	a71ff0ef          	jal	11d40 <__ssprint_r>
   122d4:	f80516e3          	bnez	a0,12260 <_svfiprintf_r+0x358>
   122d8:	04812483          	lw	s1,72(sp)
   122dc:	04412783          	lw	a5,68(sp)
   122e0:	02c12803          	lw	a6,44(sp)
   122e4:	02812e83          	lw	t4,40(sp)
   122e8:	02412683          	lw	a3,36(sp)
   122ec:	01412f03          	lw	t5,20(sp)
   122f0:	01012f83          	lw	t6,16(sp)
   122f4:	000c0413          	mv	s0,s8
   122f8:	dfdff06f          	j	120f4 <_svfiprintf_r+0x1ec>
   122fc:	00014e37          	lui	t3,0x14
   12300:	01000713          	li	a4,16
   12304:	04412783          	lw	a5,68(sp)
   12308:	6d8e0e13          	add	t3,t3,1752 # 146d8 <blanks.1>
   1230c:	09275863          	bge	a4,s2,1239c <_svfiprintf_r+0x494>
   12310:	00d12823          	sw	a3,16(sp)
   12314:	00040713          	mv	a4,s0
   12318:	00048693          	mv	a3,s1
   1231c:	00090413          	mv	s0,s2
   12320:	01000a13          	li	s4,16
   12324:	00700d93          	li	s11,7
   12328:	00080913          	mv	s2,a6
   1232c:	000e0493          	mv	s1,t3
   12330:	00c0006f          	j	1233c <_svfiprintf_r+0x434>
   12334:	ff040413          	add	s0,s0,-16
   12338:	048a5663          	bge	s4,s0,12384 <_svfiprintf_r+0x47c>
   1233c:	01068693          	add	a3,a3,16
   12340:	00178793          	add	a5,a5,1
   12344:	00972023          	sw	s1,0(a4)
   12348:	01472223          	sw	s4,4(a4)
   1234c:	04d12423          	sw	a3,72(sp)
   12350:	04f12223          	sw	a5,68(sp)
   12354:	00870713          	add	a4,a4,8
   12358:	fcfddee3          	bge	s11,a5,12334 <_svfiprintf_r+0x42c>
   1235c:	00412503          	lw	a0,4(sp)
   12360:	04010613          	add	a2,sp,64
   12364:	000b8593          	mv	a1,s7
   12368:	9d9ff0ef          	jal	11d40 <__ssprint_r>
   1236c:	ee051ae3          	bnez	a0,12260 <_svfiprintf_r+0x358>
   12370:	ff040413          	add	s0,s0,-16
   12374:	04812683          	lw	a3,72(sp)
   12378:	04412783          	lw	a5,68(sp)
   1237c:	000c0713          	mv	a4,s8
   12380:	fa8a4ee3          	blt	s4,s0,1233c <_svfiprintf_r+0x434>
   12384:	00048e13          	mv	t3,s1
   12388:	00068493          	mv	s1,a3
   1238c:	01012683          	lw	a3,16(sp)
   12390:	00090813          	mv	a6,s2
   12394:	00040913          	mv	s2,s0
   12398:	00070413          	mv	s0,a4
   1239c:	012484b3          	add	s1,s1,s2
   123a0:	00178793          	add	a5,a5,1
   123a4:	01c42023          	sw	t3,0(s0)
   123a8:	01242223          	sw	s2,4(s0)
   123ac:	04912423          	sw	s1,72(sp)
   123b0:	04f12223          	sw	a5,68(sp)
   123b4:	00700713          	li	a4,7
   123b8:	daf758e3          	bge	a4,a5,12168 <_svfiprintf_r+0x260>
   123bc:	00412503          	lw	a0,4(sp)
   123c0:	04010613          	add	a2,sp,64
   123c4:	000b8593          	mv	a1,s7
   123c8:	01012a23          	sw	a6,20(sp)
   123cc:	00d12823          	sw	a3,16(sp)
   123d0:	971ff0ef          	jal	11d40 <__ssprint_r>
   123d4:	e80516e3          	bnez	a0,12260 <_svfiprintf_r+0x358>
   123d8:	04812483          	lw	s1,72(sp)
   123dc:	01412803          	lw	a6,20(sp)
   123e0:	01012683          	lw	a3,16(sp)
   123e4:	d85ff06f          	j	12168 <_svfiprintf_r+0x260>
   123e8:	010df713          	and	a4,s11,16
   123ec:	00082783          	lw	a5,0(a6)
   123f0:	00480813          	add	a6,a6,4
   123f4:	0e071463          	bnez	a4,124dc <_svfiprintf_r+0x5d4>
   123f8:	040df713          	and	a4,s11,64
   123fc:	0c070c63          	beqz	a4,124d4 <_svfiprintf_r+0x5cc>
   12400:	01079793          	sll	a5,a5,0x10
   12404:	4107d793          	sra	a5,a5,0x10
   12408:	41f7d893          	sra	a7,a5,0x1f
   1240c:	00088713          	mv	a4,a7
   12410:	de0750e3          	bgez	a4,121f0 <_svfiprintf_r+0x2e8>
   12414:	02d00693          	li	a3,45
   12418:	00f03733          	snez	a4,a5
   1241c:	411008b3          	neg	a7,a7
   12420:	02d10da3          	sb	a3,59(sp)
   12424:	fff00693          	li	a3,-1
   12428:	40e888b3          	sub	a7,a7,a4
   1242c:	40f007b3          	neg	a5,a5
   12430:	00d90463          	beq	s2,a3,12438 <_svfiprintf_r+0x530>
   12434:	f7fdfd93          	and	s11,s11,-129
   12438:	62089c63          	bnez	a7,12a70 <_svfiprintf_r+0xb68>
   1243c:	00900713          	li	a4,9
   12440:	62f76863          	bltu	a4,a5,12a70 <_svfiprintf_r+0xb68>
   12444:	03078793          	add	a5,a5,48
   12448:	0ff7f793          	zext.b	a5,a5
   1244c:	0ef107a3          	sb	a5,239(sp)
   12450:	00090693          	mv	a3,s2
   12454:	01204463          	bgtz	s2,1245c <_svfiprintf_r+0x554>
   12458:	00100693          	li	a3,1
   1245c:	00100e93          	li	t4,1
   12460:	0ef10a13          	add	s4,sp,239
   12464:	0f00006f          	j	12554 <_svfiprintf_r+0x64c>
   12468:	00082a03          	lw	s4,0(a6)
   1246c:	02010da3          	sb	zero,59(sp)
   12470:	00480813          	add	a6,a6,4
   12474:	2e0a0ce3          	beqz	s4,12f6c <_svfiprintf_r+0x1064>
   12478:	fff00793          	li	a5,-1
   1247c:	01012823          	sw	a6,16(sp)
   12480:	18f90ce3          	beq	s2,a5,12e18 <_svfiprintf_r+0xf10>
   12484:	00090613          	mv	a2,s2
   12488:	00000593          	li	a1,0
   1248c:	000a0513          	mv	a0,s4
   12490:	cc1f80ef          	jal	b150 <memchr>
   12494:	01012803          	lw	a6,16(sp)
   12498:	360502e3          	beqz	a0,12ffc <_svfiprintf_r+0x10f4>
   1249c:	41450eb3          	sub	t4,a0,s4
   124a0:	fffec693          	not	a3,t4
   124a4:	41f6d693          	sra	a3,a3,0x1f
   124a8:	00def6b3          	and	a3,t4,a3
   124ac:	00000913          	li	s2,0
   124b0:	0a40006f          	j	12554 <_svfiprintf_r+0x64c>
   124b4:	00082783          	lw	a5,0(a6)
   124b8:	02010da3          	sb	zero,59(sp)
   124bc:	00480813          	add	a6,a6,4
   124c0:	08f10623          	sb	a5,140(sp)
   124c4:	00100693          	li	a3,1
   124c8:	00100e93          	li	t4,1
   124cc:	08c10a13          	add	s4,sp,140
   124d0:	bcdff06f          	j	1209c <_svfiprintf_r+0x194>
   124d4:	200df713          	and	a4,s11,512
   124d8:	300714e3          	bnez	a4,12fe0 <_svfiprintf_r+0x10d8>
   124dc:	41f7d893          	sra	a7,a5,0x1f
   124e0:	00088713          	mv	a4,a7
   124e4:	d09ff06f          	j	121ec <_svfiprintf_r+0x2e4>
   124e8:	ffff8737          	lui	a4,0xffff8
   124ec:	83074713          	xor	a4,a4,-2000
   124f0:	02e11e23          	sh	a4,60(sp)
   124f4:	00014737          	lui	a4,0x14
   124f8:	9c870713          	add	a4,a4,-1592 # 139c8 <__clz_tab+0x130>
   124fc:	00082783          	lw	a5,0(a6)
   12500:	00000613          	li	a2,0
   12504:	002ded93          	or	s11,s11,2
   12508:	00480813          	add	a6,a6,4
   1250c:	00e12623          	sw	a4,12(sp)
   12510:	02010da3          	sb	zero,59(sp)
   12514:	fff00713          	li	a4,-1
   12518:	50e90663          	beq	s2,a4,12a24 <_svfiprintf_r+0xb1c>
   1251c:	00c7e733          	or	a4,a5,a2
   12520:	f7fdf693          	and	a3,s11,-129
   12524:	4e071a63          	bnez	a4,12a18 <_svfiprintf_r+0xb10>
   12528:	000d8e93          	mv	t4,s11
   1252c:	00200793          	li	a5,2
   12530:	00068d93          	mv	s11,a3
   12534:	06091a63          	bnez	s2,125a8 <_svfiprintf_r+0x6a0>
   12538:	cc0798e3          	bnez	a5,12208 <_svfiprintf_r+0x300>
   1253c:	001efe93          	and	t4,t4,1
   12540:	000e86e3          	beqz	t4,12d4c <_svfiprintf_r+0xe44>
   12544:	03000793          	li	a5,48
   12548:	0ef107a3          	sb	a5,239(sp)
   1254c:	000e8693          	mv	a3,t4
   12550:	0ef10a13          	add	s4,sp,239
   12554:	03b14783          	lbu	a5,59(sp)
   12558:	00f037b3          	snez	a5,a5
   1255c:	00f686b3          	add	a3,a3,a5
   12560:	b41ff06f          	j	120a0 <_svfiprintf_r+0x198>
   12564:	010dee93          	or	t4,s11,16
   12568:	020ef793          	and	a5,t4,32
   1256c:	7a078c63          	beqz	a5,12d24 <_svfiprintf_r+0xe1c>
   12570:	00780813          	add	a6,a6,7
   12574:	ff887813          	and	a6,a6,-8
   12578:	00082783          	lw	a5,0(a6)
   1257c:	00482883          	lw	a7,4(a6)
   12580:	00880813          	add	a6,a6,8
   12584:	02010da3          	sb	zero,59(sp)
   12588:	fff00713          	li	a4,-1
   1258c:	000e8d93          	mv	s11,t4
   12590:	eae904e3          	beq	s2,a4,12438 <_svfiprintf_r+0x530>
   12594:	0117e733          	or	a4,a5,a7
   12598:	f7fefd93          	and	s11,t4,-129
   1259c:	e8071ee3          	bnez	a4,12438 <_svfiprintf_r+0x530>
   125a0:	00100793          	li	a5,1
   125a4:	f8090ae3          	beqz	s2,12538 <_svfiprintf_r+0x630>
   125a8:	00100713          	li	a4,1
   125ac:	24e784e3          	beq	a5,a4,12ff4 <_svfiprintf_r+0x10ec>
   125b0:	00200713          	li	a4,2
   125b4:	1ce78ce3          	beq	a5,a4,12f8c <_svfiprintf_r+0x1084>
   125b8:	00000793          	li	a5,0
   125bc:	00000613          	li	a2,0
   125c0:	0f010a13          	add	s4,sp,240
   125c4:	01d61693          	sll	a3,a2,0x1d
   125c8:	0077f713          	and	a4,a5,7
   125cc:	0037d793          	srl	a5,a5,0x3
   125d0:	03070713          	add	a4,a4,48
   125d4:	00f6e7b3          	or	a5,a3,a5
   125d8:	00365613          	srl	a2,a2,0x3
   125dc:	feea0fa3          	sb	a4,-1(s4)
   125e0:	00c7e6b3          	or	a3,a5,a2
   125e4:	000a0593          	mv	a1,s4
   125e8:	fffa0a13          	add	s4,s4,-1
   125ec:	fc069ce3          	bnez	a3,125c4 <_svfiprintf_r+0x6bc>
   125f0:	001df793          	and	a5,s11,1
   125f4:	56078863          	beqz	a5,12b64 <_svfiprintf_r+0xc5c>
   125f8:	03000793          	li	a5,48
   125fc:	56f70463          	beq	a4,a5,12b64 <_svfiprintf_r+0xc5c>
   12600:	ffe58593          	add	a1,a1,-2
   12604:	0f010713          	add	a4,sp,240
   12608:	40b70eb3          	sub	t4,a4,a1
   1260c:	fefa0fa3          	sb	a5,-1(s4)
   12610:	000e8693          	mv	a3,t4
   12614:	752ece63          	blt	t4,s2,12d70 <_svfiprintf_r+0xe68>
   12618:	00058a13          	mv	s4,a1
   1261c:	f39ff06f          	j	12554 <_svfiprintf_r+0x64c>
   12620:	0009c783          	lbu	a5,0(s3)
   12624:	080ded93          	or	s11,s11,128
   12628:	a05ff06f          	j	1202c <_svfiprintf_r+0x124>
   1262c:	020df793          	and	a5,s11,32
   12630:	72079463          	bnez	a5,12d58 <_svfiprintf_r+0xe50>
   12634:	010df793          	and	a5,s11,16
   12638:	120792e3          	bnez	a5,12f5c <_svfiprintf_r+0x1054>
   1263c:	040df793          	and	a5,s11,64
   12640:	16079ce3          	bnez	a5,12fb8 <_svfiprintf_r+0x10b0>
   12644:	200dfd93          	and	s11,s11,512
   12648:	100d8ae3          	beqz	s11,12f5c <_svfiprintf_r+0x1054>
   1264c:	00082783          	lw	a5,0(a6)
   12650:	00480813          	add	a6,a6,4
   12654:	01978023          	sb	s9,0(a5)
   12658:	95dff06f          	j	11fb4 <_svfiprintf_r+0xac>
   1265c:	0009c783          	lbu	a5,0(s3)
   12660:	06c00713          	li	a4,108
   12664:	0ee784e3          	beq	a5,a4,12f4c <_svfiprintf_r+0x1044>
   12668:	010ded93          	or	s11,s11,16
   1266c:	9c1ff06f          	j	1202c <_svfiprintf_r+0x124>
   12670:	0009c783          	lbu	a5,0(s3)
   12674:	06800713          	li	a4,104
   12678:	0ce782e3          	beq	a5,a4,12f3c <_svfiprintf_r+0x1034>
   1267c:	040ded93          	or	s11,s11,64
   12680:	9adff06f          	j	1202c <_svfiprintf_r+0x124>
   12684:	010de713          	or	a4,s11,16
   12688:	02077793          	and	a5,a4,32
   1268c:	66078063          	beqz	a5,12cec <_svfiprintf_r+0xde4>
   12690:	00780813          	add	a6,a6,7
   12694:	ff887813          	and	a6,a6,-8
   12698:	00082783          	lw	a5,0(a6)
   1269c:	00482603          	lw	a2,4(a6)
   126a0:	00880813          	add	a6,a6,8
   126a4:	02010da3          	sb	zero,59(sp)
   126a8:	fff00693          	li	a3,-1
   126ac:	bff77d93          	and	s11,a4,-1025
   126b0:	f0d908e3          	beq	s2,a3,125c0 <_svfiprintf_r+0x6b8>
   126b4:	00c7e6b3          	or	a3,a5,a2
   126b8:	b7f77713          	and	a4,a4,-1153
   126bc:	060698e3          	bnez	a3,12f2c <_svfiprintf_r+0x1024>
   126c0:	000d8e93          	mv	t4,s11
   126c4:	00000793          	li	a5,0
   126c8:	00070d93          	mv	s11,a4
   126cc:	e69ff06f          	j	12534 <_svfiprintf_r+0x62c>
   126d0:	00412503          	lw	a0,4(sp)
   126d4:	01012823          	sw	a6,16(sp)
   126d8:	f1df70ef          	jal	a5f4 <_localeconv_r>
   126dc:	00452783          	lw	a5,4(a0)
   126e0:	00078513          	mv	a0,a5
   126e4:	02f12023          	sw	a5,32(sp)
   126e8:	940fa0ef          	jal	c828 <strlen>
   126ec:	00050793          	mv	a5,a0
   126f0:	00412503          	lw	a0,4(sp)
   126f4:	00f12e23          	sw	a5,28(sp)
   126f8:	efdf70ef          	jal	a5f4 <_localeconv_r>
   126fc:	00852703          	lw	a4,8(a0)
   12700:	01c12783          	lw	a5,28(sp)
   12704:	01012803          	lw	a6,16(sp)
   12708:	00e12c23          	sw	a4,24(sp)
   1270c:	aa0784e3          	beqz	a5,121b4 <_svfiprintf_r+0x2ac>
   12710:	01812703          	lw	a4,24(sp)
   12714:	0009c783          	lbu	a5,0(s3)
   12718:	90070ae3          	beqz	a4,1202c <_svfiprintf_r+0x124>
   1271c:	00074703          	lbu	a4,0(a4)
   12720:	900706e3          	beqz	a4,1202c <_svfiprintf_r+0x124>
   12724:	400ded93          	or	s11,s11,1024
   12728:	905ff06f          	j	1202c <_svfiprintf_r+0x124>
   1272c:	0009c783          	lbu	a5,0(s3)
   12730:	001ded93          	or	s11,s11,1
   12734:	8f9ff06f          	j	1202c <_svfiprintf_r+0x124>
   12738:	03b14703          	lbu	a4,59(sp)
   1273c:	0009c783          	lbu	a5,0(s3)
   12740:	8e0716e3          	bnez	a4,1202c <_svfiprintf_r+0x124>
   12744:	02000713          	li	a4,32
   12748:	02e10da3          	sb	a4,59(sp)
   1274c:	8e1ff06f          	j	1202c <_svfiprintf_r+0x124>
   12750:	0009c683          	lbu	a3,0(s3)
   12754:	02a00793          	li	a5,42
   12758:	00198713          	add	a4,s3,1
   1275c:	0cf680e3          	beq	a3,a5,1301c <_svfiprintf_r+0x1114>
   12760:	fd068793          	add	a5,a3,-48
   12764:	00900593          	li	a1,9
   12768:	00070993          	mv	s3,a4
   1276c:	00000913          	li	s2,0
   12770:	00900613          	li	a2,9
   12774:	8cf5e0e3          	bltu	a1,a5,12034 <_svfiprintf_r+0x12c>
   12778:	0009c683          	lbu	a3,0(s3)
   1277c:	00291713          	sll	a4,s2,0x2
   12780:	01270933          	add	s2,a4,s2
   12784:	00191913          	sll	s2,s2,0x1
   12788:	00f90933          	add	s2,s2,a5
   1278c:	fd068793          	add	a5,a3,-48
   12790:	00198993          	add	s3,s3,1
   12794:	fef672e3          	bgeu	a2,a5,12778 <_svfiprintf_r+0x870>
   12798:	89dff06f          	j	12034 <_svfiprintf_r+0x12c>
   1279c:	02b00713          	li	a4,43
   127a0:	0009c783          	lbu	a5,0(s3)
   127a4:	02e10da3          	sb	a4,59(sp)
   127a8:	885ff06f          	j	1202c <_svfiprintf_r+0x124>
   127ac:	40db0733          	sub	a4,s6,a3
   127b0:	96e05ee3          	blez	a4,1212c <_svfiprintf_r+0x224>
   127b4:	00014e37          	lui	t3,0x14
   127b8:	01000613          	li	a2,16
   127bc:	6c8e0e13          	add	t3,t3,1736 # 146c8 <zeroes.0>
   127c0:	0ae65063          	bge	a2,a4,12860 <_svfiprintf_r+0x958>
   127c4:	00d12823          	sw	a3,16(sp)
   127c8:	00048613          	mv	a2,s1
   127cc:	00040693          	mv	a3,s0
   127d0:	01000893          	li	a7,16
   127d4:	00700f13          	li	t5,7
   127d8:	01d12a23          	sw	t4,20(sp)
   127dc:	00070413          	mv	s0,a4
   127e0:	03012223          	sw	a6,36(sp)
   127e4:	000e0493          	mv	s1,t3
   127e8:	00c0006f          	j	127f4 <_svfiprintf_r+0x8ec>
   127ec:	ff040413          	add	s0,s0,-16
   127f0:	0488da63          	bge	a7,s0,12844 <_svfiprintf_r+0x93c>
   127f4:	01060613          	add	a2,a2,16
   127f8:	00178793          	add	a5,a5,1
   127fc:	0096a023          	sw	s1,0(a3)
   12800:	0116a223          	sw	a7,4(a3)
   12804:	04c12423          	sw	a2,72(sp)
   12808:	04f12223          	sw	a5,68(sp)
   1280c:	00868693          	add	a3,a3,8
   12810:	fcff5ee3          	bge	t5,a5,127ec <_svfiprintf_r+0x8e4>
   12814:	00412503          	lw	a0,4(sp)
   12818:	04010613          	add	a2,sp,64
   1281c:	000b8593          	mv	a1,s7
   12820:	d20ff0ef          	jal	11d40 <__ssprint_r>
   12824:	a2051ee3          	bnez	a0,12260 <_svfiprintf_r+0x358>
   12828:	01000893          	li	a7,16
   1282c:	ff040413          	add	s0,s0,-16
   12830:	04812603          	lw	a2,72(sp)
   12834:	04412783          	lw	a5,68(sp)
   12838:	000c0693          	mv	a3,s8
   1283c:	00700f13          	li	t5,7
   12840:	fa88cae3          	blt	a7,s0,127f4 <_svfiprintf_r+0x8ec>
   12844:	00040713          	mv	a4,s0
   12848:	01412e83          	lw	t4,20(sp)
   1284c:	00068413          	mv	s0,a3
   12850:	02412803          	lw	a6,36(sp)
   12854:	01012683          	lw	a3,16(sp)
   12858:	00048e13          	mv	t3,s1
   1285c:	00060493          	mv	s1,a2
   12860:	00e484b3          	add	s1,s1,a4
   12864:	00178793          	add	a5,a5,1
   12868:	00e42223          	sw	a4,4(s0)
   1286c:	01c42023          	sw	t3,0(s0)
   12870:	04912423          	sw	s1,72(sp)
   12874:	04f12223          	sw	a5,68(sp)
   12878:	00700713          	li	a4,7
   1287c:	00840413          	add	s0,s0,8
   12880:	8af756e3          	bge	a4,a5,1212c <_svfiprintf_r+0x224>
   12884:	00412503          	lw	a0,4(sp)
   12888:	04010613          	add	a2,sp,64
   1288c:	000b8593          	mv	a1,s7
   12890:	03012223          	sw	a6,36(sp)
   12894:	01d12a23          	sw	t4,20(sp)
   12898:	00d12823          	sw	a3,16(sp)
   1289c:	ca4ff0ef          	jal	11d40 <__ssprint_r>
   128a0:	9c0510e3          	bnez	a0,12260 <_svfiprintf_r+0x358>
   128a4:	01412e83          	lw	t4,20(sp)
   128a8:	04812483          	lw	s1,72(sp)
   128ac:	04412783          	lw	a5,68(sp)
   128b0:	41d90933          	sub	s2,s2,t4
   128b4:	02412803          	lw	a6,36(sp)
   128b8:	01012683          	lw	a3,16(sp)
   128bc:	000c0413          	mv	s0,s8
   128c0:	87205ae3          	blez	s2,12134 <_svfiprintf_r+0x22c>
   128c4:	00014e37          	lui	t3,0x14
   128c8:	6c8e0e13          	add	t3,t3,1736 # 146c8 <zeroes.0>
   128cc:	092adc63          	bge	s5,s2,12964 <_svfiprintf_r+0xa5c>
   128d0:	00d12823          	sw	a3,16(sp)
   128d4:	00048613          	mv	a2,s1
   128d8:	00040693          	mv	a3,s0
   128dc:	00700713          	li	a4,7
   128e0:	00090413          	mv	s0,s2
   128e4:	01d12a23          	sw	t4,20(sp)
   128e8:	00080493          	mv	s1,a6
   128ec:	000d0913          	mv	s2,s10
   128f0:	00c0006f          	j	128fc <_svfiprintf_r+0x9f4>
   128f4:	ff040413          	add	s0,s0,-16
   128f8:	048ad863          	bge	s5,s0,12948 <_svfiprintf_r+0xa40>
   128fc:	01060613          	add	a2,a2,16
   12900:	00178793          	add	a5,a5,1
   12904:	01a6a023          	sw	s10,0(a3)
   12908:	0156a223          	sw	s5,4(a3)
   1290c:	04c12423          	sw	a2,72(sp)
   12910:	04f12223          	sw	a5,68(sp)
   12914:	00868693          	add	a3,a3,8
   12918:	fcf75ee3          	bge	a4,a5,128f4 <_svfiprintf_r+0x9ec>
   1291c:	00412503          	lw	a0,4(sp)
   12920:	04010613          	add	a2,sp,64
   12924:	000b8593          	mv	a1,s7
   12928:	c18ff0ef          	jal	11d40 <__ssprint_r>
   1292c:	92051ae3          	bnez	a0,12260 <_svfiprintf_r+0x358>
   12930:	ff040413          	add	s0,s0,-16
   12934:	04812603          	lw	a2,72(sp)
   12938:	04412783          	lw	a5,68(sp)
   1293c:	000c0693          	mv	a3,s8
   12940:	00700713          	li	a4,7
   12944:	fa8acce3          	blt	s5,s0,128fc <_svfiprintf_r+0x9f4>
   12948:	00090e13          	mv	t3,s2
   1294c:	01412e83          	lw	t4,20(sp)
   12950:	00040913          	mv	s2,s0
   12954:	00068413          	mv	s0,a3
   12958:	01012683          	lw	a3,16(sp)
   1295c:	00048813          	mv	a6,s1
   12960:	00060493          	mv	s1,a2
   12964:	012484b3          	add	s1,s1,s2
   12968:	00178793          	add	a5,a5,1
   1296c:	01c42023          	sw	t3,0(s0)
   12970:	01242223          	sw	s2,4(s0)
   12974:	04912423          	sw	s1,72(sp)
   12978:	04f12223          	sw	a5,68(sp)
   1297c:	00700713          	li	a4,7
   12980:	00840413          	add	s0,s0,8
   12984:	faf75863          	bge	a4,a5,12134 <_svfiprintf_r+0x22c>
   12988:	00412503          	lw	a0,4(sp)
   1298c:	04010613          	add	a2,sp,64
   12990:	000b8593          	mv	a1,s7
   12994:	03012223          	sw	a6,36(sp)
   12998:	01d12a23          	sw	t4,20(sp)
   1299c:	00d12823          	sw	a3,16(sp)
   129a0:	ba0ff0ef          	jal	11d40 <__ssprint_r>
   129a4:	8a051ee3          	bnez	a0,12260 <_svfiprintf_r+0x358>
   129a8:	04812483          	lw	s1,72(sp)
   129ac:	04412783          	lw	a5,68(sp)
   129b0:	02412803          	lw	a6,36(sp)
   129b4:	01412e83          	lw	t4,20(sp)
   129b8:	01012683          	lw	a3,16(sp)
   129bc:	000c0413          	mv	s0,s8
   129c0:	f74ff06f          	j	12134 <_svfiprintf_r+0x22c>
   129c4:	00412503          	lw	a0,4(sp)
   129c8:	04010613          	add	a2,sp,64
   129cc:	000b8593          	mv	a1,s7
   129d0:	01012a23          	sw	a6,20(sp)
   129d4:	00d12823          	sw	a3,16(sp)
   129d8:	b68ff0ef          	jal	11d40 <__ssprint_r>
   129dc:	880512e3          	bnez	a0,12260 <_svfiprintf_r+0x358>
   129e0:	04812483          	lw	s1,72(sp)
   129e4:	01412803          	lw	a6,20(sp)
   129e8:	01012683          	lw	a3,16(sp)
   129ec:	000c0413          	mv	s0,s8
   129f0:	f68ff06f          	j	12158 <_svfiprintf_r+0x250>
   129f4:	00412503          	lw	a0,4(sp)
   129f8:	04010613          	add	a2,sp,64
   129fc:	000b8593          	mv	a1,s7
   12a00:	01012823          	sw	a6,16(sp)
   12a04:	b3cff0ef          	jal	11d40 <__ssprint_r>
   12a08:	84051ce3          	bnez	a0,12260 <_svfiprintf_r+0x358>
   12a0c:	04812483          	lw	s1,72(sp)
   12a10:	01012803          	lw	a6,16(sp)
   12a14:	f64ff06f          	j	12178 <_svfiprintf_r+0x270>
   12a18:	00200713          	li	a4,2
   12a1c:	00068d93          	mv	s11,a3
   12a20:	ba0700e3          	beqz	a4,125c0 <_svfiprintf_r+0x6b8>
   12a24:	00c12583          	lw	a1,12(sp)
   12a28:	0f010a13          	add	s4,sp,240
   12a2c:	00f7f713          	and	a4,a5,15
   12a30:	00e58733          	add	a4,a1,a4
   12a34:	00074683          	lbu	a3,0(a4)
   12a38:	0047d793          	srl	a5,a5,0x4
   12a3c:	01c61713          	sll	a4,a2,0x1c
   12a40:	00f767b3          	or	a5,a4,a5
   12a44:	00465613          	srl	a2,a2,0x4
   12a48:	feda0fa3          	sb	a3,-1(s4)
   12a4c:	00c7e733          	or	a4,a5,a2
   12a50:	fffa0a13          	add	s4,s4,-1
   12a54:	fc071ce3          	bnez	a4,12a2c <_svfiprintf_r+0xb24>
   12a58:	0f010793          	add	a5,sp,240
   12a5c:	41478eb3          	sub	t4,a5,s4
   12a60:	00090693          	mv	a3,s2
   12a64:	afd958e3          	bge	s2,t4,12554 <_svfiprintf_r+0x64c>
   12a68:	000e8693          	mv	a3,t4
   12a6c:	ae9ff06f          	j	12554 <_svfiprintf_r+0x64c>
   12a70:	ccccdf37          	lui	t5,0xccccd
   12a74:	ccdf0e13          	add	t3,t5,-819 # cccccccd <_stack_top+0xacbccccd>
   12a78:	01812303          	lw	t1,24(sp)
   12a7c:	400dff93          	and	t6,s11,1024
   12a80:	00000513          	li	a0,0
   12a84:	0f010593          	add	a1,sp,240
   12a88:	00500e93          	li	t4,5
   12a8c:	cccf0f13          	add	t5,t5,-820
   12a90:	0ff00293          	li	t0,255
   12a94:	0540006f          	j	12ae8 <_svfiprintf_r+0xbe0>
   12a98:	00fa3733          	sltu	a4,s4,a5
   12a9c:	00ea0733          	add	a4,s4,a4
   12aa0:	03d77733          	remu	a4,a4,t4
   12aa4:	40e78733          	sub	a4,a5,a4
   12aa8:	00e7b633          	sltu	a2,a5,a4
   12aac:	40c88633          	sub	a2,a7,a2
   12ab0:	03e703b3          	mul	t2,a4,t5
   12ab4:	03c60633          	mul	a2,a2,t3
   12ab8:	03c735b3          	mulhu	a1,a4,t3
   12abc:	00760633          	add	a2,a2,t2
   12ac0:	03c70733          	mul	a4,a4,t3
   12ac4:	00b60633          	add	a2,a2,a1
   12ac8:	01f61593          	sll	a1,a2,0x1f
   12acc:	00165613          	srl	a2,a2,0x1
   12ad0:	00175713          	srl	a4,a4,0x1
   12ad4:	00e5e733          	or	a4,a1,a4
   12ad8:	4c088a63          	beqz	a7,12fac <_svfiprintf_r+0x10a4>
   12adc:	00070793          	mv	a5,a4
   12ae0:	00060893          	mv	a7,a2
   12ae4:	00068593          	mv	a1,a3
   12ae8:	01178a33          	add	s4,a5,a7
   12aec:	00fa3733          	sltu	a4,s4,a5
   12af0:	00ea0733          	add	a4,s4,a4
   12af4:	03d77733          	remu	a4,a4,t4
   12af8:	fff58693          	add	a3,a1,-1
   12afc:	00150513          	add	a0,a0,1
   12b00:	40e78733          	sub	a4,a5,a4
   12b04:	00e7b3b3          	sltu	t2,a5,a4
   12b08:	407883b3          	sub	t2,a7,t2
   12b0c:	03c73633          	mulhu	a2,a4,t3
   12b10:	03c383b3          	mul	t2,t2,t3
   12b14:	03c70733          	mul	a4,a4,t3
   12b18:	00c383b3          	add	t2,t2,a2
   12b1c:	01f39393          	sll	t2,t2,0x1f
   12b20:	00175613          	srl	a2,a4,0x1
   12b24:	00c3e633          	or	a2,t2,a2
   12b28:	00261713          	sll	a4,a2,0x2
   12b2c:	00c70733          	add	a4,a4,a2
   12b30:	00171713          	sll	a4,a4,0x1
   12b34:	40e78733          	sub	a4,a5,a4
   12b38:	03070713          	add	a4,a4,48
   12b3c:	fee58fa3          	sb	a4,-1(a1)
   12b40:	f40f8ce3          	beqz	t6,12a98 <_svfiprintf_r+0xb90>
   12b44:	00034703          	lbu	a4,0(t1)
   12b48:	f4a718e3          	bne	a4,a0,12a98 <_svfiprintf_r+0xb90>
   12b4c:	f45506e3          	beq	a0,t0,12a98 <_svfiprintf_r+0xb90>
   12b50:	30089663          	bnez	a7,12e5c <_svfiprintf_r+0xf54>
   12b54:	00900713          	li	a4,9
   12b58:	30f76263          	bltu	a4,a5,12e5c <_svfiprintf_r+0xf54>
   12b5c:	00068a13          	mv	s4,a3
   12b60:	00612c23          	sw	t1,24(sp)
   12b64:	0f010793          	add	a5,sp,240
   12b68:	41478eb3          	sub	t4,a5,s4
   12b6c:	000e8693          	mv	a3,t4
   12b70:	9f2ed2e3          	bge	t4,s2,12554 <_svfiprintf_r+0x64c>
   12b74:	00090693          	mv	a3,s2
   12b78:	9ddff06f          	j	12554 <_svfiprintf_r+0x64c>
   12b7c:	00014e37          	lui	t3,0x14
   12b80:	01000613          	li	a2,16
   12b84:	6d8e0e13          	add	t3,t3,1752 # 146d8 <blanks.1>
   12b88:	0ae65863          	bge	a2,a4,12c38 <_svfiprintf_r+0xd30>
   12b8c:	02d12223          	sw	a3,36(sp)
   12b90:	00048613          	mv	a2,s1
   12b94:	00040693          	mv	a3,s0
   12b98:	01000893          	li	a7,16
   12b9c:	00700293          	li	t0,7
   12ba0:	01f12823          	sw	t6,16(sp)
   12ba4:	01e12a23          	sw	t5,20(sp)
   12ba8:	03d12423          	sw	t4,40(sp)
   12bac:	00070413          	mv	s0,a4
   12bb0:	03012623          	sw	a6,44(sp)
   12bb4:	000e0493          	mv	s1,t3
   12bb8:	00c0006f          	j	12bc4 <_svfiprintf_r+0xcbc>
   12bbc:	ff040413          	add	s0,s0,-16
   12bc0:	0488da63          	bge	a7,s0,12c14 <_svfiprintf_r+0xd0c>
   12bc4:	01060613          	add	a2,a2,16
   12bc8:	00178793          	add	a5,a5,1
   12bcc:	0096a023          	sw	s1,0(a3)
   12bd0:	0116a223          	sw	a7,4(a3)
   12bd4:	04c12423          	sw	a2,72(sp)
   12bd8:	04f12223          	sw	a5,68(sp)
   12bdc:	00868693          	add	a3,a3,8
   12be0:	fcf2dee3          	bge	t0,a5,12bbc <_svfiprintf_r+0xcb4>
   12be4:	00412503          	lw	a0,4(sp)
   12be8:	04010613          	add	a2,sp,64
   12bec:	000b8593          	mv	a1,s7
   12bf0:	950ff0ef          	jal	11d40 <__ssprint_r>
   12bf4:	e6051663          	bnez	a0,12260 <_svfiprintf_r+0x358>
   12bf8:	01000893          	li	a7,16
   12bfc:	ff040413          	add	s0,s0,-16
   12c00:	04812603          	lw	a2,72(sp)
   12c04:	04412783          	lw	a5,68(sp)
   12c08:	000c0693          	mv	a3,s8
   12c0c:	00700293          	li	t0,7
   12c10:	fa88cae3          	blt	a7,s0,12bc4 <_svfiprintf_r+0xcbc>
   12c14:	00040713          	mv	a4,s0
   12c18:	01012f83          	lw	t6,16(sp)
   12c1c:	00068413          	mv	s0,a3
   12c20:	01412f03          	lw	t5,20(sp)
   12c24:	02812e83          	lw	t4,40(sp)
   12c28:	02412683          	lw	a3,36(sp)
   12c2c:	02c12803          	lw	a6,44(sp)
   12c30:	00048e13          	mv	t3,s1
   12c34:	00060493          	mv	s1,a2
   12c38:	00e484b3          	add	s1,s1,a4
   12c3c:	00178793          	add	a5,a5,1
   12c40:	00e42223          	sw	a4,4(s0)
   12c44:	01c42023          	sw	t3,0(s0)
   12c48:	04912423          	sw	s1,72(sp)
   12c4c:	04f12223          	sw	a5,68(sp)
   12c50:	00700713          	li	a4,7
   12c54:	00840413          	add	s0,s0,8
   12c58:	c6f75463          	bge	a4,a5,120c0 <_svfiprintf_r+0x1b8>
   12c5c:	00412503          	lw	a0,4(sp)
   12c60:	04010613          	add	a2,sp,64
   12c64:	000b8593          	mv	a1,s7
   12c68:	03012623          	sw	a6,44(sp)
   12c6c:	03d12423          	sw	t4,40(sp)
   12c70:	02d12223          	sw	a3,36(sp)
   12c74:	01e12a23          	sw	t5,20(sp)
   12c78:	01f12823          	sw	t6,16(sp)
   12c7c:	8c4ff0ef          	jal	11d40 <__ssprint_r>
   12c80:	de051063          	bnez	a0,12260 <_svfiprintf_r+0x358>
   12c84:	04812483          	lw	s1,72(sp)
   12c88:	04412783          	lw	a5,68(sp)
   12c8c:	02c12803          	lw	a6,44(sp)
   12c90:	02812e83          	lw	t4,40(sp)
   12c94:	02412683          	lw	a3,36(sp)
   12c98:	01412f03          	lw	t5,20(sp)
   12c9c:	01012f83          	lw	t6,16(sp)
   12ca0:	000c0413          	mv	s0,s8
   12ca4:	c1cff06f          	j	120c0 <_svfiprintf_r+0x1b8>
   12ca8:	00412503          	lw	a0,4(sp)
   12cac:	04010613          	add	a2,sp,64
   12cb0:	000b8593          	mv	a1,s7
   12cb4:	03012423          	sw	a6,40(sp)
   12cb8:	03d12223          	sw	t4,36(sp)
   12cbc:	00d12a23          	sw	a3,20(sp)
   12cc0:	01e12823          	sw	t5,16(sp)
   12cc4:	87cff0ef          	jal	11d40 <__ssprint_r>
   12cc8:	d8051c63          	bnez	a0,12260 <_svfiprintf_r+0x358>
   12ccc:	04812483          	lw	s1,72(sp)
   12cd0:	04412783          	lw	a5,68(sp)
   12cd4:	02812803          	lw	a6,40(sp)
   12cd8:	02412e83          	lw	t4,36(sp)
   12cdc:	01412683          	lw	a3,20(sp)
   12ce0:	01012f03          	lw	t5,16(sp)
   12ce4:	000c0413          	mv	s0,s8
   12ce8:	c3cff06f          	j	12124 <_svfiprintf_r+0x21c>
   12cec:	01077693          	and	a3,a4,16
   12cf0:	00082783          	lw	a5,0(a6)
   12cf4:	00480813          	add	a6,a6,4
   12cf8:	02069263          	bnez	a3,12d1c <_svfiprintf_r+0xe14>
   12cfc:	04077693          	and	a3,a4,64
   12d00:	00068a63          	beqz	a3,12d14 <_svfiprintf_r+0xe0c>
   12d04:	01079793          	sll	a5,a5,0x10
   12d08:	0107d793          	srl	a5,a5,0x10
   12d0c:	00000613          	li	a2,0
   12d10:	995ff06f          	j	126a4 <_svfiprintf_r+0x79c>
   12d14:	20077693          	and	a3,a4,512
   12d18:	2a069e63          	bnez	a3,12fd4 <_svfiprintf_r+0x10cc>
   12d1c:	00000613          	li	a2,0
   12d20:	985ff06f          	j	126a4 <_svfiprintf_r+0x79c>
   12d24:	010ef713          	and	a4,t4,16
   12d28:	00082783          	lw	a5,0(a6)
   12d2c:	00480813          	add	a6,a6,4
   12d30:	00071a63          	bnez	a4,12d44 <_svfiprintf_r+0xe3c>
   12d34:	040ef713          	and	a4,t4,64
   12d38:	26070063          	beqz	a4,12f98 <_svfiprintf_r+0x1090>
   12d3c:	01079793          	sll	a5,a5,0x10
   12d40:	0107d793          	srl	a5,a5,0x10
   12d44:	00000893          	li	a7,0
   12d48:	83dff06f          	j	12584 <_svfiprintf_r+0x67c>
   12d4c:	00000693          	li	a3,0
   12d50:	0f010a13          	add	s4,sp,240
   12d54:	801ff06f          	j	12554 <_svfiprintf_r+0x64c>
   12d58:	00082783          	lw	a5,0(a6)
   12d5c:	41fcd713          	sra	a4,s9,0x1f
   12d60:	00480813          	add	a6,a6,4
   12d64:	0197a023          	sw	s9,0(a5)
   12d68:	00e7a223          	sw	a4,4(a5)
   12d6c:	a48ff06f          	j	11fb4 <_svfiprintf_r+0xac>
   12d70:	00090693          	mv	a3,s2
   12d74:	00058a13          	mv	s4,a1
   12d78:	fdcff06f          	j	12554 <_svfiprintf_r+0x64c>
   12d7c:	000d8e93          	mv	t4,s11
   12d80:	fe8ff06f          	j	12568 <_svfiprintf_r+0x660>
   12d84:	000d8713          	mv	a4,s11
   12d88:	901ff06f          	j	12688 <_svfiprintf_r+0x780>
   12d8c:	000147b7          	lui	a5,0x14
   12d90:	9dc78793          	add	a5,a5,-1572 # 139dc <__clz_tab+0x144>
   12d94:	00f12623          	sw	a5,12(sp)
   12d98:	020df793          	and	a5,s11,32
   12d9c:	04078a63          	beqz	a5,12df0 <_svfiprintf_r+0xee8>
   12da0:	00780813          	add	a6,a6,7
   12da4:	ff887813          	and	a6,a6,-8
   12da8:	00082783          	lw	a5,0(a6)
   12dac:	00482603          	lw	a2,4(a6)
   12db0:	00880813          	add	a6,a6,8
   12db4:	001df713          	and	a4,s11,1
   12db8:	00070e63          	beqz	a4,12dd4 <_svfiprintf_r+0xecc>
   12dbc:	00c7e733          	or	a4,a5,a2
   12dc0:	00070a63          	beqz	a4,12dd4 <_svfiprintf_r+0xecc>
   12dc4:	03000713          	li	a4,48
   12dc8:	02e10e23          	sb	a4,60(sp)
   12dcc:	02d10ea3          	sb	a3,61(sp)
   12dd0:	002ded93          	or	s11,s11,2
   12dd4:	bffdfd93          	and	s11,s11,-1025
   12dd8:	f38ff06f          	j	12510 <_svfiprintf_r+0x608>
   12ddc:	000147b7          	lui	a5,0x14
   12de0:	9c878793          	add	a5,a5,-1592 # 139c8 <__clz_tab+0x130>
   12de4:	00f12623          	sw	a5,12(sp)
   12de8:	020df793          	and	a5,s11,32
   12dec:	fa079ae3          	bnez	a5,12da0 <_svfiprintf_r+0xe98>
   12df0:	010df713          	and	a4,s11,16
   12df4:	00082783          	lw	a5,0(a6)
   12df8:	00480813          	add	a6,a6,4
   12dfc:	12071463          	bnez	a4,12f24 <_svfiprintf_r+0x101c>
   12e00:	040df713          	and	a4,s11,64
   12e04:	10070c63          	beqz	a4,12f1c <_svfiprintf_r+0x1014>
   12e08:	01079793          	sll	a5,a5,0x10
   12e0c:	0107d793          	srl	a5,a5,0x10
   12e10:	00000613          	li	a2,0
   12e14:	fa1ff06f          	j	12db4 <_svfiprintf_r+0xeac>
   12e18:	000a0513          	mv	a0,s4
   12e1c:	a0df90ef          	jal	c828 <strlen>
   12e20:	fff54693          	not	a3,a0
   12e24:	41f6d693          	sra	a3,a3,0x1f
   12e28:	01012803          	lw	a6,16(sp)
   12e2c:	00050e93          	mv	t4,a0
   12e30:	00d576b3          	and	a3,a0,a3
   12e34:	00000913          	li	s2,0
   12e38:	f1cff06f          	j	12554 <_svfiprintf_r+0x64c>
   12e3c:	04000593          	li	a1,64
   12e40:	b2df70ef          	jal	a96c <_malloc_r>
   12e44:	00aba023          	sw	a0,0(s7)
   12e48:	00aba823          	sw	a0,16(s7)
   12e4c:	1c050063          	beqz	a0,1300c <_svfiprintf_r+0x1104>
   12e50:	04000793          	li	a5,64
   12e54:	00fbaa23          	sw	a5,20(s7)
   12e58:	90cff06f          	j	11f64 <_svfiprintf_r+0x5c>
   12e5c:	02f12423          	sw	a5,40(sp)
   12e60:	01c12783          	lw	a5,28(sp)
   12e64:	02012583          	lw	a1,32(sp)
   12e68:	03112623          	sw	a7,44(sp)
   12e6c:	40f686b3          	sub	a3,a3,a5
   12e70:	00078613          	mv	a2,a5
   12e74:	00068513          	mv	a0,a3
   12e78:	03012223          	sw	a6,36(sp)
   12e7c:	00612c23          	sw	t1,24(sp)
   12e80:	01f12a23          	sw	t6,20(sp)
   12e84:	00d12823          	sw	a3,16(sp)
   12e88:	a2df90ef          	jal	c8b4 <strncpy>
   12e8c:	02812783          	lw	a5,40(sp)
   12e90:	00500613          	li	a2,5
   12e94:	01812303          	lw	t1,24(sp)
   12e98:	00fa3733          	sltu	a4,s4,a5
   12e9c:	00ea0733          	add	a4,s4,a4
   12ea0:	02c77733          	remu	a4,a4,a2
   12ea4:	00134603          	lbu	a2,1(t1)
   12ea8:	02c12883          	lw	a7,44(sp)
   12eac:	ccccd3b7          	lui	t2,0xccccd
   12eb0:	00c03633          	snez	a2,a2
   12eb4:	00c30333          	add	t1,t1,a2
   12eb8:	ccd38593          	add	a1,t2,-819 # cccccccd <_stack_top+0xacbccccd>
   12ebc:	ccc38393          	add	t2,t2,-820
   12ec0:	01012683          	lw	a3,16(sp)
   12ec4:	01412f83          	lw	t6,20(sp)
   12ec8:	02412803          	lw	a6,36(sp)
   12ecc:	00000513          	li	a0,0
   12ed0:	00500e93          	li	t4,5
   12ed4:	00058e13          	mv	t3,a1
   12ed8:	0ff00293          	li	t0,255
   12edc:	40e78733          	sub	a4,a5,a4
   12ee0:	00e7b633          	sltu	a2,a5,a4
   12ee4:	40c88633          	sub	a2,a7,a2
   12ee8:	027703b3          	mul	t2,a4,t2
   12eec:	02b60633          	mul	a2,a2,a1
   12ef0:	02b738b3          	mulhu	a7,a4,a1
   12ef4:	00760633          	add	a2,a2,t2
   12ef8:	02b707b3          	mul	a5,a4,a1
   12efc:	01160633          	add	a2,a2,a7
   12f00:	01f61713          	sll	a4,a2,0x1f
   12f04:	00165613          	srl	a2,a2,0x1
   12f08:	0017d793          	srl	a5,a5,0x1
   12f0c:	00f76733          	or	a4,a4,a5
   12f10:	ccccd7b7          	lui	a5,0xccccd
   12f14:	ccc78f13          	add	t5,a5,-820 # cccccccc <_stack_top+0xacbccccc>
   12f18:	bc5ff06f          	j	12adc <_svfiprintf_r+0xbd4>
   12f1c:	200df713          	and	a4,s11,512
   12f20:	0a071463          	bnez	a4,12fc8 <_svfiprintf_r+0x10c0>
   12f24:	00000613          	li	a2,0
   12f28:	e8dff06f          	j	12db4 <_svfiprintf_r+0xeac>
   12f2c:	00070d93          	mv	s11,a4
   12f30:	00000713          	li	a4,0
   12f34:	e8070663          	beqz	a4,125c0 <_svfiprintf_r+0x6b8>
   12f38:	aedff06f          	j	12a24 <_svfiprintf_r+0xb1c>
   12f3c:	0019c783          	lbu	a5,1(s3)
   12f40:	200ded93          	or	s11,s11,512
   12f44:	00198993          	add	s3,s3,1
   12f48:	8e4ff06f          	j	1202c <_svfiprintf_r+0x124>
   12f4c:	0019c783          	lbu	a5,1(s3)
   12f50:	020ded93          	or	s11,s11,32
   12f54:	00198993          	add	s3,s3,1
   12f58:	8d4ff06f          	j	1202c <_svfiprintf_r+0x124>
   12f5c:	00082783          	lw	a5,0(a6)
   12f60:	00480813          	add	a6,a6,4
   12f64:	0197a023          	sw	s9,0(a5)
   12f68:	84cff06f          	j	11fb4 <_svfiprintf_r+0xac>
   12f6c:	00600793          	li	a5,6
   12f70:	00090e93          	mv	t4,s2
   12f74:	0127f463          	bgeu	a5,s2,12f7c <_svfiprintf_r+0x1074>
   12f78:	00600e93          	li	t4,6
   12f7c:	00014a37          	lui	s4,0x14
   12f80:	000e8693          	mv	a3,t4
   12f84:	9f0a0a13          	add	s4,s4,-1552 # 139f0 <__clz_tab+0x158>
   12f88:	914ff06f          	j	1209c <_svfiprintf_r+0x194>
   12f8c:	00000793          	li	a5,0
   12f90:	00000613          	li	a2,0
   12f94:	a91ff06f          	j	12a24 <_svfiprintf_r+0xb1c>
   12f98:	200ef713          	and	a4,t4,512
   12f9c:	da0704e3          	beqz	a4,12d44 <_svfiprintf_r+0xe3c>
   12fa0:	0ff7f793          	zext.b	a5,a5
   12fa4:	00000893          	li	a7,0
   12fa8:	ddcff06f          	j	12584 <_svfiprintf_r+0x67c>
   12fac:	00900593          	li	a1,9
   12fb0:	b2f5e6e3          	bltu	a1,a5,12adc <_svfiprintf_r+0xbd4>
   12fb4:	ba9ff06f          	j	12b5c <_svfiprintf_r+0xc54>
   12fb8:	00082783          	lw	a5,0(a6)
   12fbc:	00480813          	add	a6,a6,4
   12fc0:	01979023          	sh	s9,0(a5)
   12fc4:	ff1fe06f          	j	11fb4 <_svfiprintf_r+0xac>
   12fc8:	0ff7f793          	zext.b	a5,a5
   12fcc:	00000613          	li	a2,0
   12fd0:	de5ff06f          	j	12db4 <_svfiprintf_r+0xeac>
   12fd4:	0ff7f793          	zext.b	a5,a5
   12fd8:	00000613          	li	a2,0
   12fdc:	ec8ff06f          	j	126a4 <_svfiprintf_r+0x79c>
   12fe0:	01879793          	sll	a5,a5,0x18
   12fe4:	4187d793          	sra	a5,a5,0x18
   12fe8:	41f7d893          	sra	a7,a5,0x1f
   12fec:	00088713          	mv	a4,a7
   12ff0:	9fcff06f          	j	121ec <_svfiprintf_r+0x2e4>
   12ff4:	03000793          	li	a5,48
   12ff8:	c54ff06f          	j	1244c <_svfiprintf_r+0x544>
   12ffc:	00090693          	mv	a3,s2
   13000:	00090e93          	mv	t4,s2
   13004:	00000913          	li	s2,0
   13008:	d4cff06f          	j	12554 <_svfiprintf_r+0x64c>
   1300c:	00c00793          	li	a5,12
   13010:	00fca023          	sw	a5,0(s9)
   13014:	fff00d93          	li	s11,-1
   13018:	a58ff06f          	j	12270 <_svfiprintf_r+0x368>
   1301c:	00082903          	lw	s2,0(a6)
   13020:	00480813          	add	a6,a6,4
   13024:	00095463          	bgez	s2,1302c <_svfiprintf_r+0x1124>
   13028:	fff00913          	li	s2,-1
   1302c:	0019c783          	lbu	a5,1(s3)
   13030:	00070993          	mv	s3,a4
   13034:	ff9fe06f          	j	1202c <_svfiprintf_r+0x124>

00013038 <__swbuf_r>:
   13038:	fe010113          	add	sp,sp,-32
   1303c:	00812c23          	sw	s0,24(sp)
   13040:	00912a23          	sw	s1,20(sp)
   13044:	01212823          	sw	s2,16(sp)
   13048:	00112e23          	sw	ra,28(sp)
   1304c:	01312623          	sw	s3,12(sp)
   13050:	00050913          	mv	s2,a0
   13054:	00058493          	mv	s1,a1
   13058:	00060413          	mv	s0,a2
   1305c:	00050663          	beqz	a0,13068 <__swbuf_r+0x30>
   13060:	03852783          	lw	a5,56(a0)
   13064:	14078063          	beqz	a5,131a4 <__swbuf_r+0x16c>
   13068:	01842783          	lw	a5,24(s0)
   1306c:	00c41703          	lh	a4,12(s0)
   13070:	00f42423          	sw	a5,8(s0)
   13074:	00877793          	and	a5,a4,8
   13078:	08078263          	beqz	a5,130fc <__swbuf_r+0xc4>
   1307c:	01042783          	lw	a5,16(s0)
   13080:	06078e63          	beqz	a5,130fc <__swbuf_r+0xc4>
   13084:	01271693          	sll	a3,a4,0x12
   13088:	0ff4f993          	zext.b	s3,s1
   1308c:	0ff4f493          	zext.b	s1,s1
   13090:	0806da63          	bgez	a3,13124 <__swbuf_r+0xec>
   13094:	00042703          	lw	a4,0(s0)
   13098:	01442683          	lw	a3,20(s0)
   1309c:	40f707b3          	sub	a5,a4,a5
   130a0:	0ad7da63          	bge	a5,a3,13154 <__swbuf_r+0x11c>
   130a4:	00842683          	lw	a3,8(s0)
   130a8:	00170613          	add	a2,a4,1
   130ac:	00c42023          	sw	a2,0(s0)
   130b0:	fff68693          	add	a3,a3,-1
   130b4:	00d42423          	sw	a3,8(s0)
   130b8:	01370023          	sb	s3,0(a4)
   130bc:	01442703          	lw	a4,20(s0)
   130c0:	00178793          	add	a5,a5,1
   130c4:	0cf70463          	beq	a4,a5,1318c <__swbuf_r+0x154>
   130c8:	00c45783          	lhu	a5,12(s0)
   130cc:	0017f793          	and	a5,a5,1
   130d0:	00078663          	beqz	a5,130dc <__swbuf_r+0xa4>
   130d4:	00a00793          	li	a5,10
   130d8:	0af48a63          	beq	s1,a5,1318c <__swbuf_r+0x154>
   130dc:	01c12083          	lw	ra,28(sp)
   130e0:	01812403          	lw	s0,24(sp)
   130e4:	01012903          	lw	s2,16(sp)
   130e8:	00c12983          	lw	s3,12(sp)
   130ec:	00048513          	mv	a0,s1
   130f0:	01412483          	lw	s1,20(sp)
   130f4:	02010113          	add	sp,sp,32
   130f8:	00008067          	ret
   130fc:	00040593          	mv	a1,s0
   13100:	00090513          	mv	a0,s2
   13104:	af9f30ef          	jal	6bfc <__swsetup_r>
   13108:	08051a63          	bnez	a0,1319c <__swbuf_r+0x164>
   1310c:	00c41703          	lh	a4,12(s0)
   13110:	0ff4f993          	zext.b	s3,s1
   13114:	01042783          	lw	a5,16(s0)
   13118:	01271693          	sll	a3,a4,0x12
   1311c:	0ff4f493          	zext.b	s1,s1
   13120:	f606cae3          	bltz	a3,13094 <__swbuf_r+0x5c>
   13124:	06442683          	lw	a3,100(s0)
   13128:	00002637          	lui	a2,0x2
   1312c:	00c76733          	or	a4,a4,a2
   13130:	ffffe637          	lui	a2,0xffffe
   13134:	fff60613          	add	a2,a2,-1 # ffffdfff <_stack_top+0xdfefdfff>
   13138:	00c6f6b3          	and	a3,a3,a2
   1313c:	00e41623          	sh	a4,12(s0)
   13140:	00042703          	lw	a4,0(s0)
   13144:	06d42223          	sw	a3,100(s0)
   13148:	01442683          	lw	a3,20(s0)
   1314c:	40f707b3          	sub	a5,a4,a5
   13150:	f4d7cae3          	blt	a5,a3,130a4 <__swbuf_r+0x6c>
   13154:	00040593          	mv	a1,s0
   13158:	00090513          	mv	a0,s2
   1315c:	e2df30ef          	jal	6f88 <_fflush_r>
   13160:	02051e63          	bnez	a0,1319c <__swbuf_r+0x164>
   13164:	00042703          	lw	a4,0(s0)
   13168:	00842683          	lw	a3,8(s0)
   1316c:	00100793          	li	a5,1
   13170:	00170613          	add	a2,a4,1
   13174:	fff68693          	add	a3,a3,-1
   13178:	00c42023          	sw	a2,0(s0)
   1317c:	00d42423          	sw	a3,8(s0)
   13180:	01370023          	sb	s3,0(a4)
   13184:	01442703          	lw	a4,20(s0)
   13188:	f4f710e3          	bne	a4,a5,130c8 <__swbuf_r+0x90>
   1318c:	00040593          	mv	a1,s0
   13190:	00090513          	mv	a0,s2
   13194:	df5f30ef          	jal	6f88 <_fflush_r>
   13198:	f40502e3          	beqz	a0,130dc <__swbuf_r+0xa4>
   1319c:	fff00493          	li	s1,-1
   131a0:	f3dff06f          	j	130dc <__swbuf_r+0xa4>
   131a4:	a14f40ef          	jal	73b8 <__sinit>
   131a8:	ec1ff06f          	j	13068 <__swbuf_r+0x30>

000131ac <__swbuf>:
   131ac:	00050793          	mv	a5,a0
   131b0:	19c1a503          	lw	a0,412(gp) # 2000099c <_impure_ptr>
   131b4:	00058613          	mv	a2,a1
   131b8:	00078593          	mv	a1,a5
   131bc:	e7dff06f          	j	13038 <__swbuf_r>

000131c0 <_wcrtomb_r>:
   131c0:	fe010113          	add	sp,sp,-32
   131c4:	00812c23          	sw	s0,24(sp)
   131c8:	00912a23          	sw	s1,20(sp)
   131cc:	00112e23          	sw	ra,28(sp)
   131d0:	d081a783          	lw	a5,-760(gp) # 20000508 <__global_locale+0xe0>
   131d4:	00050413          	mv	s0,a0
   131d8:	00068493          	mv	s1,a3
   131dc:	02058263          	beqz	a1,13200 <_wcrtomb_r+0x40>
   131e0:	000780e7          	jalr	a5
   131e4:	fff00793          	li	a5,-1
   131e8:	02f50663          	beq	a0,a5,13214 <_wcrtomb_r+0x54>
   131ec:	01c12083          	lw	ra,28(sp)
   131f0:	01812403          	lw	s0,24(sp)
   131f4:	01412483          	lw	s1,20(sp)
   131f8:	02010113          	add	sp,sp,32
   131fc:	00008067          	ret
   13200:	00000613          	li	a2,0
   13204:	00410593          	add	a1,sp,4
   13208:	000780e7          	jalr	a5
   1320c:	fff00793          	li	a5,-1
   13210:	fcf51ee3          	bne	a0,a5,131ec <_wcrtomb_r+0x2c>
   13214:	0004a023          	sw	zero,0(s1)
   13218:	08a00793          	li	a5,138
   1321c:	01c12083          	lw	ra,28(sp)
   13220:	00f42023          	sw	a5,0(s0)
   13224:	01812403          	lw	s0,24(sp)
   13228:	01412483          	lw	s1,20(sp)
   1322c:	02010113          	add	sp,sp,32
   13230:	00008067          	ret

00013234 <wcrtomb>:
   13234:	fe010113          	add	sp,sp,-32
   13238:	00812c23          	sw	s0,24(sp)
   1323c:	00912a23          	sw	s1,20(sp)
   13240:	00112e23          	sw	ra,28(sp)
   13244:	19c1a483          	lw	s1,412(gp) # 2000099c <_impure_ptr>
   13248:	d081a783          	lw	a5,-760(gp) # 20000508 <__global_locale+0xe0>
   1324c:	00060413          	mv	s0,a2
   13250:	02050a63          	beqz	a0,13284 <wcrtomb+0x50>
   13254:	00058613          	mv	a2,a1
   13258:	00040693          	mv	a3,s0
   1325c:	00050593          	mv	a1,a0
   13260:	00048513          	mv	a0,s1
   13264:	000780e7          	jalr	a5
   13268:	fff00793          	li	a5,-1
   1326c:	02f50a63          	beq	a0,a5,132a0 <wcrtomb+0x6c>
   13270:	01c12083          	lw	ra,28(sp)
   13274:	01812403          	lw	s0,24(sp)
   13278:	01412483          	lw	s1,20(sp)
   1327c:	02010113          	add	sp,sp,32
   13280:	00008067          	ret
   13284:	00060693          	mv	a3,a2
   13288:	00410593          	add	a1,sp,4
   1328c:	00000613          	li	a2,0
   13290:	00048513          	mv	a0,s1
   13294:	000780e7          	jalr	a5
   13298:	fff00793          	li	a5,-1
   1329c:	fcf51ae3          	bne	a0,a5,13270 <wcrtomb+0x3c>
   132a0:	00042023          	sw	zero,0(s0)
   132a4:	01c12083          	lw	ra,28(sp)
   132a8:	01812403          	lw	s0,24(sp)
   132ac:	08a00793          	li	a5,138
   132b0:	00f4a023          	sw	a5,0(s1)
   132b4:	01412483          	lw	s1,20(sp)
   132b8:	02010113          	add	sp,sp,32
   132bc:	00008067          	ret

000132c0 <abort>:
   132c0:	ff010113          	add	sp,sp,-16
   132c4:	00600513          	li	a0,6
   132c8:	00112623          	sw	ra,12(sp)
   132cc:	29c000ef          	jal	13568 <raise>
   132d0:	00100513          	li	a0,1
   132d4:	de9ec0ef          	jal	bc <_exit>

000132d8 <_init_signal_r>:
   132d8:	2dc52783          	lw	a5,732(a0)
   132dc:	00078663          	beqz	a5,132e8 <_init_signal_r+0x10>
   132e0:	00000513          	li	a0,0
   132e4:	00008067          	ret
   132e8:	ff010113          	add	sp,sp,-16
   132ec:	08000593          	li	a1,128
   132f0:	00812423          	sw	s0,8(sp)
   132f4:	00112623          	sw	ra,12(sp)
   132f8:	00050413          	mv	s0,a0
   132fc:	e70f70ef          	jal	a96c <_malloc_r>
   13300:	2ca42e23          	sw	a0,732(s0)
   13304:	02050463          	beqz	a0,1332c <_init_signal_r+0x54>
   13308:	08050793          	add	a5,a0,128
   1330c:	00052023          	sw	zero,0(a0)
   13310:	00450513          	add	a0,a0,4
   13314:	fef51ce3          	bne	a0,a5,1330c <_init_signal_r+0x34>
   13318:	00000513          	li	a0,0
   1331c:	00c12083          	lw	ra,12(sp)
   13320:	00812403          	lw	s0,8(sp)
   13324:	01010113          	add	sp,sp,16
   13328:	00008067          	ret
   1332c:	fff00513          	li	a0,-1
   13330:	fedff06f          	j	1331c <_init_signal_r+0x44>

00013334 <_signal_r>:
   13334:	fe010113          	add	sp,sp,-32
   13338:	00912a23          	sw	s1,20(sp)
   1333c:	00112e23          	sw	ra,28(sp)
   13340:	00812c23          	sw	s0,24(sp)
   13344:	01f00793          	li	a5,31
   13348:	00050493          	mv	s1,a0
   1334c:	02b7ea63          	bltu	a5,a1,13380 <_signal_r+0x4c>
   13350:	2dc52783          	lw	a5,732(a0)
   13354:	00058413          	mv	s0,a1
   13358:	02078c63          	beqz	a5,13390 <_signal_r+0x5c>
   1335c:	00241413          	sll	s0,s0,0x2
   13360:	008787b3          	add	a5,a5,s0
   13364:	0007a503          	lw	a0,0(a5)
   13368:	00c7a023          	sw	a2,0(a5)
   1336c:	01c12083          	lw	ra,28(sp)
   13370:	01812403          	lw	s0,24(sp)
   13374:	01412483          	lw	s1,20(sp)
   13378:	02010113          	add	sp,sp,32
   1337c:	00008067          	ret
   13380:	01600793          	li	a5,22
   13384:	00f52023          	sw	a5,0(a0)
   13388:	fff00513          	li	a0,-1
   1338c:	fe1ff06f          	j	1336c <_signal_r+0x38>
   13390:	08000593          	li	a1,128
   13394:	00c12623          	sw	a2,12(sp)
   13398:	dd4f70ef          	jal	a96c <_malloc_r>
   1339c:	2ca4ae23          	sw	a0,732(s1)
   133a0:	00c12603          	lw	a2,12(sp)
   133a4:	00050793          	mv	a5,a0
   133a8:	00050713          	mv	a4,a0
   133ac:	08050693          	add	a3,a0,128
   133b0:	fc050ce3          	beqz	a0,13388 <_signal_r+0x54>
   133b4:	00072023          	sw	zero,0(a4)
   133b8:	00470713          	add	a4,a4,4
   133bc:	fed71ce3          	bne	a4,a3,133b4 <_signal_r+0x80>
   133c0:	f9dff06f          	j	1335c <_signal_r+0x28>

000133c4 <_raise_r>:
   133c4:	ff010113          	add	sp,sp,-16
   133c8:	00912223          	sw	s1,4(sp)
   133cc:	00112623          	sw	ra,12(sp)
   133d0:	00812423          	sw	s0,8(sp)
   133d4:	01f00793          	li	a5,31
   133d8:	00050493          	mv	s1,a0
   133dc:	08b7ee63          	bltu	a5,a1,13478 <_raise_r+0xb4>
   133e0:	2dc52783          	lw	a5,732(a0)
   133e4:	00058413          	mv	s0,a1
   133e8:	04078463          	beqz	a5,13430 <_raise_r+0x6c>
   133ec:	00259713          	sll	a4,a1,0x2
   133f0:	00e787b3          	add	a5,a5,a4
   133f4:	0007a703          	lw	a4,0(a5)
   133f8:	02070c63          	beqz	a4,13430 <_raise_r+0x6c>
   133fc:	00100693          	li	a3,1
   13400:	00d70c63          	beq	a4,a3,13418 <_raise_r+0x54>
   13404:	fff00693          	li	a3,-1
   13408:	04d70863          	beq	a4,a3,13458 <_raise_r+0x94>
   1340c:	0007a023          	sw	zero,0(a5)
   13410:	00058513          	mv	a0,a1
   13414:	000700e7          	jalr	a4
   13418:	00000513          	li	a0,0
   1341c:	00c12083          	lw	ra,12(sp)
   13420:	00812403          	lw	s0,8(sp)
   13424:	00412483          	lw	s1,4(sp)
   13428:	01010113          	add	sp,sp,16
   1342c:	00008067          	ret
   13430:	00048513          	mv	a0,s1
   13434:	424000ef          	jal	13858 <_getpid_r>
   13438:	00040613          	mv	a2,s0
   1343c:	00812403          	lw	s0,8(sp)
   13440:	00c12083          	lw	ra,12(sp)
   13444:	00050593          	mv	a1,a0
   13448:	00048513          	mv	a0,s1
   1344c:	00412483          	lw	s1,4(sp)
   13450:	01010113          	add	sp,sp,16
   13454:	3a00006f          	j	137f4 <_kill_r>
   13458:	00c12083          	lw	ra,12(sp)
   1345c:	00812403          	lw	s0,8(sp)
   13460:	01600793          	li	a5,22
   13464:	00f52023          	sw	a5,0(a0)
   13468:	00412483          	lw	s1,4(sp)
   1346c:	00100513          	li	a0,1
   13470:	01010113          	add	sp,sp,16
   13474:	00008067          	ret
   13478:	01600793          	li	a5,22
   1347c:	00f52023          	sw	a5,0(a0)
   13480:	fff00513          	li	a0,-1
   13484:	f99ff06f          	j	1341c <_raise_r+0x58>

00013488 <__sigtramp_r>:
   13488:	01f00793          	li	a5,31
   1348c:	0cb7ea63          	bltu	a5,a1,13560 <__sigtramp_r+0xd8>
   13490:	2dc52783          	lw	a5,732(a0)
   13494:	ff010113          	add	sp,sp,-16
   13498:	00812423          	sw	s0,8(sp)
   1349c:	00912223          	sw	s1,4(sp)
   134a0:	00112623          	sw	ra,12(sp)
   134a4:	00058413          	mv	s0,a1
   134a8:	00050493          	mv	s1,a0
   134ac:	08078063          	beqz	a5,1352c <__sigtramp_r+0xa4>
   134b0:	00241713          	sll	a4,s0,0x2
   134b4:	00e787b3          	add	a5,a5,a4
   134b8:	0007a703          	lw	a4,0(a5)
   134bc:	02070c63          	beqz	a4,134f4 <__sigtramp_r+0x6c>
   134c0:	fff00693          	li	a3,-1
   134c4:	06d70063          	beq	a4,a3,13524 <__sigtramp_r+0x9c>
   134c8:	00100693          	li	a3,1
   134cc:	04d70063          	beq	a4,a3,1350c <__sigtramp_r+0x84>
   134d0:	00040513          	mv	a0,s0
   134d4:	0007a023          	sw	zero,0(a5)
   134d8:	000700e7          	jalr	a4
   134dc:	00000513          	li	a0,0
   134e0:	00c12083          	lw	ra,12(sp)
   134e4:	00812403          	lw	s0,8(sp)
   134e8:	00412483          	lw	s1,4(sp)
   134ec:	01010113          	add	sp,sp,16
   134f0:	00008067          	ret
   134f4:	00c12083          	lw	ra,12(sp)
   134f8:	00812403          	lw	s0,8(sp)
   134fc:	00412483          	lw	s1,4(sp)
   13500:	00100513          	li	a0,1
   13504:	01010113          	add	sp,sp,16
   13508:	00008067          	ret
   1350c:	00c12083          	lw	ra,12(sp)
   13510:	00812403          	lw	s0,8(sp)
   13514:	00412483          	lw	s1,4(sp)
   13518:	00300513          	li	a0,3
   1351c:	01010113          	add	sp,sp,16
   13520:	00008067          	ret
   13524:	00200513          	li	a0,2
   13528:	fb9ff06f          	j	134e0 <__sigtramp_r+0x58>
   1352c:	08000593          	li	a1,128
   13530:	c3cf70ef          	jal	a96c <_malloc_r>
   13534:	2ca4ae23          	sw	a0,732(s1)
   13538:	00050793          	mv	a5,a0
   1353c:	00050e63          	beqz	a0,13558 <__sigtramp_r+0xd0>
   13540:	00050713          	mv	a4,a0
   13544:	08050693          	add	a3,a0,128
   13548:	00072023          	sw	zero,0(a4)
   1354c:	00470713          	add	a4,a4,4
   13550:	fee69ce3          	bne	a3,a4,13548 <__sigtramp_r+0xc0>
   13554:	f5dff06f          	j	134b0 <__sigtramp_r+0x28>
   13558:	fff00513          	li	a0,-1
   1355c:	f85ff06f          	j	134e0 <__sigtramp_r+0x58>
   13560:	fff00513          	li	a0,-1
   13564:	00008067          	ret

00013568 <raise>:
   13568:	ff010113          	add	sp,sp,-16
   1356c:	00912223          	sw	s1,4(sp)
   13570:	00112623          	sw	ra,12(sp)
   13574:	00812423          	sw	s0,8(sp)
   13578:	01f00793          	li	a5,31
   1357c:	19c1a483          	lw	s1,412(gp) # 2000099c <_impure_ptr>
   13580:	08a7ec63          	bltu	a5,a0,13618 <raise+0xb0>
   13584:	2dc4a783          	lw	a5,732(s1)
   13588:	00050413          	mv	s0,a0
   1358c:	04078263          	beqz	a5,135d0 <raise+0x68>
   13590:	00251713          	sll	a4,a0,0x2
   13594:	00e787b3          	add	a5,a5,a4
   13598:	0007a703          	lw	a4,0(a5)
   1359c:	02070a63          	beqz	a4,135d0 <raise+0x68>
   135a0:	00100693          	li	a3,1
   135a4:	00d70a63          	beq	a4,a3,135b8 <raise+0x50>
   135a8:	fff00693          	li	a3,-1
   135ac:	04d70663          	beq	a4,a3,135f8 <raise+0x90>
   135b0:	0007a023          	sw	zero,0(a5)
   135b4:	000700e7          	jalr	a4
   135b8:	00000513          	li	a0,0
   135bc:	00c12083          	lw	ra,12(sp)
   135c0:	00812403          	lw	s0,8(sp)
   135c4:	00412483          	lw	s1,4(sp)
   135c8:	01010113          	add	sp,sp,16
   135cc:	00008067          	ret
   135d0:	00048513          	mv	a0,s1
   135d4:	284000ef          	jal	13858 <_getpid_r>
   135d8:	00040613          	mv	a2,s0
   135dc:	00812403          	lw	s0,8(sp)
   135e0:	00c12083          	lw	ra,12(sp)
   135e4:	00050593          	mv	a1,a0
   135e8:	00048513          	mv	a0,s1
   135ec:	00412483          	lw	s1,4(sp)
   135f0:	01010113          	add	sp,sp,16
   135f4:	2000006f          	j	137f4 <_kill_r>
   135f8:	00c12083          	lw	ra,12(sp)
   135fc:	00812403          	lw	s0,8(sp)
   13600:	01600793          	li	a5,22
   13604:	00f4a023          	sw	a5,0(s1)
   13608:	00100513          	li	a0,1
   1360c:	00412483          	lw	s1,4(sp)
   13610:	01010113          	add	sp,sp,16
   13614:	00008067          	ret
   13618:	01600793          	li	a5,22
   1361c:	00f4a023          	sw	a5,0(s1)
   13620:	fff00513          	li	a0,-1
   13624:	f99ff06f          	j	135bc <raise+0x54>

00013628 <signal>:
   13628:	ff010113          	add	sp,sp,-16
   1362c:	01212023          	sw	s2,0(sp)
   13630:	00112623          	sw	ra,12(sp)
   13634:	00812423          	sw	s0,8(sp)
   13638:	00912223          	sw	s1,4(sp)
   1363c:	01f00793          	li	a5,31
   13640:	19c1a903          	lw	s2,412(gp) # 2000099c <_impure_ptr>
   13644:	02a7ee63          	bltu	a5,a0,13680 <signal+0x58>
   13648:	00050413          	mv	s0,a0
   1364c:	2dc92503          	lw	a0,732(s2)
   13650:	00058493          	mv	s1,a1
   13654:	02050e63          	beqz	a0,13690 <signal+0x68>
   13658:	00241413          	sll	s0,s0,0x2
   1365c:	008507b3          	add	a5,a0,s0
   13660:	0007a503          	lw	a0,0(a5)
   13664:	0097a023          	sw	s1,0(a5)
   13668:	00c12083          	lw	ra,12(sp)
   1366c:	00812403          	lw	s0,8(sp)
   13670:	00412483          	lw	s1,4(sp)
   13674:	00012903          	lw	s2,0(sp)
   13678:	01010113          	add	sp,sp,16
   1367c:	00008067          	ret
   13680:	01600793          	li	a5,22
   13684:	00f92023          	sw	a5,0(s2)
   13688:	fff00513          	li	a0,-1
   1368c:	fddff06f          	j	13668 <signal+0x40>
   13690:	08000593          	li	a1,128
   13694:	00090513          	mv	a0,s2
   13698:	ad4f70ef          	jal	a96c <_malloc_r>
   1369c:	2ca92e23          	sw	a0,732(s2)
   136a0:	00050793          	mv	a5,a0
   136a4:	08050713          	add	a4,a0,128
   136a8:	fe0500e3          	beqz	a0,13688 <signal+0x60>
   136ac:	0007a023          	sw	zero,0(a5)
   136b0:	00478793          	add	a5,a5,4
   136b4:	fee79ce3          	bne	a5,a4,136ac <signal+0x84>
   136b8:	fa1ff06f          	j	13658 <signal+0x30>

000136bc <_init_signal>:
   136bc:	ff010113          	add	sp,sp,-16
   136c0:	00812423          	sw	s0,8(sp)
   136c4:	19c1a403          	lw	s0,412(gp) # 2000099c <_impure_ptr>
   136c8:	00112623          	sw	ra,12(sp)
   136cc:	2dc42783          	lw	a5,732(s0)
   136d0:	00078c63          	beqz	a5,136e8 <_init_signal+0x2c>
   136d4:	00000513          	li	a0,0
   136d8:	00c12083          	lw	ra,12(sp)
   136dc:	00812403          	lw	s0,8(sp)
   136e0:	01010113          	add	sp,sp,16
   136e4:	00008067          	ret
   136e8:	08000593          	li	a1,128
   136ec:	00040513          	mv	a0,s0
   136f0:	a7cf70ef          	jal	a96c <_malloc_r>
   136f4:	2ca42e23          	sw	a0,732(s0)
   136f8:	00050c63          	beqz	a0,13710 <_init_signal+0x54>
   136fc:	08050793          	add	a5,a0,128
   13700:	00052023          	sw	zero,0(a0)
   13704:	00450513          	add	a0,a0,4
   13708:	fef51ce3          	bne	a0,a5,13700 <_init_signal+0x44>
   1370c:	fc9ff06f          	j	136d4 <_init_signal+0x18>
   13710:	fff00513          	li	a0,-1
   13714:	fc5ff06f          	j	136d8 <_init_signal+0x1c>

00013718 <__sigtramp>:
   13718:	ff010113          	add	sp,sp,-16
   1371c:	00912223          	sw	s1,4(sp)
   13720:	00112623          	sw	ra,12(sp)
   13724:	00812423          	sw	s0,8(sp)
   13728:	01f00793          	li	a5,31
   1372c:	19c1a483          	lw	s1,412(gp) # 2000099c <_impure_ptr>
   13730:	0aa7ee63          	bltu	a5,a0,137ec <__sigtramp+0xd4>
   13734:	2dc4a783          	lw	a5,732(s1)
   13738:	00050413          	mv	s0,a0
   1373c:	08078063          	beqz	a5,137bc <__sigtramp+0xa4>
   13740:	00241713          	sll	a4,s0,0x2
   13744:	00e787b3          	add	a5,a5,a4
   13748:	0007a703          	lw	a4,0(a5)
   1374c:	02070c63          	beqz	a4,13784 <__sigtramp+0x6c>
   13750:	fff00693          	li	a3,-1
   13754:	06d70063          	beq	a4,a3,137b4 <__sigtramp+0x9c>
   13758:	00100693          	li	a3,1
   1375c:	04d70063          	beq	a4,a3,1379c <__sigtramp+0x84>
   13760:	00040513          	mv	a0,s0
   13764:	0007a023          	sw	zero,0(a5)
   13768:	000700e7          	jalr	a4
   1376c:	00000513          	li	a0,0
   13770:	00c12083          	lw	ra,12(sp)
   13774:	00812403          	lw	s0,8(sp)
   13778:	00412483          	lw	s1,4(sp)
   1377c:	01010113          	add	sp,sp,16
   13780:	00008067          	ret
   13784:	00c12083          	lw	ra,12(sp)
   13788:	00812403          	lw	s0,8(sp)
   1378c:	00412483          	lw	s1,4(sp)
   13790:	00100513          	li	a0,1
   13794:	01010113          	add	sp,sp,16
   13798:	00008067          	ret
   1379c:	00c12083          	lw	ra,12(sp)
   137a0:	00812403          	lw	s0,8(sp)
   137a4:	00412483          	lw	s1,4(sp)
   137a8:	00300513          	li	a0,3
   137ac:	01010113          	add	sp,sp,16
   137b0:	00008067          	ret
   137b4:	00200513          	li	a0,2
   137b8:	fb9ff06f          	j	13770 <__sigtramp+0x58>
   137bc:	08000593          	li	a1,128
   137c0:	00048513          	mv	a0,s1
   137c4:	9a8f70ef          	jal	a96c <_malloc_r>
   137c8:	2ca4ae23          	sw	a0,732(s1)
   137cc:	00050793          	mv	a5,a0
   137d0:	00050e63          	beqz	a0,137ec <__sigtramp+0xd4>
   137d4:	00050713          	mv	a4,a0
   137d8:	08050693          	add	a3,a0,128
   137dc:	00072023          	sw	zero,0(a4)
   137e0:	00470713          	add	a4,a4,4
   137e4:	fee69ce3          	bne	a3,a4,137dc <__sigtramp+0xc4>
   137e8:	f59ff06f          	j	13740 <__sigtramp+0x28>
   137ec:	fff00513          	li	a0,-1
   137f0:	f81ff06f          	j	13770 <__sigtramp+0x58>

000137f4 <_kill_r>:
   137f4:	ff010113          	add	sp,sp,-16
   137f8:	00058713          	mv	a4,a1
   137fc:	00812423          	sw	s0,8(sp)
   13800:	00912223          	sw	s1,4(sp)
   13804:	00050413          	mv	s0,a0
   13808:	00060593          	mv	a1,a2
   1380c:	00070513          	mv	a0,a4
   13810:	00112623          	sw	ra,12(sp)
   13814:	1e01a223          	sw	zero,484(gp) # 200009e4 <errno>
   13818:	8d9ec0ef          	jal	f0 <_kill>
   1381c:	fff00793          	li	a5,-1
   13820:	00f50c63          	beq	a0,a5,13838 <_kill_r+0x44>
   13824:	00c12083          	lw	ra,12(sp)
   13828:	00812403          	lw	s0,8(sp)
   1382c:	00412483          	lw	s1,4(sp)
   13830:	01010113          	add	sp,sp,16
   13834:	00008067          	ret
   13838:	1e41a783          	lw	a5,484(gp) # 200009e4 <errno>
   1383c:	fe0784e3          	beqz	a5,13824 <_kill_r+0x30>
   13840:	00c12083          	lw	ra,12(sp)
   13844:	00f42023          	sw	a5,0(s0)
   13848:	00812403          	lw	s0,8(sp)
   1384c:	00412483          	lw	s1,4(sp)
   13850:	01010113          	add	sp,sp,16
   13854:	00008067          	ret

00013858 <_getpid_r>:
   13858:	8a1ec06f          	j	f8 <_getpid>
   1385c:	0a2c                	.2byte	0xa2c
   1385e:	0000                	.2byte	0x0
   13860:	05dc                	.2byte	0x5dc
   13862:	0000                	.2byte	0x0
   13864:	0954                	.2byte	0x954
   13866:	0000                	.2byte	0x0
   13868:	05dc                	.2byte	0x5dc
   1386a:	0000                	.2byte	0x0
   1386c:	0a18                	.2byte	0xa18
   1386e:	0000                	.2byte	0x0
   13870:	05dc                	.2byte	0x5dc
   13872:	0000                	.2byte	0x0
   13874:	0954                	.2byte	0x954
   13876:	0000                	.2byte	0x0
   13878:	0a2c                	.2byte	0xa2c
   1387a:	0000                	.2byte	0x0
   1387c:	0a2c                	.2byte	0xa2c
   1387e:	0000                	.2byte	0x0
   13880:	0a18                	.2byte	0xa18
   13882:	0000                	.2byte	0x0
   13884:	0954                	.2byte	0x954
   13886:	0000                	.2byte	0x0
   13888:	05b8                	.2byte	0x5b8
   1388a:	0000                	.2byte	0x0
   1388c:	05b8                	.2byte	0x5b8
   1388e:	0000                	.2byte	0x0
   13890:	05b8                	.2byte	0x5b8
   13892:	0000                	.2byte	0x0
   13894:	0a18                	.2byte	0xa18
	...

00013898 <__clz_tab>:
   13898:	0100 0202 0303 0303 0404 0404 0404 0404     ................
   138a8:	0505 0505 0505 0505 0505 0505 0505 0505     ................
   138b8:	0606 0606 0606 0606 0606 0606 0606 0606     ................
   138c8:	0606 0606 0606 0606 0606 0606 0606 0606     ................
   138d8:	0707 0707 0707 0707 0707 0707 0707 0707     ................
   138e8:	0707 0707 0707 0707 0707 0707 0707 0707     ................
   138f8:	0707 0707 0707 0707 0707 0707 0707 0707     ................
   13908:	0707 0707 0707 0707 0707 0707 0707 0707     ................
   13918:	0808 0808 0808 0808 0808 0808 0808 0808     ................
   13928:	0808 0808 0808 0808 0808 0808 0808 0808     ................
   13938:	0808 0808 0808 0808 0808 0808 0808 0808     ................
   13948:	0808 0808 0808 0808 0808 0808 0808 0808     ................
   13958:	0808 0808 0808 0808 0808 0808 0808 0808     ................
   13968:	0808 0808 0808 0808 0808 0808 0808 0808     ................
   13978:	0808 0808 0808 0808 0808 0808 0808 0808     ................
   13988:	0808 0808 0808 0808 0808 0808 0808 0808     ................
   13998:	6548 6c6c 206f 7266 6d6f 5020 6c61 526d     Hello from PalmR
   139a8:	2056 6162 6572 6d20 7465 6c61 0a21 0000     V bare metal!...
   139b8:	4e49 0046 6e69 0066 414e 004e 616e 006e     INF.inf.NAN.nan.
   139c8:	3130 3332 3534 3736 3938 6261 6463 6665     0123456789abcdef
   139d8:	0000 0000 3130 3332 3534 3736 3938 4241     ....0123456789AB
   139e8:	4443 4645 0000 0000 6e28 6c75 296c 0000     CDEF....(null)..
   139f8:	0030 0000 4be0 0000 43a0 0000 43a0 0000     0....K...C...C..
   13a08:	4bd4 0000 43a0 0000 43a0 0000 43a0 0000     .K...C...C...C..
   13a18:	45ac 0000 43a0 0000 43a0 0000 4b44 0000     .E...C...C..DK..
   13a28:	4b68 0000 43a0 0000 4b5c 0000 4b84 0000     hK...C..\K...K..
   13a38:	43a0 0000 4b78 0000 436c 0000 436c 0000     .C..xK..lC..lC..
   13a48:	436c 0000 436c 0000 436c 0000 436c 0000     lC..lC..lC..lC..
   13a58:	436c 0000 436c 0000 436c 0000 43a0 0000     lC..lC..lC...C..
   13a68:	43a0 0000 43a0 0000 43a0 0000 43a0 0000     .C...C...C...C..
   13a78:	43a0 0000 43a0 0000 471c 0000 43a0 0000     .C...C...G...C..
   13a88:	4a7c 0000 45fc 0000 471c 0000 471c 0000     |J...E...G...G..
   13a98:	471c 0000 43a0 0000 43a0 0000 43a0 0000     .G...C...C...C..
   13aa8:	43a0 0000 4bf8 0000 43a0 0000 43a0 0000     .C...K...C...C..
   13ab8:	4680 0000 43a0 0000 43a0 0000 43a0 0000     .F...C...C...C..
   13ac8:	4aa4 0000 43a0 0000 4c04 0000 43a0 0000     .J...C...L...C..
   13ad8:	43a0 0000 55c4 0000 43a0 0000 43a0 0000     .C...U...C...C..
   13ae8:	43a0 0000 43a0 0000 43a0 0000 43a0 0000     .C...C...C...C..
   13af8:	43a0 0000 43a0 0000 471c 0000 43a0 0000     .C...C...G...C..
   13b08:	4a7c 0000 4600 0000 471c 0000 471c 0000     |J...F...G...G..
   13b18:	471c 0000 4c84 0000 4600 0000 45f0 0000     .G...L...F...E..
   13b28:	43a0 0000 4c70 0000 43a0 0000 4c98 0000     .C..pL...C...L..
   13b38:	4684 0000 4c34 0000 45f0 0000 43a0 0000     .F..4L...E...C..
   13b48:	4aa4 0000 45e8 0000 55bc 0000 43a0 0000     .J...E...U...C..
   13b58:	43a0 0000 5630 0000 43a0 0000 45e8 0000     .C..0V...C...E..
   13b68:	64e0 0000 5de4 0000 5de4 0000 5de4 0000     .d...]...]...]..
   13b78:	64c8 0000 64d4 0000 5de4 0000 5de4 0000     .d...d...]...]..
   13b88:	5de4 0000 5de4 0000 5de4 0000 5de4 0000     .]...]...]...]..
   13b98:	5de4 0000 5de4 0000 5de4 0000 5de4 0000     .]...]...]...]..
   13ba8:	5de4 0000 5de4 0000 5de4 0000 5de4 0000     .]...]...]...]..
   13bb8:	5de4 0000 5de4 0000 5de4 0000 5de4 0000     .]...]...]...]..
   13bc8:	5de4 0000 5de4 0000 5de4 0000 5de4 0000     .]...]...]...]..
   13bd8:	5de4 0000 5de4 0000 5de4 0000 5de4 0000     .]...]...]...]..
   13be8:	5de4 0000 5de4 0000 5de4 0000 5de4 0000     .]...]...]...]..
   13bf8:	64c8 0000 64d4 0000                         .d...d..

00013c00 <zeroes.0>:
   13c00:	3030 3030 3030 3030 3030 3030 3030 3030     0000000000000000

00013c10 <blanks.1>:
   13c10:	2020 2020 2020 2020 2020 2020 2020 2020                     
   13c20:	2d20 6e49 6966 696e 7974 0020 4920 666e      -Infinity . Inf
   13c30:	6e69 7469 2079 0000 614e 004e 2545 0064     inity ..NaN.E%d.
   13c40:	6142 6c6c 636f 7320 6375 6563 6465 6465     Balloc succeeded
   13c50:	0000 0000 632f 6968 7370 722f 7369 7663     ..../chips/riscv
   13c60:	672d 756e 742d 6f6f 636c 6168 6e69 6e2f     -gnu-toolchain/n
   13c70:	7765 696c 2f62 656e 6c77 6269 6c2f 6269     ewlib/newlib/lib
   13c80:	2f63 7473 6c64 6269 6c2f 7464 616f 632e     c/stdlib/ldtoa.c
   13c90:	0000 0000 4e20 4e61 0020 0000               .... NaN ...

00013c9c <bmask>:
   13c9c:	ffff fffe fffc fff8 fff0 ffe0 ffc0 ff80     ................
   13cac:	ff00 fe00 fc00 f800 f000 e000 c000 8000     ................
   13cbc:	0000 0000                                   ....

00013cc0 <emtens>:
   13cc0:	2030 cffc a1c3 8123 2de3 9fde d2ce 04c8     0 ....#..-......
   13cd0:	a6dd 0ad8 8264 d2cb f2ea 12d4 4925 2de4     ....d.......%I.-
   13ce0:	3436 534f ceae 256b f53f f698 6bd3 0158     64OS..k%?....kX.
   13cf0:	87a6 c0bd da57 82a5 a2a6 32b5 e731 04d4     ....W......21...
   13d00:	e3f2 d332 7132 d21c db23 ee32 9049 395a     ..2.2q..#.2.I.Z9
   13d10:	a23e 5308 fefb 1155 fa91 1939 637a 4325     >..S..U...9.zc%C
   13d20:	c031 3cac e26d dbde d05d b3f6 ac7c e4a0     1..<m...]...|...
   13d30:	64bc 467c ddd0 3e55 2a20 6224 47b3 98d7     .d|F..U> *$b.G..
   13d40:	3f23 e9a5 a539 ea27 a87f 3f2a 0b5b 4af2     #?..9.'...*?[..J
   13d50:	a581 18ed 67de 94ba 4539 1ead cfb1 3f94     .....g..9E.....?
   13d60:	bf71 a9b3 7989 be68 4c2e e15b c44d 94be     q....yh..L[.M...
   13d70:	e695 3fc9 3d4d 7c3d 36ba 0d2b fdc2 cefc     ...?M==|.6+.....
   13d80:	8461 7711 abcc 3fe4 c155 a4a8 404e 6113     a..w...?U...N@.a
   13d90:	d3c3 652b e219 1758 d1b7 3ff1 d70a 70a3     ..+e..X....?...p
   13da0:	0a3d a3d7 3d70 d70a 70a3 0a3d a3d7 3ff8     =...p=...p=....?
   13db0:	cccd cccc cccc cccc cccc cccc cccc cccc     ................
   13dc0:	cccc 3ffb                                   ...?

00013dc4 <etens>:
   13dc4:	6576 4a92 804a 153f c94c 979a 8a20 5202     ve.JJ.?.L... ..R
   13dd4:	c460 7525 6a32 ce52 329a 28ce a74d 5de4     `.%u2jR..2.(M..]
   13de4:	c53d 3b5d 9e8b 5a92 526c 50ce f18b 3d28     =.];...ZlR.P..(=
   13df4:	650d 0c17 8175 7586 c976 4d48 9c66 58f8     .e..u..uv.HMf..X
   13e04:	bc50 5c54 cc65 91c6 a60e a0ae e319 46a3     P.T\e..........F
   13e14:	851e eab7 98fe 901b ddbb de8d 9df9 ebfb     ................
   13e24:	aa7e 4351 0235 0137 36b1 336c c66f 8cdf     ~.QC5.7..6l3o...
   13e34:	80e9 47c9 93ba 41a8 50f8 25fb c76b 6b71     ...G...A.P.%k.qk
   13e44:	3cbf a6d5 ffcf 1f49 c278 40d3 0000 0000     .<....I.x..@....
   13e54:	0000 0000 f020 b59d 2b70 ada8 9dc5 4069     .... ...p+....i@
	...
   13e70:	0400 c9bf 8e1b 4034 0000 0000 0000 0000     ......4@........
   13e80:	0000 0000 0000 2000 bebc 4019 0000 0000     ....... ...@....
	...
   13e9c:	9c40 400c 0000 0000 0000 0000 0000 0000     @..@............
   13eac:	0000 0000 c800 4005 0000 0000 0000 0000     .......@........
	...
   13ec4:	a000 4002                                   ...@

00013ec8 <eone>:
	...
   13ed8:	8000 3fff                                   ...?

00013edc <ezero>:
	...
   13ef0:	0043 0000 4f50 4953 0058 0000 002e 0000     C...POSIX.......
   13f00:	632f 6968 7370 722f 7369 7663 672d 756e     /chips/riscv-gnu
   13f10:	742d 6f6f 636c 6168 6e69 6e2f 7765 696c     -toolchain/newli
   13f20:	2f62 656e 6c77 6269 6c2f 6269 2f63 7473     b/newlib/libc/st
   13f30:	6c64 6269 6d2f 7270 6365 632e 0000 0000     dlib/mprec.c....

00013f40 <p05.0>:
   13f40:	0005 0000 0019 0000 007d 0000 0000 0000     ........}.......

00013f50 <__mprec_tinytens>:
   13f50:	89bc 97d8 d2b2 3c9c a733 d5a8 f623 3949     .......<3...#.I9
   13f60:	a73d 44f4 0ffd 32a5 979d cf8c ba08 255b     =..D...2......[%
   13f70:	6f43 64ac 0628 0ac8                         Co.d(...

00013f78 <__mprec_bigtens>:
   13f78:	8000 37e0 c379 4341 6e17 b505 b8b5 4693     ...7y.AC.n.....F
   13f88:	f9f5 e93f 4f03 4d38 1d32 f930 7748 5a82     ..?..O8M2.0.Hw.Z
   13f98:	bf3c 7f73 4fdd 7515                         <.s..O.u

00013fa0 <__mprec_tens>:
   13fa0:	0000 0000 0000 3ff0 0000 0000 0000 4024     .......?......$@
   13fb0:	0000 0000 0000 4059 0000 0000 4000 408f     ......Y@.....@.@
   13fc0:	0000 0000 8800 40c3 0000 0000 6a00 40f8     .......@.....j.@
   13fd0:	0000 0000 8480 412e 0000 0000 12d0 4163     .......A......cA
   13fe0:	0000 0000 d784 4197 0000 0000 cd65 41cd     .......A....e..A
   13ff0:	0000 2000 a05f 4202 0000 e800 4876 4237     ... _..B....vH7B
   14000:	0000 a200 1a94 426d 0000 e540 309c 42a2     ......mB..@..0.B
   14010:	0000 1e90 bcc4 42d6 0000 2634 6bf5 430c     .......B..4&.k.C
   14020:	8000 37e0 c379 4341 a000 85d8 3457 4376     ...7y.AC....W4vC
   14030:	c800 674e c16d 43ab 3d00 6091 58e4 43e1     ..Ngm..C.=.`.X.C
   14040:	8c40 78b5 af1d 4415 ef50 d6e2 1ae4 444b     @..x...DP.....KD
   14050:	d592 064d f0cf 4480 4af6 c7e1 2d02 44b5     ..M....D.J...-.D
   14060:	9db4 79d9 7843 44ea d2e8 0000 cb18 0000     ...yCx.D........
   14070:	cb18 0000 d2dc 0000 cb18 0000 cb18 0000     ................
   14080:	cb18 0000 cccc 0000 cb18 0000 cb18 0000     ................
   14090:	d24c 0000 d270 0000 cb18 0000 d264 0000     L...p.......d...
   140a0:	d28c 0000 cb18 0000 d280 0000 cae4 0000     ................
   140b0:	cae4 0000 cae4 0000 cae4 0000 cae4 0000     ................
   140c0:	cae4 0000 cae4 0000 cae4 0000 cae4 0000     ................
   140d0:	cb18 0000 cb18 0000 cb18 0000 cb18 0000     ................
   140e0:	cb18 0000 cb18 0000 cb18 0000 ce58 0000     ............X...
   140f0:	cb18 0000 d224 0000 cd1c 0000 ce58 0000     ....$.......X...
   14100:	ce58 0000 ce58 0000 cb18 0000 cb18 0000     X...X...........
   14110:	cb18 0000 cb18 0000 d330 0000 cb18 0000     ........0.......
   14120:	cb18 0000 cdbc 0000 cb18 0000 cb18 0000     ................
   14130:	cb18 0000 d1a8 0000 cb18 0000 d300 0000     ................
   14140:	cb18 0000 cb18 0000 dd24 0000 cb18 0000     ........$.......
   14150:	cb18 0000 cb18 0000 cb18 0000 cb18 0000     ................
   14160:	cb18 0000 cb18 0000 cb18 0000 ce58 0000     ............X...
   14170:	cb18 0000 d224 0000 cd20 0000 ce58 0000     ....$... ...X...
   14180:	ce58 0000 ce58 0000 d3c0 0000 cd20 0000     X...X....... ...
   14190:	cd10 0000 cb18 0000 d3ac 0000 cb18 0000     ................
   141a0:	d378 0000 cdc0 0000 d33c 0000 cd10 0000     x.......<.......
   141b0:	cb18 0000 d1a8 0000 cd08 0000 dd80 0000     ................
   141c0:	cb18 0000 cb18 0000 ddc8 0000 cb18 0000     ................
   141d0:	cd08 0000 e928 0000 e600 0000 e600 0000     ....(...........
   141e0:	e600 0000 e910 0000 e91c 0000 e600 0000     ................
   141f0:	e600 0000 e600 0000 e600 0000 e600 0000     ................
   14200:	e600 0000 e600 0000 e600 0000 e600 0000     ................
   14210:	e600 0000 e600 0000 e600 0000 e600 0000     ................
   14220:	e600 0000 e600 0000 e600 0000 e600 0000     ................
   14230:	e600 0000 e600 0000 e600 0000 e600 0000     ................
   14240:	e600 0000 e600 0000 e600 0000 e600 0000     ................
   14250:	e600 0000 e600 0000 e600 0000 e600 0000     ................
   14260:	e600 0000 e910 0000 e91c 0000               ............

0001426c <zeroes.0>:
   1426c:	3030 3030 3030 3030 3030 3030 3030 3030     0000000000000000

0001427c <blanks.1>:
   1427c:	2020 2020 2020 2020 2020 2020 2020 2020                     
   1428c:	fb40 0000 f638 0000 f638 0000 fb34 0000     @...8...8...4...
   1429c:	f638 0000 f638 0000 f638 0000 fad8 0000     8...8...8.......
   142ac:	f638 0000 f638 0000 f7d4 0000 fa70 0000     8...8.......p...
   142bc:	f638 0000 fa64 0000 fa8c 0000 f638 0000     8...d.......8...
   142cc:	fa80 0000 f604 0000 f604 0000 f604 0000     ................
   142dc:	f604 0000 f604 0000 f604 0000 f604 0000     ................
   142ec:	f604 0000 f604 0000 f638 0000 f638 0000     ........8...8...
   142fc:	f638 0000 f638 0000 f638 0000 f638 0000     8...8...8...8...
   1430c:	f638 0000 f638 0000 f638 0000 fa2c 0000     8...8...8...,...
   1431c:	f7f4 0000 f638 0000 f638 0000 f638 0000     ....8...8...8...
   1432c:	f638 0000 f638 0000 f638 0000 f638 0000     8...8...8...8...
   1433c:	f638 0000 f638 0000 f638 0000 fb58 0000     8...8...8...X...
   1434c:	f638 0000 f638 0000 f638 0000 f9e0 0000     8...8...8.......
   1435c:	f638 0000 fbd8 0000 f638 0000 f638 0000     8.......8...8...
   1436c:	03dc 0001 f638 0000 f638 0000 f638 0000     ....8...8...8...
   1437c:	f638 0000 f638 0000 f638 0000 f638 0000     8...8...8...8...
   1438c:	f638 0000 f638 0000 f638 0000 fa2c 0000     8...8...8...,...
   1439c:	f7f8 0000 f638 0000 f638 0000 f638 0000     ....8...8...8...
   143ac:	fc94 0000 f7f8 0000 f7e8 0000 f638 0000     ............8...
   143bc:	fbc4 0000 f638 0000 fcf8 0000 042c 0001     ....8.......,...
   143cc:	fca8 0000 f7e8 0000 f638 0000 f9e0 0000     ........8.......
   143dc:	f7e0 0000 03d4 0001 f638 0000 f638 0000     ........8...8...
   143ec:	0434 0001 f638 0000 f7e0 0000               4...8.......

000143f8 <zeroes.0>:
   143f8:	3030 3030 3030 3030 3030 3030 3030 3030     0000000000000000

00014408 <blanks.1>:
   14408:	2020 2020 2020 2020 2020 2020 2020 2020                     
   14418:	202c 7566 636e 6974 6e6f 203a 0000 0000     , function: ....
   14428:	7361 6573 7472 6f69 206e 2522 2273 6620     assertion "%s" f
   14438:	6961 656c 3a64 6620 6c69 2065 2522 2273     ailed: file "%s"
   14448:	202c 696c 656e 2520 2564 2573 0a73 0000     , line %d%s%s...

00014458 <_ctype_>:
   14458:	2000 2020 2020 2020 2020 2828 2828 2028     .         ((((( 
   14468:	2020 2020 2020 2020 2020 2020 2020 2020                     
   14478:	8820 1010 1010 1010 1010 1010 1010 1010      ...............
   14488:	0410 0404 0404 0404 0404 1004 1010 1010     ................
   14498:	1010 4141 4141 4141 0101 0101 0101 0101     ..AAAAAA........
   144a8:	0101 0101 0101 0101 0101 0101 1010 1010     ................
   144b8:	1010 4242 4242 4242 0202 0202 0202 0202     ..BBBBBB........
   144c8:	0202 0202 0202 0202 0202 0202 1010 1010     ................
   144d8:	0020 0000 0000 0000 0000 0000 0000 0000      ...............
	...
   1455c:	2738 0001 2084 0001 2084 0001 272c 0001     8'... ... ..,'..
   1456c:	2084 0001 2084 0001 2084 0001 26d0 0001     . ... ... ...&..
   1457c:	2084 0001 2084 0001 21a8 0001 279c 0001     . ... ...!...'..
   1458c:	2084 0001 221c 0001 2750 0001 2084 0001     . ..."..P'... ..
   1459c:	2620 0001 2050 0001 2050 0001 2050 0001      &..P ..P ..P ..
   145ac:	2050 0001 2050 0001 2050 0001 2050 0001     P ..P ..P ..P ..
   145bc:	2050 0001 2050 0001 2084 0001 2084 0001     P ..P ... ... ..
   145cc:	2084 0001 2084 0001 2084 0001 2084 0001     . ... ... ... ..
   145dc:	2084 0001 2084 0001 2084 0001 24b4 0001     . ... ... ...$..
   145ec:	21c8 0001 2084 0001 2084 0001 2084 0001     .!... ... ... ..
   145fc:	2084 0001 2084 0001 2084 0001 2084 0001     . ... ... ... ..
   1460c:	2084 0001 2084 0001 2084 0001 2684 0001     . ... ... ...&..
   1461c:	2084 0001 2084 0001 2084 0001 2468 0001     . ... ... ..h$..
   1462c:	2084 0001 2564 0001 2084 0001 2084 0001     . ..d%... ... ..
   1463c:	2d8c 0001 2084 0001 2084 0001 2084 0001     .-... ... ... ..
   1464c:	2084 0001 2084 0001 2084 0001 2084 0001     . ... ... ... ..
   1465c:	2084 0001 2084 0001 2084 0001 24b4 0001     . ... ... ...$..
   1466c:	21cc 0001 2084 0001 2084 0001 2084 0001     .!... ... ... ..
   1467c:	2670 0001 21cc 0001 21bc 0001 2084 0001     p&...!...!... ..
   1468c:	265c 0001 2084 0001 262c 0001 2d84 0001     \&... ..,&...-..
   1469c:	24e8 0001 21bc 0001 2084 0001 2468 0001     .$...!... ..h$..
   146ac:	21b4 0001 2d7c 0001 2084 0001 2084 0001     .!..|-... ... ..
   146bc:	2ddc 0001 2084 0001 21b4 0001               .-... ...!..

000146c8 <zeroes.0>:
   146c8:	3030 3030 3030 3030 3030 3030 3030 3030     0000000000000000

000146d8 <blanks.1>:
   146d8:	2020 2020 2020 2020 2020 2020 2020 2020                     

000146e8 <_global_impure_ptr>:
   146e8:	0000 2000 0000 0000 0000 0000 0000 3ff0     ... ...........?
   146f8:	0000 0000 0000 4024 0000 0000 0000 4350     ......$@......PC
